:020000040800F2
:1000000070C601209D010008A7300008592D000886
:10001000A530000867050008A53D000800000000A5
:10002000000000000000000000000000F93B000894
:100030002506000800000000A9300008FB3B00086E
:10004000B7010008B7010008B7010008B7010008B0
:10005000B7010008B701000827060008B70100082B
:100060002D0600083306000839060008B70100080D
:10007000B7010008B7010008B7010008B701000880
:10008000B7010008B7010008B7010008B701000870
:10009000B7010008B7010008B7010008B701000860
:1000A000B7010008B7010008B7010008B701000850
:1000B000B7010008B7010008B7010008B701000840
:1000C000B7010008B7010008B7010008B701000830
:1000D000B7010008B7010008B7010008B701000820
:1000E000B7010008B7010008B7010008B701000810
:1000F000B7010008B7010008B7010008B701000800
:10010000B7010008DD300008B7010008B70100089A
:10011000B7010008B7010008B7010008B7010008DF
:10012000B7010008B7010008B70100086905000819
:10013000B7010008B7010008B7010008B7010008BF
:10014000B7010008B7010008B7010008B7010008AF
:10015000B701000875050008B7010008B7010008DD
:10016000B7010008B7010008B7010008B70100088F
:10017000B7010008B7010008B7010008000000003F
:10018000B7010008B7010008DFF80CD000F0AEF9A5
:10019000004800479DA8000870C601200648804717
:1001A00006480047FEE7FEE7FEE7FEE7FEE7FEE75C
:1001B000FEE7FEE7FEE7FEE7893C0008890100084C
:1001C0002DE9F05F0546002092469B46884606468C
:1001D000814640241BE0284641464746224600F01F
:1001E00017F953465A46C01A914110D31146184682
:1001F000224600F0FEF82D1A67EB01084F46224612
:100200000120002100F0F5F817EB00094E41201EF7
:10021000A4F10104DFDC484631462A464346BDE8E6
:10022000F09F40EA01039B0703D009E008C9121FB1
:1002300008C0042AFAD203E011F8013B00F8013BA0
:10024000521EF9D27047D2B201E000F8012B491ECC
:10025000FBD270470022F6E710B513460A46044663
:100260001946FFF7F0FF204610BD421E12F8013F6D
:10027000002BFBD111F8013B02F8013B002BF9D117
:100280007047CAB2401E10F8011F8A4202D00029EE
:10029000F9D10020704730B504460020034600E045
:1002A0005B1C934203D2E05CCD5C401BF8D030BDB8
:1002B000034611F8012B00F8012B002AF9D118464A
:1002C00070472DE9FE4F81EA030404F0004421F059
:1002D000004100944FF0000B23F0004350EA01046A
:1002E0005ED052EA03045BD0C3F30A54C1F30A554B
:1002F0002C44A4F2F3340194A0FB0254C1F3130183
:1003000041F48011C3F3130343F4801301FB02444F
:1003100000FB034E840A970A44EA815447EA835754
:10032000A4FB076802958D0A05FB07854FEA932C0D
:1003300004FB0C542705029D4FEA065847EA16377E
:10034000B5EB08056EEB070C870E920E47EA811796
:1003500042EA8312A7FB0201B6EB0B0164EB000437
:100360002B0D43EA0C335E1844EB1C50DA46514621
:10037000E7FB0201C5F313044FEA0B3343EA1453BE
:100380004FEA0432019C43EA0603A4F10C040294F0
:10039000009CCDE900B400F05AF803B0BDE8F08F3E
:1003A00000200146F9E70EB540F2334102910021E9
:1003B000CDE900110A460B4600F049F803B000BD34
:1003C000C1F30A5210B5C1F3130140F2FF3341F4F7
:1003D00080119A4201DA002010BD40F233439A4264
:1003E000A2F2334203DC524200F012F810BD9040FA
:1003F00010BD202A04DB203A00FA02F100207047E9
:100400009140C2F1200320FA03F319439040704752
:10041000202A04DB203A21FA02F00021704721FA59
:1004200002F3D040C2F120029140084319467047C0
:1004300010B5141E73F1000408DA401C41F10001EC
:1004400092185B411A4301D120F0010010BD2DE943
:10045000F04D92469B4611B1B1FA81F202E0B0FA3A
:1004600080F220329046FFF7C4FF04460F4640EA70
:100470000A0041EA0B0153465A46084313D011467D
:1004800053EA010019D0C8F140025046FFF7C0FFFF
:1004900005460E46504659464246FFF7AAFF084316
:1004A00005D0012004E020463946BDE8F08D00204B
:1004B000054346EAE0762C4337430A986305E40A8D
:1004C000A0EB08000022FD0A44EA47540A3002D596
:1004D00000200146E9E7010510196941DDE90845F9
:1004E00000196941BDE8F04DA2E70000064C074D38
:1004F00006E0E06840F0010394E8070098471034F4
:10050000AC42F6D3FFF744FE30F7000850F700087E
:1005100070B58C1810F8015B15F0070301D110F8C5
:10052000013B2A1106D110F8012B03E010F8016BF2
:1005300001F8016B5B1EF9D12B0705D40023521E75
:100540000DD401F8013BFAE710F8013BCB1A921CDD
:1005500003E013F8015B01F8015B521EF9D5A142DB
:10056000D8D3002070BDFEE7014800F0E9B80000D4
:1005700090BF0120014800F0E3B80000F0BF012067
:1005800001681823CAB2103AB2FBF3F2054B6FF3BD
:100590000901032A9B5CC36500D9091D81650846D2
:1005A00070470000C0F1000810B5014600208B69BB
:1005B0008A6A4FF0C07453B1B3F5005F15D072B1C1
:1005C000012A0CD0022A0AD0032A09D104E01AB168
:1005D000012A06D0022A03D1C96AC90100D5012027
:1005E00010BDC96AA142FAD010BD002AF7D0012A75
:1005F000F2D0022AF3D0032AF3D010BD30B504683C
:10060000256825F480252560046863608368402B95
:10061000036803D099600068C26030BD9A600068CA
:10062000C16030BD7047012000F0A8BE042000F07A
:10063000A5BE082000F0A2BE102000F09FBE7047AB
:1006400070B5B3F5804F05D06FF0704140F82210BF
:10065000002070BD50F82240084B8E891C40D1E923
:10066000003543EA05138D6889692D0245EA064580
:100670002B430B43234340F82230E9E70000F0CF3F
:10068000F0B50C6850F82430114A1340D1E9012527
:10069000D1E903672A433E4332434E6932438E69B0
:1006A0003243CE6932430E6A32434E6A32438E6A17
:1006B0003243CE6A3243CE6B096B32430A431A434C
:1006C000082D01D142F0400240F824200020F0BD66
:1006D0008000F0FF30B500EB820250688D8900F099
:1006E0004043D1E9000440EA04108C68240244EA43
:1006F000054420430C8A074D05EB045420430C7D30
:100700006D0105EB04648969204308431843506078
:10071000002030BD0000F0FF90F83510022903D012
:100720008021416501207047052180F8351000685F
:10073000016821F00101016000207047406D7047A1
:100740002DE9F84304464FF00009CDF800906348C6
:100750004FF41651A56D0068B0FBF1F72E6894F8C0
:100760005C10082000FA01F131420FD021680A68BC
:1007700052070BD50A6822F004020A6094F85C1054
:100780008840A860606D40F00100606594F85C10DE
:100790004FF0010808FA01F0304208D02168496999
:1007A000090604D5A860606D40F00200606594F809
:1007B0005C1004208840304208D02168096889070D
:1007C00004D5A860606D40F00400606594F85C108A
:1007D00010208840304218D021680968090714D5D4
:1007E000A86020680168490304D50068000308D5A3
:1007F000A16C07E00168C90503D4016821F0080174
:100800000160216C09B12046884794F85C102020D3
:100810008840304231D021680968C9062DD5A860CA
:1008200094F8350005282068016806D0490347D5AB
:10083000006800031DD4616C1CE021F0160101600A
:100840002068416921F080014161206C08B9A06CE9
:1008500020B12068016821F00801016094F85C1063
:100860003F208840A86084F8349084F83580216D5A
:100870001FE0E16B09B120468847606D00282BD04E
:10088000606DC00714D0052084F835002068016829
:1008900021F0010101600098401C0090B84203D88B
:1008A00020680068C007F6D184F8349084F8358059
:1008B000E16C002910D001B02046BDE8F0430847A4
:1008C0000168C905D5D4016821F01001016084F8E0
:1008D000349084F83580CCE7BDE8F883940200209A
:1008E0002DE9F041044600F059FE06465CB10025B2
:1008F00084F83450022084F835002068016821F023
:10090000010101600DE00120BDE8F08100F046FE2C
:10091000801B052805D920206065032084F8350058
:10092000F2E720680068C007F0D12268116820480B
:100930000140D4E901031843D4E903363343184393
:1009400063691843A3691843E3691843236A18438A
:100950000843616A042903D1D4E90B1319430843FE
:10096000106020684069666A20F0070130460E4337
:10097000012704280CD1A06A0643E06A40B1204652
:10098000FFF712FE20B14020606584F83570BAE7A9
:10099000206846612046FFF7F3FD94F85C203F2174
:1009A00091408160656584F835700020ACE70000F7
:1009B0003F8010F02DE9F0410446866D90F8340038
:1009C000002501280DD0012084F8340094F83570FA
:1009D0000020012F07D084F8340002252846BDE806
:1009E000F0810220FBE7022784F83570606520461D
:1009F000FFF704FE94F85C103F208840B060206848
:100A0000016841F016010160206C20B12068016886
:100A100041F0080101602068016841F001010160B6
:100A2000DCE780B204F010B8F0B587B01421684656
:100A3000FFF710FC1F480168002939D10124046028
:100A40001D48016841F0010101600068022500F0C5
:100A5000010005904FF23F00CDE9000502AA0326F0
:100A60000C2782E8D0006946144800F093FC41F25C
:100A70003F40CDE9000502AA694682E8D00010484F
:100A800000F088FC4FF68370CDE9000502AA6946A4
:100A900082E8D0000B4800F07DFC4FF63370CDE9C2
:100AA000000502AA694682E8D000074800F072FCFF
:100AB00007B0F0BD78020020383802400014024030
:100AC0000018024000100240000C02402DE9FE4FC9
:100AD00007460A20FFF7A5FFF24C1025012F7DD015
:100AE0001F26042F7BD04FF47A79082F78D0102F4F
:100AF00077D1EDA003F058F9F1A003F055F90027E4
:100B0000012327721A4604F12801F24801F068FE19
:100B1000002818D0F0A003F047F9484603F094FFEE
:100B2000F7A003F041F9012367721A46F949E94831
:100B300001F0E2FCDFF8DC93002828D0F6A047E0C3
:100B40000120FFF76EFF207A0028F9D0E14801F07C
:100B5000D5F90428F4D1FAA003F026F9FEA0CDE9D6
:100B600000501023C822FA2102961E2009F047FDEA
:100B7000CC4810232830CDE90050D122FA2102962A
:100B8000E12009F03CFDC8E70120FFF74AFF607A49
:100B90000028F9D0F7A003F007F9E77199F80000F1
:100BA000C84628B118F80710781CE071F7A006E0D5
:100BB000FCA003F0F9F804E0401CE071FEA003F093
:100BC000F3F894F9070018F800100029F4D1BBA03D
:100BD00003F0EAF8B846E7714F4603E0CFE079E06A
:100BE00031E0CAE094F90700395CF4A003F0DCF8C6
:100BF000E079401C40B2E0711028EEDBAFA003F0BA
:100C0000D3F884F8078000BF94F90700395CECA0A2
:100C100003F0CAF8E079401C40B2E0711028F3DB21
:100C2000A6A003F0C1F8E7A0CDE900501023C82228
:100C3000FA2102961E2009F0E2FC1023D122FA21AB
:100C4000E120029695E0E6A003F0AEF8EBA003F0F9
:100C5000ABF8B04821691022103864390AF0D0FD91
:100C6000ECA003F0A1F8F2A0CDE900504FF4877892
:100C70001023E622414602961E2009F0C0FCA54F33
:100C80004146103FCDE900571023D1220846029675
:100C900009F0B5FCEEA003F087F8484603F0D4FE57
:100CA00021691022384664390AF016FD3946EEA053
:100CB00003F07AF8F3A0CDE900501023E622414674
:100CC00002961E2009F09BFC10234146D1220846C3
:100CD00002964EE0F3A003F067F8F8A003F064F882
:100CE0004FF4006120780AF093FC606188B194F9B8
:100CF0000120511C6170F7A103F066F860691023B0
:100D0000CDE90050D1224FF4917102961E2009F0D6
:100D100076FCF6A1F948626903F056F8F74F102304
:100D2000CDE90057D1224FF49B711E20029609F0A5
:100D300066FCF3A0CDE900504FF4A5781023C8223B
:100D4000414602961E2009F05AFC00200AF00CFCD5
:100D50000A21B0FBF1F201FB1203B0FBF1F2A0811A
:100D6000EBA1384603F030F81023C82241468E200C
:100D70000296CDE9005709F042FCBDE8FE8FE7A0DE
:100D800003F012F8ECA003F00FF8F5A0CDE9005045
:100D90004FF478464FF4FF7810234FF48C7241469D
:100DA00002961E2009F02BFCF6A002F0FDFF4FF684
:100DB000FF794F466A23DC2241461420CDF800908B
:100DC00009F080F8F7A0CDE900501023C822414671
:100DD00002961E2009F013FC40F2122A6A23DC223C
:100DE00051461420009709F06DF840F23A2BDFF8D5
:100DF000D4831BE2F4A002F0D7FF474612E0F6A02E
:100E0000CDE900501023C822514602961E2009F059
:100E1000F6FB0122F5A1386805F0D0F8E070142047
:100E200003F012FEE0780028E9D16A23DC2257465D
:100E300051461420CDF8009009F044F8ECA0CDE91B
:100E400000501023C822394602961E2009F0D7FB15
:100E5000E6A3102240F226211420009605F04EFE53
:100E600060715F460FE000BF09F02CF8C82003F066
:100E7000EBFDE4A0CDE9005010235246394602961E
:100E80001E2009F0BCFB60794FF06A0300284FF088
:100E9000DC0239464FF01400CDF80090E4D109F09F
:100EA00011F8B9E1380000204B6579302070726587
:100EB00073732C2054657374205344210A0000007E
:100EC00073746172742077726974652053442120B1
:100ED0000A0000000CBF012057726974652066612A
:100EE000696C65642C20736F6D657468696E67202A
:100EF0006572726F72206F636375726564210A0098
:100F00007374617274207265616420534421200AF5
:100F100000000000D0BB0120526561642066616959
:100F20006C65642C20736F6D657468696E672065ED
:100F300072726F72206F636375726564210A0000BC
:100F400057726974652053442073756363657373C6
:100F5000656421200A00000053442077726974659B
:100F600020736F6D657468696E67206C696B653A94
:100F70002000000052656164205344207375636350
:100F8000657373656421200A000000007265616466
:100F900020736F6D657468696E67206C696B653A64
:100FA000202563007265616420736F6D65207A652A
:100FB000726F730A000000002563000025642000A2
:100FC000256320005344207265616420736F6D6552
:100FD0007468696E67206C696B653A2000000000D8
:100FE0004B6579312070726573732C20546573746E
:100FF000206E6F72666C617368210A0053746172AF
:101000007420777269746520573235513132382136
:10101000200A0000777269746520573235513132E9
:10102000382066696E697368656421200A000000D3
:101030004E6F72666C617368207772697465207395
:101040006F6D657468696E67206C696B653A200026
:101050005374617274207265616420573235513166
:101060003238210A000000007265616420736F6DE0
:10107000657468696E67206C696B653A2025730A30
:10108000000000004E6F72666C61736820726561CB
:101090006420736F6D657468696E67206C696B6539
:1010A0003A2000004B6579322070726573732C20F2
:1010B00054657374205352414D210A005352414DDF
:1010C000207374617274206D616C6C6F6321200AEF
:1010D000000000004D656D6F7279204D616C6C6F82
:1010E00063205465737425303364000050204164DC
:1010F00064723A305825303858000000D0BD0120C5
:101100005352414D494E202020555345443A00004A
:1011100025642E2530316425250000004B65795F5C
:1011200075702070726573732C20757064617465BE
:1011300020666F6E74210A005374617274206572A8
:10114000617365206E6F72666C617368206368619D
:10115000726163746F72206C6962210A0000000082
:101160005374617274206572617365206E6F72666C
:101170006C61736820636861726163746F72206C64
:1011800069622100457261736564206E6F72666CDE
:1011900061736820636861726163746F72206C6947
:1011A00062210A00457261736564206E6F72666C1D
:1011B00061736820636861726163746F72206C6927
:1011C00062210000A40200207570646174652066CD
:1011D0006F6E740D0A000000534420436F6E6E65FD
:1011E0006374696E672E2E2E00000000303A0000F6
:1011F000466F6E74205570646174696E672E2E2E72
:1012000000000000466F6E742055706461746520A4
:101210004661696C656421003EA0CDE90050102351
:10122000C822394602961E2009F0E9F905F002FCB1
:1012300000287FF4DFAD04F021F840F24E2B64E08B
:101240003AA002F0B1FD474614E0AFF27400CDE9D8
:1012500000501023C822594602961E2009F0CFF9EB
:101260000122AFF27801386804F0A8FEE070142083
:1012700003F0EAFBE0780028E7D14F466A23DC223E
:1012800059461420CDF8009008F01CFE2BA0CDE9A3
:1012900000501023C822594602961E2009F0AFF9CB
:1012A000AFF2B803102240F262211420009605F03C
:1012B0006FFFB946A07140F276270EE008F002FEFB
:1012C000C82003F0C1FB22A0CDE9005010235246F4
:1012D000394602961E2009F092F9A0794FF06A0370
:1012E00000284FF0DC0239464FF01400CDF8009092
:1012F000E4D108F0E7FD1BA0CDE900501023C8227F
:10130000394602961E2009F07AF905F021FF0028DF
:1013100096D132E5466F6E74205570646174652015
:1013200053756363657373212020200075706461B9
:1013300074652069636F6E0D0A00000049636F6E6B
:10134000205570646174696E672E2E2E00000000B7
:1013500049636F6E20557064617465204661696CE5
:101360006564210049636F6E205570646174652067
:10137000537563636573732120202000044910B501
:101380000A68024202D00860FFF7A0FB10BD00000F
:10139000143C01402DE9F84FDFF8B8A100220125E7
:1013A0000AF1040B03264FF00F090BF1040E00BFE6
:1013B0000B6805FA02F42340A3426FD10F7907F0BE
:1013C0000307012F01D0022F16D187684FEA420888
:1013D00006FA08FC27EA0C07D1F80CC00CFA08FC46
:1013E0004CEA070CC0F808C04768A7430C79C4F35F
:1013F000001494403C4344600C79E443A4070AD0B1
:10140000C4684FEA420C06FA0CF7BC438F6807FA2F
:101410000CF72743C7600C7904F00304022C12D1A7
:10142000D40800EB840CDCF820405707FF0E09FAC3
:1014300007F824EA0804D1F8108008FA07F848EA07
:101440000408CCF8208004684FEA420C06FA0CF736
:10145000BC430F7907F0030707FA0CF7274307602F
:101460004C68E40070D53C4C276847F480472760FF
:10147000246822F0030704F480440094374C07EBFF
:10148000040CDCF8084897074FEA177809FA08F7C0
:10149000BC43334FB84202D1002724E054E0314F1F
:1014A000B84201D101271EE02F4FB84201D10227D7
:1014B00019E02E4FB84201D1032714E02C4FB84257
:1014C00001D104270FE02B4FB84201D105270AE0D4
:1014D000294FB84201D1062705E0284FB84201D173
:1014E000072700E0082707FA08F72743CCF8087811
:1014F000DAF800405746D1F804C09C435FEACC3C80
:1015000000D51C433C60DBF800405F46D1F804C0C6
:101510009C435FEA8C3C00D51C433C60DEF80040F5
:101520007746D1F804C09C435FEACC2C00D51C431D
:101530003C60084F0C373C68D1F804C09C435FEA1C
:101540008C2C00D51C433C60521C102AFFF430AF99
:10155000BDE8F88F003C01404438024000300140B3
:10156000000002400004024000080240000C02405B
:10157000001002400014024000180240001C02400B
:10158000426921EA02030A4043EA0241816170474D
:101590000AB1816170470904FBE7000001488068D7
:1015A00070470000880200200248816802781144D8
:1015B00081607047880200200B4810B5016841F433
:1015C00000710160016841F480610160016841F4CB
:1015D00080710160032000F071F8002000F006F82F
:1015E00000F024F8002010BD003C024070B50D4D05
:1015F00004464FF47A712878B1FBF0F00A49096883
:10160000B1FBF0F001F02CFB48B9102C07D20022FE
:101610002146501E00F032F800206C6070BD0120A1
:1016200070BD000088020020940200200B4882B0A8
:10163000016841F480410160006800F4804000903E
:101640000648001F016841F080510160006800F009
:1016500080500090052002B000F030B844380240BD
:10166000002809DB00F01F020121914040098000A1
:1016700000F1E020C0F8001170470000F0B40E4BFC
:101680001B680C46C3F30223C3F10705042D00D9E0
:101690000425191D072901D2002300E0DB1E0126C5
:1016A00006FA05F1491E214099409E40761E1640DB
:1016B0003143F0BC02F09CBB0CED00E0064900F0A9
:1016C000070208684FF6FF03184040EA0220034A69
:1016D00010430860704700000CED00E00000FA05C0
:1016E0002DE9F0470E46050065D0DFF81481D8F8E3
:1016F0000000F7B200F00700B04207D288F800708F
:10170000D8F8000000F00700B04254D128683D4CE2
:10171000810712D5400703D5206840F4E0502060CF
:101720002878000703D5206840F4604020602068D6
:10173000A96820F0F000084320602878C0072DD069
:10174000304968680839012812D0022813D00328CC
:1017500011D00968890700292DDA216821F00301D9
:1017600001432160FFF71AFF814641F2883A0EE0FB
:1017700009688903EFE709688901ECE7FFF70EFFC5
:10178000A0EB0901514502D90320BDE8F08720688C
:10179000696800F00C00B0EB810FEFD1D8F80010B1
:1017A000404601F00701B14207D90770006800F018
:1017B0000700B04201D00120E7E72878400705D5AF
:1017C0002068E96820F4E05008432060287800078A
:1017D00006D52068296920F4604040EAC1002060F5
:1017E00000F038F82168084AC1F30311515CC84081
:1017F0000649086006480068FFF7F8FE0020C4E7C5
:10180000003C024008380240C8F100089402002061
:101810008C0200200448054900680968044AC1F3A5
:101820008221515CC8407047940200200838024071
:10183000D8F100080448054900680968044AC1F362
:101840004231515CC8407047940200200838024081
:10185000D8F10008154810B5006810F00C021448C3
:1018600013D04110042A0FD0082A0ED10F4C241F88
:101870002268236802F03F025B0207D52068C0F3AC
:101880008810A0FB010106E0084610BD2168C1F3E5
:101890008811A1FB00010023FEF792FC2168C1F32F
:1018A0000141491C4900B0FBF1F010BD083802406D
:1018B0000024F4002DE9F84F04006ED02078DFF802
:1018C0004C93C007A9F104054AD009F1040001684E
:1018D000C1F38101012908D00068C0F3810002280A
:1018E0000AD1D9F80000400206D52868800337D510
:1018F00060680028E1D033E06068B0F5803F10D028
:10190000B0F5A02F286810D020F480302860286817
:1019100020F4802028606068A8B1FFF73FFE0646EB
:101920000DE0286840F48030F4E740F4802028601F
:10193000F7E700BFFFF732FE801B642873D82868E2
:101940008003F7D50CE0FFF729FE064605E000BF4F
:10195000FFF724FE801B6428F0D828688003F7D4A2
:101960002078DFF8AC8280074FF0000A3ED5A74808
:10197000001D016811F00C0F08D00068C0F3810051
:1019800002280BD1D9F80000400207D4286880074C
:1019900016D5E068012800D112E033E1E068B8B163
:1019A0000120C8F80000FFF7F9FD064605E000BF7A
:1019B000FFF7F4FD801B0228C0D828688007F7D500
:1019C0002868216920F0F80040EAC10028600DE095
:1019D000C8F800A0FFF7E2FD064604E0FFF7DEFDD1
:1019E000801B02281FD828688007F7D420780007BA
:1019F00022D5864F87486169703771B10121016036
:101A0000FFF7CCFD064604E0FFF7C8FD801B022867
:101A100009D838688007F7D50EE0C0F800A0FFF7B6
:101A2000BDFD064605E082E0FFF7B8FD801B0228F9
:101A30007DD838688007F7D42078400768D5DFF86C
:101A4000CCB100270BF13C0BDBF80000C0000BD43D
:101A5000DBF8001041F08051CBF80010DBF80000FB
:101A6000012700F0805000906B4E3068C00510D404
:101A7000306840F480703060FFF790FD009005E022
:101A8000FFF78CFD0099401A022850D83068C00535
:101A9000F6D55E4EA0686C3601280FD00528306858
:101AA00010D020F001003060306820F00400306079
:101AB000A068B8B1FFF772FD00900FE0306840F009
:101AC0000100F4E740F004003060F7E7FFF766FD3F
:101AD0000099411A41F28830814266D83068800707
:101AE000F4D50EE0FFF75AFD009007E0FFF756FD32
:101AF0000099411A41F28830814256D830688007F7
:101B0000F4D42FB1DBF8001021F08051CBF8001095
:101B1000A069C8B33D49091D0968C1F381010229C3
:101B20004AD00228504607D0C8F8600000E03CE0E8
:101B3000FFF734FD04463BE04746C8F86000FFF776
:101B40002DFD064605E000BFFFF728FD801B02289B
:101B50002BD828688001F7D4D4E907010843A16A8B
:101B60002E4A490802EB0141626A41EA82110843A8
:101B700094F82C1040EA0161C9F800100120386681
:101B8000FFF70CFD044606E03EE000BFFFF706FD50
:101B9000001B022809D828688001F7D534E000BF6F
:101BA000FFF7FCFC001B022802D90320BDE8F88FD8
:101BB00028688001F4D427E00128F7D0D9F8000084
:101BC000E26900F4800191421CD1226A00F03F01D9
:101BD000914217D147F6C071626A0140B1EB821F92
:101BE00010D1A26A4FF0FF3300F4403103EB5202F0
:101BF000B1EB024F06D194F82C1000F07060B0EBFE
:101C0000016F01D00120D1E70020CFE70438024066
:101C100000004742800E4742007000400000FFFF76
:101C2000704700002DE9FE430446002603200D46C0
:101C300084F83400606C03285ED0B5F5805F5BD01B
:101C40004FF4006700204FF08068BD421FD18146ED
:101C5000009001900021206801F03DFA800113D42A
:101C60006946204601F002FE07000DD101984003AD
:101C700034D5B4F850000104206801F067FA070079
:101C800002D10221206823E0A06B384328E01DB177
:101C9000A06B40F0006023E081460090019000219D
:101CA000206801F018FA8001EED46946204601F060
:101CB000DDFD0700E8D10198C0030FD5B4F850004E
:101CC0000104206801F042FA0700DDD100212068FC
:101CD00001F089FA0700D7D14F46D5E74746D3E749
:101CE000A063A06B144F4FF0010848B120688763D0
:101CF00084F8348001260EE0A06B40F08050EFE7BE
:101D0000211DD4E9050C0EC9CDE90050CDF808C05D
:101D1000206801F0E9F94FF40071206801F04AFAF7
:101D200028B121688F63A16B0143A163012684F868
:101D300034803046BDE8FE83FF0540007047000058
:101D4000F0B5426E920F0A70426EC2F383624A701F
:101D5000426EC2F301628A70426E120CCA70B0F811
:101D60006420120A0A7190F864204A71826E120D82
:101D7000CA80826EC2F303420A72B0F86820C2F3CE
:101D8000C0324A72B0F86820C2F380328A72B0F86A
:101D90006820C2F34032CA72B0F86820C2F3003241
:101DA0000A7300264E73426C4FF40075012462B131
:101DB000012A3AD0026847499163816B41F0805112
:101DC000816380F834400120F0BDB0F86820C36E14
:101DD0009205120D42EA93720A61C26EC2F3C262A8
:101DE0000A75C26EC2F302624A75C26EC2F34252F3
:101DF0008A75C26EC2F38242CA75C26EC2F3C23223
:101E00000A760A69521C42650B7E03F007039B1C8D
:101E10009A4042650B7A03F00F0704FA07F38365D3
:101E20005B0A5A43C0E917250EE090F86820C36E9C
:101E30009206920A42EA13420A610A69521C92020D
:101E40004265C0E91652056630F86C2FC2F3803245
:101E500001F8192F0288C2F3C6124A70027802F004
:101E60007F028A704268D20FCA704268C2F3417220
:101E70000A714268C2F382624A714268C2F38352B5
:101E80008A714268C2F34052CA710E724268C2F34C
:101E900000424A728288C2F3C0328A728288C2F3D8
:101EA0008032CA728288C2F340320A738288C2F3D7
:101EB00000324A738288C2F381228A738288C2F315
:101EC0000122CA730079C0F3460008744C740020E4
:101ED000F0BD0000FF054000426C0A60826C4A6061
:101EE000C26C8A60026DCA60426D0A61826D4A618D
:101EF000C26D8A61006EC8610020704770B50446EB
:101F0000B0F8500000250104206801F076FA18B1FD
:101F1000A16B0143A16304E00021206801F0DBF81C
:101F20000546C5F3432070BDF8B5056B044600684F
:101F3000416B09041BD5290719D5D4E90A56002E8F
:101F400014D00027206801F0E9F805F8010B010A18
:101F500005F8011B010C05F8021B000E361F7F1C43
:101F600005F8010C082FEDD3C4E90A56F8BD416B02
:101F70004FF00006C9054FF0010744D539028163CF
:101F80002068C16B4CF23A329143C1632068C16A48
:101F900021F00101C16228071DD515F0220F09D0DB
:101FA000206801F05BFA28B1A16B0143A1632046D0
:101FB000FFF7C4FE216840F23A50886384F8347019
:101FC0002663A80703D0204600F028FBF8BD204672
:101FD00000F02AFBF8BD2806FCD5A80609D5206824
:101FE00001F03CFA28B1A16B0143A1632046FFF741
:101FF000A5FEA807EED12068C16A21F00801C162E0
:1020000084F83470E3E7416B490424D5290722D5CD
:10201000D4E90856002EDDD05FF0000715F8010B5B
:10202000009015F8011B361F40EA0120009015F8BA
:10203000021B40EA0140009015F8011C40EA0160D3
:1020400000906946206801F07CF87F1C082FE5D3DA
:10205000C4E90856F8BD416B40F23A221142F9D06A
:10206000416B890703D5A16B41F00201A163416B6C
:10207000090703D5A16B41F00801A163416B8906F3
:1020800003D5A16B41F02001A163416BC90603D5C3
:10209000A16B41F01001A163416B890503D5A16BD0
:1020A00041F00801A16340F23A7181632068C16B7D
:1020B00040F23A329143C163206801F0CFF9A16B3D
:1020C0000843A063280706D584F8347026632046A9
:1020D000FFF734FEF8BD2806FCD515F0300F0CD004
:1020E000E16B11480865E06BFEF716FB0028F1D0A4
:1020F000E06BBDE8F84001F097BBA8070CD0216C5D
:102100000A480865206CFEF707FB0028E2D0206C27
:10211000BDE8F84001F05FBBA66384F83470266325
:102120002046FFF77DFDF8BD29380008D7370008A5
:1021300070B504000ED094F83400002518B9257746
:10214000204600F04BF8032084F83400204600F0CD
:102150000BF808B1012070BDA5632563012084F848
:102160003400002070BD0000FEB500250446762036
:102170000095CDE9015029460B460A46206800F03B
:10218000B3FF28BB134E46F8A05F206800F0BEFFE7
:1021900001253560204601F04DFC28B184F834500B
:1021A000A16B0143A16313E0204601F0CCFB0028A2
:1021B000F4D14FF40071206800F0FCFF002808D033
:1021C000226805499163A16B0143A16384F83450EF
:1021D0000120FEBD00802542FF0540002DE9F04FA3
:1021E00087B0054614216846FEF734F8464928684A
:1021F00088427DD145480068444940F40060086049
:10220000086800F4006005904048143800683F49B1
:1022100040F0040014390860086800F004000590DC
:10222000086840F0080008600868022400F0080010
:1022300005904FF4F8504FF001088DE81101032686
:102240004FF00C09CDE9036969463148FFF7A2F860
:102250000427CDE90074CDE9028669462D48CDF802
:102260001090FFF797F82D4C2B484FF00068C4E909
:102270000008002004F10C014FF4806A4FF4805BE9
:10228000A06081E8010CA06120204FF40039676252
:10229000C4E907090020C4E90A60FE042046266359
:1022A000FEF71EFB08B1FEF7CAF92C64A5631B4CB0
:1022B000194860344830C4E900084020A06004F1A7
:1022C0000C01002081E8010C04F118022021676252
:1022D00082E8030203212663C4E90A102046FEF7C0
:1022E000FFFA08B1FEF7ABF90022EC63012100E030
:1022F00006E03120A563FFF7C1F93120FFF7B0F9FF
:1023000007B0BDE8F08F0000002C014044380240C7
:1023100000080240000C02405864024090BF0120B7
:102320002DE9F04F87B09B4616460D460446FFF751
:1023300035F900903DB194F83400012807D0A06B26
:1023400040F000500DE0A06B40F0006009E000207C
:10235000A063E26D06EB0B01914204D9A06B40F043
:102360000070A06386E0032184F834102168C862FD
:10237000616C012900D076024FF0FF3101914FEAE4
:102380004B2102914FF0010803AA902102278146B8
:10239000CDF8188082E8820201A9206800F085FE4D
:1023A000BBF1010F05D927633146206800F096FF85
:1023B00005E0C4F830803146206800F0A8FFDFF85F
:1023C00034A130B12268C2F838A0A16B0143A163E7
:1023D0004CE0029E1EE0406B000413D596B100272E
:1023E000206800F09BFE05F8010B010A05F8011BAF
:1023F000010C05F8021B000E361F7F1C05F8010CAE
:10240000082FEDD3FFF7CAF80099411A10988142BE
:102410001DD2E0B12068426B40F22A310A42DAD084
:10242000416BC90509D5BBF1010F06D9616C0329C0
:1024300003D001F013F80028C4D12068416B0907CC
:102440001AD5C0F838A0A06B40F0080050E0216811
:10245000C1F838A0A06B40F00040A06384F834803D
:10246000C4F83090032007B0BDE8F08F84F83480C2
:10247000C4F830900120F6E7416B890705D5C0F814
:1024800038A0A06B40F0020032E0416B89061BD5FA
:10249000C0F838A0A06B40F0200029E000F03EFE1C
:1024A00005F8010B010A05F8011B010C05F8021BD8
:1024B000000E05F8010C361FFFF770F80099411A5D
:1024C000109881420ED268B12068416B890201D513
:1024D000002EE3D1216840F23A50886384F83480BA
:1024E0000020C0E72168C1F838A0A06B40F0004090
:1024F000A063BBE7FF0540002DE9F04786B01F460B
:102500000446154639B194F83400012807D002205A
:1025100006B0BDE8F087A06B40F0006008E0002046
:10252000A063E36DEA199A4204D9A06B40F00070F1
:10253000A06369E0032284F8342022688146D062D7
:102540002268D36B40F22A363343D363236C2F4A7D
:10255000DA63236C2E4ADA64226C1065226C906078
:10256000206C0068026822F0C002026020680A46FF
:10257000266C4FEA472800F180014FEA9803304665
:10258000FEF718FADFF88CA0012670B12068C16B45
:1025900021F49571C1632168C1F838A0A06B40F0A7
:1025A0008040A06384F834602EE01B480660606CB5
:1025B000012800D06D024FF0FF30CDE900089020D7
:1025C000029002200596CDE903096946206800F0D3
:1025D0006CFD012F06D9822020632946206800F077
:1025E0007DFE05E0812020632946206800F08FFEF3
:1025F00000288DD02268C2F838A0A16B0143A163E6
:1026000084F83460C4F83090012081E795370008E1
:1026100031370008FF0540008C8525420149012023
:102620000870704741000020014901200870704780
:10263000400000202DE9F04F8DB09B4616460D4618
:102640000446FEF7ABFF0A903DB194F83400012830
:1026500007D0A06B40F000500DE0A06B40F0006090
:1026600009E00020A063E26D06EB0B01914204D962
:10267000A06B40F00070A0637AE0032184F834106E
:102680002168C862616C012900D076024FF0FF31E9
:1026900003914FEA4B2104919021CDE905104FF0B1
:1026A0000109CDE90709824603A9206800F0FDFC75
:1026B000BBF1010F06D9202020633146206800F0CD
:1026C000E7FE05E0102020633146206800F0F9FEA7
:1026D0005FEA000806D0216840488863A06B40EAA2
:1026E000080071E0049E27E0406B40041CD5DEB179
:1026F0005FF0000715F8010B009015F8011B361F5D
:1027000040EA0120009015F8021B40EA01400090C9
:1027100015F8011C40EA016000906946206800F04D
:1027200010FD7F1C082FE5D3FEF738FF0A99411AE8
:102730001698814220D2F8B12068416B40F21A32DB
:102740001142D1D0416BC90523D5BBF1010F20D96E
:10275000616C03291DD000F081FED0B122681F49B1
:102760009163A16B0143A16384F83490C4F830A055
:1027700001200DB0BDE8F08F216818488863A06B78
:1027800040EA0800A06384F83490C4F830A0032025
:10279000EFE72068416B090705D510498163A06BFD
:1027A00040F0080010E0416B890705D50B498163B3
:1027B000A06B40F0020007E0416BC90606D507494F
:1027C0008163A06B40F01000A063CDE740F23A5166
:1027D000816384F834900020CBE70000FF054000BF
:1027E0002DE9F04F5FEA010B87B01E460446114603
:1027F00007D094F83400012807D0022007B0BDE8C4
:10280000F08FA06B40F0006008E00025A563E26D4A
:102810008819904204D9A06B40F00070A06356E084
:10282000032084F834002068C5622068C26B40F23F
:102830001A2942EA0902C263E26B2D48D063E26BB7
:102840002C48D064E06B0565606C012800D049021B
:102850004FF09008012E05D9A0202063206800F0D9
:1028600017FE04E0C4F83080206800F02AFEDFF88C
:1028700088A0012730B12268C2F838A0A16B0143BB
:10288000A16321E01D480760E16B40208860E06B98
:102890000068016821F0C00141F040010160226838
:1028A0007602B30859468032E06BFEF783F880B1B8
:1028B0002068C16B21EA0901C1632168C1F838A011
:1028C000A06B40F08040A06384F834702563012041
:1028D00094E74FF0FF30CDE90006CDE90285CDE960
:1028E00004576946206800F0E0FB002086E70000FE
:1028F0001B38000831370008FF0540008C85254251
:1029000070B5040009D0606A002540B12561656199
:10291000A56294F8510040B10CE0012070BD6068E0
:10292000B0F5827FF4D0E561F2E784F8505020469C
:1029300000F044F8022084F851002068016821F07A
:1029400040010160A088218900F4827001F40441F3
:102950000843A18901F400610843217C01F00201D0
:102960000843217D01F001010843218B01F400712E
:102970000843217F01F03801084394F8201001F04A
:1029800080010843218D01F400510843216808604B
:10299000A069042101EA104094F8241001F010010C
:1029A0000843216848602068C16921F40061C16161
:1029B0006565012084F85100002070BD10B586B017
:1029C000044614216846FDF745FC134920688842F7
:1029D00020D11248016841F480510160006800F480
:1029E000805005900D481438016841F002010160E3
:1029F0000068694600F0020005903820009002202F
:102A000001900120029003200390052004900448C7
:102A1000FEF7C0FC06B010BD003001404438024053
:102A2000000402402DE9F84F044690F850000027BA
:102A30000A9E1D4692468B464FF0010901280ED092
:102A4000012084F85000FEF7A9FD804694F851005B
:102A5000616801280CD0B1F5827F07D102E0022025
:102A6000BDE8F88FA16809B9042801D00227C2E0A7
:102A7000BBF1000F27D0BAF1000F24D01DB394F89A
:102A80005100042802D0052084F851000020606520
:102A9000C4F838A0E587A587C4F830B0E586A586D8
:102AA0002064606420680168490603D4016841F02D
:102AB00040010160E068B0F5006F606805D0E8B3E0
:102AC000012D46D07FE0012795E008B1012D39D1D5
:102AD000206B21680088C860206B801C2063E08E1A
:102AE000401EE0862EE02068816889070FD5E18EC0
:102AF00069B1B9F1010F0AD1216B0988C160206B5E
:102B0000801C2063E08E401EE0864FF000092068A4
:102B10008168C9070CD0E18F51B1C068A16B0880F2
:102B2000A06B801CA063E08F401EE0874FF001097E
:102B3000FEF734FDA0EB0800B04200E009E001D34D
:102B4000701C50D1E08E0028CDD1E08F0028CAD172
:102B50003FE0206B216800780873206B401C2063E5
:102B6000E08E401EE0862EE02068816889070FD540
:102B7000E18E69B1B9F1010F0AD1216B09780173B6
:102B8000206B401C2063E08E401EE0864FF0000961
:102B900020688168C9070CD0E18F51B1C068A16B72
:102BA0000870A06B401CA063E08F401EE0874FF0D0
:102BB0000109FEF7F3FCA0EB0800B04202D3701C41
:102BC00001D010E07EB1E08E0028CDD1E08F00284A
:102BD000CAD142463146204600F086FF28B101277F
:102BE0002020606507E0032705E0A06818B9206889
:102BF000C16880680090012084F85100002084F8AA
:102C0000500038462CE770B515460E46040003D038
:102C100094F8490010B107E0012070BD002084F84D
:102C20004800204600F01AF804F108012068FDF77A
:102C300027FD3146A2682068FDF74CFDD4E901026A
:102C40002946236BFDF7FCFCA168206850F8212081
:102C500042F0010240F82120002070BDFDF7E4BEE3
:102C600010B5401EB0F1807F01D3012010BD4FF0A0
:102C7000E02460610F21601701F0BAF80020A06124
:102C800007202061002010BD70B5040004D094F826
:102C90003D00002510B106E0012070BD84F83C50D5
:102CA000204600F023F8242084F83D002068C16805
:102CB00021F40051C160204600F0EEFF2068016958
:102CC00021F4904101612068416921F02A014161AC
:102CD0002068C16841F40051C1602564202084F857
:102CE0003D0084F83E00002070BD000010B586B0A5
:102CF000044614216846FDF7ADFA1449206888425D
:102D000021D11348016841F010010160006800F012
:102D1000100005900E481438016841F0010101606F
:102D20000068694600F0010005904FF4C060009013
:102D300002200190012002900320039007200490BC
:102D40000448FEF727FB06B010BD0000001001404C
:102D50004438024000000240FEE700000D4808B57C
:102D6000016841F4800101600068002200F48000E5
:102D7000009002213B20FEF781FC3B20FEF770FC17
:102D8000002202214520FEF779FCBDE808404520DD
:102D9000FEF766BC303802402DE9F0478EB01C21AA
:102DA0006846FDF757FA1C2107A8FDF753FA30488B
:102DB00004210024C0E902141025C0E904458461FF
:102DC000C4614FF4805A0462C0E9094AC4620463D2
:102DD0004463DFF8A08084634FF020464464C0E978
:102DE000006802200F27CDE9000702A908204FF054
:102DF000110981E83102002269461D480694FFF757
:102E000002FF08B1FDF71BFC19480621503007AA44
:102E1000C0E90214C0E904458461C4610462C0E9E8
:102E2000094A4FF48041C0E90B4144638463446420
:102E3000C0E900683C200097CDE90170CDF81490FE
:102E4000CDE903750921CDE90641CDE90871CDE948
:102E50000C940748CDE90A7569465030FFF7D3FE58
:102E6000002801D0FDF7EBFB0EB0BDE8F0870000B5
:102E70006CBE0120040100A02DE9F04186B01421B0
:102E80006846FDF7E7F950484FF00008016841F047
:102E900010010160016801F010010591016841F025
:102EA00020010160016801F020010591016841F0F5
:102EB00080010160016801F080010591016841F025
:102EC00001010160016801F001010591016841F013
:102ED00040010160016801F040010591016841F085
:102EE00002010160016801F002010591016841F0F1
:102EF00008010160016801F008010591016841F0D5
:102F0000040101600068314E00F004004FF4C06518
:102F10000590012229463046FEF73AFB2C4F01224C
:102F200069013846FEF734FB1C2000902948012433
:102F3000CDE9010469462848FEF72CFACDE9005492
:102F4000022569463046CDE90245FEF723FA2348BB
:102F50006946CDE9004002952148FEF71BFAA0031F
:102F6000CDE90004CDE9024869463846FEF712FA79
:102F7000E0038DE83100694638460395FEF70AFA0A
:102F8000012203210620FEF779FB0620FEF768FBED
:102F9000012203210820FEF771FB0820FEF760FBE9
:102FA000012203210920FEF769FB0920FEF758FBE7
:102FB000012203210A20FEF761FB0A20FEF750FBE5
:102FC00006B0BDE8F0810000303802400014024035
:102FD0000004024000002110001002400000111007
:102FE000000002400E4810B50C490160002141600C
:102FF0008160C160016141618161FFF799F808B1A9
:10300000FDF71DFB4FF400610548FEF70BFE00289D
:1030100003D0BDE81040FDF712BB10BD002C0140ED
:103020000CBF0120104810B50E4901604FF48271A9
:103030004160002102228160C0E903120122426145
:10304000520282613822C0E90721416281620A216D
:10305000C162FFF755FC002803D0BDE81040FDF722
:10306000EEBA10BD0030014050C001200C4810B530
:103070000A4901604FF4E1314160002181600C2276
:10308000C160C0E904128161C161FFF7FDFD002844
:1030900003D0BDE81040FDF7D2BA10BD00100140CA
:1030A000A8C00120FEE7704770470A6842624A687C
:1030B0008262D1E902231A43D1E904310B43C16A88
:1030C0001A4321F0F7011143C162002070470068E4
:1030D00000F0030070470844406970470148FEF75C
:1030E00023BF00000CBF012070B50DF1100C11437F
:1030F0009CE870002343194329434268314347F653
:10310000FF639A430A434260002070BD10B503215B
:1031100001600220FDF785FC002010BDD0F8800082
:1031200070470A688260D1E901231A43D1E903316B
:103130000B43C1681A436FF30B011143C1600020B8
:1031400070470968C0F880100020704710B586B03D
:1031500004463720CDE90010402002900020039063
:103160004FF48060049069462046FFF7DAFF41F291
:1031700088323721204600F0BDF906B010BD0000AE
:1031800010B504460A4886B001432920CDE9001055
:1031900040200290002003904FF480600490694624
:1031A0002046FFF7BEFF204600F05CFA06B010BDD7
:1031B0000000108010B586B004461020CDE9001044
:1031C00040200290002003904FF4806004906946F4
:1031D0002046FFF7A6FF41F288321021204600F07A
:1031E00089F906B010BD10B586B004460620CDE9B9
:1031F000001040200290002003904FF48060049063
:1032000069462046FFF78DFF41F2883206212046AD
:1032100000F070F906B010BD30B585B00024054649
:10322000009401944FF480600294CDE90340694614
:103230002846FFF776FF0B484FF4FA510068B0FBC1
:10324000F1F041F288314843401E03D24FF0004074
:1032500005B030BD696B0906F6D5C520A8632046C8
:10326000F6E700009402002070B585B004464FF4E4
:10327000D570009001A908204025002681E8610052
:10328000C001049069462046FFF74BFF12484FF4F7
:10329000FA510068B0FBF1F041F288314843401E1A
:1032A00003D24FF0004005B070BD616B11F0450FC7
:1032B000F5D00905F3D4606B400701D5042003E085
:1032C000606BC00702D00120A063ECE7606B400692
:1032D00000D5A5633046E6E79402002010B586B01D
:1032E00004461220CDE900104020029000200390F7
:1032F0004FF48060049069462046FFF712FF41F2C8
:1033000088321221204600F0F5F806B010BD10B545
:1033100086B004461120CDE9001040200290002024
:1033200003904FF48060049069462046FFF7F9FE51
:1033300041F288321121204600F0DCF806B010BDC1
:1033400010B586B004460720CDE900204020029049
:10335000002003904FF48060049069462046FFF7F8
:10336000E0FE41F288320721204600F0C3F806B0A3
:1033700010BD10B586B0044600210220CDE9001032
:10338000C020CDE902014FF48060049069462046D8
:10339000FFF7C7FE204600F03DF906B010BD10B59E
:1033A00086B004460920CDE90010C020029000201C
:1033B00003904FF48060049069462046FFF7B1FE09
:1033C000204600F027F906B010BD10B586B00446BF
:1033D00000213320CDE900104020CDE90201000199
:1033E000049069462046FFF79CFE41F28832332163
:1033F000204600F07FF806B010BD10B586B0044638
:103400000D20CDE9001040200290002003904FF4E1
:103410008060049069462046FFF783FE41F28832BF
:103420000D21204600F066F806B010BD30B585B01D
:103430000C46054600210320CDE900104020CDE9CF
:1034400002010001049069462846FFF76AFE224601
:103450000321284600F028F905B030BD10B586B02C
:10346000044600210C20CDE900104020CDE90201E6
:103470000001049069462046FFF753FE034A0C21E1
:10348000204600F037F806B010BD000000E1F50559
:1034900010B586B004461920CDE9001040200290F6
:1034A000002003904FF48060049069462046FFF7A7
:1034B00038FE41F288321921204600F01BF806B090
:1034C00010BD10B586B004461820CDE9001040208C
:1034D0000290002003904FF48060049069462046DB
:1034E000FFF71FFE41F288321821204600F002F853
:1034F00006B010BD454B10B51B684FF4FA54B3FB32
:10350000F4F353435B1E02D24FF0004010BD426BF8
:1035100012F0450FF6D01205F4D4426B520703D5D2
:1035200004218163084610BD426BD20702D00121FD
:10353000816305E0C52282630269D2B28A4201D06A
:10354000012010BD0021FFF7C6FD3149084201D11D
:10355000002010BD002802DA4FF0007010BD4100BD
:1035600001D5402010BD810001D5802010BDC100D3
:1035700002D54FF4807010BD010102D54FF40070E8
:1035800010BD410102D54FF4806010BDC10102D5CC
:103590004FF4006010BD010202D54FF4805010BD01
:1035A000410202D54FF4005010BD810202D54FF404
:1035B000804010BDC10202D54FF4004010BD410350
:1035C00002D54FF4003010BD810302D54FF48020A6
:1035D00010BDC10302D54FF4002010BD010402D577
:1035E0004FF4801010BD410402D54FF4001010BDFF
:1035F000810402D54FF4800010BD000702D54FF4BE
:10360000000010BD4FF4803010BD00009402002077
:1036100008E0FFFD12494FF4FA520968B1FBF2F1DC
:1036200041F288325143491E02D24FF000407047A8
:10363000426B12F0450FF6D01205F4D4416B4907E6
:1036400003D50421816308467047416BC90703D045
:103650000121816308467047C521816300207047BE
:10366000940200200F494FF4FA520968B1FBF2F1BD
:1036700041F288325143491E02D24FF00040704758
:10368000426B12F0450FF6D01205F4D4416B490796
:1036900003D50421816308467047C521816300205A
:1036A000704700009402002030B5204B4FF4FA54CC
:1036B0001B68B3FBF4F341F2883463435B1E02D210
:1036C0004FF0004030BD446B14F0450FF6D0240598
:1036D000F4D4436B5B0703D504218163084630BDF6
:1036E000436BDB0702D00121816303E00369DBB296
:1036F0008B4201D0012030BDC52181630021FFF73D
:10370000EAFC10F4604F04D0410406D54FF4005099
:1037100030BD000C1080002030BD000402D54FF4F5
:10372000805030BD4FF4803030BD00009402002046
:1037300010B5846BFDF702F8022828D0206C416D8B
:10374000E06B406D012901D001281DD1216810488E
:1037500088632068C16B21F49D71C163A06B40F048
:103760008040A0632046FEF7C9FB062801D005284B
:1037700005D12068FFF772FEA16B0843A06301200A
:1037800084F83400002020632046FEF7D7FA10BDED
:10379000FF05400010B5846B206B822809D120689A
:1037A000FFF75CFE28B1A16B0143A1632046FEF741
:1037B000C5FA2068C16A21F00801C162216840F29F
:1037C0003A508863012084F83400002020632046AA
:1037D000FEF724FF10BD10B5846B40F23A5021680B
:1037E00088632046FEF78AFB012184F8341000210B
:1037F0002163062801D0052805D12068FFF72EFE99
:10380000A16B0843A063A06B0028204602D0FEF7FE
:1038100095FA10BDFEF704FA10BD806B0068C16B0D
:1038200041F48071C163704710B5846B40F23A5027
:10383000216888632046FEF761FB012184F834107B
:1038400000212163062801D0052805D12068FFF753
:1038500005FEA16B0843A063A06B0028204602D0A0
:10386000FEF76CFA10BDFEF7DBF910BD2DE9F0474D
:1038700088B00D460446FDF791FE0026824600966C
:103880000196374608212068FFF794FC002829D1CB
:10389000B4F8500001042068FFF758FC002821D13B
:1038A000401E4FF00808CDE9020830204FF0020911
:1038B000CDE904090120CDE9067002A92068FFF7CF
:1038C000F4FB2068FFF781FD00280BD16F462068CC
:1038D000416B11F02A0F08D0416B09071AD5C0F8C7
:1038E0003880082008B0BDE8F087416B890205D513
:1038F000FFF714FC47F82600761C02E0416B8904B0
:10390000EAD5FDF74BFEA0EB0A00401CDFD14FF0DB
:103910000040E7E7416B890703D5C0F838900220E3
:10392000E0E7416B890603D5202181630846D9E78A
:1039300040F23A518163019800BA2860009800BAB9
:1039400068600020CEE710B590B004460120ADF8C5
:1039500038002068FFF7BBFB002854D0606C0328B8
:1039600042D02068FFF705FD00284AD100212068D9
:10397000FFF7B1FB606704212068FFF7ACFBA0678D
:1039800008212068FFF7A7FBE0670C212068FFF7FC
:10399000A2FBC4F88000606C032825D00EA9206823
:1039A000FFF744FD00282CD1606C03281CD0BDF823
:1039B0003800206501042068FFF7F1FC002820D1C1
:1039C00000212068FFF787FB606604212068FFF76D
:1039D00082FBA06608212068FFF77DFBE0660C21D2
:1039E0002068FFF778FB206704212068FFF773FB4E
:1039F000000DE06403A92046FEF7A2F930B14FF0B4
:103A0000805010B010BD4FF08060FAE7B4F850005D
:103A1000002302042068FFF793FC0028F1D104F191
:103A2000100007C88DE8070094E80F00FFF75CFB63
:103A30000020E6E72DE9F84F0026044600963546BB
:103A4000B0460068FFF7E8FB002827D12068FFF7A1
:103A50000BFC4FF0805B4FF001094FF6FF7748B148
:103A6000A6642068FFF7D8FB002817D1A06C0128B6
:103A700002D020E0C4F8489000212068FFF766FBE0
:103A800058B918E000212068FFF760FB002805D135
:103A900051462068FFF774FB10B15846BDE8F88F17
:103AA00000212068FFF717FB05464FEAD078009801
:103AB000401C009002E0DFF82CA00098B84202D22F
:103AC000B8F1000FDED00098B84202D34FF08070FA
:103AD000E4E7680002D5C4F8449000E06664002082
:103AE000DCE70000000010C138B504461248134B53
:103AF0000068B0FBF3F04FF47A73584300906068AD
:103B0000B0F5827F0DD10B46009200228021204625
:103B100000F016F870B1606D40F020006065032081
:103B200038BD009830B1401E009020688068C043C6
:103B30000006F6D5002038BD9402002000366E0144
:103B40002DE9F8431E46914688460446089DFDF738
:103B500025FD401B351AFDF721FD07462548006865
:103B6000C0F3CB30684338E0701C37D0FDF716FD4A
:103B7000C01BA84203D215B1009860B32CE02068A6
:103B8000416821F0E00141606068B0F5827F0BD1AF
:103B9000A068B0F5004F02D0B0F5806F04D1206866
:103BA000016821F040010160A06AB0F5005F09D111
:103BB0002068016821F4005101602068016841F427
:103BC00000510160012084F85100002084F8500069
:103BD0000320BDE8F8830025401E0090206881681E
:103BE00038EA010004D000214945BDD10020F0E7AA
:103BF0000121F9E7940200207047FDF7D5BC0000D1
:103C000030B593B030216846FCF724FB14210CA892
:103C1000FCF720FB1A480025016841F08051016043
:103C2000006800F0805011901648016841F480410E
:103C300001600068022400F480401190012000908F
:103C4000000401908001CDE90640082008904FF45F
:103C5000A870CDE9090407200B906846FDF72AFEFD
:103C60000CA90F2081E831004FF4A0500F90E00222
:103C7000109005210CA8FDF733FD13B030BD0000F6
:103C800040380240007000400248016841F4700171
:103C90000160704788ED00E070B504460068016976
:103CA000E26821F44051114301612169A068E26991
:103CB00008436169114308432168CA6849F20C63EB
:103CC0009A430243CA6020684169A26921F44071A5
:103CD0001143416131492068884202D0304988420D
:103CE00002D1FDF7A7FD01E0FDF794FDE269002395
:103CF000192164253226B2F5004F626828D0A0FB56
:103D00000101930F9200FCF75BFA0146B0FBF5F05E
:103D10006FF01802504301EB800006EB0010B0FB7F
:103D2000F5F000F0F002B1FBF5F002EB0012B1FB90
:103D3000F5F06FF01803584301EB800006EB00101C
:103D4000B0FBF5F000F00F0021681044886070BDF2
:103D5000A0FB010192185B41FCF732FA0146B0FB6F
:103D6000F5F00201B1FBF5F06FF01803584301EBD9
:103D7000800006EBC000B0FBF5F000F0F80002EBAD
:103D80004002B1FBF5F0584301EB800006EBC000A8
:103D9000B0FBF5F000F00700D6E70000001001408E
:103DA00000140140FEE700000FB4054B10B503A955
:103DB000044A029800F03CF810BC5DF814FB0000C7
:103DC0001D6F0008AC0200200FB4084B10B504A909
:103DD00002AA039800F02CF8044602A9002000F083
:103DE00058FA204610BC5DF814FB0000934200080E
:103DF0000907090E002804DB00F1E02080F8001418
:103E0000704700F00F0000F1E02080F8141D7047AB
:103E100002E008C8121F08C1002AFAD17047704793
:103E2000002001E001C1121F002AFBD170470000F1
:103E30002DE9FF4F8DB00F460546002606E02528E8
:103E40000BD0DDE90F1290476D1C761C28780028F6
:103E5000F5D111B03046BDE8F08F0024A246A1464E
:103E60000122EC4900E0044315F8013F203B02FA2F
:103E700003F00842F7D128782A2810D06FF02F02DB
:103E80002878A0F13001092914D80AEB8A0102EB45
:103E9000410144F0020400EB010A6D1CF0E701CF80
:103EA0005FEA000A03D544F40054CAF1000A44F062
:103EB00002046D1C28782E2817D115F8010F44F044
:103EC00004042A280ED06FF02F022878A0F13001C8
:103ED00009290AD809EB890102EB410100EB01092C
:103EE0006D1CF2E757F8049B6D1C28786C280FD0E6
:103EF00006DC4C2817D068280DD06A2814D104E0BD
:103F0000742810D07A280FD10DE044F400140AE090
:103F100044F4801401E044F440146978814202D1F1
:103F200004F580146D1C6D1C2A786E2A1FD00CDCE1
:103F3000632A31D004DC002A8BD0582A11D1A3E0A7
:103F4000642A68D0692A0CD165E0732A2ED004DC7B
:103F50006F2A73D0702A04D19BE0752A6FD0782A1B
:103F60006ED01046DDE90F129047761C50E1C4F385
:103F70000250022806D0032809D0042801CF09D016
:103F8000066045E101CFF117C0E9006140E101CFD2
:103F900006803DE106703BE117F8040B8DF8000048
:103FA00000208DF80100EB46012003E057F804BB28
:103FB0004FF0FF3061074FF0000102D40DE008F12F
:103FC0000101884649450FDA8045F8DB1BF80810E7
:103FD0000029F4D108E008F1010188468142FADBAA
:103FE0001BF808100029F6D1DDE90F23AAEB080021
:103FF0008146214600F036F9304400EB080604E023
:10400000DDE90F121BF8010B9047B8F10108F7D258
:1040100021464846F7E00A21C4F302534FF0000B53
:104020000891022B04D001CFC117032B09D00AE05D
:10403000FF1D27F00707F7E8020108E032E01FE064
:1040400020E000B2C117042B01D140B2C117031EFA
:1040500071F1000307DA4FF0000CD0EB0C006CEBB1
:1040600001012D2302E0230504D52B238DF82430F4
:10407000012303E0E30701D02023F7E7984658E047
:104080000A2110E010210EE010204FF0000B0890E4
:104090000CE010214FF0000B44F004044FF008092D
:1040A000089103E008214FF0000B0891C4F302537C
:1040B000022B04D001CF0021032B06D006E0FF1D08
:1040C00027F00707F7E8020103E080B2042B00D1D4
:1040D000C0B24FF0000823072BD5702A07D0DDF8B7
:1040E00020C08CF0100C5CEA0B0C05D00EE04023D5
:1040F0008DF82430012308E050EA010306D0302374
:104100008DF824308DF8252002239846DDF820C054
:104110008CF0080C5CEA0B0C0BD150EA010301D1C6
:10412000630706D530238DF824304FF00108A9F13C
:104130000109582A04D038A20B9208AA0A920BE06F
:104140003AA2F9E75B46089AFCF73AF80B9B9B5CAE
:104150000A9A521E0A92137050EA0102F2D10A988A
:10416000ADEB000000F1200B600702D524F4803491
:1041700001E04FF00109D94502DDA9EB0B0000E099
:10418000002000EB0B0141440890AAEB010AE00378
:1041900006D4DDE90F232146504600F063F80644BB
:1041A0004FF0000908E009A911F80900DDE90F1234
:1041B000904709F10109761CC145F4DBE0030CD5F9
:1041C000DDE90F232146504600F04CF8064404E098
:1041D000DDE90F1230209047761C0899481E0890A0
:1041E0000029F5DC08E00A980A990078491C0A9130
:1041F000DDE90F129047761CBBF10001ABF1010B1A
:10420000F1DC21465046DDE90F2300F019F80644A1
:104210006D1C1BE609280100303132333435363746
:104220003839616263646566000000003031323302
:1042300034353637383941424344454600000000A2
:104240002DE9F041044600251E461746880404D493
:1042500005E039462020B0476D1C641EF9D528467C
:10426000BDE8F0812DE9F041044600251E46904648
:10427000C80301D5302700E02027880404D505E0D5
:1042800041463846B0476D1C641EF9D52846BDE846
:10429000F0810A68531C0B60107070472DE9F05FC5
:1042A0000746406B891E00EB1135C1F3C80601F0CB
:1042B00007014FF0010B0BFA01F09A469146C4B288
:1042C00029466D1C384607F0D7F810B10120BDE82B
:1042D000F09F5A464FF40073B91991F83C00204200
:1042E00002D04FF0010801E04FF00008D04501D1A5
:1042F0000220ECE7604081F83C00B9F101003A711E
:104300008146E4D0600010F0FF04E5D10124761C62
:104310009E42E1D30026D3E770B504460020207109
:10432000401EA063204607F0A7F808B1042070BD26
:1043300004F23A2006F027FA4AF655260546B0421E
:1043400006D10B222BA104F13C00FBF7A4FF40B1E6
:1043500094F83C00EB2806D0E92804D0E82802D0E5
:1043600041E0012070BDB54207D1082224A104F12B
:104370008E00FBF790FF0028F4D004F1470006F010
:1043800002FA94F84910421E10422CD14FF40072E8
:10439000904228D3904226D829B3481E014222D108
:1043A00004F14A0006F0EFF9E8B194F84C00401E21
:1043B000012818D804F14D0006F0E5F998B104F190
:1043C0004F0006F0E0F9802806D204F15C0006F008
:1043D000A4F9B0F5803F06D304F1520006F0D3F9FA
:1043E00008B1002070BDB54201D1022070BD03208C
:1043F00070BD0000EB7690455846415420202000C7
:1044000046415433322020200000000070B501687E
:10441000046D500A4D8940EAC350590A2A460023C8
:10442000241DFBF7CDFE02CC21B1884204D3401AF3
:10443000241DF8E7002070BD2168084470BDC269E2
:10444000891E921E8A4201D800207047026B408963
:1044500000FB0120704700002DE9F05F82460C460A
:1044600001F11A0006F08FF978BB2078012700F0DF
:104470003F00401E00EB8001DFF8589001EBC005C3
:1044800000264FF6FF7B00BF19F80600204406F017
:104490007AF980466FB1FF2D17D802F0C1F90746AF
:1044A0003AF815006D1C02F0BBF987420DD1474662
:1044B00001E0D84509D1761C0D2EE5D320784006C1
:1044C00006D52FB13AF8150010B10020BDE8F09FD5
:1044D0000120FBE7E0F100082DE9F04706685FEAFC
:1044E000010807462BD04146384602F06FFD0228EE
:1044F00046D3411C45D0F169814242D84546B06956
:1045000000283ED030784FF0FF3904281ED04545B2
:104510005FD1F0696C1CA04200D8022421463846C5
:1045200002F054FD01282CD0411C2AD080B37069C0
:1045300002284ED3F16981424BD9054649E075699D
:1045400015B1F069A842DAD80125D8E70122294639
:10455000304602F0D9F9040062D0601C60D001231B
:104560001A4621463046FFF799FE022808D0012856
:1045700009D0B8F1000F08D0F979022909D010E06C
:104580000120BDE8F0874846FBE70221F97143E0CE
:104590001EE0691C8C423FD0B968691AB9610321D9
:1045A000F97108F101018C4206D1F96909B1491C80
:1045B00000E00221F9612FE0F869012500B9FD61F1
:1045C00022464146384602F086F930BBFD6129E0BB
:1045D000A4B92C46F069641CA04202D80224022D22
:1045E0000AD32146384602F0F1FC38B10128C8D080
:1045F000411CC6D0AC42EDD10020C2E74A4621465C
:10460000304607F001FA40B9B8F100000AD001467F
:104610002246304607F0F8F920B101280FD00124D6
:104620002046AEE77461D6E90601891E884201D8AA
:10463000401EB061707940F001007071F0E74C46A7
:10464000EEE700002DE9FC5F824608680190DAF889
:1046500000000E460025C7684FF4803801A807F017
:104660000EFD411C3BD0404503D3010C27F815102B
:104670006D1C84B2202C1CD32F2C10D05C2C0ED09F
:10468000802C04D2214676A0FBF7FBFD38BBFF2D22
:1046900025D227F815406D1CE0E7401C01900198D9
:1046A00001782F29F9D05C29F7D00024C8B220283E
:1046B00000D204240198306009E000BF07EB4500F8
:1046C00030F8020C202801D02E2802D16D1E002DBA
:1046D000F4D1002027F815000DB1002603E00620D4
:1046E000BDE8FC9F761C37F816002028FAD016B9D2
:1046F00038882E2803D144F0030400E06D1E2DB14C
:1047000007EB450030F8020C2E28F7D120220B21B0
:104710000AF14000FBF797FD4FF000084FF0080B3F
:10472000CDF8008037F8160006F101065FEA0009AF
:1047300024D0B9F1200F04D0B9F12E0F04D1AE422C
:1047400002D044F00304EDE70098584501D2AE4290
:1047500019D1BBF10B0F0FD0AE4201D044F00304CE
:104760000CD84FF0080000904FEA88602E464FF0BA
:104770000B0B4FEA1068D5E744F003049AF84000A9
:10478000E52849D04BE04846B9F1800F08D344F002
:10479000020402F045F84FF46A7102F005F8814610
:1047A000B9F1FF0F13D90099ABF10100814204D395
:1047B00044F00304CDF800B0B4E700984FEA1922A2
:1047C000504480F840200098401C00901BE0B9F154
:1047D000000F04D0014625A0FBF753FD20B14FF098
:1047E0005F0944F003040EE0A9F14100192801D843
:1047F00048F00208A9F16100192804D8413048F0B6
:1048000001081FFA80F9009A0AEB020181F8409032
:104810000098401C009085E705218AF84010BBF104
:10482000080F03D14FEA88604FEA1068C8F381008F
:10483000032803D06FEA0800800701D144F0020486
:10484000A00709D45FEAC87001D044F010045FEA01
:10485000487001D544F008048AF84B4000203FE737
:104860002A3A3C3E7C223F7F000000002B2C3B3D3F
:104870005B5D00002DE9FF4F81B09B466A46012138
:10488000019800F079FC00287DD108264FF03F09FF
:10489000F101009F03E0700010F0FF0606D016FB48
:1048A00009F0B7FBF0F08842F5D806B9FF264FF4BF
:1048B00000715846FBF7CEFC0BF5DF754FF0000A90
:1048C0004C465DE0029951F82A80B8F1640F09D88E
:1048D00001D1384605E04FF06400B7FBF0F000FB73
:1048E00008F0804604EB0800B84201D8A04201D28B
:1048F000A7EB0408B8F1000F44D0214605F10800E9
:1049000007F0E4FA414605F10C0007F0DFFA0398DE
:10491000287119FB06F3B4FBF9F1B1FBF6F2B4FB15
:10492000F9FC06FB1212B4FBF3F009FB1C416A70A0
:10493000C02202EA900C491C4CEA010C85F802C026
:10494000E87004EB0800441EB4FBF3F1B4FBF9FC7F
:10495000BCFBF6F3B4FBF9F806FB13CC09FB1843D8
:1049600002EA91025B1C85F805C01A43AA71E9713D
:104970000AF1010A10350446BAF1040F02D20CB153
:10498000BC429FD300E00DE04AF655210BF5FF70C5
:1049900007F0C9FA012300225946019800F045FCAE
:1049A000002800D0012005B0BDE8F08F2DE9F05FB0
:1049B000894605464021FBF74DFC85202870C02024
:1049C0004024002685F8200037464FF00108B24603
:1049D0004FF0C10B05F804B0641C05F804A0641C7A
:1049E000B8F1000F06D039F816005FEA000801D0D0
:1049F000761CF6B22819414607F095FAA41CE00689
:104A0000EED17F1C39F81600FFB20028E2D185F8FC
:104A100023607F1C6F70484607F08CFB014605F150
:104A20002400BDE8F05F07F07EBA812803D3FE289A
:104A300001D801207047002070470000014908603C
:104A400070470000000000204FF47A71484300F0E6
:104A500001B8000070B54FF0E024002265690949F3
:104A6000A36909684843A1699942FCD002D2A3EB2B
:104A7000010302E0A5EB010633441A440B468242CF
:104A8000F1D370BD000000202DE9F0410F4604462F
:104A90000021066800F018FBE8B900253046A16B3C
:104AA00006F0EAFCB8B931780429E16B097803D043
:104AB000E52905D021B107E041F3C011491C03D01D
:104AC0006D1CBD420AD000E000250121204600F007
:104AD000FFF80028E2D0042800D10720BDE8F081CB
:104AE0002DE9F0470C46054607F0A6FAA8BB21467B
:104AF0002846FFF7A4FC0646A8634FF4007705F1AB
:104B00003C0039468046FBF7A5FB6889BC01B4EB45
:104B1000402F04D9440200E06408BC421ED920465C
:104B200001F0FEFD5FEA0009F6D0BC4216D921462D
:104B3000FBF790FB670A002400E03C446889A04230
:104B400007D9321968783B46494600F06EFB0028C9
:104B5000F3D0484601F0E8FD0FE011E00127002402
:104B600000E03C446889A04207D9321968783B4686
:104B7000414600F05AFB0028F3D06889A04202D0D9
:104B80000120BDE8F0870020FBE72DE9F05F044637
:104B90000021056800F098FA00284CD128780428F4
:104BA0000CD0FF264FF0FF38B146C4F84C802846A1
:104BB000A16B06F061FC07004ED13EE0E86807F00B
:104BC000B9FA82462FE02869243005F0DCFD504513
:104BD00029D1286940264FF0000990F8238017E07A
:104BE000F00600D1B61C2869304405F0CCFD01F078
:104BF00017FEE968074631F8190001F011FE8742F7
:104C00000AD1A8F1010000F0FF0809F10109B61C62
:104C1000B8F1000FE4D102E0B8F1000F03D1E96868
:104C200031F8190030B10021204600F0B3F85FEAF6
:104C3000000BC8D05846BDE8F09FE16B087850B132
:104C4000CA7AE52802F03F02A27135D0130704D5D5
:104C50000F2A31D105E0042738E00F2A01D0DEB158
:104C60001FE094F84B20520629D4420606D591F84D
:104C70000D9000F0BF00226B0646E264B04208D1FE
:104C80004A7B4A4505D1E868FFF7E6FB08B1761E86
:104C900000E0FF26F6B212E0084607F07DF948452D
:104CA00014D094F84B00C00706D10B2204F1400148
:104CB000E06BFBF7F0FA48B1FF26C4F84C80002106
:104CC000204600F005F807003FF471AF3846B2E720
:104CD0002DE9F04707680446066B38782036894688
:104CE00004280AD04FF400104FF00008B04238D921
:104CF000A06B28B1F10506D044E04FF08050F3E7F7
:104D00000420BDE8F087401CA063616B29B178895D
:104D1000401E10EA562F05D034E03889B0EB561FFC
:104D20001FD92FE0204602F051F9054601281DD970
:104D3000681C14D0F869A8421ED8B9F1000F10D031
:104D40002046616BFFF7C8FB05000DD0012D0DD08B
:104D5000681C04D029463846FFF7C2FE40B1012046
:104D6000CFE7C4F83880CBE70720CAE70220C8E7BE
:104D7000E07940F00400E071294638466563FFF7AA
:104D80005EFBA063C6F3080038443C302663E06352
:104D90000020B6E72DE9F0470426FF2489460546A2
:104DA000A04607685FE0384606F066FB06005ED165
:104DB000E96B087898B13A78042A12D0CA7AE528C3
:104DC00002F03F02AA7108D02E2806D022F020035C
:104DD000082B1BD0B446CC451BD0FF2433E004265F
:104DE00045E0B9F1000F02D0832842D02BE085289E
:104DF00029D1286BE864284605F0E7FC060036D187
:104E00003869007900F03F00A87132E04FF0010CE2
:104E1000E1E70F2A01D014BB1CE0420606D591F849
:104E20000D8000F0BF002A6B0446EA64A04208D15E
:104E30004A7B424505D1F86806F0ACFD08B1641E16
:104E400000E0FF24E4B200212846FFF741FF0600FE
:104E500009D00CE0084607F09FF8404509D04FF014
:104E6000FF30E86405E0A96B00299CD10EB1002059
:104E7000A8633046BDE8F0872DE9F04F0446056889
:104E800090F84B0099B010F0A00F03D0062019B095
:104E9000BDE8F08F0026E86800E0761C30F81610B8
:104EA0000029FAD1287804281AD004F1400016AB62
:104EB00007C883E807009DF8630004F14008C107B4
:104EC0006BD0402084F84B0001273B4616A9404692
:104ED000EA6802F02DF82046FFF757FEF0BB51E0DC
:104EE0000F200E36B6FBF0F6B61C31462046FFF713
:104EF000CBFD0028CBD171422022206B02EB411167
:104F00000844E064E079410736D520F00400E07100
:104F1000204601F0C9FC0028B9D1421E2046616B31
:104F200001F0D9FC0028B2D1A06828B3214602A81C
:104F300005F02EFC0028AAD16889D4E90423400298
:104F4000121843F10003C4E904232869383006F03D
:104F5000C5FFD4E904232869283000E015E006F0F5
:104F6000BDFFE079296940F0010081F8210002A825
:104F700006F0DDFF00288AD1D5E90310FFF716FD02
:104F8000002084E77F1C642F9FD3642F0FD0042858
:104F9000F7D19DF8630084F84B009DF8630080070B
:104FA00007D50D200C36B6FBF0F77F1C02E007207A
:104FB0006DE7012739462046FFF766FD06007FD1E1
:104FC0007F1E05975FD0216B784201EB4011204690
:104FD00000F07AF8060073D1404606F0DDFF4FF688
:104FE000FF7B08902846A16B06F046FA060067D1C1
:104FF000E86804900598D4F83C90C0B203900899F2
:1050000089F80D100F2189F80B10002189F80C1078
:1050100009F11A0006F087FF0398DFF8A8A0401EE8
:1050200000EB800101EBC008002701E05E4504D0E1
:10503000049830F8186008F101081AF8071001EB1D
:105040000900314606F06FFF06B95E467F1C0D2F42
:10505000ECD35E4505D0049830F8180008B10398E9
:1050600003E0039840F04000039089F8000001201D
:10507000287100212046FFF72BFE060020D105985D
:10508000401E0590AED12846A16B06F0F5F906004A
:1050900016D154F83C0F2021FBF7DCF8206861683A
:1050A0000160A1684160A1890181A17B8172E07BDF
:1050B000216800F018000873012000E000E028716A
:1050C0003046E4E6E0F100082DE9F04106680546C7
:1050D0000F463078042806D04FF40010B8423CD96F
:1050E000F8063AD102E04FF08050F7E72F63AC6842
:1050F00034B93078032807D30020F46AE8711CB172
:1051000070894FEA402812E03089B0EB571F24D94C
:10511000F06A12E0284601F059FF0446401C1AD0FC
:10512000022C1AD3F069A04217D9A7EB080747450C
:105130002146EFD23046FFF782F9C5E90D4060B154
:1051400000EB5720A863C7F3080030443C30E86305
:105150000020BDE8F0810120FBE70220F9E710B54F
:1051600018B1012804D0012010BD06F04BFD01E06C
:1051700006F07EFA002010BD4FF4007318B101282C
:1051800014D00120704739B1114801290AD00229F1
:1051900004D0032908D103E0002070471360FBE727
:1051A000808B0CE0806910E0042070470029F3D068
:1051B000012908D0022904D00329F5D10820108044
:1051C000EAE71380E8E74FF4C0401060E4E700002E
:1051D0004CBE01202DE9F0411C0015460E4605D0BD
:1051E00030B1012810D00120BDE8F0810420FBE798
:1051F0001A4602E0FDF7F6FE22462946304606F042
:1052000041FD0028F6D10CE04FF4007769023A46E0
:10521000304606F061FA641E05F1010506F50076D8
:10522000F4D10020E0E7002070472DE9F0411C0098
:1052300015460E4605D030B1012810D00120BDE83A
:10524000F0810420FBE71A4602E0FDF7CBFE224680
:105250002946304606F030FD0028F6D10CE04FF428
:10526000007769023A46304606F0CAFA641E05F134
:10527000010506F50076F4D10020E0E72DE9F041C4
:105280004FF480563146002006F0C2F9002405464E
:10529000B71021033246284601F5200106F01CFA1A
:1052A0005FF0000055F82010491C03D1401C80B26B
:1052B000B842F7D3B84203D004F5206006F0B8F93D
:1052C000641CA4B2C62CE4D32946BDE8F0410020FA
:1052D00006F070B97CB50D4600211446009101AA74
:1052E000694600F038F800280AD10199009ACB6984
:1052F00049899B1E4B4351435A0849082A60216043
:105300007CBD000070B50B4D00244FF40F76314684
:10531000002006F07DF945F8240018B1641CE4B2C1
:10532000022CF4D305F020FC022C01D1002800D07F
:10533000012070BDA402002038B5044601F03CF9FC
:10534000002807D16946204606F0C0FE002801D19A
:105350000021216038BD2DE9F7438EB014468946FF
:10536000002269460EA805F0B7FE07007AD1009822
:1053700020600098D0E90614A21E914202D8C9F814
:1053800000106FE001780025012905D004291AD00A
:105390000026D0F828803DE002240290214602A891
:1053A00001F014FE411C03D0012803D020B104E019
:1053B000012757E0022755E06D1C0098641CC06966
:1053C0008442EBD346E00026A41ED0F8348000E0EF
:1053D00046B9414608F10108009806F04DF807006B
:1053E00040D1009A0821901990F83C00C043C0B207
:1053F00007E000F0010340081D44491EA4F1010428
:1054000001D0002CF5D1761CC6F30806002CDFD1A4
:1054100020E03EB9414608F10108009806F02CF85A
:1054200007001FD1009801783044022900F13C00A8
:1054300004D005F072F9000106D006E005F0A3F9EA
:1054400000B96D1CB61C01E06D1C361DC6F30806C4
:10545000641EDED1C9F8005000988561417941F0A1
:105460000101417111B03846BDE8F0832DE9FF4FCD
:10547000A7B0994690460C4627A801F041FE0028A7
:1054800003DA0B202BB0BDE8F08FFE49002751F85E
:10549000201001B10F70C0B20790FFF760FEC10786
:1054A00001D00320EEE7400701D50A20EAE704B95E
:1054B000F54C4FF400456068109030B910AA0321F4
:1054C0000798FFF759FE109820B1A84202D8411E54
:1054D000084201D00120109020784FF4007600F0AF
:1054E0000F00179060780146401E012801D8084639
:1054F00000E001200E90A068411EA94205D21021B3
:10550000B0FBF1F201FB120101B130460B90E068F3
:10551000B0F1807F02D8411E084200D00020B0FBCD
:10552000F6F5B9FBF6F05FEA000915D05FEA08046A
:1055300005D14FEA492001F0F3F804000CD0002017
:105540008346139013AA01210798FFF715FE50B167
:10555000B8F1000F02D004E0112093E7204601F0DB
:10556000E3F801208EE71798000706D413983F2828
:1055700003D93F384FF03F0B13901398802807D280
:10558000B8F1000F02D1204601F0CEF80E2079E7E5
:1055900017994A07BD4911D5179A02F007034FF032
:1055A0008062042B03D0904201D2802D09D901449E
:1055B0000F91B0F5805FE3D3FDB126E0802D00D9D7
:1055C0008025179A4FF6F57E9207179A4FEAC27216
:1055D00005D52AB901444FF0030A0F9150E322B1D7
:1055E00001444FF0020A0F9142E3B8F1000F02D1DB
:1055F000204601F099F8132044E70825B0F5002F64
:1056000003D34025904200D3AD000BF1200112914D
:10561000B0FBF5F1890001F20721B1FBF6F2129916
:1056200006920A4410990A44491E521E8A43A2EB6C
:105630000B0108921491B1EB500FA1D2401AB0FBAC
:10564000F5F01C9010289BD39149884298D8C01D32
:10565000C0080E90401E05FB06006902B0FBF1F089
:105660001E9005FB002019900020039007468246FB
:105670000B900D9016900AE00B9840B101282CD0A9
:105680000D9880B21A900D98384487B22CE03846B5
:1056900001F0C6F880B21A90B84202D07F1CBFB2A7
:1056A00024E0012001E00D98401C0D903844019049
:1056B0000004000C07D0019880B201F0B1F8019904
:1056C00089B28842EFD00D98802804D34FF6FF703E
:1056D0001A90022009E001200B901A977F1C0D9868
:1056E000BFB2401E0D9001D100200B901A98C0B29D
:1056F00004F80A00039906F03CFD01461A9804EBF1
:105700000A02000A507006F034FD039016980AF160
:10571000020A801C16901FB109FB06F05045ABD160
:105720000AEB0600401EB0FBF6F082460346214617
:10573000199A0798FFF779FD00287FF409AF1998A7
:10574000002F50444FF0000A199095D1169805FB90
:1057500006F1401E05FB0600B0FBF1F01F90012092
:105760002090089819900E9809FB06F73044401EC7
:10577000B0FBF6FADDE91E010844401C1B903946D7
:105780002046FAF767FD00201B990DE004EBD002DC
:1057900000F0070C1178012303FA0CF31943117080
:1057A0001B99491E401C1B9111B1B7EBD00FEDD8CE
:1057B00050464946CA4500D908460346019021464D
:1057C000199A0798FFF731FD0028B6D10199199869
:1057D00008441990AAEB01005FEA000ACFD11298A1
:1057E000199006980B9000201A901B900D90394646
:1057F0002046FAF72FFD1A984FF0000A10BB2046FA
:105800006FF0070106F062FB201D4FF0FF3106F03C
:105810005DFB02204FF0080A1A9013E01B98012844
:1058200002D91A99491C01E04FF0FF3104EB0A003C
:1058300006F04CFB1A980AF1040A401C1A901B98B7
:10584000401E1B901B9810B15745E7D80BE00D98F0
:1058500003280AD20D991EA850F821001B90481C5D
:105860000D901B9808B15745ECD80B99484649450F
:1058700000D80846824603462146199A0798FFF742
:10588000D4FC07E09C0200201CF200080000215418
:10589000FDFFFF7F002898D11998504419900B986C
:1058A000B0EB0A000B90A2D139462046FAF7D2FCA1
:1058B00083202070812084F82000022104F134002C
:1058C00006F004FB04F138000E9906F0FFFA82207E
:1058D00084F8400004F14400039906F0F7FA1E9999
:1058E00004F15400891C0C9006F0F0FA04F1580001
:1058F0001699159006F0EAFADDE91E0101440898B0
:105900002F4605FB0100199048464F4500D8384600
:10591000824603462146199A0798FFF786FC00281D
:10592000B9D131462046FAF795FC1998B7EB0A072A
:1059300050441990E8D10020019004F140002490D7
:1059400008301299D9462390A1EB0900269004F162
:1059500050001B900C301D90001D1A90001D0A90E5
:10596000001D259031462046FAF774FCFBA0002765
:105970000168216041686160008920812020A07257
:105980005A463B46249806F0A9FA0023139A239816
:1059900006F0A4FA26991B9806F098FA06990C9836
:1059A00006F094FADDE9141006F090FADDE91C1017
:1059B00006F08CFADDE91E010144891C1A9806F0F4
:1059C00085FA0F990A9806F081FA4FF480712598AC
:1059D00006F0A9FA84F86C70304604E094F86C1074
:1059E000491C84F86C104008F8D184F86D702F467B
:1059F00005E000BF94F86D00401C84F86D007F083E
:105A0000F8D1012084F86E00802084F86F004FF6F2
:105A1000EB6104F1780006F086FA4AF6552A514601
:105A200004F5FF7006F07FFA0020039005E06A2F6E
:105A300042D06B2F3ED0702F3AD0E05D039906F034
:105A400098FB7F1C0390B742F1D34A4609F1010944
:105A5000012321460798FFF7E8FB00287FF478AD83
:105A600031462046FAF7F6FBA0195146801E06F093
:105A70005AFA4FF0010A00270399E05D7F1C06F0F7
:105A800078FB0390B742F7D34A4609F10109012395
:105A900021460798FFF7C9FB0028DFD10AF1010A68
:105AA000BAF1090FE7D331462046FAF7D3FB19E0E4
:105AB0007127C2E76C27BAE76B27B8E7E05D7F1C68
:105AC000039906F056FB0390B742F7D34A4609F113
:105AD0000109012321460798FFF7A7FB0028BDD144
:105AE0000AF1010ABAF10B0F4FF00007E6D3E019F3
:105AF000039906F0EBF93F1DB742F8D34A4609F186
:105B00000109012321460798FFF78FFB0028A5D143
:105B10000198401C01900228FFF424AF02E200BF6C
:105B200000214FEA504C01278F4B01E07F00491CB8
:105B300033F811200AB16245F8D9B0FBF7F106EB52
:105B40008102D21DB2FBF6F20692202203920022BD
:105B50000D9271457FF614AD844A91423FF610AD27
:105B60002CE000BF804A002101274FEA103C0E3A8A
:105B700001E07F00491C32F811300BB16345F8D9C0
:105B8000B0FBF7F140F6F572914203D9042202EB23
:105B9000410107E001EB41010322491C4FF0010ADA
:105BA00002EB51013144491EB1FBF6F1069101218E
:105BB00003910B994901B1FBF6F10D91039A0BEB9F
:105BC000020112910D9A8B180E9A069901FB02326E
:105BD00010995318491E5B1E8B43991ABAF1030F93
:105BE0002DD00E9BB1FBF3FC03FB1C1333B1039BC5
:105BF0005B1C0393129B5B1C491E12930E9BB1FB13
:105C0000F3F306991944069102EB0712A2EB0B017C
:105C10008142A3D803990E9A431A069901FB1232C6
:105C20000D99511AB1FBF7F11C91BAF1030F0DD088
:105C3000BAF1020F13D0BAF1010F2FD033E0039B5A
:105C40000B440393129B19441291DDE71C99714593
:105C500029D8002D7FF494AC7D0811D190E41C99D3
:105C6000714511D93DB94021B1EB470F03D37D00F8
:105C70002F0085D176E71799890709D54FF0030AD8
:105C80002F007FF45AAF4BE740F6F57291420AD8E5
:105C9000002DE3D17D00802DEAD971E41C9840F6F7
:105CA000F5718842DAD831462046FAF7D3FA30A0A7
:105CB0000168216041686160008920813020A07204
:105CC000314604F10B0006F02EF96773039881B298
:105CD00004F10E0006F027F90E982074BAF1030FB4
:105CE0000FD00B9881B204F1110006F01CF9139942
:105CF000B1F5803F07D289B204F1130006F013F921
:105D000005E00020EEE704F1200006F0DFF8F820BF
:105D100060753F2104F1180006F005F9FF2104F138
:105D20001A0006F000F9594604F11C0006F0CEF8FE
:105D300029250F99BAF1030F3BD004F1270006F093
:105D4000C5F8069881B204F1160006F0ECF8802040
:105D500084F8240084F8265013220FE0EB76904557
:105D600058464154202020000EF20008F5FFFF0F96
:105D7000EBFE904D53444F53352E300082A104F179
:105D80002B0000BFFAF74DFA4AF6552504F5FF70CF
:105D90002946019006F0C7F801235A462146079884
:105DA000FFF743FA00287FF4D3ABBAF1030F22D0F8
:105DB00052E004F1430006F089F804F1240006994A
:105DC00006F084F8022104F12C0006F07FF801218E
:105DD00004F1300006F0A7F8062104F1320006F0C5
:105DE000A2F8802084F8400084F8425013226BA16E
:105DF00004F14700C6E701230BF10602214607988C
:105E0000FFF713FA31462046FAF724FA684920468C
:105E100006F05CF8674904F5F27006F057F81C9933
:105E200004F5F470491E06F051F8022104F5F670ED
:105E300006F04CF82946019806F075F801230BF19D
:105E4000070221460798FFF7F0F901230BF1010241
:105E500021460798FFF7E9F909FB06F12046FAF712
:105E6000F9F90020DDF848B025E000BFBAF1030FD2
:105E70002FD0BAF1010F3BD06FF007014FEA0400B9
:105E800006F024F8069D48464D4500D828460346AE
:105E900001905A4621460798FFF7C7F900287FF47A
:105EA00057AB31462046FAF7D5F901998B446D1A64
:105EB000E9D10498401C014604900E988142D5D344
:105EC000BAF1030F00D00D9F48464F4512D9054641
:105ED00011E06FF00701204605F0F8FF4FF0FF31A9
:105EE000201D05F0F3FF6FF0704104F10800C7E7D3
:105EF0003149C3E73D462B465A4621460798FFF7EE
:105F000094F90028CBD1AB447F1BDDD1BAF1040F4B
:105F100008D0BAF1030F07D01398B0F5803F05D32E
:105F2000062207E0072205E00C2203E0BAF1020F87
:105F300012D001221798000717D41398219000203F
:105F40002290234621A90798FEF794FC05000CD067
:105F5000B8F1000F02D004E00422EBE7204600F085
:105F6000E3FB28462BB0BDE8F08F002211460798CE
:105F7000FFF702F9002892D1B8F1000F02D12046B4
:105F800000F0D2FB0020EDE74E4F204E414D452062
:105F90002020204641542020202020004E4F204E1B
:105FA000414D4520202020464154333220202000FE
:105FB0005252614172724161F8FFFF0017B581B022
:105FC000144602980090684601F09AF8002802DA18
:105FD0000B2004B010BD0B4A002352F8201011B161
:105FE00042F820300B70019919B148700B7042F8DB
:105FF00020102CB1002201A902A805F06DF8E8E7F5
:106000000020E6E79C0200202DE9F74F96B005003E
:106010000BD002F03F063246694617A805F05CF83F
:1060200004004FF0000A04D034E1092019B0BDE8A3
:10603000F08F009802904FF48C6000F071FB5FEAE3
:1060400000090BD0009909F50070C1E9039002A87E
:10605000179900F0A1FC040002D006E01120E5E74A
:106060009DF85300000600D5062416F01C0F79D0C9
:106070004CB1042C03D102A8FEF7FEFE044646F004
:1060800008065CB1EBE09DF80E0010F0110F01D096
:106090000724E4E0700701D50824F8E030077ED536
:1060A0000098814F4FF0200801784FF0010B042930
:1060B00029D0119839460E3005F008FF119839465D
:1060C000163005F003FF1199009804F013FB1199A5
:1060D0000746002281F80B801199009805F0E2FE36
:1060E000119800211C3005F0F1FE009981F804B0F0
:1060F000CFB3D1F838800022394602A805F0FFFC62
:10610000040031D0ABE028602946009801F008FA7D
:1061100000981E210069801CFAF79CF800981A214B
:1061200000692630FAF796F800983946026982F835
:1061300004800069083005F0C9FE009902A80969C9
:1061400081F821B005F0F3FE040016D1A96851B121
:106150000022284605F0D3FC0446A8680099401E9A
:10616000486109E00AE018E04146009805F084F92A
:10617000044600987F1E47616CB170E0F4BB9DF847
:106180000E00C10602D5042469E008E0B10702D57B
:10619000C0077FF47DAF300701D546F04006009878
:1061A000816BA9641199E9640178042932D01199AD
:1061B00004F0A0FAA86011981C3004F0AEFAC5E90A
:1061C000040A00BFC5F850A000992960009900207A
:1061D000C988A98085F8306085F831A0C5F844A049
:1061E000C5E90E0005F154004FF400718346FAF73B
:1061F00031F8B00654D5D5E9046700E02FE056EA3F
:1062000007004DD0C5E90E670098A9684089400293
:1062100080461DE00499296206999DF80F2021F01F
:10622000FF01114369621599A962294601F078F9C5
:10623000C8E7284600F0CAFE0146012800D802241B
:10624000481C00D101244046361A67EB0A0724B9DE
:106250000246921B7AEB0700EBD3296424B148462F
:1062600000F062FAB4B917E0F00519D00098FEF713
:10627000E6F898B1710A41EAC7510A186A640098B1
:10628000012359464078FEF7A5FF48B1012448464E
:1062900000F04AFAC5F800A02046C7E60224F6E757
:1062A000484600F041FAF7E7000021542DE9FF5F6E
:1062B0008846002699461546044603A91E6005F047
:1062C00005FF00281BD194F83100002817D194F85D
:1062D0003000C00712D0D4E90E02D4E90431181AF4
:1062E00004F1540361EB020102930127431BB346FF
:1062F0004FF0020AB14100D2054695E0072004B0F4
:10630000BDE8F09F208FC00572D1D4E90E23039819
:10631000560A46EAC3564089401E064013D152EA47
:10632000030005D0206D28B12046FEF76FF805E088
:10633000A06803E02046216C00F048FE02281BD331
:10634000411C4ED02064216C0398FEF778F898B178
:1063500030440090680A019026D003993218488989
:10636000824201D9801B01904878DDE90023414633
:10637000FEF730FFA8BB03E084F831A00220BEE79F
:1063800094F8300000060CD5616C0098081A019949
:10639000884206D208EB40204FF400720299F9F7C8
:1063A00040FF0198460231E0626C009882421DD0A5
:1063B00094F8300000060CD5039801230299407828
:1063C000FEF733FF68B994F8300000F07F0084F8DE
:1063D000300003980123009A40780299FEF7FAFEF4
:1063E00020B184F83170012089E701E000986064F1
:1063F000208FC0F30800C0F50076AE4200D92E46CB
:106400000119324640465431F9F70BFFD9F8000024
:10641000AD1B8119C9F80010D4E90E10891940EBA1
:106420000B00C4E90E10B044002D7FF46BAF0020C8
:1064300065E70000F1B59EB0022269461EA804F08F
:106440004BFE002860D100984FF4803701AE0078F1
:10645000042806D020220B213046F9F7F4FE002450
:1064600049E018213046F9F7F5FE00241DE01EA88A
:1064700005F005FE0546B84209D3681C43D00A2C36
:1064800041D2290C06EB440005F04DFD641CD5B348
:1064900029464848F9F7F5FEA8BB0B2C33D2A9B220
:1064A00006EB440005F03FFD641C1E980078202890
:1064B000DDD232E01EA805F0E2FDB84223D200F0A2
:1064C000AFF94FF46A7100F06FF905001BD0014677
:1064D0003848C01FF9F7D5FEA8B9FF2D01D90A2009
:1064E00000E00B20A0420ED9FF2D02D9280A30551A
:1064F000641C3555641C1E9800782028DAD29DF85B
:106500000400E52803D106201FB0F0BD641E24B1AD
:10651000301910F8010C2028F8D0009808900020BD
:1065200001460A9008A8FEF7CFFD0028ECD1012112
:1065300008A8FEF72FFC0125B0B10428E4D1002003
:10654000002CE1D0012108A8FEF79EFA0028DBD13B
:1065500020211798F9F77EFE00980078042825D0AE
:1065600017990820C87204E00098007804280CD01D
:10657000A4B117980199016002994160BDF80C100F
:1065800001819DF80E1081720BE01798162201A967
:1065900044701798801CF9F744FE02E01799E52033
:1065A00008700098057105F005FDADE71799832087
:1065B0000870EAE7F4F10008F0B595B0044614A9B4
:1065C00005F084FD050021D194F8300041061DD569
:1065D000000611D51498626C0123407804F154012F
:1065E000FEF723FE10B1012015B0F0BD94F8300085
:1065F00000F07F0084F830001498484E0178042998
:1066000005D0A16C04F038FF05005FD083E0204680
:1066100000F04AF905007ED1421E2046216C00F0B0
:106620005AF9050077D14FF48C6000F079F8070033
:106630000BD0149807F50071C0E903712146684634
:1066400004F0A6F8050002D03CE01120CCE7149835
:1066500001690A7942F020020A71E179026941F088
:10666000010182F821100069A168343005F02EFC88
:10667000D4E9042314980069383005F02FFCD4E9DC
:10668000042314980069283005F028FC149831463A
:1066900000690C3005F01AFC14980021026951754C
:1066A0000069103005F012FC684605F040FC05005A
:1066B00008D1149805F07EFC054614F8300F00F060
:1066C000BF002070384600F02FF824E0E56C294622
:1066D000E87A40F02000E872A268206805F0E2FB4A
:1066E00005F11C00216905F0F1FB314605F11600AA
:1066F00005F0ECFB002105F1120005F014FC1498E4
:106700000121017105F056FC054694F8300000F0B7
:10671000BF0084F83000284666E7000000002154DE
:106720000146002004F074BF0146002004F042BF7F
:106730002DE9F84F1B490546802D0868D0F8050063
:106740004FEA500902D22846BDE8F88F4FF0FF32D9
:10675000002702EB990810264FEA010AA8EB070070
:1067600007EB5004DAF800000422D0F8011009EB1E
:1067700084000144684604F0AFFFBDF80000A84261
:1067800009D001D2274600E0A046A6F10106360452
:10679000360CE3D103E016B1BDF80200D4E70020C7
:1067A000D2E70000580000202DE9F84F07464FF0CF
:1067B0000009802802D2B8B2BDE8F88F17484FF020
:1067C000FF320026016810254FEA000AD1F80510B3
:1067D00002EBD108A8EB060006EB5004DAF8000043
:1067E0000422D0F8011009EB84000144684604F04B
:1067F00073FFBDF80000B84209D001D2264600E080
:10680000A046A5F101052D042D0CE3D103E015B13F
:10681000BDF80200D0E70020CEE7000058000020BD
:1068200030B5B0F5803F20D280B2B0F5805F01D2A4
:106830001B4900E01B4931F8022B002A15D0904279
:1068400013D331F8024B230AE5B252FA84F484429E
:1068500021D9092B09D2DFE803F005090E10121423
:1068600016181A00801A31F8100030BD811A01F094
:106870000101401A0DE010380BE0203809E03038F3
:1068800007E01A3805E0083003E0503801E0A0F5D1
:10689000E35080B230BD002BCDD101EB4501CAE7FA
:1068A0002CF200081EF4000870B50446C0790328D5
:1068B0000FD1A669A56808E06A1C2946206805F082
:1068C000A3F8002806D16D1C761E002EF4D10020FE
:1068D000E071002070BD70B5044616460D46C069D3
:1068E0000FE0012802D92A1A921C00E03246291A28
:1068F000491C206805F088F8002804D1E069401E92
:10690000E0610028EDD170BD2DE9F0470646C06971
:106910008D1E801E9146A84200D800252C46A84610
:1069200000274FF4007A706B00EB1431304604F00E
:10693000A3FD18B14FF0FF30BDE8F08704F0070267
:1069400001209040F269C4F3C801C0B25346921EC0
:1069500006EB010C641C9CF83CC00CEA000C4006E1
:10696000000E944202D3002420461946BCF1000FC9
:1069700005D0A0460027AC4207D10020DCE77F1CF1
:106980004F45F8D108F10200D6E70028E0D10120F8
:10699000491C9942DCD3C6E773B5044605680198E3
:1069A00001E0401C019001782F29FAD05C29F8D031
:1069B0000020A060E06101980078202807D28020A4
:1069C00084F84B0000212046FEF77EFB7CBD01A928
:1069D0002046FDF737FE0028F8D12046FEF7D5F80F
:1069E00094F84B1028B10428F0D14907EED40520C3
:1069F0007CBD4907FCD4A079C006F8D528780428C6
:106A000009D0208EC0F30800411928463C3103F01C
:106A100071FEA060DBE7A06820622069E17920F0C8
:106A2000FF0008436062E06CA0622146284600F047
:106A300077FDCCE770B50E4D00244FF44006641C82
:106A4000E4B241223146286804F046FE2868007806
:106A5000AA280AD01420FDF7F7FF0A2CEFD32868E4
:106A60000078AA2801D0012070BD002070BD000070
:106A700058000020F0B514462DED028B83B00F4670
:106A80009DED0A0A0B9D0646F8EE400A00EE103A0C
:106A9000B8EE401A80EE810ADFED150A20EE208A5A
:106AA0009FED140AB4EE480AF1EE10FA1CD012A0C1
:106AB000CDE9004004EB440006EB5000029580B2A3
:106AC0004FF4A073F02203F09AFDBCEEC80A10EE5A
:106AD000100AC2B2642A00D9642203233946304620
:106AE000CDE9004503F052FD03B0BDEC028BF0BDD3
:106AF0000000C84200007F43250000002DE9FF4F41
:106B0000944885B0FF210068DDF848A04FF00008E8
:106B100001706421404604F07BFD04464FF480512F
:106B2000002004F075FD03904FF41671002004F06E
:106B30006FFD8146039850B34CB3B9F1000F26D0D6
:106B4000854E864F00256420FDF77EFF204608997C
:106B5000F9F7AEFB20463168F9F787FB57F82510A7
:106B60002046F9F782FB21467DA0FDF71DF90122A1
:106B700021464846FFF748FA834601467DA0FDF7C7
:106B800013F9BBF1000F12D048F080081AE0494613
:106B9000002004F00FFD2146002004F00BFD002032
:106BA000039904F007FD052009B0BDE8F08F4846C1
:106BB000FEF7C2FB014674A0FDF7F6F86D1CADB2FE
:106BC000082DC0D34946002004F0F4FCB8F1000FB2
:106BD0007ED107980025102700EB800005998000E2
:106BE00001EB50004FF6FF7B4FF4784604905B4971
:106BF000079A20314FF4A07351F82510CDF808A062
:106C0000CDE90021DDE90501F02203F0F8FC204682
:106C10000899F9F74DFB504801682046F9F725FB24
:106C20004E4850F825102046F9F71FFB21465BA07F
:106C3000FDF7BAF86A23DC2240F212211420CDF8C5
:106C400000B003F03FF95BA00097CDE901061023E7
:106C5000C82240F212211E2003F0D1FC0097CDE99A
:106C600001461023C82240F21221B42003F0C7FCD1
:106C700055A00097CDE901061023142240F21221FD
:106C800040F2811003F0BBFCE9B2CDE9001A049890
:106C9000DDE9061280B2234600F0B0F881466A238F
:106CA000DC2240F212211420CDF800B003F00AF9E2
:106CB00046A00097CDE901061023C82240F2122118
:106CC0001E2003F09CFC1023C82240F2122100E099
:106CD00031E00097CDE90146B42003F090FC3AA0E2
:106CE0000097CDE901061023142240F2122140F250
:106CF000811003F084FCB9F1000F0ED0002003993D
:106D000004F058FC2146002004F054FC691C33A018
:106D1000FDF74AF86D1CE8B246E76D1CADB2082DD0
:106D2000FFF465AF0B48AA214122006801704FF4BF
:106D3000400104F065FD2146002004F03BFC0020EA
:106D4000039904F037FC414624A0FDF72DF8404696
:106D50002AE70000580000203400002028F1000835
:106D60006F70656E20706E616D653A2025733B20F3
:106D700000000000665F6F70656E2072657475724A
:106D80006E203A25643B2000665F636C6F7365205C
:106D900072657475726E203A25640A0075706461BC
:106DA00074696E6720706E616D653A2025733B20B3
:106DB000000000005570646174696E6720706E6138
:106DC0006D653A20000000003B20000055706461B2
:106DD00074656420706E616D653A2000666F6E7434
:106DE000735F7570646174655F666F6E7420726541
:106DF0007475726E2025640A000000002DE9FF4FB3
:106E0000002483B01F462646A0464FF41671204644
:106E1000DDF840B004F0FCFB050001D14FF00108A3
:106E20004FF4805A5146002004F0F2FB5FEA00095B
:106E300001D14FF00108012239462846FFF7E4F856
:106E400007005AD1B8F1000F57D13249BBF1080FF2
:106E50002CD2DFE80BF0040B0F13171B1F2308685D
:106E60002D4C40F8014F296941601FE0086850F837
:106E7000011F16E0086850F8091F12E0086850F872
:106E8000111F0EE0086850F8191F0AE0086850F852
:106E9000211F06E0086850F8291F02E0086850F832
:106EA000311F42688C1884602969C160D04602ABEA
:106EB000424649462846FFF7F9F907001AD1311929
:106EC000BDF80820484604F09BFCBDF808000DF111
:106ED0000C0A06441198CDE900609AE807002B6976
:106EE000FFF7C8FDBDF80800404503D11420FDF7A9
:106EF000ABFDDCE72846FEF71FFA2946002004F028
:106F000059FB4946002004F055FB07B03846BDE860
:106F1000F08F0000580000200400C00003490A68F8
:106F20005206FCD5C2B24A60704700000010014012
:106F30002DE9FC41064608683060486870600889A1
:106F40003081887AB072052B11D91F4C0CE00021DA
:106F5000921C1D46034665F35F034008DD0300D520
:106F60006340491C1029F4D310880028EFD107246E
:106F70004FEA0D0503F00F001B093030392800D906
:106F8000C01D2855641E01D0002BF3D17E2028554A
:106F90000027A4F1010806E0FDF747FD10B14745C1
:106FA00006D07F1C7F1CA74202D2F05D2028F3D1BF
:106FB000082C02D2285D641C00E02020F0557F1CC4
:106FC000082FF5D3BDE8FC81211001002DE9F04127
:106FD00006680C46022973D3F169A14270D9327850
:106FE0004FF0FF35012A09D0022A2CD0E90D01EA21
:106FF0008407032A36D0042A7ED141E0B06A04EB2C
:10700000540700EB5721304604F036FA002874D1BB
:10701000C7F3080030447F1C90F83C80B06A00EB56
:107020005721304604F028FA48BBC7F30800304423
:1070300090F83C1048EA0120E10701D005095CE026
:10704000C0F30B0559E0B06A00EB1421304604F0A0
:1070500013FAA0B9E0B206EB40003C3003F093FB1A
:1070600005464AE0B06A00EBD411304604F004FA59
:1070700028B9B8193C3003F050FB20F070453CE0D3
:10708000D0E9041251EA020301D083680BB9C37935
:10709000B3B98368E31A491E42F1FF32490A41EA53
:1070A000C2517289B1FBF2FCC1796FF00042022932
:1070B00007D003290DD002291ED0C06920B90DE0E8
:1070C0001AE0634518D801D1154616E004F1010510
:1070D00013E081699942F0D9651C0EE0B06A00EBBB
:1070E000D411304604F0C8F938B9B8193C3003F06F
:1070F00014FB20F0004500E001252846BDE8F081A2
:1071000010B504464FF0FF3021680A0011D000BFCF
:1071100011F8013B202B0DD33A2BF9D11378303BDA
:10712000092B06D8921C8A4203D1022B01DA184699
:10713000216010BD002010BD10B50448FAF7DEFE36
:10714000042801D0012010BD002010BD0CBF01207B
:1071500070B50E4D00244FF42006641CE4B2912259
:107160003146286804F0B8FA28680078AA280AD0BE
:107170001420FDF769FC0A2CEFD328680078AA28B0
:1071800001D0012070BD002070BD00005C00002017
:107190002DE9FF4F724885B0FF2100684FF00009CC
:1071A00001706421484604F033FA80464FF4805160
:1071B000002004F02DFA03904FF41671002004F023
:1071C00027FA0746039888B1B8F1000F0ED06FB1C7
:1071D000644E654D00246420FDF736FC4046089956
:1071E000F9F766F80A2C11D9716810E039460020C9
:1071F00004F0E0F94146002004F0DCF90020039996
:1072000004F0D8F9052009B0BDE8F08F3168404698
:10721000F9F72BF855F824104046F9F726F84146BF
:1072200052A0FCF7C1FD012241463846FEF7ECFEB4
:107230008246014652A0FCF7B7FDBAF1000F02D01A
:1072400049F0800906E03846FEF776F8641CA4B2DF
:10725000122CC0D33946002004F0ACF9B9F1000F6C
:1072600074D1002440460899F9F722F807981026AF
:1072700000EB80000599AB46800040F262274FF496
:10728000784501EB500A08E040460899F9F710F8F4
:107290000A2C02D93348416801E03248016840466F
:1072A000F8F7E3FF5BF824104046F8F7DEFF4146AD
:1072B00038A0FCF779FD4FF6FF7000906A23DC22BE
:1072C0003946142002F0FEFD38A00096CDE90105F4
:1072D0001023C82239461E2003F091F90096CDE90B
:1072E00001851023C8223946B42003F088F934A060
:1072F0000096CDE9010510231422394640F2811091
:1073000003F07DF91299E0B2CDE90001DDE9061242
:107310001FFA8AF0434600F055F850B10020039957
:1073200004F048F94146002004F044F9641CE0B23E
:1073300069E7641CA4B2122CA6D30948AA219122A1
:10734000006801704FF4200104F05AFA4146002011
:1073500004F030F90020039904F02CF9484652E774
:107360005C0000208002002078F100086F70656EDC
:1073700020706E616D653A2025733B20000000008F
:10738000665F6F70656E2072657475726E203A2547
:10739000640000007570646174696E6720706E61CE
:1073A0006D653A2025733B20000000005570646134
:1073B00074696E6720706E616D653A200000000090
:1073C0003B2000002DE9F84F00241E46A04627462A
:1073D0004FF416712046DDF828B004F019F90500C5
:1073E00000D101274FF4805A5146002004F010F9D3
:1073F0005FEA000900D10127012231462846FEF745
:1074000003FE06007CD1002F7AD14349BBF1120F55
:1074100059D2DFE80BF0091014181C2024282C3056
:1074200034383C4044484C5008683C4C40F8014FCC
:107430002969416047E0086850F8011F3EE008688C
:1074400050F8091F3AE0086850F8111F36E0086844
:1074500050F8191F32E0086850F8211F2EE0086824
:1074600050F8291F2AE0086850F8311F26E0086804
:1074700050F8391F22E0086850F8411F1EE00868E4
:1074800050F8491F1AE0086850F8511F16E00868C4
:1074900050F8591F12E0086850F8611F0EE00868A4
:1074A00050F8691F0AE0086850F8711F06E0086884
:1074B00050F8791F02E0086850F8811F42688C1864
:1074C00084602969C16057466B463A46494628465A
:1074D000FEF7ECFE060010D108EB0401BDF8002019
:1074E000484604F08DF9BDF800008044B84204D14C
:1074F0001420FDF7A9FAE7E702E02846FDF71CFF94
:107500002946002004F056F84946002004F052F8BD
:107510003046BDE8F88F00005C0000209100A0001C
:1075200070B5054600690C46343003F0F6F8A060EB
:107530002869383003F0FCF8C4E90401286990F8A0
:10754000210000F00200E0710020E06170BD000049
:1075500070B50A490646002408884D8821464543EF
:10756000204602F02BFF03F0B5F84FF0D84002E0C0
:10757000A0F88060641CAC42FAD370BDB002002059
:107580002DE9F04F38492C260A46887192884FF42D
:10759000305A4FF4285B41F6631E2B274FF02A0C1C
:1075A0004FF0F00845F210594FF448754FF4A074AD
:1075B0004FF4F07358B10C80A1F802804A4530D1E5
:1075C000A1F808A0A1F80AB03802888141E0A1F82A
:1075D00000804C804A4507D1A1F808A0A1F80AB064
:1075E0004FF42C50888105E072450E8105D14F8102
:1075F000A1F80CC00B804D8002E0A1F80AC08F8179
:10760000A2F5A640103803D0A2F5EE40963801D17D
:107610000C804B80A2F5184006381FD10B804D809E
:107620001CE0724511D0A2F5184006380DD00E812D
:10763000A1F80AC0A1F80C70A2F5A64010380BD032
:10764000A2F5EE40963807D008E00E81A1F80AC0F6
:107650008F810D804B80EFE70B804C80BDE8F04FB1
:10766000002002F0CBBD0000B002002010B514468F
:1076700002F0A4FE03F02EF84FF0D840A0F88040AE
:1076800010BD10B5CF2003F019F8002003F00AF860
:10769000C12003F007F8302003F004F8ED2003F0D8
:1076A0000DF8642002F0FEFF032002F0FBFF122021
:1076B00002F0F8FF812002F0F5FFE82002F0FEFF63
:1076C000852002F0EFFF102002F0ECFF7A2002F09C
:1076D000E9FFCB2002F0F2FF392002F0E3FF2C207B
:1076E00002F0E0FF002002F0DDFF342002F0DAFFBC
:1076F000022002F0D7FFF72002F0E0FF202002F086
:10770000D1FFEA2002F0DAFF002002F0CBFF0020D8
:1077100002F0C8FFC02002F0D1FF1B2002F0C2FF20
:10772000C12002F0CBFF012002F0BCFFC52002F017
:10773000C5FF302002F0B6FF302002F0B3FFC720B3
:1077400002F0BCFFB72002F0ADFF362002F0B6FF1A
:10775000482002F0A7FF3A2002F0B0FF552002F0C7
:10776000A1FFB12002F0AAFF002002F09BFF1A2027
:1077700002F098FFB62002F0A1FF0A2002F092FF6B
:10778000A22002F08FFFF22002F098FF002002F00A
:1077900089FF262002F092FF012002F083FFE02003
:1077A00002F08CFF0F2002F07DFF2A2002F07AFF0A
:1077B000282002F077FF082002F074FF0E2002F06C
:1077C00071FF082002F06EFF542002F06BFFA92029
:1077D00002F068FF432002F065FF0A2002F062FF1A
:1077E0000F2002F05FFF002002F05CFF002002F09B
:1077F00059FF002002F056FF002002F053FFE12065
:1078000002F05CFF002002F04DFF152002F04AFF5D
:10781000172002F047FF072002F044FF112002F07A
:1078200041FF062002F03EFF2B2002F03BFF5620D6
:1078300002F038FF3C2002F035FF052002F032FF55
:10784000102002F02FFF0F2002F02CFF3F2002F04B
:1078500029FF3F2002F026FF0F2002F023FF2B20FC
:1078600002F02CFF002002F01DFF002002F01AFFA2
:10787000012002F017FF3F2002F014FF2A2002F03F
:107880001DFF002002F00EFF002002F00BFF002081
:1078900002F008FFEF2002F005FF112002F00EFFBA
:1078A0007820FDF7D1F8BDE81040292002F006BF8E
:1078B00010B5FF2002F002FFFF2002F0F3FE982037
:1078C00002F0F0FE062002F0EDFEBC2002F0F6FE13
:1078D000012002F0E7FE0F2002F0E4FE612002F03A
:1078E000E1FEFF2002F0DEFE012002F0DBFE0120BF
:1078F00002F0D8FE0B2002F0D5FE102002F0D2FEDE
:10790000372002F0CFFE632002F0CCFEFF2002F011
:10791000C9FEFF2002F0C6FE012002F0C3FE0120D6
:1079200002F0C0FE002002F0BDFE002002F0BAFE10
:10793000FF2002F0B7FE522002F0B4FE012002F058
:10794000B1FE002002F0AEFE402002F0ABFEBD20F2
:1079500002F0B4FE012002F0A5FE232002F0A2FEF8
:10796000452002F09FFE672002F09CFE012002F0FD
:1079700099FE232002F096FE452002F093FE672038
:1079800002F090FEBE2002F099FE002002F08AFE76
:10799000012002F087FEAB2002F084FE602002F09E
:1079A00081FE222002F07EFE222002F07BFE2220B9
:1079B00002F078FE222002F075FE222002F072FE14
:1079C000C72002F07BFE362002F06CFEED2002F0B4
:1079D00075FE7F2002F066FE0F2002F063FEC020DD
:1079E00002F06CFE0F2002F05DFE0B2002F05AFE4A
:1079F0000A2002F057FEFC2002F060FE082002F090
:107A000051FEDF2002F05AFE002002F04BFE002063
:107A100002F048FE002002F045FE002002F042FE87
:107A2000002002F03FFE202002F03CFEF32002F096
:107A300045FE742002F036FEB42002F03FFE002026
:107A400002F030FE002002F02DFE002002F02AFE9F
:107A5000F72002F033FE822002F024FEB12002F073
:107A60002DFE002002F01EFE132002F01BFE13204C
:107A700002F018FEF22002F021FE802002F012FE39
:107A8000042002F00FFE402002F00CFE282002F03D
:107A900009FEC12002F012FE172002F003FE88202A
:107AA00002F000FE882002F0FDFD202002F0FAFD29
:107AB000E02002F003FE002002F0F4FD0A2002F0B4
:107AC000F1FD122002F0EEFD102002F0EBFD0E2081
:107AD00002F0E8FD202002F0E5FDCC2002F0E2FDFE
:107AE000072002F0DFFD062002F0DCFD0B2002F093
:107AF000D9FD0E2002F0D6FD0F2002F0D3FD0D209F
:107B000002F0D0FD152002F0CDFD102002F0CAFDDC
:107B1000002002F0C7FDE12002F0D0FD002002F0BD
:107B2000C1FD0B2002F0BEFD132002F0BBFD0D20B5
:107B300002F0B8FD0E2002F0B5FD1B2002F0B2FDF0
:107B4000712002F0AFFD062002F0ACFD062002F02D
:107B5000A9FD0A2002F0A6FD0F2002F0A3FD0E20D1
:107B600002F0A0FD0F2002F09DFD152002F09AFD0D
:107B70000C2002F097FD002002F094FD2A2002F074
:107B80009DFD002002F08EFD002002F08BFD012003
:107B900002F088FDDF2002F085FD2B2002F08EFD33
:107BA000002002F07FFD002002F07CFD032002F0A7
:107BB00079FD1F2002F076FD3A2002F07FFD55206E
:107BC00002F070FD362002F079FD002002F06AFD1F
:107BD000112002F073FD7820FCF736FF292002F017
:107BE0006DFD1420FCF730FFBDE810402C2002F0A2
:107BF00065BD10B5ED2002F061FD012002F052FDDF
:107C0000FE2002F04FFDEE2002F058FDDE2002F0D3
:107C100049FD212002F046FDF12002F04FFD012038
:107C200002F040FDDF2002F049FD102002F03AFD95
:107C3000C42002F043FD8F2002F034FDC62002F084
:107C40003DFD002002F02EFDE22002F02BFDE2209F
:107C500002F028FDE22002F025FDBF2002F02EFDFB
:107C6000AA2002F01FFDB02002F028FD0D2002F036
:107C700019FD002002F016FD0D2002F013FD00207A
:107C800002F010FD112002F00DFD002002F00AFDAF
:107C9000192002F007FD002002F004FD212002F06F
:107CA00001FD002002F0FEFC2D2002F0FBFC002074
:107CB00002F0F8FC3D2002F0F5FC002002F0F2FC9E
:107CC0005D2002F0EFFC002002F0ECFC5D2002F0F1
:107CD000E9FC002002F0E6FCB12002F0EFFC80207D
:107CE00002F0E0FC002002F0DDFC8B2002F0DAFC68
:107CF000002002F0D7FC962002F0D4FC002002F015
:107D0000D1FCB22002F0DAFC002002F0CBFC002013
:107D100002F0C8FC022002F0C5FC002002F0C2FC08
:107D2000032002F0BFFC002002F0BCFCB32002F0F4
:107D3000C5FC002002F0B6FC002002F0B3FC0020DD
:107D400002F0B0FC002002F0ADFC002002F0AAFC22
:107D5000002002F0A7FC002002F0A4FC002002F0AA
:107D6000A1FC002002F09EFC002002F09BFC002001
:107D700002F098FC002002F095FC002002F092FC3A
:107D8000002002F08FFC002002F08CFC002002F0AA
:107D900089FC002002F086FC002002F083FC002019
:107DA00002F080FC002002F07DFC002002F07AFC52
:107DB000002002F077FC002002F074FC002002F0AA
:107DC00071FCB42002F07AFC8B2002F06BFC0020E6
:107DD00002F068FC962002F065FC002002F062FCD4
:107DE000A12002F05FFC002002F05CFCB52002F054
:107DF00065FC022002F056FC002002F053FC032038
:107E000002F050FC002002F04DFC042002F04AFC7D
:107E1000002002F047FCB62002F050FC002002F0E7
:107E200041FC002002F03EFCB72002F047FC00209D
:107E300002F038FC002002F035FC3F2002F032FC5A
:107E4000002002F02FFC5E2002F02CFC002002F04B
:107E500029FC642002F026FC002002F023FC8C2088
:107E600002F020FC002002F01DFCAC2002F01AFC05
:107E7000002002F017FCDC2002F014FC002002F0CD
:107E800011FC702002F00EFC002002F00BFC902090
:107E900002F008FC002002F005FCEB2002F002FCDE
:107EA000002002F0FFFBDC2002F0FCFB002002F0CF
:107EB000F9FBB82002F002FC002002F0F3FB0020E6
:107EC00002F0F0FB002002F0EDFB002002F0EAFBE4
:107ED000002002F0E7FB002002F0E4FB002002F0AB
:107EE000E1FB002002F0DEFBBA2002F0E7FB2420D9
:107EF00002F0D8FB002002F0D5FB002002F0D2FBFC
:107F0000002002F0CFFBC12002F0D8FB202002F0BD
:107F1000C9FB002002F0C6FB542002F0C3FB002086
:107F200002F0C0FBFF2002F0BDFB002002F0BAFB14
:107F3000C22002F0C3FB0A2002F0B4FB002002F0D2
:107F4000B1FB042002F0AEFB002002F0ABFBC3202B
:107F500002F0B4FB3C2002F0A5FB002002F0A2FBE3
:107F60003A2002F09FFB002002F09CFB392002F037
:107F700099FB002002F096FB372002F093FB0020D3
:107F800002F090FB3C2002F08DFB002002F08AFB07
:107F9000362002F087FB002002F084FB322002F042
:107FA00081FB002002F07EFB2F2002F07BFB0020F3
:107FB00002F078FB2C2002F075FB002002F072FB2F
:107FC000292002F06FFB002002F06CFB262002F05B
:107FD00069FB002002F066FB242002F063FB002016
:107FE00002F060FB242002F05DFB002002F05AFB4F
:107FF000232002F057FB002002F054FB3C2002F04B
:1080000051FB002002F04EFB362002F04BFB00201B
:1080100002F048FB322002F045FB002002F042FB58
:108020002F2002F03FFB002002F03CFB2C2002F04E
:1080300039FB002002F036FB292002F033FB002040
:1080400002F030FB262002F02DFB002002F02AFB7C
:10805000242002F027FB002002F024FB242002F061
:1080600021FB002002F01EFB232002F01BFB00205E
:1080700002F018FBC42002F021FB622002F012FB88
:10808000002002F00FFB052002F00CFB002002F0A4
:1080900009FB842002F006FB002002F003FBF02025
:1080A00002F000FB002002F0FDFA182002F0FAFABC
:1080B000002002F0F7FAA42002F0F4FA002002F007
:1080C000F1FA182002F0EEFA002002F0EBFA50204C
:1080D00002F0E8FA002002F0E5FA0C2002F0E2FAE1
:1080E000002002F0DFFA172002F0DCFA002002F094
:1080F000D9FA952002F0D6FA002002F0D3FAF32044
:1081000002F0D0FA002002F0CDFAE62002F0CAFA1E
:10811000002002F0C7FAC52002F0D0FA322002F0A7
:10812000C1FA002002F0BEFA442002F0BBFA00209F
:1081300002F0B8FA652002F0B5FA002002F0B2FAB7
:10814000762002F0AFFA002002F0ACFA882002F0AC
:10815000A9FA002002F0A6FAC62002F0AFFA202009
:1081600002F0A0FA002002F09DFA172002F09AFA1D
:10817000002002F097FA012002F094FA002002F0A9
:1081800091FAC72002F09AFA002002F08BFA002040
:1081900002F088FA002002F085FA002002F082FA4C
:1081A000C82002F08BFA002002F07CFA002002F0D6
:1081B00079FA002002F076FA002002F073FAC92062
:1081C00002F07CFA002002F06DFA002002F06AFA58
:1081D000002002F067FA002002F064FA002002F0AA
:1081E00061FA002002F05EFA002002F05BFA002043
:1081F00002F058FA002002F055FA002002F052FA7C
:10820000002002F04FFA002002F04CFA002002F0A9
:1082100049FA002002F046FA002002F043FA00205A
:1082200002F040FAE02002F049FA162002F03AFA91
:10823000002002F037FA1C2002F034FA002002F08D
:1082400031FA212002F02EFA002002F02BFA36201B
:1082500002F028FA002002F025FA462002F022FA65
:10826000002002F01FFA522002F01CFA002002F057
:1082700019FA642002F016FA002002F013FA7A20AC
:1082800002F010FA002002F00DFA8B2002F00AFA38
:10829000002002F007FA992002F004FA002002F010
:1082A00001FAA82002F0FEF9002002F0FBF9B92043
:1082B00002F0F8F9002002F0F5F9C42002F0F2F91A
:1082C000002002F0EFF9CA2002F0ECF9002002F0E1
:1082D000E9F9D22002F0E6F9002002F0E3F9D92012
:1082E00002F0E0F9002002F0DDF9E02002F0DAF916
:1082F000002002F0D7F9F32002F0D4F9002002F0B8
:10830000D1F9E12002F0DAF9162002F0CBF90020D1
:1083100002F0C8F91C2002F0C5F9002002F0C2F9F1
:10832000222002F0BFF9002002F0BCF9362002F052
:10833000B9F9002002F0B6F9452002F0B3F90020A7
:1083400002F0B0F9522002F0ADF9002002F0AAF9D3
:10835000642002F0A7F9002002F0A4F97A2002F0CC
:10836000A1F9002002F09EF98B2002F09BF9002079
:1083700002F098F9992002F095F9002002F092F9A4
:10838000A82002F08FF9002002F08CF9B92002F049
:1083900089F9002002F086F9C42002F083F9002058
:1083A00002F080F9CA2002F07DF9002002F07AF98B
:1083B000D22002F077F9002002F074F9D82002F000
:1083C00071F9002002F06EF9E02002F06BF9002054
:1083D00002F068F9F32002F065F9002002F062F97A
:1083E000E22002F06BF9052002F05CF9002002F0B7
:1083F00059F90B2002F056F9002002F053F91B2026
:1084000002F050F9002002F04DF9342002F04AF950
:10841000002002F047F9442002F044F9002002F065
:1084200041F94F2002F03EF9002002F03BF96120B3
:1084300002F038F9002002F035F9792002F032F923
:10844000002002F02FF9882002F02CF9002002F021
:1084500029F9972002F026F9002002F023F9A6203E
:1084600002F020F9002002F01DF9B72002F01AF9FD
:10847000002002F017F9C22002F014F9002002F0E7
:1084800011F9C72002F00EF9002002F00BF9D120FB
:1084900002F008F9002002F005F9D62002F002F9F6
:1084A000002002F0FFF8DD2002F0FCF8002002F0CE
:1084B000F9F8F32002F0F6F8002002F0F3F8E320D8
:1084C00002F0FCF8052002F0EDF8002002F0EAF8D6
:1084D0000A2002F0E7F8002002F0E4F81C2002F085
:1084E000E1F8002002F0DEF8332002F0DBF8002093
:1084F00002F0D8F8442002F0D5F8002002F0D2F8BB
:10850000502002F0CFF8002002F0CCF8622002F0F8
:10851000C9F8002002F0C6F8782002F0C3F8002065
:1085200002F0C0F8882002F0BDF8002002F0BAF88E
:10853000972002F0B7F8002002F0B4F8A62002F06D
:10854000B1F8002002F0AEF8B72002F0ABF800203E
:1085500002F0A8F8C22002F0A5F8002002F0A2F86C
:10856000C72002F09FF8002002F09CF8D12002F012
:1085700099F8002002F096F8D52002F093F8002038
:1085800002F090F8DD2002F08DF8002002F08AF869
:10859000F32002F087F8002002F084F8E42002F0D3
:1085A0008DF8012002F07EF8002002F07BF8012017
:1085B00002F078F8002002F075F8022002F072F85C
:1085C000002002F06FF82A2002F06CF8002002F080
:1085D00069F83C2002F066F8002002F063F84B20B6
:1085E00002F060F8002002F05DF85D2002F05AF819
:1085F000002002F057F8742002F054F8002002F036
:1086000051F8842002F04EF8002002F04BF893203D
:1086100002F048F8002002F045F8A22002F042F8EB
:10862000002002F03FF8B32002F03CF8002002F0F6
:1086300039F8BE2002F036F8002002F033F8C420EA
:1086400002F030F8002002F02DF8CD2002F02AF8D8
:10865000002002F027F8D32002F024F8002002F0D6
:1086600021F8DD2002F01EF8002002F01BF8F320B4
:1086700002F018F8002002F015F8E52002F01EF8CC
:10868000002002F00FF8002002F00CF8002002F0A9
:1086900009F8002002F006F8022002F003F800209A
:1086A00002F000F8292001F0FDFF002001F0FAFFA0
:1086B0003C2001F0F7FF002001F0F4FF4B2001F017
:1086C000F1FF002001F0EEFF5D2001F0EBFF002044
:1086D00001F0E8FF742001F0E5FF002001F0E2FF67
:1086E000842001F0DFFF002001F0DCFF932001F087
:1086F000D9FF002001F0D6FFA22001F0D3FF002017
:1087000001F0D0FFB32001F0CDFF002001F0CAFF3F
:10871000BE2001F0C7FF002001F0C4FFC42001F01B
:10872000C1FF002001F0BEFFCD2001F0BBFF002003
:1087300001F0B8FFD32001F0B5FF002001F0B2FF37
:10874000DC2001F0AFFF002001F0ACFFF32001F0CE
:10875000A9FF002001F0A6FFE62001F0AFFF1120E5
:1087600001F0A0FF002001F09DFF342001F09AFFEE
:10877000002001F097FF562001F094FF002001F047
:1087800091FF762001F08EFF002001F08BFF772013
:1087900001F088FF002001F085FF662001F082FFD4
:1087A000002001F07FFF882001F07CFF002001F015
:1087B00079FF992001F076FF002001F073FFBB20C4
:1087C00001F070FF002001F06DFF992001F06AFFB9
:1087D000002001F067FF662001F064FF002001F037
:1087E00061FF552001F05EFF002001F05BFF552086
:1087F00001F058FF002001F055FF452001F052FF25
:10880000002001F04FFF432001F04CFF002001F059
:1088100049FF442001F046FF002001F043FFE7201C
:1088200001F04CFF322001F03DFF002001F03AFF43
:10883000552001F037FF002001F034FF762001F0D1
:1088400031FF002001F02EFF662001F02BFF0020F9
:1088500001F028FF672001F025FF002001F022FF32
:10886000672001F01FFF002001F01CFF872001F0AE
:1088700019FF002001F016FF992001F013FF0020DE
:1088800001F010FFBB2001F00DFF002001F00AFFF6
:10889000992001F007FF002001F004FF772001F08C
:1088A00001FF002001F0FEFE442001F0FBFE00204D
:1088B00001F0F8FE562001F0F5FE002001F0F2FE76
:1088C000232001F0EFFE002001F0ECFE332001F048
:1088D000E9FE002001F0E6FE452001F0E3FE002065
:1088E00001F0E0FEE82001F0E9FE002001F0DAFEF0
:1088F000002001F0D7FE992001F0D4FE002001F005
:10890000D1FE872001F0CEFE002001F0CBFE8820B2
:1089100001F0C8FE002001F0C5FE772001F0C2FE84
:10892000002001F0BFFE662001F0BCFE002001F037
:10893000B9FE882001F0B6FE002001F0B3FEAA20A7
:1089400001F0B0FE002001F0ADFEBB2001F0AAFE58
:10895000002001F0A7FE992001F0A4FE002001F004
:10896000A1FE662001F09EFE002001F09BFE552036
:1089700001F098FE002001F095FE552001F092FED6
:10898000002001F08FFE442001F08CFE002001F059
:1089900089FE442001F086FE002001F083FE552070
:1089A00001F080FE002001F07DFEE92001F086FE4E
:1089B000AA2001F077FE002001F074FE002001F0F3
:1089C00071FE002001F06EFE002001F077FEAA206B
:1089D00001F068FECF2001F071FE002001F062FE80
:1089E000002001F05FFE002001F05CFE002001F09D
:1089F00059FE002001F056FE002001F053FE002039
:108A000001F050FE002001F04DFE002001F04AFE72
:108A1000002001F047FE002001F044FE002001F09C
:108A200041FE002001F03EFE002001F03BFE002050
:108A300001F038FE002001F035FE002001F032FE8A
:108A4000F02001F03BFE002001F02CFE502001F050
:108A500029FE002001F026FE002001F023FE002068
:108A600001F020FEF32001F029FE002001F01AFEA3
:108A7000F92001F023FE062001F014FE102001F081
:108A800011FE292001F00EFE002001F00BFE3A201D
:108A900001F014FE552001F005FE112001F00EFE3C
:108AA0006420FBF7D1FF292001F008FE352001F0FA
:108AB00005FE002001F0F6FD512001F0FFFDFF2032
:108AC00001F0F0FD532001F0F9FD2C2001F0EAFD4A
:108AD000552001F0F3FD822001F0E4FDBDE81040D7
:108AE0002C2001F0EBBD2DE9F05F4FF470435521D0
:108AF000184601F0F9FD4FF20104AA21204601F0C9
:108B0000F3FD651C5221284601F0EEFDA61C08214C
:108B1000304601F0E9FDE71C0121384601F0E4FD93
:108B20000D214FF4304001F0DFFD0D214BF201002B
:108B300001F0DAFD0D214BF2020001F0D5FD4FF4FA
:108B400036483421404601F0CFFD34214BF201601C
:108B500001F0CAFD34214BF2026001F0C5FD4FF473
:108B600031490D21484601F0BFFD4BF2011A0D219C
:108B7000504601F0B9FD0D214BF2021001F0B4FD99
:108B80004FF4374B3421584601F0AEFD34214BF2FF
:108B9000017001F0A9FD34214BF2027001F0A4FD37
:108BA00000214FF4324001F09FFD00214BF20120E3
:108BB00001F09AFD00214BF2022001F095FD2421E5
:108BC0004FF4384001F090FD24214BF6010001F0F4
:108BD0008BFD24214BF6020001F086FD01214FF4AC
:108BE0003F4001F081FD0F214FF4334001F07CFD47
:108BF0000F214BF2013001F077FD0F214BF20230D3
:108C000001F072FD34214FF4394001F06DFD342143
:108C10004BF6011001F068FD34214BF6021001F013
:108C200063FD08214FF4354001F05EFD08214BF251
:108C3000015001F059FD08214BF2025001F054FDA2
:108C400003214FF4424001F04FFD24214FF43A40FC
:108C500001F04AFD24214BF6012001F045FD2421BD
:108C60004BF6022001F040FD00214FF43C4001F0A2
:108C70003BFD78214BF6014001F036FD00214BF61B
:108C8000024001F031FD00214FF43D4001F02CFD88
:108C900078214BF6015001F027FD00214BF60250E0
:108CA00001F022FD00214FF43E4001F01DFD642142
:108CB0004BF6016001F018FD00214FF4514001F026
:108CC00013FD33214DF2011001F00EFD00214DF294
:108CD000021001F009FD34214DF2031001F004FDF2
:108CE00000214DF2041001F0FFFC3A214DF2051075
:108CF00001F0FAFC00214DF2061001F0F5FC4A21CA
:108D00004DF2071001F0F0FC00214DF2081001F0C7
:108D1000EBFC5C214DF2091001F0E6FC00214DF264
:108D20000A1001F0E1FC81214DF20B1001F0DCFC96
:108D300000214DF20C1001F0D7FCA6214DF20D10D0
:108D400001F0D2FC00214DF20E1001F0CDFCE52126
:108D50004DF20F1001F0C8FC01214DF2101001F08E
:108D6000C3FC13214DF2111001F0BEFC01214DF2A4
:108D7000121001F0B9FC54214DF2131001F0B4FCB3
:108D800001214DF2141001F0AFFC82214DF21510BB
:108D900001F0AAFC01214DF2161001F0A5FCCA2138
:108DA0004DF2171001F0A0FC02214DF2181001F055
:108DB0009BFC00214DF2191001F096FC02214DF2AE
:108DC0001A1001F091FC01214DF21B1001F08CFCF6
:108DD00002214DF21C1001F087FC34214DF21D10D0
:108DE00001F082FC02214DF21E1001F07DFC672192
:108DF0004DF21F1001F078FC02214DF2201001F01D
:108E000073FC84214DF2211001F06EFC02214DF221
:108E1000221001F069FCA4214DF2231001F064FC42
:108E200002214DF2241001F05FFCB7214DF2251014
:108E300001F05AFC02214DF2261001F055FCCF2121
:108E40004DF2271001F050FC02214DF2281001F0E4
:108E50004BFCDE214DF2291001F046FC02214DF2BF
:108E60002A1001F041FCF2214DF22B1001F03CFCE4
:108E700002214DF22C1001F037FCFE214DF22D1095
:108E800001F032FC03214DF22E1001F02DFC1021D7
:108E90004DF22F1001F028FC03214DF2301001F0AB
:108EA00023FC33214DF2311001F01EFC03214DF261
:108EB000321001F019FC6D214DF2331001F014FC59
:108EC00000214FF4524001F00FFC33214DF20120FC
:108ED00001F00AFC00214DF2022001F005FC3421D2
:108EE0004DF2032001F000FC00214DF2042001F0BE
:108EF000FBFB3A214DF2052001F0F6FB00214DF27B
:108F0000062001F0F1FB4A214DF2072001F0ECFBB5
:108F100000214DF2082001F0E7FB5C214DF2092011
:108F200001F0E2FB00214DF20A2001F0DDFB81217E
:108F30004DF20B2001F0D8FB00214DF20C2001F086
:108F4000D3FBA6214DF20D2001F0CEFB00214DF206
:108F50000E2001F0C9FBE5214DF20F2001F0C4FB0A
:108F600001214DF2102001F0BFFB13214DF2112021
:108F700001F0BAFB01214DF2122001F0B5FB5421A2
:108F80004DF2132001F0B0FB01214DF2142001F04D
:108F9000ABFB82214DF2152001F0A6FB01214DF221
:108FA000162001F0A1FBCA214DF2172001F09CFB15
:108FB00002214DF2182001F097FB00214DF21920FB
:108FC00001F092FB02214DF21A2001F08DFB0121EC
:108FD0004DF21B2001F088FB02214DF21C2001F014
:108FE00083FB34214DF21D2001F07EFB02214DF266
:108FF0001E2001F079FB67214DF21F2001F074FB68
:1090000002214DF2202001F06FFB84214DF221203E
:1090100001F06AFB02214DF2222001F065FBA42140
:109020004DF2232001F060FB02214DF2242001F0DB
:109030005BFBB7214DF2252001F056FB02214DF2DA
:10904000262001F051FBCF214DF2272001F04CFBEF
:1090500002214DF2282001F047FBDE214DF22920AC
:1090600001F042FB02214DF22A2001F03DFBF221EA
:109070004DF22B2001F038FB02214DF22C2001F0A3
:1090800033FBFE214DF22D2001F02EFB03214DF28A
:109090002E2001F029FB10214DF22F2001F024FB9E
:1090A00003214DF2302001F01FFB33214DF231201E
:1090B00001F01AFB03214DF2322001F015FB6D2166
:1090C0004DF2332001F010FB00214FF4534001F02A
:1090D0000BFB33214DF2013001F006FB00214DF274
:1090E000023001F001FB34214DF2033001F0FCFAB3
:1090F00000214DF2043001F0F7FA3A214DF205302B
:1091000001F0F2FA00214DF2063001F0EDFA4A21A9
:109110004DF2073001F0E8FA00214DF2083001F07D
:10912000E3FA5C214DF2093001F0DEFA00214DF244
:109130000A3001F0D9FA81214DF20B3001F0D4FA56
:1091400000214DF20C3001F0CFFAA6214DF20D3086
:1091500001F0CAFA00214DF20E3001F0C5FAE52106
:109160004DF20F3001F0C0FA01214DF2103001F044
:10917000BBFA13214DF2113001F0B6FA01214DF284
:10918000123001F0B1FA54214DF2133001F0ACFA73
:1091900001214DF2143001F0A7FA82214DF2153071
:1091A00001F0A2FA01214DF2163001F09DFACA2118
:1091B0004DF2173001F098FA02214DF2183001F00B
:1091C00093FA00214DF2193001F08EFA02214DF28E
:1091D0001A3001F089FA01214DF21B3001F084FAB6
:1091E00002214DF21C3001F07FFA34214DF21D3086
:1091F00001F07AFA02214DF21E3001F075FA672172
:109200004DF21F3001F070FA02214DF2203001F0D2
:109210006BFA84214DF2213001F066FA02214DF201
:10922000223001F061FAA4214DF2233001F05CFA02
:1092300002214DF2243001F057FAB7214DF22530CA
:1092400001F052FA02214DF2263001F04DFACF2101
:109250004DF2273001F048FA02214DF2283001F09A
:1092600043FADE214DF2293001F03EFA02214DF29F
:109270002A3001F039FAF2214DF22B3001F034FAA4
:1092800002214DF22C3001F02FFAFE214DF22D304B
:1092900001F02AFA03214DF22E3001F025FA1021B7
:1092A0004DF22F3001F020FA03214DF2303001F061
:1092B0001BFA33214DF2313001F016FA03214DF241
:1092C000323001F011FA6D214DF2333001F00CFA19
:1092D00000214FF4544001F007FA33214DF20140D0
:1092E00001F002FA00214DF2024001F0FDF93421B3
:1092F0004DF2034001F0F8F900214DF2044001F075
:10930000F3F93A214DF2054001F0EEF900214DF25A
:10931000064001F0E9F94A214DF2074001F0E4F975
:1093200000214DF2084001F0DFF95C214DF20940C7
:1093300001F0DAF900214DF20A4001F0D5F981215E
:109340004DF20B4001F0D0F900214DF20C4001F03C
:10935000CBF9A6214DF20D4001F0C6F900214DF2E6
:109360000E4001F0C1F9E5214DF20F4001F0BCF9CA
:1093700001214DF2104001F0B7F913214DF21140D7
:1093800001F0B2F901214DF2124001F0ADF9542182
:109390004DF2134001F0A8F901214DF2144001F003
:1093A000A3F982214DF2154001F09EF901214DF201
:1093B000164001F099F9CA214DF2174001F094F9D5
:1093C00002214DF2184001F08FF900214DF21940B1
:1093D00001F08AF902214DF21A4001F085F90121CC
:1093E0004DF21B4001F080F902214DF21C4001F0CA
:1093F0007BF934214DF21D4001F076F902214DF246
:109400001E4001F071F967214DF21F4001F06CF927
:1094100002214DF2204001F067F984214DF22140F4
:1094200001F062F902214DF2224001F05DF9A42120
:109430004DF2234001F058F902214DF2244001F091
:1094400053F9B7214DF2254001F04EF902214DF2BA
:10945000264001F049F9CF214DF2274001F044F9AF
:1094600002214DF2284001F03FF9DE214DF2294062
:1094700001F03AF902214DF22A4001F035F9F221CA
:109480004DF22B4001F030F902214DF22C4001F059
:109490002BF9FE214DF22D4001F026F903214DF26A
:1094A0002E4001F021F910214DF22F4001F01CF95E
:1094B00003214DF2304001F017F933214DF23140D4
:1094C00001F012F903214DF2324001F00DF96D2146
:1094D0004DF2334001F008F900214FF4554001F0FE
:1094E00003F933214DF2015001F0FEF800214DF255
:1094F000025001F0F9F834214DF2035001F0F4F874
:1095000000214DF2045001F0EFF83A214DF20550E0
:1095100001F0EAF800214DF2065001F0E5F84A2189
:109520004DF2075001F0E0F800214DF2085001F033
:10953000DBF85C214DF2095001F0D6F800214DF224
:109540000A5001F0D1F881214DF20B5001F0CCF816
:1095500000214DF20C5001F0C7F8A6214DF20D503C
:1095600001F0C2F800214DF20E5001F0BDF8E521E6
:109570004DF20F5001F0B8F801214DF2105001F0FA
:10958000B3F813214DF2115001F0AEF801214DF264
:10959000125001F0A9F854214DF2135001F0A4F833
:1095A00001214DF2145001F09FF882214DF2155027
:1095B00001F09AF801214DF2165001F095F8CA21F8
:1095C0004DF2175001F090F802214DF2185001F0C1
:1095D0008BF800214DF2195001F086F802214DF26E
:1095E0001A5001F081F801214DF21B5001F07CF876
:1095F00002214DF21C5001F077F834214DF21D503C
:1096000001F072F802214DF21E5001F06DF8672151
:109610004DF21F5001F068F802214DF2205001F088
:1096200063F884214DF2215001F05EF802214DF2E1
:10963000225001F059F8A4214DF2235001F054F8C2
:1096400002214DF2245001F04FF8B7214DF2255080
:1096500001F04AF802214DF2265001F045F8CF21E1
:109660004DF2275001F040F802214DF2285001F050
:109670003BF8DE214DF2295001F036F802214DF27F
:109680002A5001F031F8F2214DF22B5001F02CF864
:1096900002214DF22C5001F027F8FE214DF22D5001
:1096A00001F022F803214DF22E5001F01DF8102197
:1096B0004DF22F5001F018F803214DF2305001F017
:1096C00013F833214DF2315001F00EF803214DF221
:1096D000325001F009F86D214DF2335001F004F8D9
:1096E00000214FF4564000F0FFFF33214DF201609E
:1096F00000F0FAFF00214DF2026000F0F5FF342186
:109700004DF2036000F0F0FF00214DF2046000F024
:10971000EBFF3A214DF2056000F0E6FF00214DF22B
:10972000066000F0E1FF4A214DF2076000F0DCFF27
:1097300000214DF2086000F0D7FF5C214DF2096076
:1097400000F0D2FF00214DF20A6000F0CDFF812130
:109750004DF20B6000F0C8FF00214DF20C6000F0EC
:10976000C3FFA6214DF20D6000F0BEFF00214DF2B7
:109770000E6000F0B9FFE5214DF20F6000F0B4FF7C
:1097800001214DF2106000F0AFFF13214DF2116086
:1097900000F0AAFF01214DF2126000F0A5FF542154
:1097A0004DF2136000F0A0FF01214DF2146000F0B3
:1097B0009BFF82214DF2156000F096FF01214DF2D2
:1097C000166000F091FFCA214DF2176000F08CFF87
:1097D00002214DF2186000F087FF00214DF2196060
:1097E00000F082FF02214DF21A6000F07DFF01219E
:1097F0004DF21B6000F078FF02214DF21C6000F07A
:1098000073FF34214DF21D6000F06EFF02214DF216
:109810001E6000F069FF67214DF21F6000F064FFD9
:1098200002214DF2206000F05FFF84214DF22160A3
:1098300000F05AFF02214DF2226000F055FFA421F2
:109840004DF2236000F050FF02214DF2246000F041
:109850004BFFB7214DF2256000F046FF02214DF28B
:10986000266000F041FFCF214DF2276000F03CFF61
:1098700002214DF2286000F037FFDE214DF2296011
:1098800000F032FF02214DF22A6000F02DFFF2219C
:109890004DF22B6000F028FF02214DF22C6000F009
:1098A00023FFFE214DF22D6000F01EFF03214DF23B
:1098B0002E6000F019FF10214DF22F6000F014FF10
:1098C00003214DF2306000F00FFF33214DF2316083
:1098D00000F00AFF03214DF2326000F005FF6D2118
:1098E0004DF2336000F000FF5521184600F0FCFEF9
:1098F000AA21204600F0F8FE5221284600F0F4FE8E
:109900000821304600F0F0FE0021384600F0ECFE61
:10991000CC21484600F0E8FE0021504600F0E4FE6D
:109920000521404600F0E0FE7021584600F0DCFEC4
:1099300070214BF2017000F0D7FE01214FF4384046
:1099400000F0D2FE03214BF6010000F0CDFE032112
:109950004BF6020000F0C8FE03214BF6030000F0B6
:10996000C3FE02214FF43C4000F0BEFE00214BF646
:10997000014000F0B9FE00214BF6024000F0B4FEB9
:10998000D0214FF4494000F0AFFE02214CF6011007
:1099900000F0AAFE50214CF6021000F0A5FE502166
:1099A0004CF6031000F0A0FE50214CF6041000F01D
:1099B0009BFE00214FF4545000F096FE55214FF4C9
:1099C000685000F091FE4FF4885000F077FE782048
:1099D000FBF73AF8BDE8F05F4FF4245000F06EBE9C
:1099E00010B5E22000F06AFE1D2000F05BFE0220B0
:1099F00000F058FE042000F055FE6420FBF724F828
:109A0000E02000F05BFE012000F04CFE0A20FBF796
:109A10001BF8E02000F052FE032000F043FE0C2073
:109A2000FBF712F8012000F049FE0A20FBF70CF8C2
:109A3000E62000F043FE2F2000F034FEFF2000F06F
:109A400031FEFF2000F02EFEB02000F037FE202077
:109A500000F028FE002000F025FE032000F022FE8A
:109A600040F21F3000F01EFE012000F01BFE40F20D
:109A7000DF1000F017FE002000F014FEB42000F00C
:109A80001DFE042000F00EFE40F21F4000F00AFE12
:109A9000002000F007FE2E2000F004FE002000F061
:109AA00001FE002000F0FEFD002000F0FBFD002084
:109AB00000F0F8FDB62000F001FE022000F0F2FDFB
:109AC0004FF4037000F0EEFD002000F0EBFD1720D6
:109AD00000F0E8FD152000F0E5FD002000F0E2FDBB
:109AE000002000F0DFFDF02000F0E8FD032000F092
:109AF000D9FD292000F0E2FDD02000F0DFFD00209C
:109B000000F0D0FDBE2000F0D9FD052000F0CAFD18
:109B1000FE2000F0C7FD012000F0C4FD002000F091
:109B2000C1FD002000F0BEFD002000F0BBFDB8200C
:109B300000F0C4FD032000F0B5FD012000F0B2FDEF
:109B4000BA2000F0BBFDBDE81040012000F0AABD26
:109B500010B5112000F0B2FD7820FAF775FF36201D
:109B600000F0ACFD002000F09DFD3A2000F0A6FDC5
:109B7000052000F097FDB22000F0A0FD0C2000F0C1
:109B800091FD0C2000F08EFD002000F08BFD3320B5
:109B900000F088FD332000F085FDB72000F08EFD39
:109BA000352000F07FFDBB2000F088FD322000F062
:109BB00079FDC02000F082FD0C2000F073FDC22072
:109BC00000F07CFD012000F06DFDC32000F076FD6B
:109BD000102000F067FDC42000F070FD202000F090
:109BE00061FDC62000F06AFD0F2000F05BFDD02073
:109BF00000F064FDA42000F055FDA12000F052FD0E
:109C0000E02000F05BFDD02000F04CFD002000F0D3
:109C100049FD022000F046FD072000F043FD0A2028
:109C200000F040FD282000F03DFD322000F03AFD1C
:109C3000442000F037FD422000F034FD062000F003
:109C400031FD0E2000F02EFD122000F02BFD14201F
:109C500000F028FD172000F025FDE12000F02EFD8A
:109C6000D02000F01FFD002000F01CFD022000F0BD
:109C700019FD072000F016FD0A2000F013FD282032
:109C800000F010FD312000F00DFD542000F00AFD21
:109C9000472000F007FD0E2000F004FD1C2000F01E
:109CA00001FD172000F0FEFC1B2000F0FBFC1E2035
:109CB00000F0F8FC2A2000F001FD002000F0F2FC8A
:109CC000002000F0EFFC002000F0ECFCEF2000F0A2
:109CD000E9FC2B2000F0F2FC002000F0E3FC002067
:109CE00000F0E0FC012000F0DDFC3F2000F0DAFC99
:109CF000BDE81040292000F0E1BC10B5112000F0B3
:109D0000DDFC7820FAF7A0FE362000F0D7FC4820D2
:109D100000F0C8FC3A2000F0D1FC552000F0C2FC55
:109D2000F02000F0CBFCC32000F0BCFCF02000F0E1
:109D3000C5FC962000F0B6FCB42000F0BFFC01206A
:109D400000F0B0FCB62000F0B9FC0A2000F0AAFC3C
:109D5000A22000F0A7FCB72000F0B0FCC62000F065
:109D6000A1FCB92000F0AAFC022000F09BFCE0203E
:109D700000F098FCC02000F0A1FC802000F092FCD4
:109D8000162000F08FFCC12000F098FC192000F094
:109D900089FCC22000F092FCA72000F083FCC520C3
:109DA00000F08CFC162000F07DFCE82000F086FC22
:109DB000402000F077FC8A2000F074FC002000F0C6
:109DC00071FC002000F06EFC292000F06BFC1920D3
:109DD00000F068FCA52000F065FC332000F062FC78
:109DE000E02000F06BFCF02000F05CFC072000F0AD
:109DF00059FC0D2000F056FC042000F053FC052017
:109E000000F050FC142000F04DFC362000F04AFC1D
:109E1000542000F047FC4C2000F044FC382000F0B7
:109E200041FC132000F03EFC142000F03BFC2E20EF
:109E300000F038FC342000F035FCE12000F03EFC5E
:109E4000F02000F02FFC102000F02CFC142000F07B
:109E500029FC0E2000F026FC0C2000F023FC08203A
:109E600000F020FC352000F01DFC442000F01AFC1E
:109E70004C2000F017FC262000F014FC102000F00D
:109E800011FC122000F00EFC2C2000F00BFC322004
:109E900000F008FCF02000F011FC3C2000F002FC77
:109EA000F02000F00BFC692000F0FCFB7820FAF7B2
:109EB000CBFD212000F002FCBDE81040292000F07D
:109EC000FDBB00002DE9F0438146A2EB0902079893
:109ED000521C1F4695B20C4686B24FF0D84811E08E
:109EE0002146484600F06AFA00F0F4FB00204146A3
:109EF00004E000BFA1F88060401C80B2A842F9D302
:109F0000641CA4B2BC42EBD9BDE8F08310B5BF20FD
:109F100000F0D4FB00F064F900F062F9C0B210BDAB
:109F20002DE9F05F3220FAF78FFDD32000F0C6FB59
:109F300000F056F9A14CA08000F052F9A08000F08A
:109F40004FF94FF6FF7101EA0020A08000F048F9B8
:109F5000A18849F241360843A08047F2897545F24D
:109F6000103747F2967845F2105949F6060A41F63D
:109F7000631BB0427DD0042000F0A0FB00F030F95C
:109F8000A08000F02DF9A08000F02AF94FF6FF71B3
:109F900001EA0020A08000F023F9A1880843A0F581
:109FA0000541A080523965D0A84262D0D42000F08B
:109FB00085FB00F015F9A08000F012F9A08000F0F8
:109FC0000FF94FF6FF7101EA0020A08000F008F9B8
:109FD000A1880843A080B8427ED0D32000F06EFB59
:109FE00000F0FEF8A08000F0FBF8A08000F0F8F888
:109FF0004FF6FF7101EA0020A08000F0F1F8A1887F
:10A000000843A080404567D055214FF4704000F0D0
:10A010006BFBAA214FF2010000F066FB52214FF2C8
:10A02000020000F061FB08214FF2030000F05CFB2E
:10A0300001214FF2040000F057FB4FF4454000F0BF
:10A040003DFB00F0CDF84FF6FF7101EA0020A08043
:10A050004CF2015000F032FB00F0C2F8A188084336
:10A06000A0800520FAF7F0FCA188494534D0D32020
:10A0700001E02CE02CE000F021FB00F0B1F8A08022
:10A0800000F0AEF8A08000F0ABF84FF6FF7101EAE7
:10A090000020A08000F0A4F8A1880843A0805045CB
:10A0A0001AD0A12000F00AFB00F09AF8A08000F07E
:10A0B00097F84FF6FF7101EA0020A08000F090F8B9
:10A0C000A1880843A0F5AE41A080613902D003E029
:10A0D000A58001E0A4F804B0A18839A0F9F764FED6
:10A0E000A088A84202D1FFF733FD1FE0B04202D1A1
:10A0F000FDF7C7FA1AE0B84202D1FDF77AFD15E084
:10A10000404502D1FFF7F9FD10E0484502D1FEF7C6
:10A11000EAFC0BE0504502D1FDF7CAFB06E05845CA
:10A1200004D1FFF75DFC642000F094FAA1884FF0A1
:10A130002040A94203D0B14201D0594510D1D0F8F6
:10A140001C1121F00F01C0F81C11D0F81C1141F0B6
:10A150000301C0F81C11D0F81C1141F440711DE03E
:10A16000B94205D0414503D0494501D0514517D1E9
:10A17000D0F81C1121F00F01C0F81C11D0F81C11EF
:10A1800041F00201C0F81C11D0F81C1121F47061DB
:10A19000C0F81C11D0F81C1141F40071C0F81C115A
:10A1A0000020FDF7EDF90122D1030848F7F7F0F997
:10A1B000BDE8F05F4FF6FF70FDF7CAB9B0020020AE
:10A1C0004C43442049443A25780D0A0000040240DB
:10A1D0000246012000E05043491EC9B2FBD270473D
:10A1E00008B50220401EFDD24FF0D840B0F88000E4
:10A1F000ADF80000BDF8000008BD000070B55F4C70
:10A2000000232146A279898841F66316012A01D0EC
:10A210001AB10CE0B14202D109E0B14207D10828DD
:10A2200005D2DFE800F0161812140C19100E0828D9
:10A2300012D2DFE800F0110406080A0C0E10802389
:10A240000AE0402308E0C02306E0202304E0602366
:10A2500002E0A02300E0E023362045F21055A94299
:10A2600000D10002A1F51342413A07D0A1F5EE4218
:10A27000893A03D0A1F5EE42963A01D143F00803A2
:10A28000194600F031FAA188B1420AD09806208818
:10A29000628802D5904202D303E0904201D9228025
:10A2A00060806089A94240D100F008FA002000F0E7
:10A2B000F9F96089401C80B200F000FA002000F03B
:10A2C000F1F96089801C80B200F0F8F92088401E06
:10A2D000C0F30F2000F0E6F96089C01C80B200F0E6
:10A2E000EDF92078401EC0B200F0DCF9A08900F042
:10A2F000E5F9002000F0D6F9A089401C80B200F0FA
:10A30000DDF9002000F0CEF9A089801C80B200F0B9
:10A31000D5F96088401EC0F30F2000F0C3F9A08972
:10A32000C01C80B200F0CAF921E000F0C7F900209B
:10A3300000F0B8F9002000F0B5F92088401EC0F305
:10A340000F2000F0AFF92078401EC0B200F0AAF94B
:10A35000A08900F0B3F9002000F0A4F9002000F07B
:10A36000A1F96088401EC0F30F2000F09BF9A0788F
:10A37000BDE87040401EC0B200F094B9B0020020A9
:10A3800010B50446D12000F099F9FFF729FF4006E7
:10A3900005D4D02000F092F9682000F083F9BE20A7
:10A3A00000F08CF9062000F07DF9204600F07AF9E3
:10A3B000BDE81040012000F075B90000F0B53B4A3F
:10A3C0000D460446060A918810462F0A4089A1F5D9
:10A3D000C853633B16D0A1F5AA43103B4CD000F004
:10A3E0006DF9304600F05EF9E0B200F05BF990895B
:10A3F00000F064F9384600F055F9E8B2BDE8F040E5
:10A4000000F050B9917931B300F058F9304600F0BE
:10A4100049F9E0B200F046F91088401EC0F30F2061
:10A4200000F040F91078401E5FFA80F000F03AF931
:10A43000908900F043F9384600F034F9E8B200F0B2
:10A4400031F95088401EC0F30F2000F02BF99078AE
:10A45000401EC0B2D2E71188091B491E8CB200F021
:10A460002DF9002000F01EF9002000F01BF9200A51
:10A4700000F018F9E0B2D9E700F020F9304600F01A
:10A4800011F95089401C80B200F018F9E0B200F0D8
:10A4900009F9908900F012F9384600F003F9908923
:10A4A000401C80B200F00AF9A7E70000B0020020CB
:10A4B0002DE9FF4F1D460C468B46580700D0012062
:10A4C00000EBD500690810FB01F0203A00F0FF0A0C
:10A4D000D0B20C2D0AD0102D0CD0182D0ED0202D5E
:10A4E00046D1244901EB801600203EE000EB4001FC
:10A4F000214806E0214901EB0016F5E700EBC00119
:10A500001F4800EB8106EFE716F808704FF00009CE
:10A51000380601D50E9A03E00D9828B9194802684B
:10A5200021460098FDF7A2F87806070E1648641C2D
:10A53000A4B24088A0421BD9A4EB0B00A8420AD1C8
:10A5400000985C46401C80B200900F48018800983B
:10A5500081420DD906E009F1010000F0FF09B9F1CF
:10A56000080FD5D308F10100C0B280465045CBD3C7
:10A57000BDE8FF8F42D9000882C10008F6C5000877
:10A58000E6CB000808000020B00200202DE9FF4FB4
:10A5900083B00026DDE910BA1D4681463446B04638
:10A5A0004FEA5B0726E0281B401EC1B20A20FFF7D6
:10A5B0000FFE0599B1FBF0F00A21B0FBF1F201FBAF
:10A5C000120026B9691E8C4201DA38B101263030FA
:10A5D000C2B207FB049080B25B4604E007FB049024
:10A5E00080B25B462022CDE9008A0499FFF760FF24
:10A5F000641CE4B2AC42D6D307B0BDE8F08F2DE9BD
:10A60000FC4F044600F0FF0910190D46DDE90BB6BA
:10A610001FFA80F8581987B24FF0000A13E044453A
:10A6200003D305EB0B004C4685B2BD4210D20D980A
:10A630005B46CDE900A029462046FFF739FF04EB31
:10A640005B0084B2761C3278A2F120005E28E6D945
:10A65000BDE8FC8F10B50246BE2000F02FF80520A3
:10A6600000F020F81046F5F79EFE9FED0C1B53EC12
:10A67000112BF5F726FEF5F7A3FE80B200F012F8D5
:10A68000012000F00FF8FF2000F00CF8002000F08F
:10A6900009F8BDE81040002000F004B86666666660
:10A6A0006666044001B5BDF80000ADF80000BDF8D5
:10A6B00000004FF0D841A1F8800008BD01B5BDF8F9
:10A6C0000000ADF80000BDF800004FF0D841A1F83F
:10A6D0007E0008BD03484FF0D8410089A1F87E00F4
:10A6E00070470000B00200204FF0D84222F87E0FE1
:10A6F0005180704770B506460D4601F11A0000F012
:10A7000042F804463078032805D105F1140000F022
:10A710003AF844EA0044204670BDC178827842EAA3
:10A7200001214278007842EA012140EA0120704785
:10A7300010B5C17983790A0E43EA0121120242EA77
:10A7400011624379120243EA012142EA116203795C
:10A75000120243EA012142EA1162C378120243EA7B
:10A760000121837842EA116243EA0121130243EA9C
:10A7700011630A02417800780A43190241EA126122
:10A7800040EA022010BD4178007840EA012070477D
:10A7900010B5044608682060086AA06091F824009B
:10A7A000E071486A20F0FF020020C4E90420E06163
:10A7B000896A2046E164FAF787FC002804D1204624
:10A7C000BDE8104000F001B810BD2DE9F04104468D
:10A7D0000068A16B056900F04FFE002845D1E16BD0
:10A7E0000878852840D120222846F5F71AFD687898
:10A7F0004601A6F140002036B0F5007F34D8002194
:10A800002046FAF765FA04282ED000282DD1A16B36
:10A81000206800F031FE002827D1E16B0878C028BD
:10A8200022D1202205F12000F5F7FBFC95F823004A
:10A830000F212C30B0FBF1F0B6EB401F14D34027B2
:10A840004FF4187800212046FAF742FA04280BD07A
:10A8500000280AD1A16B206800F00EFE002804D168
:10A86000E16B0878C12802D00220BDE8F08147459D
:10A8700003D2E8192022F5F7D4FC2037B742E1D300
:10A88000474508D8284601F03BFC0446A81CFFF7C2
:10A890007AFF8442E8D10020E7E700000EB5F6F722
:10A8A0008BFEF9F7ADF9F8F7E7FAF8F757FAF8F78A
:10A8B000DDFBF8F771FAF8F7B5FBF8F793FBA82082
:10A8C000FAF7BCF8FFF72CFB64484FF4784465A115
:10A8D0000460634882886648F9F776FAFF20FFF73C
:10A8E0004FFDFFF713FB634E024663A1B072604851
:10A8F0000C30F9F769FAB17806F50A7030F81100F2
:10A90000FCF726FE202162A0CDE900100B46F022C4
:10A91000029428210A20FFF772FE18215EA0CDE9DB
:10A9200000100B46F022029450210A20FFF767FE28
:10A9300010255CA00095CDE901042B46F0226E2184
:10A940000A20FFF75CFE4A480095CDE90104102378
:10A95000F02282210A20FFF752FE454800950C3074
:10A96000CDE901041023F02296210A20FFF747FECB
:10A9700050A00095CDE901041023C822AA210A2085
:10A98000FFF73DFE4FA00095CDE901041023C8223A
:10A99000BE210A20FFF733FE4FA00095CDE9010448
:10A9A0001023C822D2210A20FFF729FE4EA00095CD
:10A9B000CDE901041023C822E6210A20FFF71FFE7B
:10A9C00000F056FE00F0B0FE044601464BA0F9F739
:10A9D000EBF94F4A4FA15048F9F7F6F94FF4FA75E1
:10A9E0004FF6FF770BE04DA0F9F7DEF92846F6F7B2
:10A9F00018F850A0F9F7D8F92846F6F712F8002C05
:10AA0000F1D0BC42EFD001F09BF9002000F04EFDE8
:10AA1000022000F04BFD012000F048FD00F0BEF8E0
:10AA20004121022000F0F4FD41213062F5F712FCD3
:10AA30009121022000F0ECFD91217062F5F70AFCF3
:10AA4000404D4FF400744FF4967621462846F6F7B1
:10AA500097FD3046F5F7E5FFF7E70000040000201A
:10AA6000B00200204C43442049443A253034580079
:10AA7000E4BD01203800002063757272656E742099
:10AA80006272696768746E6573733A253375000086
:10AA900053544D33320000005446544C4344205428
:10AAA0004553540041544F4D40414C49454E544547
:10AAB0004B0000004B4559303A54657374205344A1
:10AAC000210000004B4559313A54657374206E6F74
:10AAD00072666C61736821004B4559323A54657354
:10AAE00074205352414D21004B45595F55503A5502
:10AAF000706461746520666F6E7421006E6F72669B
:10AB00006C6173682069642069732025640A000001
:10AB100068F1000825730000C0BB0120464C41537A
:10AB20004820436865636B204661696C6564210A4F
:10AB300000000000506C6561736520436865636BBD
:10AB400021200A000014024010B5064C00202168A4
:10AB500000F030FDD4F87811BDE81040002000F07E
:10AB600029BD0000F0C0012010B54FF4167100207F
:10AB700000F04EFD084C4FF400712060002000F002
:10AB800047FDC4F87801216811B108B1002010BD5B
:10AB9000FFF7DAFF012010BDF0C001202DE9FE4FC4
:10ABA0004FF4AF764FF4784710244FF48069DFF804
:10ABB000ECA24FF4FA751DE0B9A0CDE900401023D6
:10ABC000C822314602971E20FFF719FD2846F9F7E3
:10ABD0003BFFB7A0CDE900401023C82231460297C1
:10ABE0001E20FFF70CFD2846F9F72EFF4946504678
:10ABF000F6F7C6FC01F006F80028DDD1FAF782FB73
:10AC0000DFF8BC820122AFA1D8F80000FBF7D6F92B
:10AC1000AD4D0146E870ADA0F9F7C6F8E87848B93F
:10AC2000AFA0CDE900401023C822314602971E2074
:10AC3000FFF7E5FCE8784FF4007B0D2822D1AFA0A8
:10AC4000F9F7B2F8B1A0CDE900401023C82231468F
:10AC500002971E20FFF7D3FC00225B46114699A005
:10AC6000FAF704FCE870E8B1AEA0CDE9004010238B
:10AC7000C822314602971E20FFF7C1FC4FF47A70BC
:10AC8000F9F7E2FE0122ADA1D8F80400FBF796F92E
:10AC900028710146AAA0F9F787F828794FF4B97806
:10ACA00028B10EE0ACA0FBF7C5FBAFA0DDE7B4A078
:10ACB000CDE900401023C822414602971E20FFF72D
:10ACC0009EFC28794FF4C3760D2823D1B3A0F9F761
:10ACD0006BF8B7A0CDE900401023C8224146029787
:10ACE0001E20FFF78CFC00225B46114693A0FAF76A
:10ACF000BDFB2871002836D0B4A0CDE90040102358
:10AD0000C822414602971E20FFF779FC4FF47A7063
:10AD1000F9F79AFECB46B0464FF6FF796A4A69A02A
:10AD20001C32111FFAF7D6FA10B3AFA0CDE90040DC
:10AD30001023C8224646414602971E20FFF75FFCBB
:10AD4000C820F9F781FEA623F02231461E20CDF857
:10AD50000090FFF7B7F8C820F9F776FE594650463D
:10AD6000F6F70EFCDAE7A6A0FBF764FBA9A0C4E7A0
:10AD7000AFA0CDE900401F261023C822414602960D
:10AD80001E20FFF73CFCAFA0CDE900401023C822F5
:10AD90004FF4CD7102961E20FFF731FCAFA0CDE934
:10ADA00000404FF4D7781023C822414602961E2057
:10ADB000FFF725FCCDE90046A8690523820A4FF478
:10ADC000CD718E20FFF7E2FBCDE90046E86905234F
:10ADD000820A41468E20FFF7D9FB0020A8614FF47C
:10ADE000E178E8611BE0A3A1CDE900411023C8226E
:10ADF000029741461E20FFF702FCC820F9F724FE07
:10AE0000A623F02241461E20CDF80090FFF75AF805
:10AE1000C820F9F719FE59465046F6F7B1FB2A4A01
:10AE200046A01C32111FFAF755FA0028DBD196A074
:10AE3000CDE900401023C822414602961E20FFF7AC
:10AE4000DEFB97A0CDE900404FF4EB771023C8223A
:10AE5000394602961E20FFF7D2FB98A0CDE90040AC
:10AE60004FF4F5781023C822414602961E20FFF7C2
:10AE7000C6FBCDE90046A8690523820A39469E2013
:10AE8000FFF784FBCDE90046E8690523820A4146C5
:10AE90009E20FFF77BFBBDE8FE8F00000014024000
:10AEA00053442043617264204572726F7221000026
:10AEB000506C6561736520436865636B21200000F9
:10AEC000A4020020303A000038000020665F6D6F59
:10AED000756E74207364207265733A25750A0000DC
:10AEE0005344204469736B204D6F756E7420537505
:10AEF00063636573736564210000000073642066FA
:10AF000073206572726F72210A000000534420445E
:10AF100069736B20466F726D617474696E672E2E53
:10AF20002E0000005344204469736B20466F726DFD
:10AF30006174204572726F7220000000313A000087
:10AF4000665F6D6F756E7420666C617368207265E4
:10AF5000733A25750A000000303A414C49454E5479
:10AF6000454B5F53440000005344204469736B20F9
:10AF7000466F726D61742046696E697368000000E7
:10AF8000466C617368204469736B204D6F756E74F5
:10AF9000205375636365737365642100666C617328
:10AFA00068206673206572726F72210A00000000CB
:10AFB000466C617368204469736B20466F726D61E3
:10AFC0007474696E672E2E2E00000000466C61734B
:10AFD00068204469736B20466F726D6174204572FE
:10AFE000726F72200000000053442043617264209D
:10AFF0004661746673204572726F72210000000012
:10B00000313A414C49454E54454B5F464C415348BB
:10B0100000000000466C617368204469736B204631
:10B020006F726D61742046696E697368000000007C
:10B0300053442043617264204641544653204F4B91
:10B0400021000000534420546F74616C2053697ACE
:10B05000653A20202020204D420000005344204625
:10B060007265652053697A653A2020202020204DA2
:10B0700042000000464C41534820466174667320EC
:10B080004572726F72210000464C41534820436163
:10B090007264204641544653204F4B21000000006B
:10B0A000464C41534820546F74616C2053697A6553
:10B0B0003A20202020204D4200000000464C415301
:10B0C0004820467265652053697A653A2020202021
:10B0D00020204D42000000002DE9FF4700261746C2
:10B0E0000D460E60FCF70CF8002803DA0B2004B0C4
:10B0F000BDE8F087DB4951F8204094B12C602078FE
:10B1000007F0FE0520B16078FAF78DF8C1070AD084
:10B110002670B0466078FAF722F8C10708D00320FD
:10B12000E5E70C20E3E70DB1400704D40020DEE79B
:10B130001DB1400701D50A20D9E700212046F9F7C3
:10B14000EBF802281BD100264FEA0D0504EB061090
:10B1500000F20220FFF7E1FA45F82600761C042EE3
:10B16000F4D3002655F8261029B12046F9F7D4F873
:10B17000022801D203E00320761C042EF2D3042817
:10B180007DD002287CD2A56B4FF400764FF0FF3AB9
:10B1900001280CD004F14700FFF7F5FAB0426FD157
:10B1A00004F15200FFF7EFFA00286AD0A8E00B2064
:10B1B00002E0401C402806D2211891F83C100029DA
:10B1C000F7D040285CD304F1A400FFF7DCFAB0F517
:10B1D000807FE4D194F8A800012707FA00F0B0427C
:10B1E000DDD104F18400FFF7A3FAC14610EB050896
:10B1F00041EB0906012E43D204F19000FFF78DFACE
:10B20000206294F8AA00E070012839D194F8A900CE
:10B2100087403804000C608132D004F19800FFF7B9
:10B220007CFA9149074688422AD8B81C6562E061D9
:10B2300004F19400FFF771FA2844206304F18C00B4
:10B24000FFF76BFA2844A0626189226B7943521898
:10B2500049EB0900B8EB0201864111D304F19C00CF
:10B26000FFF75BFA00252E46E0626089B04207D9FD
:10B270002046E16AF9F7E3F88119204602E026E06A
:10B2800033E039E000F0F8F808BB761C601990F85C
:10B290003C00812804D02035ED05ED0DF6D1E4E722
:10B2A00060195030FFF739FA054602281DD3E069CE
:10B2B000A8421AD96289216BA81E02FB00106063A4
:10B2C000A06A00EBD511204600F0D6F808B10120A5
:10B2D0000DE705F07F0004EB80003C30FFF71DFA1E
:10B2E000411C03D06D1C8542EAD069E0C4F818A067
:10B2F0000426C4F814A0ADE004F16000FFF70DFAD5
:10B30000206294F84C70E770012F01D0022F57D1C2
:10B31000474394F849006081B0B3411E08424FD1C1
:10B3200004F14D00FFF72FFA2081000748D104F106
:10B330004F00FFF728FA060004D104F15C00FFF784
:10B34000ECF9064604F14A00FFF71DFA010037D078
:10B350002389C81900EB1312964231D3B01A6689BB
:10B36000B0FBF6F080B1DFF804C10026604500D8DC
:10B3700003264FF6F57C604500D8022640F6F57CA2
:10B38000604502D8012601E01AE0CEB1801C2A44B3
:10B3900022632944E061C4E90951032E12D07BB134
:10B3A0003944E162022E1ED000F0010100EB4000A2
:10B3B00001EB5000216A00F2FF10B1EB502F14D2C4
:10B3C0000D2094E604F16600FFF7DDF90028F7D1BF
:10B3D00020890028F4D104F16800FFF79EF9E062AB
:10B3E000E0698000E6E74000E4E7C4F818A08020A8
:10B3F000C4F814A06071032E2CD104F16C00FFF787
:10B40000C2F9012826D1691C204600F035F808BB96
:10B4100084F8058004F23A20FFF7B5F9A0F52A4137
:10B42000553917D104F13C00FFF777F910498842EC
:10B4300010D104F50870FFF770F90E49884209D160
:10B4400004F50970FFF769F9A06104F50A70FFF7C8
:10B4500064F9606103492670091F0888401C088050
:10B46000E08063E69C020020FDFFFF7FF5FFFF0FF9
:10B47000525261417272416170B50446806B0D4653
:10B480000026A8420FD0204600F0D6FD06000AD1C3
:10B49000607801232A4604F13C01F9F79BFE08B1CC
:10B4A000751E0126A563304670BD000030B5044608
:10B4B0000748084D002150F82400420005EB8400A5
:10B4C000406900F06FF80120291981F8200030BD93
:10B4D00004F10008100000202DE9F041204E044640
:10B4E000002530190F4690F8200010B93168204629
:10B4F00088474FF0FF3277B31A4B53F82410B7FB4D
:10B50000F1F0B7FBF1FC01FB1C7101B1401C1549C6
:10B510000C3951F82410491E20D406EB84067769B3
:10B5200037F811C0BCF1000F05D00025854213D1BA
:10B53000002285B208E06D1CF8E700BF776901EBD7
:10B54000020C521C27F81C508242F7D353F82400F7
:10B550004843BDE8F08101E0491EE1D51046F8E717
:10B560001000002010F1000810B50C4B0C4C00220C
:10B5700053F82030114604EB800005E0446934F8AC
:10B58000114004B1521C491C8B42F7D84FF47A7019
:10B590004243B2FBF3F080B210BD000004F100089A
:10B5A0001000002002E000BF00F8011B521EFBD279
:10B5B00070470000F0B4002923D0134B03EB800246
:10B5C0009468091B1C1894F8204084B10F4B53F861
:10B5D00020308B4215D90D4B0C3B53F82000B1FBAA
:10B5E000F0F1506930F811300020044607E0196886
:10B5F000F0BC084755690E18401C25F816409842C3
:10B60000F8DBF0BC70470000100000201CF10008BF
:10B6100010B50446FFF760FF411C05D0034901EB5C
:10B6200084018968084410BD002010BD100000206E
:10B6300070B5040300F032F900F0DAF80B4E4FF465
:10B640008045002229463046F5F7A2FF202000F071
:10B650004DFB204600F0B2F8012229463046F5F7AE
:10B6600097FFBDE8704000F0C3B80000000402403E
:10B6700070B50122164E950329463046F5F788FF2E
:10B68000012000F043FB00F04FF812490880A0F5BC
:10B690006F4118391BD1032000F06CF80446C00735
:10B6A00015D100F0FBF844F00201032000F04CF942
:10B6B000002229463046F5F76BFFB72000F016FB55
:10B6C00029463046BDE870400122F5F761BF70BDE4
:10B6D000000402400C0000202DE9F041DFF8448016
:10B6E00015460C4606464FF4804700223946404630
:10B6F000F5F74EFF032000F0F9FA204600F05EF85F
:10B70000002405E0FF2000F0F1FA3055641CA4B2DB
:10B71000AC42F7D339464046BDE8F0410122F5F787
:10B7200037BF00000004024070B5114E4FF4804551
:10B73000002229463046F5F72BFF902000F0D6FA7C
:10B74000002000F0D3FA002000F0D0FA002000F032
:10B75000CDFAFF2000F0CAFA0402FF2000F0C6FA7A
:10B760000443012229463046F5F712FF204670BDFA
:10B770000004024070B5012803D0022803D003283A
:10B7800003D0052402E0352400E015240A4E4FF4CE
:10B790008045002229463046F5F7FAFE204600F0A3
:10B7A000A5FAFF2000F0A2FA0446012229463046FD
:10B7B000F5F7EEFE204670BD0004024010B50446C9
:10B7C0000A480088A0F56F41183902D1200E00F018
:10B7D0008DFAC4F3074000F089FAC4F3072000F0A3
:10B7E00085FAE0B2BDE8104000F080BA0C000020FD
:10B7F00010B50120FFF7BEFFC007FAD110BD000051
:10B800002DE9F05FC1F30B06DFF88C800F0BC6F556
:10B810008054894682461546A24200D81446390310
:10B820008B464FF480524046FFF756FF002006E05B
:10B83000321818F80210FF2903D1401C80B2A04230
:10B84000F6D3A04222D23846FFF7F2FE002006E0EF
:10B850001AF800208319401C08F8032080B2A04287
:10B86000F6D359464FF480524FEA080000F02CF806
:10B87000A5420FD0281BA244A144002685B24FF454
:10B8800080547F1CA542CAD82C46C8E722464946A8
:10B890005046EBE7BDE8F09FBE02002070B5094DB1
:10B8A0004FF48044002221462846F5F771FE062019
:10B8B00000F01CFA21462846BDE870400122F5F749
:10B8C00067BE0000000402402DE9F05F8046C8B268
:10B8D000C0F580740E461546A24200D81446DFF823
:10B8E00064A04FF480494FF4807B00BFFFF7D6FF80
:10B8F000002249465046F5F74BFE022000F0F6F9CB
:10B900003046FFF75BFF002706E000BF18F807008E
:10B9100000F0ECF97F1CBFB2A742F7D301224946E1
:10B920005046F5F735FEFFF763FFA54208D0281B08
:10B93000A044264485B25C46A542D7D82C46D5E71C
:10B94000BDE8F09F000402402DE9F0410E460128B9
:10B9500003D0022803D0032803D0012402E03124BD
:10B9600000E011240A4F4FF4804500222946384652
:10B97000F5F70EFE204600F0B9F9304600F0B6F9B2
:10B9800029463846BDE8F0410122F5F701BE000026
:10B99000000402402DE9F04781460E4601F11A00ED
:10B9A000FEF7F1FE30BB3078012420F04000401E4D
:10B9B00000EB8001DFF84C8001EBC00500274FF65B
:10B9C000FF7A00BF18F807003044FEF7DCFE34B100
:10B9D000FF2D0FD829F8150004466D1C01E05045D5
:10B9E00008D17F1C0D2FEDD33078400608D53CB12F
:10B9F000FF2D02D90020BDE8F087002129F815109D
:10BA00000120F8E7E0F100082DE9F047022617468B
:10BA10000D46044602296FD3E069A8426CD920780C
:10BA20004FF00109012806D0022838D0032846D05B
:10BA3000042861D143E0A16A05EB550801EB5821C8
:10BA40002046FFF719FD060056D1C8F30800204430
:10BA50003C3008F10108E90704D00178FAB262F33A
:10BA60001F1100E03946017084F80490A16A204655
:10BA700001EB5821FFF700FD06003DD1C8F3080097
:10BA800020443C30E90702D0C7F3071105E00178F4
:10BA9000C7F3032201F0F001114301702AE0A06A0C
:10BAA00000EB15212046FFF7E7FC060024D1E8B2A1
:10BAB00004EB4000B9B23C3000F035FA1AE0A06A5D
:10BAC00000EBD5112046FFF7D7FC060014D140F259
:10BAD000FF1000EA8500217805193C35042905D0BE
:10BAE0002846FEF71AFE67F31B000746284639462C
:10BAF00000F0ECF984F804903046BDE8F0872DE9B9
:10BB0000F04788460568174606468A46C146022918
:10BB10005ED3E86940455BD96FB12878042802D12B
:10BB2000F079022807D04FF0FF3239462846FFF758
:10BB30006BFF00284DD141463046FBF747FA040021
:10BB400031D0012C44D0601C50D02878042806D075
:10BB5000002241462846FFF757FF002839D1D5E992
:10BB60000601891E884205D2401CA861687940F010
:10BB70000100687109F10100A04201D1A1460EE067
:10BB80002878042809D1A9EB0A0251460023284647
:10BB9000521CF8F783FB00281BD1A146CA46E8696E
:10BBA000A0464045C7D82878042829D12FB1F0797C
:10BBB000022528B103281BD022E00020F0711FE0ED
:10BBC000B4680EE021463046FBF700FA022802D2A4
:10BBD0000220BDE8F087411C08D0611C884202D1D8
:10BBE000641CBC42EED1BC4209D009E00120F0E760
:10BBF000B068B84204D8B1690844B84200D3F571BE
:10BC00000020E6E70E4910B5002088630846F6F7E5
:10BC10008FFA20B10BA0F8F7C7F8012010BD0E492C
:10BC20000748F6F759F94FF400610548F5F7FAFFB0
:10BC30000028F3D009A0F8F7B7F8022010BD0000E3
:10BC40000CBF012048414C5F53445F496E6974202A
:10BC50006572726F72210A004CBE012048414C5F30
:10BC600053445F436F6E66696757696465427573D5
:10BC70004F7065726174696F6E206572726F7221A8
:10BC80000A00000038B50A4C72B613460A4601464F
:10BC900008480094F6F744FB054602E0641E00D213
:10BCA0000125FBF749FA0028F8D162B6284638BDCD
:10BCB00000E1F5050CBF012038B50A4C72B61346F9
:10BCC0000A46014608480094F6F7B4FC054602E02F
:10BCD000641E00D20125FBF72FFA0028F8D162B6C6
:10BCE000284638BD00E1F5050CBF012001B582B042
:10BCF0004FF47A700090012301AA02A90248F6F7D6
:10BD000091FE9DF804000EBD50C001200B4910B5F6
:10BD10000A68136823F0400313600A6813684FF63B
:10BD2000C774234013600A68136843EAC0001060B8
:10BD30000868016841F04001016010BD50C0012059
:10BD40002DE9F04350488DB00024016841F04001D6
:10BD50000160016801F040010C91016841F00801A7
:10BD60000160016801F008010C91016841F00801CF
:10BD70000160016801F008010C91434908310A682B
:10BD800042F001020A60096801F001010C910168AA
:10BD900041F008010160016801F008010C9101689F
:10BDA00041F010010160016801F010010C9101687F
:10BDB00041F020010160016801F020010C9101684F
:10BDC00041F0400101600068022500F040000C9045
:10BDD0004FF4806001278DE8A1000C20CDE90350CD
:10BDE000DFF8A89069464846F5F7D4FA2020DFF836
:10BDF000A080009069464046F5F7CCFA10266946C7
:10BE000040460096F5F7C6FA4FF603708DE8A1009C
:10BE1000694640460395F5F7BDFA4FF683700090EA
:10BE200069461C48F5F7B6FA4FF23F0000906946A4
:10BE30001948F5F7AFFA3F20009069464846F5F7F4
:10BE4000A9FA16484FF0204105AA01601449416043
:10BE50000421C0E90214C0E9044684618902C46176
:10BE6000C0E90941C4620463446384630820CDE9E6
:10BE7000064005950894114608480B94F6F7C3FE52
:10BE80000DB0BDE8F08300003038024000180240D9
:10BE9000000C024000100240001402406CBE012061
:10BEA000040100A070B50C460646154691B204F197
:10BEB0001A0000F038F83078032806D1290C04F174
:10BEC0001400BDE8704000F02EB870BD0170090A82
:10BED0004170090A8170090AC170704710B5110AD2
:10BEE000027041EA036141701A0A090A41EA0261DB
:10BEF0008170120A090A41EA0261C170120A090A34
:10BF000041EA02610171120A090A41EA02614171C2
:10BF1000120A090A41EA0261120A8171090A41EA18
:10BF20000261C17110BD0170090A417070472DE9AD
:10BF3000F041054600680669304600F0E1F8014628
:10BF4000B01CFFF7F0FF777828467F1CE96CF9F703
:10BF5000BBF804464FF0010815E0A96B2868FFF70D
:10BF60008BFA040011D120223146E86BF4F759F91D
:10BF700029687F1E81F804800CD0002128462036D5
:10BF8000F8F7A6FE0446002CE7D0012C02D00220D0
:10BF9000BDE8F0812046FBE7014600200B22430864
:10BFA00003EBC01011F8013B521E1844C0B2F6D189
:10BFB0007047000070B5044600F03EF8050035D12A
:10BFC000207803282BD16079012828D1410204F17F
:10BFD0003C000646F4F73EF94AF6552104F23A20B1
:10BFE000FFF7A1FF12493046FFF770FF114904F532
:10BFF0000870FFF76BFF04F50970A169FFF766FF92
:10C0000004F50A706169FFF761FF626A0123521C3F
:10C01000A26360783146F9F708F9002060710022C8
:10C0200060781146F9F7A8F800B10125284670BDDF
:10C03000525261417272416170B504460079002527
:10C0400048B104F13C01607801230E46A26BF9F778
:10C05000ECF810B10125284670BD00202071A16BBD
:10C06000A06A0A1A206A8242F5D2E278022AF2D144
:10C070000A18607801233146F9F7D7F8EBE72DE984
:10C08000F0410568064615F8014B2046F8F7CDFC4F
:10C090004FF0FF3760B115F8010B402814D37E280C
:10C0A00003D9A0F180017E290ED800EB042084B2D0
:10C0B00034B14FF46A712046FAF73AFB040003D01A
:10C0C00020463560BDE8F0813846FBE770B50E4686
:10C0D00004004FF009050CD0206850B1017841B13F
:10C0E000A188C288914204D14078F9F79CF8C00732
:10C0F00003D000203060284670BD00252068F9E795
:10C1000030B5034640784FF4004442010020014618
:10C1100020320AE002290BD0C50700D0254605EBE6
:10C1200050005D5C284480B2491C9142F2D330BD7E
:10C130000321F9E770B5054600244FF4004612E0EC
:10C14000FAF76EFB80B2E10700D0314601EB5401F3
:10C15000C2B2114489B2CA0700D0324602EB510183
:10C1600001EB102084B235F8020B0028E8D12046FC
:10C1700070BDCA0701D04FF0004202EB51010844E4
:10C1800070470000000000000000000000000000F8
:10C1900000003F40000000000000000030004000B0
:10C1A00030004000000009000BC03D000BC03D0006
:10C1B000090018C024407FE02240318000001800B0
:10C1C00024C01B000D803240018003801C402740AA
:10C1D0001C800740004010006000000000000000CC
:10C1E00000000000000000001F80204040200000F0
:10C1F000402020401F8000000000090006001F8032
:10C20000060009000000040004003F800400040050
:10C2100000000010006000000000000000000400AA
:10C2200004000400040004000000000000400000BE
:10C23000000000000000002001C00600380040009F
:10C2400000001F802040204020401F800000000090
:10C2500010403FC000400000000018C021402240B4
:10C2600024401840000010802040244024401B80BF
:10C27000000002000D0011003FC0014000003C80A2
:10C28000244024402440238000001F802440244078
:10C290003440038000003000200027C03800200018
:10C2A00000001B802440244024401B8000001C0010
:10C2B00022C0224022401F800000000000000840F1
:10C2C000000000000000000000000460000000000A
:10C2D0000000000004000A00110020804040090016
:10C2E000090009000900090000000000404020800A
:10C2F00011000A0004001800200023402400180048
:10C3000000001F802040274029401F4000000040BF
:10C3100007C039000F0001C0004020403FC024404A
:10C3200024401B8000001F8020402040204030809F
:10C33000000020403FC0204020401F8000002040DF
:10C340003FC024402E4030C0000020403FC0244069
:10C350002E00300000000F0010802040224033806B
:10C36000020020403FC0040004003FC020402040A5
:10C3700020403FC0204020400000006020202020BE
:10C380003FC02000200020403FC024400B0030C0B0
:10C39000204020403FC020400040004000C03FC03F
:10C3A0003C0003C03C003FC0000020403FC00C40A8
:10C3B00023003FC020001F802040204020401F80DD
:10C3C000000020403FC024402400180000001F80CF
:10C3D0002140214020E01FA0000020403FC0244019
:10C3E000260019C0004018C024402440224031805B
:10C3F0000000300020403FC02040300000002000FE
:10C400003F80004000403F80200020003E0001C0EF
:10C41000070038002000380007C03C0007C0380083
:10C420000000204039C0060039C020400000200034
:10C43000384007C0384020000000304021C026406E
:10C44000384020C00000000000007FE04020402075
:10C450000000000070000C0003800040000000009D
:10C46000402040207FE0000000000000200040004D
:10C47000200000000000001000100010001000104C
:10C48000001000000000400000000000000000005C
:10C4900002800540054003C0004020003FC004402A
:10C4A0000440038000000000038004400440064074
:10C4B000000000000380044024403FC00040000012
:10C4C00003800540054003400000000004401FC0F9
:10C4D000244024402000000002E005500550065092
:10C4E000042020403FC00440040003C0004000007E
:10C4F000044027C00040000000000010001004109D
:10C5000027E00000000020403FC00140070004C0B9
:10C510000440204020403FC000400040000007C0D1
:10C52000040007C0040003C00000044007C004402A
:10C53000040003C000400000038004400440038066
:10C540000000041007F004500440038000000000C5
:10C5500003800440045007F00010044007C002406C
:10C56000040004000000000006400540054004C02F
:10C570000000000004001F80044000400000040090
:10C5800007800040044007C000400400070004C0CA
:10C59000018006000400060001C0070001C006007B
:10C5A0000000044006C0010006C004400000041062
:10C5B000071004E00180060004000000044005C0EC
:10C5C0000640044000000000000004007BE0402022
:10C5D0000000000000000000FFF00000000000006C
:10C5E00040207BE00400000000004000800040008C
:10C5F00020002000400000000000000000000000BB
:10C600000000000000000000000000001FCC000C33
:10C61000000000000000000008003000600008007A
:10C62000300060000000022003FC1E20022003FCFA
:10C630001E200220000000000E1811043FFF10848D
:10C640000C78000000000F0010840F3800C007783D
:10C6500018840078000000780F8410C411240E980C
:10C6600000E400840008080068007000000000007A
:10C6700000000000000000000000000007E01818A3
:10C68000200440020000000040022004181807E0C7
:10C690000000000000000240024001800FF0018015
:10C6A0000240024000000080008000800FF80080FF
:10C6B0000080008000000001000D000E000000005E
:10C6C000000000000000000000800080008000806A
:10C6D0000080008000800000000C000C00000000C2
:10C6E000000000000000000000060018006001804B
:10C6F000060018002000000007F0080810041004CD
:10C70000080807F000000000080408041FFC0004EB
:10C7100000040000000000000E0C1014102410444F
:10C7200011840E0C000000000C18100411041104F8
:10C7300012880C700000000000E00320042408248C
:10C740001FFC0024000000001F9810841104110435
:10C75000108810700000000007F008881104110410
:10C7600018880070000000001C00100010FC13006E
:10C770001C001000000000000E38114410841084CA
:10C7800011440E38000000000700088C10441044CB
:10C79000088807F00000000000000000030C030CF4
:10C7A0000000000000000000000000010106000081
:10C7B0000000000000000000008001400220041082
:10C7C000080810040000022002200220022002209B
:10C7D00002200220000000001004080804100220BB
:10C7E00001400080000000000E001200100C106CD0
:10C7F00010800F00000003E00C1813E4142417C489
:10C80000082807D000000004003C03C41C40074077
:10C8100000E4001C000410041FFC110411041104A6
:10C820000E880070000003E00C18100410041004BF
:10C8300010081C10000010041FFC10041004100449
:10C84000080807F0000010041FFC1104110417C4AD
:10C8500010040818000010041FFC1104110017C078
:10C8600010000800000003E00C181004100410442D
:10C870001C780040000010041FFC10840080008021
:10C8800010841FFC10040000100410041FFC10048E
:10C8900010040000000000030001100110011FFE41
:10C8A00010001000000010041FFC11040380146429
:10C8B000181C1004000010041FFC100400040004E5
:10C8C0000004000C000010041FFC1F0000FC1F00EF
:10C8D0001FFC1004000010041FFC0C04030000E007
:10C8E00010181FFC100007F00808100410041004B2
:10C8F000080807F0000010041FFC1084108010804E
:10C9000010800F00000007F0081810241024101CDD
:10C91000080A07F2000010041FFC1104110011C0E6
:10C9200011300E0C000400000E1C11041084108441
:10C9300010441C3800001800100010041FFC1004E4
:10C9400010001800000010001FF81004000400047C
:10C9500010041FF8100010001E0011E0001C0070F1
:10C9600013801C0010001FC0103C00E01F0000E0FE
:10C97000103C1FC000001004180C163401C001C088
:10C980001634180C100410001C00130400FC1304CF
:10C990001C00100000000804101C10641084130414
:10C9A0001C04101800000000000000007FFE400280
:10C9B000400240020000000030000C0003800060D4
:10C9C000001C0003000000004002400240027FFE05
:10C9D00000000000000000000000200040004000B7
:10C9E00040002000000000010001000100010001E2
:10C9F0000001000100010000400040002000000094
:10CA000000000000000000000098012401440144DF
:10CA1000014400FC000410001FFC00880104010414
:10CA2000008800700000000000700088010401040C
:10CA30000104008800000000007000880104010467
:10CA400011081FFC0004000000F8014401440144E7
:10CA5000014400C800000000010401040FFC11049F
:10CA6000110411001800000000D601290129012934
:10CA700001C90106000010041FFC00840100010030
:10CA8000010400FC000400000104190419FC000466
:10CA90000004000000000000000300010101190172
:10CAA00019FE0000000010041FFC0024004001B427
:10CAB000010C010400000000100410041FFC00041D
:10CAC000000400000000010401FC0104010001FC5D
:10CAD0000104010000FC010401FC008401000100CC
:10CAE000010400FC0004000000F80104010401043A
:10CAF000010400F80000010101FF008501040104A8
:10CB0000008800700000000000700088010401042B
:10CB1000010501FF00010104010401FC008401047E
:10CB2000010001800000000000CC01240124012448
:10CB300001240198000000000100010007F8010431
:10CB4000010400000000010001F8000400040004DA
:10CB5000010801FC0004010001800170000C0010BC
:10CB600001600180010001F0010C003001C00030C3
:10CB7000010C01F0010000000104018C007401703F
:10CB8000018C01040000010101810171000E0018F7
:10CB900001600180010000000184010C01340144A6
:10CBA0000184010C000000000000000000000100F2
:10CBB0003EFC400240020000000000000000FFFFB9
:10CBC0000000000000000000400240023EFC0100A6
:10CBD00000000000000000006000800080004000B5
:10CBE00040002000200000000000000000000000C5
:10CBF0000000000000000000000000000000000035
:10CC00000000000000000000000000000000000024
:10CC10000000000000000000000F80380FFE380FF9
:10CC2000803800000000000000000000000000004C
:10CC3000000000000100000600000C0000380000A9
:10CC40003100000600000C00003800003000000039
:10CC500000000000000061800067F807F9800061B3
:10CC6000800061800061800061800067F807F980C2
:10CC700000618000000000000000000001C0E0032F
:10CC8000E0F00630080418081FFFFE040E080787AE
:10CC9000F00381E000000000000001F000060C003D
:10CCA000040408060C7001F9C0000E00003BE0000F
:10CCB000EC18070808040C180003E000000000014D
:10CCC000E00007F003F818041C0804170807E1D077
:10CCD00003C0E00023B0003C080020080000100062
:10CCE00000000000000100003100003200001C00C4
:10CCF0000000000000000000000000000000000034
:10CD00000000000000000000000000000000000023
:10CD10000000000000007F0001FFC00780F00C0051
:10CD20001810000420000200000000000020000293
:10CD30001000040C00180780F001FFC0007F000005
:10CD400000000000000000000000000000000000E3
:10CD500000004200006600006600003C0000180071
:10CD600003FFC0001800003C0000660000660000E1
:10CD70004200000000000800000800000800000851
:10CD80000000080001FFC0000800000800000800C3
:10CD90000008000008000000000000010000310051
:10CDA000003200001C000000000000000000000035
:10CDB000000000000000000000000000000008006B
:10CDC000000800000800000800000800000800003B
:10CDD0000800000800000800000800000000000033
:10CDE000000000000000380000380000380000009B
:10CDF0000000000000000000000000000000000033
:10CE0000000000000000000600001C00007000018F
:10CE100080000E0000380000C0000700001C000069
:10CE2000300000000000000000007F8001FFE003F0
:10CE3000807006001804000804000806001803802B
:10CE40007001FFE0007F8000000000000000000093
:10CE500001000801000801000803FFF807FFF800BF
:10CE600000080000080000080000000000000000AA
:10CE70000001C03802C058040098040118040218C8
:10CE8000040418061C1803F81801E0F8000000005C
:10CE9000000000000001C0E003C0F0040008040826
:10CEA0000804080806180803F41801E7F00001E078
:10CEB000000000000000000000000300000D000062
:10CEC000110000610000810803010807FFF80FFF4F
:10CED000F80001080001080000000000000000E068
:10CEE00007FCD006080806100806100806100806F9
:10CEF0001838060FF00607C0000000000000000010
:10CF000000003F8001FFE00384300208180410088D
:10CF1000041008041008071810030FF00007C000E1
:10CF2000000000000000000003C000070000060031
:10CF3000000600F80607F806180006E000070000E3
:10CF400006000000000000000001E1E003F7F00629
:10CF50003410041808041808040C08040C080616F9
:10CF60001803F3F001C1E000000000000000F80029
:10CF700003FC300306380402080402080402080413
:10CF800004100308F001FFC0007F00000000000053
:10CF900000000000000000000000000000007038E9
:10CFA0000070380070380000000000000000000031
:10CFB0000000000000000000000000000000000071
:10CFC0000000301A00301C000000000000000000CB
:10CFD0000000000000000000000000000008000049
:10CFE0001400002200004100008080010040020087
:10CFF00020040010080008000000000000002100CC
:10D00000002100002100002100002100002100007B
:10D01000210000210000210000210000000000008C
:10D020000000000008000804001002002001004079
:10D030000080800041000022000014000008000071
:10D04000000000000003C00004C00004000008004D
:10D0500038080F380808380810000C300007E000C6
:10D0600003C000000000000000003F8000FFE0035C
:10D070008070020F1006708804C088048308047F43
:10D080008802C09003012000FE4000000800001844
:10D090000001F8003E0801C20007020007E200009C
:10D0A000FE00001FC80001F800003800000804005E
:10D0B0000807FFF807FFF804080804080804080830
:10D0C00004080806180803F41801E7F00001E0005E
:10D0D0000000000000003F8001FFE00380700200BC
:10D0E00018040008040008040008040010060020CA
:10D0F0000780C000000004000807FFF807FFF804DD
:10D10000000804000804000804001802001003804E
:10D110007001FFE0007F8000000004000807FFF8B6
:10D1200007FFF804080804080804080804080804AD
:10D130003E0804000806001801006000000004001A
:10D140000807FFF807FFF8040808040800040800AF
:10D15000040800043E0006000006000001800000F4
:10D160000000000000003F8001FFE0038070060027
:10D17000180400080402080402080203F00783F000
:10D1800000020000020004000807FFF807FFF8048F
:10D190000808000800000800000800000800040853
:10D1A0000807FFF807FFF80400080000000000006F
:10D1B00004000804000804000807FFF807FFF8044B
:10D1C000000804000804000800000000000000003F
:10D1D0000000000600000700000104000104000137
:10D1E00004000307FFFE07FFFC0400000400000426
:10D1F000000004000807FFF807FFF8040C080018F7
:10D2000000003E0004C7800503C80600F80400388B
:10D2100004001800000804000807FFF807FFF804DE
:10D2200000080000080000080000080000080000D6
:10D230000800001800006000000004000807FFF864
:10D2400007800807FC00007FC00003F80007C0004B
:10D25000780007800807FFF807FFF80400080400BB
:10D260000807FFF807000803C00000E000003800CE
:10D27000001E000007000001C00400F007FFF804D2
:10D280000000000000007F8001FFE00380700600C6
:10D290001804000804000806001803003001FFE02D
:10D2A000007F8000000004000807FFF807FFF80473
:10D2B0000408040400040400040400040400060C30
:10D2C0000003F80001F000000000000000007F8073
:10D2D00001FFE00380700600880400880400C8068F
:10D2E000003C03003E01FFE6007F840000000400D4
:10D2F0000807FFF807FFF8040808040800040C00FA
:10D30000040F00040BC00610F003F03801E0080021
:10D31000000800000001E0F803F0300630100418A7
:10D3200008041808040C08040C080206180207F088
:10D330000781E000000001800006000004000004F6
:10D34000000004000807FFF807FFF80400080400C5
:10D350000004000006000001800004000007FFE058
:10D3600007FFF00400180000080000080000080093
:10D37000000800000804001007FFE004000004009B
:10D380000006000007E00007FE00041FE00001F8AF
:10D390000000380001E0043E0007C0000600000461
:10D3A000000004000007E00007FFC0041FF80007AA
:10D3B000C007F80007FF80043FF80007C004F8002A
:10D3C0000700000400000000000400080600180721
:10D3D000C07805F1C8003E00001F800463E80780A4
:10D3E000F806001804000800000004000006000011
:10D3F00007800007E008047C08001FF80007F80019
:10D40000180804E0080700000600000400000000FF
:10D41000000100080600380400F80403E8040F08BF
:10D42000047C0805F00807C0080700180400600025
:10D4300000000000000000000000000000000000EC
:10D44000003FFFFE20000220000220000220000218
:10D45000200002000000000000000000080000079B
:10D46000000000C0000038000006000001C00000FD
:10D470003000000E0000010000000000000000006D
:10D480002000022000022000022000022000023FB3
:10D49000FFFE00000000000000000000000000008F
:10D4A0000000000000000008000010000030000034
:10D4B0002000003000001000000800000000000004
:10D4C0000000000001000001000001000001000058
:10D4D0000100000100000100000100000100000146
:10D4E000000001000001000000000000000000201A
:10D4F00000002000001000001000000000000000EC
:10D50000000000000000000000000000000000F02B
:10D510000019F8001B180022080026080024080043
:10D520002410003FF8001FF8000008000018000059
:10D530000004000007FFF80FFFF0001818001008A3
:10D54000002008002008003018001FF0000FC00065
:10D5500000000000000007C0001FF000183000208D
:10D5600008002008002008003C08001C1000006093
:10D570000000000000000000000007C0001FF000D5
:10D58000381800200800200800200804101007FFA9
:10D59000F80FFFF000001000000000000000000085
:10D5A0000007C0001FF000123000221800220800FF
:10D5B0002208003208001E10000E200000000000AB
:10D5C0000000200000200800200801FFF803FFF8F9
:10D5D000062008042008042008072000030000009B
:10D5E000000000000000000E000E6E001FF300316E
:10D5F000B10020B10020B1003191001F13002E1E98
:10D6000000200E00300000000004000807FFF80FA3
:10D61000FFF8001008002000002000002008003F54
:10D62000F8001FF8000008000000000000000000E3
:10D63000002008002008002008063FF8063FF800F8
:10D6400000080000080000080000000000000000C2
:10D650000000000000000300000300200100200182
:10D66000002003063FFE063FFC0000000000000013
:10D67000000000000004000807FFF80FFFF8000199
:10D6800088000300002FC00038F800203800200870
:10D690000000080000000000000000000400080472
:10D6A000000804000807FFF80FFFF800000800005A
:10D6B00008000008000000000000002008003FF8FB
:10D6C000003FF8001008002000003FF8003FF8007D
:10D6D0001008002000003FF8003FF800000800009C
:10D6E00000002008003FF8003FF80010080010007C
:10D6F000002000002008003FF8001FF8000008008C
:10D7000000000000000007C0000FF00018300030DB
:10D7100008002008002008003008001830000FF032
:10D720000007C0000000000000002001003FFF00D3
:10D730003FFF0010110020090020080020080030E1
:10D7400038001FF0000FC00000000000000007C0FC
:10D75000001FF000381800200800200800200900F1
:10D760001011001FFF003FFF00000100000000201B
:10D7700008002008002008003FF8003FF8000808D3
:10D7800000100800200800200000300000300000D9
:10D790000000000000000000000C78001E1800339C
:10D7A000080023080021080021880021980030F09B
:10D7B0000038600000000000000020000020000091
:10D7C000200000FFF003FFF80020080020080020E0
:10D7D00008000030000000000000000000002000F1
:10D7E000003FF0007FF8000018000008000008006B
:10D7F0002010003FF8007FF0000010000000000043
:10D8000000002000003000003C00003F800023F0BA
:10D81000000078000070002380003C000030000011
:10D820002000002000003C00003FE00023F8000042
:10D83000E0002700003E00003FE00021F80001E08A
:10D84000003E00002000000000002008002008002A
:10D850003838003E680027800003C8002CF80038E4
:10D860003800201800200800000000000000200000
:10D87000003003003C01003F830023EC00007000F7
:10D880002380003C00002000002000000000000079
:10D89000000000000038080020380020F80023E8CD
:10D8A000002F88003E080038080020180000700093
:10D8B0000000000000000000000000000000000068
:10D8C000000008000014001FF7FC300006200002D2
:10D8D0000000000000000000000000000000000048
:10D8E0000000000000000000FFFFFF00000000003B
:10D8F0000000000000000000000000000000000028
:10D900002000023000061FF7FC0014000008000091
:10D910000000000000000000000000000000000007
:10D9200000180000600000400000400000200000DF
:10D930001000000800000400000400000C000010AB
:10D9400000000000000000000000000000000000D7
:10D9500000000000000000000000000000000000C7
:10D9600000000000000000000000000000000000B7
:10D9700000000000000000000000000000000000A7
:10D980000000000000000000000000000000000097
:10D990000000000000000000000007F000C007FFCA
:10D9A000E1E007F001E0000000C00000000000001E
:10D9B0000000000000000000000000000000000067
:10D9C000000000000000000000000020000001C076
:10D9D0000000078000001F0000001E0000001C2047
:10D9E000000001C00000078000001F0000001E00B2
:10D9F00000001C000000000000000000000000000B
:10DA000000000000000000180C0000180C000018B6
:10DA10000FE0001FFC0003F80C0000180C000018B9
:10DA20000C0000180C0000180C0000180FE0001F7C
:10DA3000FC0003F80C0000180C0000180C0000009B
:10DA400000000000000000000000000007800078D7
:10DA500007C000FC0640010E00200307002002035F
:10DA600080200FFFFFFC0201C0200200E0600130B7
:10DA7000704001F03F8000F01F0000000000000037
:10DA8000000000FE000001FF000003018000020012
:10DA90008060030181C001FF070000FE1800000044
:10DAA000E0000003BF00000CFFC00071806001C1F6
:10DAB0000020030180600000FFC000003F00000064
:10DAC000000000001F0000007FC000FCC0C001FF7C
:10DAD00080600303E0200202782002061E2003FC7F
:10DAE000074001F00380000103C000011C60000139
:10DAF000E020000100200001004000000180000043
:10DB0000000000000000002000001C6000001C401D
:10DB100000001F8000000F00000000000000000057
:10DB200000000000000000000000000000000000F5
:10DB300000000000000000000000000000000000E5
:10DB400000000000000000000000000000000000D5
:10DB500000000000000000000000000000000007BE
:10DB6000F800003FFF00007807C001C000E003009C
:10DB7000003004000008080000041000000200004B
:10DB80000000000000001000000208000004040073
:10DB900000080300003001C000E0007807C0003F2B
:10DBA000FF000007F8000000000000000000000077
:10DBB0000000000000000000000000000000000065
:10DBC00000000000000000000000000C1800000E23
:10DBD0003800000E380000063000000360000061CD
:10DBE000438000FFFF8000614300000360000006E7
:10DBF0003000000E3800000E3800000C1800000045
:10DC00000000000000000000000000008000000094
:10DC10008000000080000000800000008000000004
:10DC20008000007FFF0000008000000080000000F6
:10DC300080000000800000008000000080000000E4
:10DC400000000000000000000001000000E30000F0
:10DC500000E2000000FC000000780000000000006E
:10DC600000000000000000000000000000000000B4
:10DC700000000000000000000000000000000000A4
:10DC80000000000000000000800000008000000094
:10DC90008000000080000000800000008000000084
:10DCA0008000000080000000800000008000000074
:10DCB0008000000080000000800000008000000064
:10DCC00000000000000000000000000000C0000094
:10DCD00001E0000001E0000000C0000000000000C2
:10DCE0000000000000000000000000000000000034
:10DCF0000000000000000000000000000000000024
:10DD00000000000000000000000C000000380000CF
:10DD100000E00000038000000E000000380000005A
:10DD2000E00000038000000E00000038000000E06A
:10DD30000000038000000E0000001800000000003A
:10DD400000000000000000000000000FF800007F4D
:10DD5000FF0000F00780018000C0030000600200A7
:10DD6000002002000020020000200300006001806B
:10DD700000C000E00380007FFF00000FF8000000FB
:10DD80000000000000000000000000000000008013
:10DD9000002000800020008000200080006001FF43
:10DDA000FFE003FFFFE00000006000000020000033
:10DDB0000020000000200000000000000000000023
:10DDC00000000000000000000000007800E0009863
:10DDD00001600100026002000460020008600200AD
:10DDE0001060020020600200406003008060018338
:10DDF000006001FE00E0007C0780000000000000E1
:10DE00000000000000000000000000F0078001F0AA
:10DE100007C00100004002000020020100200201B2
:10DE2000002002010020030380200186804001FCC5
:10DE3000C0C000787F8000001E00000000000000CD
:10DE40000000000000000000080000003800000092
:10DE500048000001880000060800000C081000308F
:10DE600008100040081001FFFFF003FFFFF003FF60
:10DE7000FFF000000810000008100000081000006B
:10DE80000000000000000000000000000780001FEC
:10DE9000864003E100200302002003040020030465
:10DEA00000200304002003040020030600400303B5
:10DEB00001C00301FF8003007E000000000000009D
:10DEC000000000000000000000000007FC00003F10
:10DED000FF000070C380008180C001010060030268
:10DEE00000200202002002020020020200200203A1
:10DEF000004001C180C000C0FF8000007E00000023
:10DF00000000000000000000000000F0000003C05E
:10DF100000000380000003000000030007E003008E
:10DF20003FE00301C0000306000003180000036087
:10DF3000000003800000030000000000000000005B
:10DF400000000000000000001F0000783F8000FC7F
:10DF500060C0018EC0400307802002030020020140
:10DF60008020020180200201C0200301E0400186E0
:10DF700070C000FC3F8000781F000000000000001F
:10DF8000000000000000003F000000FF81C001C051
:10DF9000C1C00100602002002020020020200200F9
:10DFA000202002002060020040C00100C18000C1AA
:10DFB0008F00007FFE00001FF00000000000000046
:10DFC0000000000000000000000000000000000051
:10DFD00000000000000000000000000300C0000777
:10DFE00081E0000781E0000300C0000000000000A5
:10DFF0000000000000000000000000000000000021
:10E000000000000000000000000000000000000010
:10E01000000000000000000000000006006600068E
:10E020000078000000000000000000000000000078
:10E0300000000000000000000000000000000000E0
:10E04000000000000000000000000000800000014F
:10E05000C0000003600000063000000C180000182B
:10E060000C00003006000060030000C001800100C9
:10E07000004002000020040000100000000000002A
:10E080000000000000000004100000041000000464
:10E090001000000410000004100000041000000430
:10E0A0001000000410000004100000041000000420
:10E0B0001000000410000004100000041000000014
:10E0C000000000000000000000000400001002003A
:10E0D00000200100004000C001800060030000300B
:10E0E000060000180C00000C1800000630000003A9
:10E0F00060000001C000000080000000000000007F
:10E10000000000000000000000000078000001F89E
:10E1100000000238000002000000040000C00400FB
:10E1200079E0040081E0040100C004030000020261
:10E1300000000306000001FC000000F800000000E1
:10E14000000000000000000FF800003FFE0000701B
:10E15000078000C000C00101F8400307FC20021E38
:10E1600004200230082002203020023FFC20013F22
:10E17000044001800CC000E03180001FC20000009C
:10E1800000000000002000000060000003E000002C
:10E190003E200003E020003E200003E0200003803A
:10E1A000200007FC2000003FE0000003FE200000EC
:10E1B0003FE0000001E0000000200000002000001F
:10E1C000000000000000020000200200002003FF09
:10E1D000FFE003FFFFE00201002002010020020136
:10E1E000002002010020020100200303002001861C
:10E1F000806001FCC0C000F87F8000001F000000AC
:10E200000000000000000007F800003FFF00007061
:10E21000078000C000C00100004003000020020091
:10E220000020020000200200002002000020010067
:10E230000040018000C003C00180003006000000E3
:10E24000000000000000020000200200002003FF88
:10E25000FFE003FFFFE002000020020000200200B8
:10E260000020020000200300006001000040018047
:10E2700000C000F00780007FFE00000FF8000000E3
:10E28000000000000000020000200200002003FF48
:10E29000FFE003FFFFE00201002002010020020175
:10E2A0000020020100200201002002038020020F52
:10E2B000E0200300006003C000E0006003000000F5
:10E2C000000000000000020000200200002003FF08
:10E2D000FFE003FFFFE00201002002010020020135
:10E2E0000000020100000201000002010000020320
:10E2F0008000030FE0000300000003C00000006086
:10E300000000000000000007F800003FFE00007061
:10E31000078001C001C0010000400300002002008E
:10E320000020020000200200002001002020010047
:10E33000204003C03F8000303F80000020000000EC
:10E340002000020000200200002003FFFFE003FF86
:10E35000FFE002008020020080200000800000001A
:10E36000800000008000020080200200802003FF67
:10E37000FFE003FFFFE00200002002000020000099
:10E38000000000000000000000000000000002008B
:10E39000002002000020020000200200002003FFF5
:10E3A000FFE003FFFFE00200002002000020020067
:10E3B000002002000020000000000000000000001B
:10E3C0000000000000000000000E0000000F000030
:10E3D000000F000000010200000102000001020025
:10E3E00000030200000603FFFFFC03FFFFF802002A
:10E3F0000000020000000200000002000000000017
:10E40000000000000000020000200200002003FFC6
:10E41000FFE003FFFFE00200C02002010020000730
:10E420008000000FE0000030F80002603E20038012
:10E430000F20030003E0020000E0020000200000C3
:10E44000002000000000020000200200002003FF66
:10E45000FFE003FFFFE002000020020000200000B8
:10E46000002000000020000000200000002000002C
:10E47000002000000060000000E000000300000039
:10E480000000020000200200002003FFFFE003E084
:10E49000002003FF0020001FF0000001FF800000AB
:10E4A0000FE000001E000003E000003E002003E03B
:10E4B000002003FFFFE003FFFFE002000020020056
:10E4C0000020020000200200002003FFFFE0038084
:10E4D000002003F0002000FC0000001F00000007E7
:10E4E000C0000001F00000007C0002001F8002005C
:10E4F00007E003FFFFE00200000002000000000050
:10E50000000000000000000FF800003FFE0000F0D7
:10E510000780018000C001000040020000200200CE
:10E5200000200200002002000020010000400180C5
:10E5300000C000F00380003FFE00000FF800000064
:10E54000000000000000020000200200002003FF85
:10E55000FFE003FFFFE002008020020080200200B5
:10E5600080000200800002008000020080000301A1
:10E5700080000183000000FE0000007C000000001D
:10E58000000000000000000FF800007FFF0000F016
:10E590000380018001C00100064002000420020047
:10E5A000042002000620020003E0010000F80180C0
:10E5B000005C00E0038C003FFF0C000FFC18000023
:10E5C000000000000000020000200200002003FF05
:10E5D000FFE003FFFFE00201002002010020020132
:10E5E00080000201E0000201FC0003033F8001867D
:10E5F00007E001FC00E000F800200000002000001F
:10E60000000000000000000000000078060000FE8E
:10E6100001E0018600C00303004002030020020164
:10E620008020020180200201C0200200C0200100E1
:10E63000E060018070C003E03F8000001F00000028
:10E6400000000000000000600000038000000300E4
:10E65000000002000000020000200200002003FF72
:10E66000FFE003FFFFE002000020020000200200A4
:10E670000000020000000380000000E00000000035
:10E680000000020000000200000003FFFF0003FF83
:10E69000FFC00200004002000060000000200000F7
:10E6A00000200000002000000020020000400200C6
:10E6B000008003FFFF0002000000020000000000D5
:10E6C000000000000000020000000200000003C083
:10E6D000000003FC0000023FC0000003F80000003F
:10E6E0007F80000007E00000078000007800020340
:10E6F000C000023C000003C0000002000000020055
:10E7000000000200000003C0000003FF8000023F81
:10E71000FE0002007FE000000F000200F00003EFA7
:10E72000000003FF8000020FFE0000003FE0000039
:10E730001F000207E00003F80000030000000200D1
:10E740000000000000000200002002000020038002
:10E7500000E003F0032002FC0C20021F3000000741
:10E76000C0000007F00002187C0002601F20038038
:10E7700003E0020000E00200002000000020000092
:10E78000000000000000020000000300000003C0C1
:10E79000000003F80000023E0020020FC02000012C
:10E7A000FFE000007FE000038020021C00200270D8
:10E7B00000000380000002000000020000000000D2
:10E7C00000000000000000000020006000E0038066
:10E7D00003E003000FA002003E200200F820020325
:10E7E000E020020F8020023E00200278002003E09B
:10E7F0000060038000E00200030000000000000051
:10E800000000000000000000000000000000000008
:10E81000000000000000000000001FFFFFFC1000CF
:10E820000004100000041000000410000004100098
:10E8300000041000000410000004000000000000AC
:10E8400000000000000000000000000000000700C1
:10E85000000003C0000000780000001E000000035C
:10E86000C0000000F00000001E0000000780000053
:10E8700000F00000003C0000000600000000000066
:10E880000000000000000000000010000004100064
:10E890000004100000041000000410000004100028
:10E8A0000004100000041FFFFFFC00000000000037
:10E8B0000000000000000000000000000000000058
:10E8C0000000000000000000000000000000000048
:10E8D0000000020000000400000008000000180012
:10E8E00000001000000018000000180000000400E4
:10E8F0000000020000000000000000000000000016
:10E900000000000000010000000100000001000004
:10E9100000010000000100000001000000010000F3
:10E9200000010000000100000001000000010000E3
:10E9300000010000000100000001000000010000D3
:10E9400000010000000000000000000000001000B6
:10E950000000100000001000000018000000080077
:10E9600000000400000000000000000000000000A3
:10E970000000000000000000000000000000000097
:10E980000000000000000000038000018FC00003B1
:10E990008C600006182000041020000410200004E1
:10E9A000202000042040000620400003FFC000019A
:10E9B000FFE00000002000000020000000C0000078
:10E9C000000000000000020000000200000003FF41
:10E9D000FFE007FFFFC0000180C0000200600002EE
:10E9E0000020000400200004002000040020000695
:10E9F0000040000300C00001FF800000FE00000096
:10EA00000000000000000000000000007E00000187
:10EA1000FF80000381C000020040000600200004C7
:10EA20000020000400200004002000060020000355
:10EA3000C0400001C0800000030000000000000092
:10EA40000000000000000000000000007E00000147
:10EA5000FF80000380C00006006000040020000466
:10EA6000002000040020020400400202008003FF96
:10EA7000FFE007FFFFC00000004000000040000072
:10EA80000000000000000000000000007E00000107
:10EA9000FF80000311C00002104000041060000459
:10EAA0001020000410200004102000061020000395
:10EAB00010400001F0C000007100000000000000E4
:10EAC000000000000000000000000004000000043E
:10EAD00000200004002000040020007FFFE001FF70
:10EAE000FFE00104002003040020020400200204CF
:10EAF0000020020400000200000001C0000001C06C
:10EB0000000000000000000000000000001C0000E9
:10EB1000E33E0003FFC200020CC3000404C1000472
:10EB200004C1000404C1000404C100060CC10003B8
:10EB3000F8C30005F0620006007E0006003C0000FD
:10EB4000000000000000020000200200002003FF7F
:10EB5000FFE007FFFFE000010020000200200006A8
:10EB60000000000400000004000000040020000673
:10EB700000200003FFE00001FFE000000020000093
:10EB80000020000000000000000000000000000461
:10EB9000002000040020000400200004002003875F
:10EBA000FFE0038FFFE00380002000000020000052
:10EBB0000020000000200000000000000000000015
:10EBC0000000000000000000000000000000000045
:10EBD0000006000000070000000100000001000422
:10EBE0000001000400010004000300040006038784
:10EBF000FFFC038FFFF8038000000000000000000E
:10EC0000000000000000020000200200002003FFBE
:10EC1000FFE007FFFFE000000820000010200000D8
:10EC200030000000FC0000058E00000707A0000671
:10EC300001E0000400E000040020000000200000CB
:10EC400000000000000000000000000000000200C2
:10EC5000002002000020020000200200002003FF2C
:10EC6000FFE007FFFFE000000020000000200000A0
:10EC70000020000000200000000000000000000054
:10EC8000000000000000000400200007FFE0000F6B
:10EC9000FFE0000200200004000000040020000744
:10ECA000FFE00003FFE00002002000040000000479
:10ECB00000200007FFE00003FFE00000002000004C
:10ECC00000000000000000040020000400200007F5
:10ECD000FFE0000FFFE00001002000020020000222
:10ECE00000000004000000040000000400200006F2
:10ECF00000200003FFE00001FFE000000020000012
:10ED00000020000000000000000000007E00000065
:10ED1000FF80000381C000020040000600200004C4
:10ED20000020000400200004002000060020000253
:10ED30000040000381C00001FF8000007E00000051
:10ED400000000000000000040001000400010007B2
:10ED5000FFFF000FFFFF000100C10002004100049F
:10ED60000020000400200004002000040020000611
:10ED70000040000301C00001FF8000007E00000091
:10ED80000000000000000000000000007E00000104
:10ED9000FF80000380C00002006000040020000427
:10EDA00000200004002000040020000200410003B5
:10EDB00000C10003FFFF0007FFFF0000000100008B
:10EDC00000010000000000040020000400200004F6
:10EDD000002000040020000FFFE0000FFFE0000013
:10EDE000C0200001002000020020000600200004D6
:10EDF0000000000400000007000000030000000005
:10EE000000000000000000000000000003E000011E
:10EE1000C0E00003E0400006302000043020000481
:10EE20001820000418200004182000040C20000200
:10EE30000C60000307C00007838000000000000092
:10EE400000000000000000000000000400000004BA
:10EE5000000000040000000C0000001FFF8000FF05
:10EE6000FFC0000400600004002000040020000433
:10EE700000200004004000000180000000000000AD
:10EE80000000000000000004000000040000000773
:10EE9000FF80000FFFC000000060000000200000A5
:10EEA00000200000002000000020000400400004BA
:10EEB00000800007FFE0000FFFC0000000400000DE
:10EEC00000400000000000040000000400000007F3
:10EED00080000007F0000004FE0000041FC00000D6
:10EEE00003E00000038000001C0000046000000735
:10EEF0008000000600000004000000000000000088
:10EF0000000000040000000600000007C000000729
:10EF1000FC0000043F80000003E000040F800006B6
:10EF2000F0000007F0000007FF8000040FE0000081
:10EF3000038000043C000007C0000006000000043D
:10EF40000000000000000000002000040020000479
:10EF50000060000700E0000783200007E6000004CF
:10EF6000F80000003C0000045E20000587A00006B9
:10EF700001E0000400600004002000000020000008
:10EF8000000000000000000400000004000300076F
:10EF900000030007E0010004F80100041F02000064
:10EFA00007FC000000E00000070000043800000734
:10EFB000C000000600000004000000040000000083
:10EFC0000000000000000000000000078060000654
:10EFD00000E0000403E0000407A000040E20000489
:10EFE0003C20000470200005E0200007802000077E
:10EFF0000060000400E0000003800000000000004A
:10F000000000000000000000000000000000000000
:10F0100000000000000000000000000000000000F0
:10F020008000000080000001400007FE3FF808005B
:10F0300000041000000210000002000000000000A8
:10F0400000000000000000000000000000000000C0
:10F0500000000000000000000000000000000000B0
:10F060000000FFFFFFFF00000000000000000000A4
:10F070000000000000000000000000000000000090
:10F08000000000000000000000001000000210005E
:10F0900000020800000407FE3FF8000140000000E5
:10F0A0008000000080000000000000000000000060
:10F0B0000000000000000000000000000000000050
:10F0C00000000000000018000000300000004000B8
:10F0D0000000400000004000000020000000300060
:10F0E0000000080000000400000002000000020010
:10F0F0000000020000000C000000180000000000EA
:10F1000000000000800C0000800700006078000014
:10F1100020000000200000002000000000900100FE
:10F1200000F00000000C0F008CF5000898F50008B6
:10F13000B0F50008A4F50008BCF50008E0F50008EB
:10F14000D4F50008C8F5000878F50008DCF40008DC
:10F1500004F50008F0F4000818F5000854F500085C
:10F1600040F500082CF5000853544D33322053501D
:10F170004920544553542100C0F6000810F70008F8
:10F1800048F6000800F70008CCF6000820F7000851
:10F19000D8F60008B4F60008F0F6000838F60008C3
:10F1A000A8F6000860F6000870F600087CF6000873
:10F1B00054F6000828F6000814F6000894F6000833
:10F1C00000061016000610160000000000000000E7
:10F1D00001020304060708090000000001020304FD
:10F1E00001030507090E10121416181C1E2B2E2CD5
:10F1F0003B3D5B5D2F2A3A3C3E7C5C223F7F00001A
:10F2000001000400100040000001000200000100A5
:10F2100002000400080010002000000007000000A9
:10F2200000000000000000000000000061001A0360
:10F23000E0001703F8000703FF0001007801000158
:10F24000300132010601390110014A012E01790114
:10F25000060180014D004302810182018201840187
:10F26000840186018701870189018A018B018B0155
:10F270008D018E018F019001910191019301940103
:10F28000F60196019701980198013D029B019C01AE
:10F290009D0120029F01A001A001A201A201A401E1
:10F2A000A401A601A701A701A901AA01AB01AC0114
:10F2B000AC01AE01AF01AF01B101B201B301B301C5
:10F2C000B501B501B701B801B801BA01BB01BC0174
:10F2D000BC01BE01F701C001C101C201C301C401EB
:10F2E000C501C401C701C801C701CA01CB01CA01D8
:10F2F000CD011001DD0101008E01DE011201F301DB
:10F300000300F101F401F401F801280122021201C5
:10F310003A020900652C3B023B023D02662C3F028B
:10F3200040024102410246020A01530240008101AB
:10F330008601550289018A0158028F015A02900103
:10F340005C025D025E025F0293016102620294014F
:10F350006402650266026702970196016A02622CE6
:10F360006C026D026E029C01700271029D017302BB
:10F3700074029F0176027702780279027A027B0298
:10F380007C02642C7E027F02A60181028202A90116
:10F390008402850286028702AE014402B101B201F5
:10F3A00045028D028E028F0290029102B7017B030B
:10F3B0000300FD03FE03FF03AC0304008603880380
:10F3C00089038A03B1031103C2030200A303A30349
:10F3D000C4030803CC0303008C038E038F03D803FC
:10F3E0001801F2030A00F903F303F403F503F6032B
:10F3F000F703F703F903FA03FA0330042003500478
:10F400001007600422018A043601C1040E01CF04F2
:10F410000100C004D00444016105260400007D1DE4
:10F420000100632C001E9601A01E5A01001F080651
:10F43000101F0606201F0806301F0806401F06067C
:10F44000511F0700591F521F5B1F541F5D1F561F7E
:10F450005F1F601F0806701F0E00BA1FBB1FC81F6A
:10F46000C91FCA1FCB1FDA1FDB1FF81FF91FEA1FB6
:10F47000EB1FFA1FFB1F801F0806901F0806A01F26
:10F480000806B01F0400B81FB91FB21FBC1FCC1F55
:10F490000100C31FD01F0206E01F0206E51F010086
:10F4A000EC1FF31F0100FC1F4E21010032217021CF
:10F4B0001002842101008321D0241A05302C2F044E
:10F4C000602C0201672C0601752C0201802C64015E
:10F4D000002D260841FF1A030000000055706461EA
:10F4E00074696E672047424B31322E464F4E2000E2
:10F4F0005570646174696E672047424B32342E4602
:10F500004F4E20005570646174696E672047424B0E
:10F5100031362E464F4E20005570646174696E6717
:10F520002061736331322E62696E20005570646110
:10F5300074696E672061736333322E62696E2000D6
:10F540005570646174696E672061736332342E6232
:10F55000696E20005570646174696E672061736321
:10F5600031362E62696E20002F53595354454D2F6A
:10F57000464F4E542F0000005570646174696E67E9
:10F5800020554E4947424B2E42494E00554E494761
:10F59000424B2E42494E000047424B31322E464FDD
:10F5A0004E00000047424B32342E464F4E000000C2
:10F5B00047424B31362E464F4E0000006173633197
:10F5C000322E62696E00000061736333322E62690D
:10F5D0006E00000061736332342E62696E000000B9
:10F5E00061736331362E62696E0000002F535953E8
:10F5F00054454D2F69636F6E2F7375622F000000A5
:10F600002F53595354454D2F69636F6E2F6D6169A8
:10F610006E2F00004D61696E5061676550726573B1
:10F620007365642E62696E004D61696E5061676535
:10F630002E62696E0000000054656D706572617421
:10F640007572652E62696E00626C75652E62696EF8
:10F65000000000004C6F52614F66662E62696E00BA
:10F66000416C61726D4F66662E62696E000000002B
:10F6700046616E4F66662E62696E00004C6967686F
:10F6800074696E674D61737465724F66662E626948
:10F690006E00000053706F746C696768744F666623
:10F6A0002E62696E00000000576966692E62696EFD
:10F6B000000000004C6F52614F6E2E62696E0000B8
:10F6C000416C61726D4F6E2E62696E0046616E4FC5
:10F6D0006E2E62696E0000004C69676874696E671F
:10F6E0004D61737465724F6E2E62696E000000008A
:10F6F00053706F746C696768744F6E2E62696E0028
:10F700004272696768746E657373732E62696E0006
:10F710004261636B4C696768742E62696E00000019
:10F7200048756D69646974792E62696E0000000025
:10F7300050F7000800000020B0020000100500088B
:10F74000C0F70008B0020020C0C30100203E00083E
:10F750005122F823FFFF2317EF13ADB4140869B546
:10F760001408C012322032101668C0A201201AF00C
:10F770000C440C0F681368F532081A0101C1B90D69
:10F78000810011FF53544D3332205344494F2054CC
:10F790004553542101F123FFFF221F9012F81FF857
:10F7A000E007FF07E0FF07FC308418C640BC12F6F4
:10F7B0001408ECF53308018210031924F40000004A
:040000050800018965
:00000001FF
