:020000040800F2
:10000000002000205D020008139301086D830108A1
:10001000119301080D41010865AD010800000000C1
:100020000000000000000000000000009D0100082A
:100030009543010800000000F9010008B1A1010882
:1000400077020008770200087702000877020008AC
:10005000770200087702000877020008770200089C
:10006000770200087702000877020008770200088C
:10007000C142010877020008CD420108770200085A
:10008000770200087702000877020008770200086C
:10009000770200087702000877020008770200085C
:1000A0007702000879A201087702000877020008A9
:1000B000770200087702000877020008770200083C
:1000C000770200087702000877020008770200082C
:1000D000770200087702000877020008A5A9010846
:1000E000770200087702000877020008770200080C
:1000F00077020008770200087702000877020008FC
:1001000077020008159401087702000877020008BA
:1001100077020008770200087702000877020008DB
:10012000770200087702000877020008D942010828
:1001300077020008454B01087702000877020008A3
:1001400077020008770200087702000877020008AB
:1001500077020008E54201087702000877020008EC
:10016000770200087702000877020008770200088B
:1001700077020008770200087702000800000000FC
:100180007702000877020008DFF80CD000F094FE38
:10019000004800478D950208002000202C4B19686C
:1001A0000868B0E8F04F80F30988BFF36F8F4FF015
:1001B000000080F3118870470000000008480068C4
:1001C000006880F308884FF0000080F3148862B65E
:1001D00061B6BFF34F8FBFF36F8F00DF00BF00BF6B
:1001E00008ED00E0DFF80C00016841F470010160E7
:1001F000704700BF88ED00E0EFF30980BFF36F8F19
:10020000134B1A681EF0100F08BF20ED108A20E96A
:10021000F04F106009B44FF0500080F31188BFF325
:100220004F8FBFF36F8F36F03DFE4FF0000080F32D
:10023000118809BC19680868B0E8F04F1EF0100F6B
:1002400008BFB0EC108A80F30988BFF36F8F704746
:10025000DC010020EFF3058070470000064880476E
:1002600006480047FEE7FEE7FEE7FEE7FEE7FEE79B
:10027000FEE7FEE7FEE7FEE765A201088901000848
:100280002DE9F05F0546002092469B4688460646CB
:10029000814640241BE0284641464746224600F05E
:1002A000A4FC53465A46C01A914110D31146184631
:1002B000224600F08BFC2D1A67EB01084F462246C0
:1002C0000120002100F082FC17EB00094E41201EA6
:1002D000A4F10104DFDC484631462A464346BDE826
:1002E000F09F00000048704738A4030810B504468A
:1002F000FFF7F8FF0068005D00F0010010BD00008E
:100300000649074A0868504343F23902104408601E
:10031000400870470149086070470000A0050020B0
:100320006D4EC64110B5441A0346944209D2841852
:10033000114403E011F8013D04F8013D521EF9D2C9
:1003400010BD40EA0104A40703D009E010C9121F40
:1003500010C3042AFAD203E011F8014B03F8014B51
:10036000521EF9D210BDD2B201E000F8012B491E95
:10037000FBD270470022F6E710B513460A46044642
:100380001946FFF7F0FF204610BD30B505462A4656
:100390000B4612F8010B13F8014B08B1A042F8D03C
:1003A0001CB1002802D06D1CF1E7284630BD10B505
:1003B000044604E00B7800F8013B03B1491C521ECF
:1003C000F8D2204610BDCAB2401E10F8011F8A4262
:1003D00002D00029F9D100207047421C10F8011BFF
:1003E0000029FBD1801A704710B5002200E0521C92
:1003F000835C8C5CA34201D1002BF8D1D8B2E1B26E
:10040000401A10BD30B504460020034600E05B1CD6
:10041000934203D2E05CCD5C401BF8D030BD034674
:1004200011F8012B00F8012B002AF9D1184670476A
:1004300030B505460020034600E05B1C934205D220
:10044000EC5CC85C201A01D1002CF6D130BD000054
:100450000FB400B58DB010A909900B9000914FF02A
:10046000FF300A9000200C90054806900548079040
:100470006A4609A80F9900F053FC0DB05DF814FB13
:100480003D0D00085B0D00082DE9FF4F087881B095
:100490009946FF2805D0491C2D2804D000240023AC
:1004A00008E000230BE00124F9E703EB830300EBF2
:1004B0004303491C0878FF28F7D104B15B420020B0
:1004C0000090147801462D2C01D02B2C04D1521C05
:1004D0002D2C12D00024009400251678FF2E0ED06B
:1004E0000A24A0FB04C801FB0481002700FB0711BC
:1004F000521C16EB0C006941EFE70124EBE799442D
:1005000050EA01020ED00024AA4D2646DFF8A88248
:1005100000F091FC82468B46B9F1000009DAC9F17E
:1005200000071BE001980021C0E9001105B0BDE8FB
:10053000F08F074612E0F80707D022462B463046D8
:10054000414600F0E4F90646884622462B4610460E
:10055000194600F0DCF904460D467F10002FEAD161
:10056000B9F1000F324643465046594602DA00F0D0
:1005700040FA01E000F0CBF9009A0AB181F00041A5
:10058000019AC2E90001D1E72DE9FF4F1F468DB066
:10059000D7E901464FF0FF382E2045464FF00009BD
:1005A0000B90B9696D1C0E988847396A8246884756
:1005B0000028F6D1BAF1FF3F0AD024F4D064002E0F
:1005C00011DDBAF12B0F08D0BAF12D0F0BD102E0DB
:1005D000404611B0ABE744F48064B9696D1C0E98D5
:1005E00088478246761E6946600501D52D2000E0C9
:1005F0002B208DF8000001F1010B0DF1200809E01E
:10060000B9696D1C0E98884782460F9844F40074AF
:10061000761E0560002E02DDBAF1300FF0D00B9986
:100620008A453ED144F0800406E00F99681CA9F188
:10063000010944F400740860B9696D1C761E0E98B7
:10064000884782463028F0D02BE00B998A4505D1A7
:10065000200603D444F08004761E18E050461CF0B7
:100660008FFF08B30DF11301761E44F400748B451F
:1006700008D2AAF130000BF8010B200607D5A9F12A
:10068000010003E0200602D409F101008146A00523
:1006900002D50F99681C0860B9696D1C0E988847CF
:1006A0008246002ED1DC53E0002E51DDBAF1650FF9
:1006B00002D0BAF1450F4BD1A00549D5B9696D1CDF
:1006C00024F44074761E0E9888478246002E0CDD76
:1006D0002B2804D0BAF12D0F07D144F48074B969E6
:1006E0006D1C0E9888478246761EE00501D52D21A7
:1006F00000E02B2108F8011BCDF82C8021E00DF142
:100700002901761E44F4007488450CD2AAF1300009
:1007100010F0FF0088F8000002D10B99884509D934
:1007200008F1010806E0E00501D5244801E042F2A5
:100730000F708146B9696D1C0E98884782460F98E4
:100740000560002E04DD50461CF01AFF0028D6D1AB
:10075000F9690E988847FF208BF8000088F80000A0
:100760000020069007904B466A4608A906A8FFF7A6
:100770008BFEA00502D46FF001002AE714F0240FCD
:100780000AD0E00714D1DDE906123868031D3B608A
:100790000068C0E900120BE0DDE9060100F06FFB24
:1007A0000146E00704D13868021D3A600068016024
:1007B00028460EE7000024400000F03FF1D8FFFF7C
:1007C0002DE9FE4F804681EA0300C00F0C460090E1
:1007D00021F0004123F00045B8EB0200A94105D209
:1007E0004046214690461C460B46024623F00040F8
:1007F000104347D0270DC7F30A00C3F30A510290F4
:10080000401A019040286BDAC3F3130040F4801BB8
:100810000098924620B10023D2EB030A63EB0B0B46
:1008200001985946C0F14002504600F0CFF9064603
:100830000D4650465946019A00F0E7F910EB0800C2
:100840006141002487EA115284EAE7731A4340D0D9
:10085000009A62B3019A012A4FEA075215DC001B85
:1008600061EB02014FF0004202EA0752CDE900427B
:10087000001C41F5801132462B4600F08EFA03B081
:10088000BDE8F08F40462146F9E7001B61EB02010D
:10089000001C41F5801300185B412018A2F50017D9
:1008A00047EB030140EAD570B6196D4111E06D08C0
:1008B0004FEA360645EAC0754FEA0752001B61EB66
:1008C0000201001C41F5801149084FEA300000196F
:1008D000514132462B4603B0BDE8F04F00F04EBA0E
:1008E0000098012240000023D0EB020263EBE0738A
:1008F000009821464FEAE074B8EB000061EB040178
:10090000E9E783F000435BE781F0004158E72DE918
:10091000FE4F81EA030404F0004421F000410094FA
:100920004FF0000B23F0004350EA01045ED052EA7E
:1009300003045BD0C3F30A54C1F30A552C44A4F258
:10094000F3340194A0FB0254C1F3130141F480116C
:10095000C3F3130343F4801301FB024400FB034E73
:10096000840A970A44EA815447EA8357A4FB07683C
:1009700002958D0A05FB07854FEA932C04FB0C5466
:100980002705029D4FEA065847EA1637B5EB0805DA
:100990006EEB070C870E920E47EA811742EA83122C
:1009A000A7FB0201B6EB0B0164EB00042B0D43EA3D
:1009B0000C335E1844EB1C50DA465146E7FB02014B
:1009C000C5F313044FEA0B3343EA14534FEA0432DE
:1009D000019C43EA0603A4F10C040294009CCDE9B7
:1009E00000B400F0DAF903B0BDE8F08F0020014652
:1009F000F9E72DE9F04D81EA030404F0004B21F002
:100A0000004514464FF0000A23F0004150EA050269
:100A100020D054EA01021DD0C5F30A570246C5F39F
:100A20001303C1F31300C1F30A5640F4801543F4D5
:100A30008013A7EB0608101BD64608F2FD3873EBAF
:100A4000050002D308F1010801E092185B41B8F1FA
:100A5000000F03DA00200146BDE8F08D00204FF4BE
:100A60008011064684460EE0171B73EB050705D37D
:100A7000121B63EB050306434CEA010C49084FEADD
:100A8000300092185B4150EA0107EDD152EA0300B1
:100A900012D082EA040083EA0501084305D0101B46
:100AA000AB4106D20122002306E000224FF00043B2
:100AB00002E06FF0010253101AEB06004CEB0851F4
:100AC00010EB0A0041EB0B01BDE8F04D00F056B908
:100AD0000EB5C10F80EAE0700844CA07002140F259
:100AE00033438DE80E000A460B4600F056F903B07A
:100AF00000BD0EB540F2334102910021CDE9001155
:100B00000A460B4600F049F903B000BDC1F30A5292
:100B100010B5C1F3130140F2FF3341F480119A4242
:100B200001DA002010BD40F233439A42A2F2334270
:100B300003DC524200F059F810BD904010BD000097
:100B400030B5041E71F1000404DB4FF00044404254
:100B500064EB0101141E73F1000405DB1C464FF029
:100B60000043524263EB04038B4208BF824230BD14
:100B700030B5041E71F1000404DB4FF00044404224
:100B800064EB0101141E73F1000405DB1C464FF0F9
:100B90000043524263EB0403994208BF904230BDC8
:100BA00030B50B46014600202022012409E021FA3D
:100BB00002F59D4205D303FA02F5491B04FA02F53A
:100BC0002844151EA2F10102F1DC30BD202A04DB0D
:100BD000203A00FA02F1002070479140C2F1200350
:100BE00020FA03F3194390407047202A04DB203A8F
:100BF00021FA02F00021704721FA02F3D040C2F13D
:100C000020029140084319467047202A06DBCB1783
:100C1000203A41FA02F043EAE07306E041FA02F3B7
:100C2000D040C2F1200291400843194670470000AD
:100C300007280FD2DFE800F00406080E0E0C0A00A9
:100C400005A070470AA0704713A070471DA0704709
:100C500022A070472BA070474E6F206572726F7292
:100C600020286572726E6F203D2030290000000040
:100C700045444F4D202D2066756E6374696F6E205C
:100C8000617267756D656E74206F7574206F662074
:100C900072616E67650000004552414E4745202D48
:100CA0002066756E6374696F6E20726573756C74FF
:100CB000206E6F7420726570726573656E74616208
:100CC0006C650000454E4F4D454D202D206F7574CD
:100CD000206F66206D656D6F7279000045494E5634
:100CE000414C202D20696E76616C696420617267C9
:100CF000756D656E7420746F2066756E6374696FB0
:100D00006E000000556E6B6E6F776E206572726FAD
:100D100072000000026811441378016018467047A1
:100D2000D1600449516104491162002111611146E9
:100D300000F0D4B8150D0008ED020008426842B179
:100D4000016811F8013B23B1521EC0E90012184698
:100D500070470121C160881E704742685AB1C3685C
:100D6000016843B983688B4205D0491E521CC0E913
:100D70000012002070474FF0FF30704710B5141E6E
:100D800073F1000408DA401C41F1000192185B4144
:100D90001A4301D120F0010010BD2DE9F04D92461B
:100DA0009B4611B1B1FA81F202E0B0FA80F2203232
:100DB0009046FFF70BFF04460F4640EA0A0041EA5F
:100DC0000B0153465A46084313D0114653EA01001B
:100DD00019D0C8F140025046FFF707FF05460E46FE
:100DE000504659464246FFF7F1FE084305D0012020
:100DF00004E020463946BDE8F08D0020054346EA70
:100E0000E0762C4337430A986305E40AA0EB080018
:100E10000022FD0A44EA47540A3002D50020014668
:100E2000E9E7010510196941DDE908450019694143
:100E3000BDE8F04DA2E70EB540F233420292002227
:100E4000CDE900221346FFF7A8FF03B000BDC1F3B0
:100E50000A52C1F3130140F2FF3341F480119A4268
:100E600002DA00200146704740F233439A42A2F270
:100E7000334202DC5242FFF7B8BEFFF7A7BE01F0D3
:100E8000004330B421F0004150EA010206D00A0DBF
:100E9000A2F56072C1F31301002A02DC30BC00200D
:100EA0007047440F44EAC104C100E01830BC00EBB5
:100EB000C25000F0A9B90000064C074D06E0E068FA
:100EC00040F0010394E8070098471034AC42F6D391
:100ED000FFF75EF984F50308B4F503082DE9F34F35
:100EE0008BB04FF0000801F10C000C464FF0010BE5
:100EF00046460DF1080A0190626901210198904768
:100F0000051E2DD0252D2CD0216A8847C0B16269DD
:100F1000012101989047216A88470028F7D1411E96
:100F200062690198904700E0761CA1690B98884798
:100F3000216A88470028F7D1E1690B988847DBE7E9
:100F4000A1690B9888470746A84201D1761CD3E7D0
:100F5000E1690B9888477F1C02D1B8F1000F6FD070
:100F600046E1002762693D463946019890472A28A4
:100F700004D162690121019890470125DFF884922C
:100F80006269012101989047A0F130010A290AD233
:100F90004F45E5DC07EB870100EB4107303FDFD42D
:100FA00045F01005ECE7E90601D46FF000476C2826
:100FB0000AD04C2814D0682815D06A280DD074287F
:100FC0001CD07A281AD01DE062690121019890474F
:100FD0006C2802D045F0040514E045F002050DE050
:100FE00045F020050AE062690121019890476828D0
:100FF00002D045F0080505E045F40065626901216D
:1010000001989047C4E9015765283DD019DC58285C
:101010007AD00CDC452837D004DC252826D041289E
:1010200031D131E046282FD047282CD12CE05B2845
:1010300077D0612828D063287CD0642823D15AE057
:10104000D0E06F2848D008DC66281DD067281BD068
:10105000692821D06E2816D127E0702845D0732842
:1010600068D0752847D078280DD14DE0A1690B983C
:101070008847054625283FF469AFE1690B98884702
:101080006D1C3FF46AAFB3E023466A466FF001007F
:101090000B99FFF779FA9EE045F040006060A807E1
:1010A00023464FF0000236D43EE0E8077FF447AF16
:1010B0002068011D21600068290501D506701BE725
:1010C000290701D5068017E7A90703D5F117C0E95D
:1010D000006111E706600FE745F040006060A80777
:1010E00023464FF0080216D41EE040F60E0125EA12
:1010F0000100606016E045F040006060A8072346EC
:101100004FF00A0207D40FE045F040006060A807E6
:1011100008D5234610226FF001000B99AFF3008031
:1011200059E007E0234610226FF001000B99AFF35E
:10113000008050E04FF000094F464B46632802D034
:101140005B2806D040E0E80601D40120A06001271A
:101150003AE062690121019890475E2805D14FF07D
:1011600001096269494601989047216939B900210E
:101170000A46534643F82120491C0829FADBB0B33C
:10118000216969B9C11700EBD16253110AEB8301E0
:1011900022F01F02821A01200B68904003430B606B
:1011A00062690121019890475D28E8D1B9F1000FEB
:1011B00009D00020514651F82020D24341F8202088
:1011C000401C0828F7DB02AB224600976FF00100B5
:1011D0000B99AFF3008000280CDA401C08D1BBF15A
:1011E000000F05D04FF0FF300DB0BDE8F08FFFE7E6
:1011F0004046F9E7E90701D108F1010806444FF03C
:10120000000B79E6CCCCCC0C0029A8BF7047401C61
:10121000490008BF20F00100704710B4B0FA80FC0C
:1012200000FA0CF050EA010404BF10BC704749B149
:10123000CCF1200421FA04F411FA0CF118BF0121B9
:1012400021430843A3EB0C01CB1D4FEA00614FEA99
:10125000102042BF002010BC704700EBC350104468
:101260000029A4BF10BC7047401C490008BF20F0F3
:10127000010010BC704770B58C1810F8015B15F0B8
:10128000070301D110F8013B2A1106D110F8012BF8
:1012900003E010F8016B01F8016B5B1EF9D12B071D
:1012A00005D40023521E0DD401F8013BFAE710F8D3
:1012B000013BCB1A921C03E013F8015B01F8015BC0
:1012C000521EF9D5A142D8D3002070BD70B5456833
:1012D00082B004460146284609F0CAFB68B123687B
:1012E0000F2B59D00BDD282B45D0B3F5107F3CD008
:1012F000112B49D0204609F083FF02B070BD0B2BA3
:1013000020D00E2BF6D1E3681A6859680D2A53D005
:10131000202A31D1002928464FF480717DDD09F063
:1013200093FC284601F0D6FC02AB846A43F8040D16
:10133000184601F0A1FDA207DFD5284601210BF0D8
:10134000C5FADAE7284601F0C5FC02AD034668306D
:10135000019301F0A1FA55F8040D03216C3001F05E
:10136000C1FA284601F088FDC4E7324B21462846E1
:101370001B689847C1E7E368002BBBD128464FF4B0
:10138000807109F059FBB5E72B4B1B68002BB4D0DB
:10139000214628469847B0E7284601F09BFC02AB5F
:1013A00043F8040D426E1468184601F065FD002CE8
:1013B000A3D02846A047A0E70029DDDD4FF48071C7
:1013C000284609F041FC284601F084FC02AC866AFC
:1013D00044F8040D204601F04FFDB10703D501216B
:1013E00028460BF073FA4FF48071284609F024FB6D
:1013F000284601F06FFC034620461E8E9C6A01932E
:1014000001F03AFD304605F03FFAA3077FF575AFCE
:10141000284602210BF05AFA6FE709F00DFB284627
:1014200001F058FC02AB846A43F8040D068E18469E
:10143000E6E700BFBC030020DC6C00202DE9F04F84
:10144000B0F90A60B0F90C708569B0F90E80B0F996
:101450001090B0F908A087B08B4616441F4404468C
:101460004C3503F047F9DFF8CCC0CDF800B04FF0B1
:10147000000E42463946304603954B46CDF808C02B
:10148000CDF804E009F0BEFD804628B905F0FEFE67
:10149000404607B0BDE8F08F01F01CFC244F0590DA
:1014A000514610223E1D09F003FC0DF118090FCE24
:1014B00059F804ED0EF134050FC50FCE0FC596E8AF
:1014C0000F0085E80F007B6BCEF86430484601F0D2
:1014D000D3FC7B6B40465B68984705F0D7FE656898
:1014E00003F008F9404601F0F5FB846E049004A86F
:1014F000059401F0C1FC2946484607F00DF9002883
:10150000C4D0059B9C4209D0404601F0E3FB059AFC
:101510008266034604A8049301F0AEFC40460AF03C
:101520004FFE05F0B3FE404607B0BDE8F08F00BFA8
:10153000BC030020CD120008F0B5954A81684368CD
:1015400052F8216089B00446122B3FD8DFE803F03F
:10155000AE3E3E3E3E0A963E3E3E3E3E3E3E3E3E17
:101560003E3E4100F569002D40F0B280371F57F82C
:10157000040F05F013F904F110000FC85B1B521B98
:1015800029442844013502F041FE022DEFD1326991
:101590006169E3690192A2692069F76800970B44C9
:1015A0005B100231521B284402F0B8FBE369616909
:1015B000B2690192A26920697469009419444910C2
:1015C0000131023B521B284402F0A8FB002009B065
:1015D000F0BD006801F07EFB856E0490002D00F0E8
:1015E000CF80A368B0F95C70002B00F0C780032B9C
:1015F00014BF0023022300EB8303406D1C6C05F035
:10160000EBF8204605F0CAF808AC06A802F076FF11
:10161000B6F81CE0BDF81810BDF81C20BDF81A0083
:1016200054F8106DBDF81E307144CEEB020202304A
:10163000023BADF81810ADF81C20B6F95E10B6F9F3
:101640006020ADF81A0006A8ADF81E3004F0B4FB17
:10165000204601F011FC022005F0FEF8284601F0BA
:1016600039FB08AC06A944F80C0D3A4602F0A6F87E
:10167000204601F001FC002009B0F0BD006801F037
:1016800029FB049020680CF0B9FBA8B9049B5D6F9E
:1016900005B9DD6E04A801F0EFFB002328462168A0
:1016A0001A4602F02FF8002009B0F0BD00680BF0D8
:1016B000A9FB002009B0F0BDA368002B64D1049AF7
:1016C000136F002B14BF6C23682313445D68E1E79C
:1016D000B368039373680293374600F1140157F817
:1016E00004090EC901902069009506F0A3FB0025AE
:1016F00057F8040F05F052F8F369A269216960698F
:10170000D21A1944284402F0DDFBF369A269216969
:10171000E069D21A1944401B02F0D4FBF369E26974
:1017200061692069D21A1944284402F0B7FDF369AF
:10173000E2696169A069D21A401B1944013502F0BF
:10174000ADFD022DD4D1B06805F028F8F16920690B
:101750006569E36942185B1A013A2944023002F0D4
:1017600011FEF169A2696569E369501A5B1A0130DB
:101770002944023A02F006FEF56908E701233AE738
:1017800004A801F079FB21E7049BDD6E82E700BF2E
:1017900094EB030838B51346002204460D4618465C
:1017A000114601F085FF294602462046BDE8384033
:1017B000AFF3008000B9704770B5054682B00C46A3
:1017C000164602F097FF284601F084FA022C019099
:1017D00006D901A801F050FB05F058FD02B070BD1C
:1017E0001A34A4002044043001F056F8019B1C4434
:1017F000284666600AF0E4FCEBE700BF2DE9F04FF5
:10180000161A85B05D1A9E4656EA0503DDF838B013
:1018100078D086EAE67385EAE574A3EBE673A4EB79
:10182000E5749C420746894632DC1C46A6424FF0CE
:10183000000301933AD06D4239464FF0FF33002D3B
:101840001746C6F100040A46F1460393DBF8001080
:1018500032D1DFF80883019BD8F800E00846002B5E
:1018600000F0CF809EF81A30002B00F0C181002CD0
:10187000C0F2C581B54EAA467246013B451C032BFA
:1018800000F23281DFE813F04A013F0156011F01E7
:101890003B4630462E4611464F46A64299464FF0EB
:1018A0000103724605468E460193C4D10123002DE3
:1018B0000393DBF80010CCD0DFF8A082D8F800004A
:1018C00004EBD476827E4FEA6606B8BF7642F2B960
:1018D000002C14DB019B002B00F05181924601E0AB
:1018E000D8F80000436E96FBF4F00AEB07015B6842
:1018F00048440AF1010A984754452E44F0DA05B0ED
:10190000BDE8F08F05B0BDE8F04F00F07BB95A1C80
:1019100000F02D81002C53DBCDF808904FF0000A29
:10192000C14698464144CBF80010827E013A032A12
:1019300015D8DFE802F0574B2C02854B4FEAE17EC9
:1019400083FB0132CEEBA20202EB4202A1EBC20208
:101950000B2A12DD22F00402103A012A0DD996FB5F
:10196000F4F1029B426E1944019B002B40F0F88079
:10197000526838469047DBF800100AF1010A5445D6
:1019800007F101072E4416DBD9F80000CAE76F4BB8
:101990004FEAE17E83FB0132CEEBE20202EB8202F0
:1019A000A1EB82020B2AD7DC0AF1010A544507F1A8
:1019B00001072E44E8DA039A0132434600F0DD8045
:1019C000CB1ACBF8003005B0BDE8F08F614A0A4071
:1019D000002AC0F2E680012ACCBF00220122002AA0
:1019E000CBD1BCE75C4A01F1060E0EEA0202002AE6
:1019F000C0F2DC800B2ACCBF00220122002ABCD11D
:101A0000ADE79EF81A30002B00F0E980002CC0F200
:101A1000F680DDF804A04E4E7246013B451C032BB8
:101A200013D8DFE803F04337210286FB0031C317E8
:101A3000C3EBA10303EB4303A0EBC3030B2B0ADDB2
:101A400023F00403103B012B05D9536E49465B6814
:101A500007EB0A0098470AF1010A544514DBD8F84D
:101A600000202846937ED8E7384B83FB0031C3170C
:101A7000C3EBE10303EB8303A0EB83030B2BE1DC5C
:101A80000AF1010A5445EADA691ECBF8001005B0E4
:101A9000BDE8F08F2F4B0340002BC0F29680012B46
:101AA000CCBF00230123002BD5D1CEE72A4B691DE3
:101AB0000B40002BC0F28E800B2BCCBF00230123E8
:101AC000002BC8D1C1E7224B83FB0031C317C3EB06
:101AD000A10303EB4303A0EBC3030B2B0ADD23F0AD
:101AE0000403103B012B05D9536E0AEB07015B6819
:101AF000484698470AF1010A5445C5DBD8F800204A
:101B00002846937EB9E6134B0340002B53DB012B91
:101B1000CCBF00230123002BECD1E5E70E4B691D60
:101B20000B40002B4CDB0B2BCCBF00230123002BE5
:101B3000E0D1D9E786FB0031C317C3EBE10303EB28
:101B40008303A0EB83030B2BCBDCD3E767666666CE
:101B5000ABAAAA2A030000800F000080AC0300207B
:101B60000846526839469047DBF8001005E72144E3
:101B7000002CCBF80010BFF6CFAE214420E79A46E8
:101B800001E0D8F80000436E96FBF4F10AEB070081
:101B90005B6849440AF1010A984754452E44F0DA3B
:101BA000ADE6013A62F00302013214E7013A62F055
:101BB0000F0201321EE7013B63F003030133A6E786
:101BC000013B63F00F030133ADE7013B63F0030317
:101BD000013364E7013B63F00F0301336CE7DEF888
:101BE00064301B684946384605B0BDE8F04F1847D9
:101BF0003946484605B0BDE8F04F07F099BB0D46A1
:101C000042E700BF064B1B681A7E012A05D0013A45
:101C100002EBD272521000F005B85B6E5B68184799
:101C2000AC0300202DE9F04FDFF8DCB0354EDBF8D7
:101C30000040154640F2C32202FB05F2034685B080
:101C400086FB0209606E0293D217C2EBA919EF1846
:101C5000C5EB030805EBD57E05FB05F6046806EB2E
:101C60006E0309F101093A46404601938A46A047AE
:101C7000B9F1000F42DD029A012413190293531E99
:101C80000393334616461AE0013DAF19C5EB06082B
:101C9000DBF800305B6E0AEB04013A461B684046F5
:101CA0009847DBF800305B6EC4EB0A013A461B68CC
:101CB000404601349847A14520DB05FB05F3019A16
:101CC00004FB04339A42E3DAA945DDDA029ADBF831
:101CD0000030171B039A5B6E02EB0408384642463D
:101CE0000AEB05011B689847DBF800305B6E424643
:101CF00038461B68C5EB0A019847C5E705B0BDE843
:101D0000F08F00BFD34D6210AC0300202DE9F04FDF
:101D1000002987B01F4C40F3D5822746054600EBCB
:101D2000810E43F6FF74B5F90260B44205F1040573
:101D3000A8BF3446B742B8BF3746AE45F3D1049783
:101D4000154D2D686D696DB1B5F90660049FB5F943
:101D50000250F61AED1AB742A8BF3746AC420497B4
:101D6000B8BF2C46049DAC4200F38E81DFF82C8076
:101D70000593934606464D1E8A460020074B824532
:101D8000186040F37C81059BCDF80CB0234402938E
:101D900019E000BF01C0FFFFAC030020746F0020FA
:101DA000A6450CD0C0F27381A44500F38581F445AB
:101DB00040F37881A64502DCA44580F28281BA45D1
:101DC000384640F3EC8006EB8001A84200F10107A1
:101DD000ACBF0023BB00B1F902C03344A4450246A6
:101DE000B3F902E0DCD1A64500F03E82002DC8BF69
:101DF0000021E4DD5AB1013A06EB82030131B3F967
:101E00000230A3420BD1A942D9D0002AF3D12A46ED
:101E100006EB82030131B3F90230A342F3D01B1B5E
:101E2000C4EB0E0E93EA0E0F36F9202040F1128219
:101E30009F4B1B680B2BC2DC002B40F32B82581EE0
:101E4000410008EB010CBCF904E0724500F331825B
:101E500008EB4309A9F804E0002800F01B82981E53
:101E60004FEA400908EB090EBEF904B05A4500F3E9
:101E70008D80ACF804B0002800F00C82D81E410020
:101E800008EB010CBCF904C0624500F31482AEF803
:101E900004C0002800F0FE81A3F1040984484FEA41
:101EA000490B00EB0B0EBEF904C062456EDC4144E9
:101EB000A1F804C0B9F1000F00F0EC81581F4100F7
:101EC00008EB010CBCF904904A4500F3E781AEF839
:101ED0000490002800F0DE81981F4FEA400B08EBC9
:101EE0000B0EBEF904904A4550DCACF80490002873
:101EF00000F0D081D81F410008EB0109B9F904C0F6
:101F0000624500F3CB81AEF804C0002800F0C28126
:101F1000A3F1080C4FEA4C0E08EB0E00B0F90400D8
:101F2000824233DCA9F80400BCF1000F00F0B2815A
:101F3000A3F10900410001905D4800EB0109B9F9E6
:101F400004B05A4500F3BB81C6440198AEF804B012
:101F5000002800F09F81A3F10A004FEA400C08EB33
:101F60000C0EBEF904B05A4510DCA9F804B00028E4
:101F700000F09081A3F10B01490008EB0100B0F9DA
:101F80000400824200F39981AEF8040048480144FD
:101F90000133BA4503608A8038463FF714AF444B9B
:101FA000DDF80CB01B68002B69DD012BB8F90400CB
:101FB00065D0404BB8F906201B68029F5B6E584401
:101FC0001B685A4439469847D8F80030022B56DD32
:101FD000032BB8F9080052D0364BB8F90A201B6819
:101FE0005B6E58441B685A4439469847D8F800300D
:101FF000042B44DD052BB8F90C0040D02D4BB8F96B
:102000000E201B685B6E58441B685A44394698473B
:10201000D8F80030062B32DD072BB8F910002ED08F
:10202000244BB8F912201B685B6E58441B685A4455
:1020300039469847D8F80030082B20DD1C4A092B78
:10204000B2F914001BD01B4BB8F916201B685B6E4D
:1020500058441B685A4439469847D8F800300A2B30
:102060000DDD0B2BB8F9180009D0124BB8F91A2066
:102070001B685B6E394658441B685A449847049B5A
:102080000134A342BFF679AE07B0BDE8F08FA44596
:10209000FFF695AEF44514DCA4453FF790AEA64597
:1020A000FFF68DAE36F92020B3F9003010E000BF06
:1020B000746F0020AC030020A6453FF780AEF445C6
:1020C000EADD6146B3F9002036F92030F4468E4649
:1020D000991ACCEB040303FB01F3002BCCEB0E0E9F
:1020E000DBBF4FEA6E0101F1FF3103EB6E01591ABC
:1020F000764B1B680B2B3FF762AE91FBFEF1002B7A
:102100000A44019240F3C480581E1146420008EB75
:10211000020EBEF904C0614500F3C28008EB43091A
:10212000A9F804C0002800F0B380981E4FEA400BC5
:1021300008EB0B0CBCF90490494500F38380AEF822
:102140000490002800F0A480D81E420008EB020989
:10215000B9F904E0714500F39F80ACF804E0002871
:1021600000F09680A3F1040C4FEA4C0E08EB0E0031
:10217000B0F90400814265DCA9F80400BCF1000F4D
:1021800000F086805149581F420001EB0209019975
:10219000B9F904B0594500F38780C644AEF804B0DD
:1021A000002875D0981F4FEA400B08EB0B0EBEF9C4
:1021B00004C0614546DCA9F804C0002868D0D81FD7
:1021C000420008EB020CBCF90490494564DCAEF80F
:1021D000049000285CD0A3F108004FEA400908EB06
:1021E000090EBEF904B059452CDCACF804B0002847
:1021F0004ED0A3F10900420008EB020CBCF904C068
:10220000614554DCAEF804C0002841D02F49A3F149
:102210000A004FEA400C01EB0C0E0199BEF9049044
:1022200049450FDC4244A2F80490002830D0A3F1C5
:102230000B00420008EB0200B0F90400814231DCDF
:10224000AEF804002148BDF8041002440133918027
:102250000360B4E51E4B03991B685B6E0A441B6860
:10226000029910469847AAE536F92010B3F90030D4
:102270000398014402461818154B1B685B6E814297
:10228000B6BF02460A4608461B680299984796E57B
:102290000022D7E7002179E65A46D3E7594675E68A
:1022A0005A00CFE76246CDE74FEA4C02CAE74A46FA
:1022B000C8E759006AE6494668E6614666E64FEABD
:1022C0004C0163E6049443F6FF7439E5746F002013
:1022D000AC03002038B5204B204C1D6802F00AFAF0
:1022E000284607F0F5FB04F0D1FF1D4B1D6802F0F6
:1022F00001FA284607F026FC04F0C8FF02F0FAF9BC
:10230000236801221A7604F0C1FF02F0F3F9236872
:1023100000259D8504F0BAFF02F0ECF923685D8585
:1023200004F0B4FF02F0E6F9284607F023FC04F0BD
:10233000ADFF0C4B1D6802F0DDF9236805B1DD61CE
:1023400004F0A4FF02F0D6F9236800229A76BDE8D3
:10235000384004F09BBF00BFC06B0020AC030020DE
:10236000A8030020A40300202DE9F04F4F4E33684E
:10237000DA69B3F92250D469B4F80CB083458BB054
:102380007DD8E18981427AD3216808914FF0FF31ED
:10239000CBEB000B0791BBF1FF3F6AD0177EB3F97F
:1023A0002A80A27CB3F9249094F810A017FB02F3C2
:1023B0004046069307F0DEFB3368069A08990990B9
:1023C00002FB0B109A6BDB6904900592A27C0392CE
:1023D0004FF0010BCDF808B0DA7E01929B7E00939E
:1023E00028463B465246494606F0BCFD0798013058
:1023F0001CD048F0020007F0BDFB2C4A0798126879
:102400000899069B03FB0013916BD2690591049315
:10241000A37C0393CDF808B0D37E0193937E009301
:1024200052463B464946284606F09CFD33681F4FFE
:10243000DB695A7E1B7E9A4214D9B8F1020F11D083
:1024400088F0040007F096FB3B68DB69187ED97EB4
:102450009A7E5B7E00FB01910AFB02524B442846A8
:1024600006F090FF9DF8240007F084FB3368B3F971
:102470002250627C15445D840BB0BDE8F08FA168EA
:102480000029F6D00F88B842F3D3B1F802E08645B0
:10249000EFD34968C01B80B26768089701EB8007DB
:1024A00031F920B0B7F90210079174E7AC030020AE
:1024B000044B1B68DB69DB6909B11A7C0A60587C34
:1024C000704700BFAC03002002230B80704700BFA1
:1024D000C3699A898A4202D8DA898A4211D29868F5
:1024E00018B10388994201D20020704742888A427D
:1024F000FAD3C91A436833F82100C043C0F3C0308F
:1025000070470120704700BF2DE9F04F3E4D2B680A
:10251000DA69B3F92A60D36989B043B11A88904265
:1025200002D35988814205D29B68002BF6D109B0AD
:10253000BDE8F08FD3F80480DFF8CC90841A08EB64
:10254000C407304697F802B007F014FB82462868AB
:1025500018F83420D0F81CE0D0F838C09EF81830B5
:10256000B0F92410B0F92200CDF814C006934FF052
:10257000010C7B680493CDF80CB0CDF808C09EF830
:102580001BC0CDF804C09EF81AE0069BCDF800E011
:1025900006F0E8FC2B68DA69537E92F818B05B45C8
:1025A00023D9022E069320D0D17E079101F0AAFFF5
:1025B000064601F071FF04F0F1F8D9F8002018F890
:1025C00034C0D469B2F9220094F81BE00799B2F93B
:1025D0002440069B0CFB0E0201FB034301FB0B4155
:1025E00006F0D0FE304604F0D9F8504607F0C2FAA3
:1025F0002B687978D8695A8C807E00FB01225A8436
:1026000009B0BDE8F08F00BFAC030020114B70B4DF
:102610001B68DD69EB6943B11A88904202D35C887C
:10262000844205D29B68002BF6D1184670BC7047D7
:102630005E68AC7E821A06EBC2035B7813FB04F083
:102640000029F3D016F8323014FB03F30B6070BC92
:10265000704700BFAC03002001230B80704700BF10
:10266000C06950B103888B4202D843888B4203D2A1
:1026700080680028F6D17047012070472DE9F047A7
:10268000234E3368002B3FDD224D234F2C68D7F8B3
:102690000090C3EB431804EB880808F10C080C34D5
:1026A0004FF0000AA4F10803742218464946FDF7CA
:1026B00039FE221F2063A06344F80CAC6263E4601F
:1026C0007C34A045EED10024A04603E092B13268EC
:1026D000904514DA12F00AFC2B681A59904203EB69
:1026E000040108F1010804F17C04EFD104313960E0
:1026F000BDE8F087086004313960BDE8F08719460D
:1027000004313960BDE8F087024B034F1968EDE7EB
:1027100050040020306E0020AC030020F8B5194FA3
:10272000194B1A4E384640F80C3F05F0E1FF34686B
:10273000C4EB4414A400204600F006F9144B3860A2
:1027400022461B68002198474FF0FF33736012F058
:10275000D3FB3368002B11DD0024254603E072B162
:1027600033689D420ADA12F0C1FB3B681A59904265
:10277000234405F1010504F17C04F0D1F8BD186093
:10278000F8BD00BF306E00205D2C01085004002011
:102790005C04002000B9704710B5044601F0AAFFA0
:1027A00020460BF009FF044604F070FD204610BDE2
:1027B00070B5054601F09EFF25B9002404F066FDC2
:1027C000204670BD01F096FF28460BF0F5FE04464A
:1027D00004F05CFD002CF0D0144E1549F269736BC7
:1027E0000132F26113F83420013203F8342003EB94
:1027F000C4032A465D680B6805F10800002198476C
:102800002968726B12F83130012B01D9F06930B9A7
:10281000013B02F8313004F039FD204670BD01382B
:10282000013BF06102F83130F5E700BF946F002002
:102830005C040020024B21F0030183E80300704791
:10284000AC6B002000B9704770B50D4C054601F027
:1028500051FF636BEE003344596848680BF0FEFC8F
:10286000626B6368616A16440133002063607160C3
:1028700002F835006562BDE8704004F007BD00BF96
:10288000946F002028B1034AD36B036003B15860F2
:10289000D0637047946F0020F8B5054601F02AFF19
:1028A0002C68B4B10E4E01F025FF736BE7003B447A
:1028B000596848680BF0D2FC716B7368726A0F44F8
:1028C0000133002073607A6001F83400746204F010
:1028D000DDFC00232B60BDE8F84004F0D7BC00BF4E
:1028E000946F002000292BDD2DE9F0470025154FBE
:1028F0008A46041FA94601F0FDFE54F8046F013515
:10290000B6B101F0F7FE7B6B4FEAC6084344596845
:1029100048680BF0A3FC796B7B687A6A88440133C2
:102920007B60C8F8042001F836907E6204F0AEFCAB
:10293000C4F8009004F0AAFCAA45DCD1BDE8F087F9
:10294000704700BF946F0020F8B5894E96F8283084
:102950000446002B2FD00334356CF26B24F00304B3
:102960000434A54238BF254662B152F8043C9D426A
:10297000144604D114E054F8043C9D4210D024685D
:10298000002CF8D1F368B46B1C4454F8041C611A91
:102990000B68002B65D14B689D426CDD002408E07C
:1029A00023680BB161685960616801B10B60A24294
:1029B00053D02046F8BD6F4B9A685868012186F8BD
:1029C00028100AB982089A605A25356210272022F9
:1029D000402519683764B264356580274FF48072EA
:1029E0004FF40075B7653266B5664FF480674FF4F3
:1029F00000624FF48055A1F114033767B267C6F83F
:102A000080504FF400574FF480424FF40045034488
:102A1000C6F88870C6F89020C6F898504FF48037F2
:102A20004FF400324FF48025C6F8A070C6F8A820F5
:102A3000C6F8B050022201254FF40027B16373633A
:102A40003261F060C6F8B8705D60756275600BF059
:102A500005FC0EF02FFC35637DE72368F363204609
:102A6000F8BD002010F07CFC54F8041C611A0B68BF
:102A7000002B93D18FE7D6F8B8703D4A581B041D40
:102A8000BB420C4472D2D2F8B070BB426CD2D2F8C6
:102A9000A870BB4266D2D2F8A070BB4260D2D2F816
:102AA00098709F425AD9D2F89070BB4254D2D2F853
:102AB0008870BB424ED2D2F88070BB4248D2926F2F
:102AC000934243D2376F2A4ABB423DD2976EBB42F4
:102AD00038D2176EBB4233D2976DBB422ED2176DE0
:102AE000BB4229D2976CBB4224D2126C93420CD2C7
:102AF000F2687369521B2B44F260736110B944F899
:102B0000045C56E70BF0AAFBF9E700223768D1F81E
:102B100008E0FB1A3360CB68BEF1000F01D0CEF89D
:102B2000043013B1C3F800E0E2E706EBC202C2F8DA
:102B300044E0DDE70122E9E70222E7E70322E5E7D7
:102B40000422E3E70522E1E70622DFE70722DDE7CB
:102B50000822DBE70922D9E70A22D7E70B22D5E7CB
:102B60000C22D3E70D22D1E70E22CFE70F22CDE7CB
:102B7000946F0020AC6B0020F8B54A4C94F82830D4
:102B8000002B3DD0D4F8BC30464A3BBBD2F8B43021
:102B900023BBD2F8AC300BBBD2F8A430F3B9D2F8D7
:102BA0009C30DBB9D2F89430C3B9D2F88C30ABB9D1
:102BB000D2F8843093B9D36F83B9536F73B9E36E8E
:102BC00063B9536E53B9D36D43B9536D33B9D36CF5
:102BD00023B9536C13B96FF00B00F8BD9B68002B41
:102BE000F9D0002201E09B6843B159689B6891428B
:102BF000104684BF0A461046002BF4D10C38F8BDAD
:102C0000294B9A685868012184F828100AB982086B
:102C10009A601968A1635A26102220252662226430
:102C2000A564402780264FF480724FF40075A1F10F
:102C300014032765A6652266A5664FF480674FF4E6
:102C400000664FF480524FF4005503442767A6678F
:102C5000C4F88020C4F888504FF480474FF40046F1
:102C60004FF480324FF40035C4F89070C4F8986087
:102C7000C4F8A020C4F8A850022201254FF48027F0
:102C80004FF4002663632261E060C4F8B070C4F8BA
:102C9000B8605D60656265600BF0E0FA0EF00AFBFB
:102CA00025636FE7946F0020AC6B002030B1044BBC
:102CB0005B6B03EBC000436858680C38704700BF7B
:102CC000946F0020024A936901339361704700BFFB
:102CD000946F0020074AD169536B0131D16113F819
:102CE0003020013203F8302003EBC003586808306D
:102CF000704700BF946F0020F8B5584C01F0FAFC03
:102D000094F82830002B57D0D4F8BC30534A9BBBE2
:102D1000D2F8B43083BBD2F8AC306BBBD2F8A4305D
:102D200053BBD2F89C303BBBD2F8943023BBD2F8D3
:102D30008C300BBBD2F88430F3B9D36FE3B9536F47
:102D4000D3B9E36EC3B9536EB3B9D36DA3B9536DA1
:102D500093B9D36C83B9536C73B96FF00B034049CB
:102D6000DA1781FB0313C2EB6313246A04FB03F439
:102D700004F08CFA2046F8BD9B68002BF5D00022A9
:102D800001E09B6843B159689B689142104684BF3B
:102D90000A461046002BF4D10C38B0F5800F0346DC
:102DA000DDD8226A2E4B02FB00F0A3FB00235C0956
:102DB00004F06CFA2046F8BD2A4B9A685868012145
:102DC00084F828100AB982089A601968A1635A2603
:102DD0001022202526622264A564402780264FF415
:102DE00080724FF40075A1F114032765A665226671
:102DF000A5664FF480674FF400664FF480524FF49D
:102E0000005503442767A667C4F88020C4F888509B
:102E10004FF480474FF400464FF480324FF40035B2
:102E2000C4F89070C4F89860C4F8A020C4F8A85002
:102E3000022201254FF480274FF4002663632261AC
:102E4000E060C4F8B070C4F8B8605D606562656049
:102E50000BF004FA0EF02EFA256355E7946F00206C
:102E60001F85EB51AC6B0020024A9369013B9361D3
:102E7000704700BF946F002030B403680A4A53F8CB
:102E8000085C0446506B10F83530012B03D9D1692A
:102E900009B10139D161013B00F8353000221046FB
:102EA000226030BC704700BF946F0020034B5B6B07
:102EB00003EBC00040680830704700BF946F0020EB
:102EC00000B585B00B461146054A009001921846A0
:102ED00001AACDF80CD00BF0BDFE05B05DF804FBE7
:102EE0001D2F000800B583B002AB123043F8040D6B
:102EF000184605F0E7FB03B05DF804FB00B583B0AE
:102F000002AB163043F8040D184605F0DBFB002831
:102F1000B8BF404203B05DF804FB00BF0068034443
:102F20000B601046704700BF2DE9F043044683B0A4
:102F300000206060894690461E4625680346694623
:102F4000A0683622A847362803D0012003B0BDE888
:102F5000F083636836336360684605F0ADFB009B21
:102F600005460C336846009305F0ACFB07466846FF
:102F700005F0A8FBC9F80000684605F0A3FB009B1C
:102F8000C8F8000002336846009305F095FB3080D6
:102F9000684605F097FB009B0B9A0C33106068465F
:102FA000009305F08FFB3388013B1F2BCDD801A286
:102FB00052F823F07F3000084B2F00084B2F0008F9
:102FC000773000084B2F00084B2F00084B2F0008CC
:102FD000353000084B2F00084B2F00084B2F0008FE
:102FE0004B2F00084B2F00084B2F00084B2F0008D9
:102FF000873000084B2F00084B2F00084B2F00088C
:103000004B2F00084B2F00084B2F00084B2F0008B8
:10301000873000084B2F00084B2F00084B2F00086B
:103020004B2F00084B2F00084B2F00084B2F000898
:10303000873000080A9A4FF48073136008B10A9B26
:1030400018600B9B1B68032B21D06068283838441C
:1030500060600A9B1B68B3F5807F3FF776AF44F64C
:1030600042539D427FF471AF0B9B1868032894BFB5
:10307000002001206AE70A9A10231360DEE70A9A0B
:1030800002231360DAE70A9A00231360D9E701A943
:1030900026686368A0681022B047102805D06368CE
:1030A000A3F1380038446060D3E76368284E1033DA
:1030B000636001A805F006FB306001A805F002FB83
:1030C000706001A805F0FEFA3368B0600022F2607B
:1030D000DA0708D401225B0813F0010F114602F150
:1030E0000102F8D0F16001225B0813F0010196465D
:1030F00002F10102F8D17368C6F818E0DA0731610D
:1031000008D401225B0813F0010F114602F10102FD
:10311000F8D0316101225B0813F00101964602F1FB
:103120000102F8D1C307C6F81CE0716107D401237E
:103130004008C1071A4603F10103F9D57261012362
:103140004008C1071A4603F10103F9D43262A6E729
:10315000EC6C00202DE9F04114460646884601F04B
:10316000C9FA204601F0DAF9E8B9A7001B4D3B196E
:1031700005EB8303DA68B24206D11B69434503D1EC
:10318000BDE8F04104F082B83B1905EB83035869B0
:10319000D0B93C4405EB8404E660C4F81080BDE877
:1031A000F04104F073B80D4B04EB840403EB84048A
:1031B00063689A685968C2EB0802711A03F01CFB35
:1031C000BDE8F04104F062B85B689A685968C2EBE8
:1031D0000802711A02F02AFFDBE700BFB46E00207C
:1031E000C3B2CAB29A1A92B230B415B2002DBCBFA3
:1031F000524215B2C0F30723C1F307229B1A9BB2B8
:10320000090C1AB2C1EB1041002A89B20CB2BCBF42
:103210005B421AB2002CBCBF49420CB202FB02F264
:1032200005FB0520A1B201FB010030BC704700BFC7
:103230002DE9F041002182B0084601F0CDF901F0FE
:1032400059FA042006F096FC174BDB68DD6C1C6D08
:10325000A5F57F57A4F57F5605F57F5504F57F54F6
:1032600080463F3F3F353F3E3F346846ADF80070F3
:10327000ADF80450ADF80260ADF806400AF0C4F9AC
:1032800048B123462A463146384606F07BF80AF014
:103290004FF80028F5D1404606F06CFC03F0F6FF2D
:1032A00002B0BDE8F08100BFA00300202DE9F04787
:1032B000044682B00D461646002B38D09A4600963A
:1032C00026680B9B0A9A51462046B047074618B914
:1032D000384602B0BDE8F08708F06EFA618A804691
:1032E000384607F0B1FC384609F0F8FD013D40468C
:1032F00009F0F4FD002DC8BF4FF0000904DC1AE00E
:1033000009F0ECFD013D16D054F81C6FCDF800908B
:10331000002320461A464146B04706460028EFD112
:10332000384607F09DFF304602B0BDE8F08708F050
:1033300051FA8246C3E740461D2109F021FCBAF14B
:10334000FF3FC5D001F0D6F908F0CAFA60B9BA4516
:1033500002D0384609F0D6FC03F098FF384602B098
:10336000BDE8F0870028F4D0FFF7A0FD8069874210
:10337000F8D1F1E7012B12DCF8B506461C20174600
:103380000C461D46FFF7E0FAB8B154B104610023C2
:10339000836085618782C66003604360F8BD00205A
:1033A0007047074B53F825200AB9F0E71A4613680F
:1033B000002BFBD113690361E9E70020F8BD00BFD2
:1033C0006C700020012B3BDC2DE9F84381461C206A
:1033D00090460F461E46FFF7B7FA054600287FD0F5
:1033E000414A002F31D00023DFF804E152F8264093
:1033F00003609EF8001007618E428661A0F8148079
:10340000C0F80C904360836002DB731C8EF80030C0
:10341000002C5DD021464C68002CFBD1D9F800006F
:10342000CB681B6883422CDD09680029F8D148B9B4
:103430002E4B16361A68284642F82650BDE8F88307
:10344000002070472846BDE8F88352F8261000296E
:1034500030D0084600E018460368002BFBD1DFF8A7
:1034600090E000692B6028619EF80000AE61864202
:10347000A5F81480C5F80C906B60AB60CBDB0C46F4
:10348000C3E70AD04B6843B31D606B608D4214BF25
:103490000B4600234D602B60C9E7B8F1010FF1D155
:1034A00004E0D9680C6884421946EBDB0B68002BFA
:1034B000F7D1E7E7DFF838E001609EF80030866179
:1034C0009E42A0F81480C0F80C9041608160D6DA6A
:1034D00042F82650D9F80000A9E742F82650D5E76F
:1034E0000020BDE8F88300BF6C700020AC03002012
:1034F00065700020FFF7C6B900283CD070B484691D
:10350000012C03DD0123184670BC70471E4B1F4D74
:103510001A789442A4BF621C1A7055F824300BB973
:103520002FE013465A68002AFBD1C268116802E0F6
:103530001B68002BE6D0DA6812689142F8DB0DD0E8
:103540005A68DAB110604260984214BF1A460022ED
:1035500058600023026070BC18467047828A012AB6
:10356000EED104E0D3681E68B1421346E8DC1A6865
:10357000002AF7D1E4E701231846704745F82400F4
:10358000E2E745F82400BEE7657000206C7000207B
:1035900000284DD02DE9F041DFF89CE0254F9EF842
:1035A0000060BC4602E02846002D27D084690568EB
:1035B000012CF8DCB44257F82430A4BF661CF6B2E4
:1035C0000BB932E013465A68002AFBD1C268116871
:1035D00002E01B68002BE6D0DA6812688A42F8DC49
:1035E00010D05A68A2B110604260984214BF1A46C7
:1035F0000022586002602846002DD7D18EF8006066
:10360000BDE8F081828A012A0BD05A68002AEAD1EB
:1036100047F82400E9E7D368D3F8008088451346CB
:10362000DFDB1A68002AF6D1DBE74CF82400BAE7A2
:10363000704700BF6C700020657000200F4A8169E0
:1036400052F8213098420AD042680AB103681360E8
:10365000036803B15A600023036043607047036846
:1036600042F821302BB100225A604268002AEED184
:10367000F0E74268002AEAD1EDE700BF6C70002055
:103680000020704701280EDC084B53F8200058B189
:10369000C3681B681BB908E0C3681B6823B10068D6
:1036A0000028F9D170470020704770476C700020E7
:1036B000F0B583B0F8B104460C2016460F46FFF76C
:1036C00077F8054610B9284603B0F0BD01F012F8AE
:1036D0002846FFF7FFFA034602A8094A40F8043DCE
:1036E0005C601F815E811A60FFF7C6FB03F0CEFDB0
:1036F000284603B0F0BD0546284603B0F0BD00BF24
:10370000A4EB030800B970472DE9F04182B01E46D2
:1037100015460C460746FFF7DDFA02AB026843F890
:10372000040D1846D2F80080FFF7A6FB33462A4660
:1037300021463846C04702B0BDE8F0812DE9F84384
:10374000074611F0D5FB074411F0D2FB3E1A002EBC
:10375000DFF86090DFF8608022DD00F0E5FDD9F849
:1037600000309E42A8BF1E4600F0C4FFD8F80040BB
:10377000FFF7A8FAB4B1254603F088FD013DFBD15F
:10378000304611F0B1FB00F0B5FF013CFBD1FFF773
:103790006BFB03F07BFD11F0ABFB3E1A002EDCDC73
:1037A000BDE8F883304611F09FFBFFF75DFB03F0A7
:1037B0006DFDF0E7B8030020346E002020B3F0B5B3
:1037C0000C4683B00546164600F094FFD4B120465F
:1037D00009F074FB074638B168463A46214604F0C2
:1037E00047FE684609F06AFB3246214647F6FF73FA
:1037F000284603F0E3FF384609F060FB03F046FD7E
:1038000003B0F0BD2746EFE7704700BF08B100F0F6
:1038100001B870472DE9F04F89468BB01546044634
:1038200003921F4600F066FFB9F90030B9F90410A1
:10383000B9F906000193CE1A0291B9F902B00590C8
:1038400000F076FE15F00C0806F10106049076D122
:103850001FFA80FA484609F031FB02460490A8B1ED
:10386000019800210B4660F30F01029860F30F03EB
:1038700005986BF31F4160F31F43069106A8494664
:10388000079304F0F5FD06A809F018FB039B03F06D
:1038900003080AF1FF33039343461FFA8BF5B04642
:1038A0001E4615E0022E34D01EB9B9F80030ADF82E
:1038B00020302046594608AA03F026FF20463A4603
:1038C000414604F095FF044455442378ADB273B3E8
:1038D0003A464146204604F0F5FF039BBDF804201C
:1038E000ADF820200146EB18BDF80820ADF82250B5
:1038F00083462046ADF82420ADF8263004F016FDAE
:10390000012ECFD1B9F804300133181AADF82000D8
:10391000CFE7B9F90010B9F904305B1A181A013071
:1039200000EBD07001EB6000ADF82000C1E7049817
:1039300009F0C4FA03F0AAFC0BB0BDE8F08FA24670
:1039400000F0D8FE3A4631465046002504F050FFBC
:1039500040B182443A4631465046013504F048FFB2
:103960000028F6D103F092FCB8F1080F08D0B8F1A6
:103970000C0F0FD0B8F1040F02D0BDF810A069E70A
:10398000BDF810A0059B15FB0AF501335D1B0FFA6E
:1039900085FB5FE7059B0499CBEB0303013305FB34
:1039A000113505EBD5750BEB65050FFA85FB1FFA95
:1039B00081FA4FE72DE9F04FDFF8F49089B0044623
:1039C00090460F4600F096FED9F800302088DA6C59
:1039D0001D6D63881744A844421E013B3A4443448A
:1039E00006A8ADF81870ADF81A80ADF81C20ADF837
:1039F0001E3009F009FE00284ED0DFF8B8A0CB46F3
:103A00001AE040F0020002F0DBFE216921B3D4F895
:103A10000CE0A668638822888DE84040012003906E
:103A200002900E6838464146B047284602F0C8FE6C
:103A300009F07EFC00282FD00020E66802F0C0FECE
:103A4000054616B13379002BDBD125F0020002F0D8
:103A5000B7FE21690029DAD1D9F80020DAF8003060
:103A6000527CE06821469847E188D0B1638822887B
:103A7000A6680590A0880291012103900191009110
:103A800038464146049605F06DFA284602F098FE45
:103A900009F04EFC0028CFD103F0F8FB09B0BDE8D7
:103AA000F08F012904BFDBF80030986BDEE700BF20
:103AB000AC030020A003002070B582B00A46014686
:103AC000684604F005FE00F015FE284BBDF80040E6
:103AD0001B68BDF80410B3F84C60B3F85050BDF843
:103AE0000220BDF80630344431442A442B44684651
:103AF000ADF80040ADF80410ADF80220ADF8063086
:103B000009F082FD68B3BDF90040BDF904309C4264
:103B10000EDC2046BDF9021005F0D4FB2046BDF9AD
:103B2000061005F0CFFBBDF9043002349C42F0DDF5
:103B3000BDF90240BDF906309C420EDC2146BDF9BC
:103B4000000005F0BFFB2146BDF9040005F0BAFBFB
:103B5000BDF9063002349C42F0DD09F0E9FB002893
:103B6000D1D103F093FB02B070BD00BFAC030020C5
:103B70002DE9F04F91B081461E460F46904600F069
:103B8000B9FD654B1C68E56C246DA019E11905EBC6
:103B9000090305EB0802044608900EA8029301925F
:103BA0000791ADF83830ADF83C20ADF83A10ADF8DB
:103BB0003E4009F029FD002800F09180019B029A07
:103BC0009DF868409DF86C70C2EB030B1A9AC2F323
:103BD00007201B9AC2F307261A9AC2F307411B9AC1
:103BE0000BEBDB735B10C2F3074E1A9A0BFB043529
:103BF0003C1B120E06940BFB0034301A03900BFB97
:103C000001300BFB02330D931B9B0A95C1EB0E0198
:103C1000C2EB13630B940C90049105935E4600F085
:103C200071FC1A9B1B9A099093426AD0002E52D0C5
:103C3000029D019A95425CDC0AAF024697E8800734
:103C40004FF0010B06E00BF1010B019B0135AB427C
:103C500022462FDB9AFBF6F399FBF6F41B0697FB43
:103C6000F6F143EA044398FBF6F441EA042405998B
:103C70001C43039B8A4404999844029B89440699F7
:103C8000AB4210460F44E0DA9442DCD005F05AFF14
:103C9000BBF1010FCBEB0500089B079905F1FF3243
:103CA00022D005F06FFB019B0135AB424FF0010BB9
:103CB0002246CFDA204605F045FFBBF1010F1AD0AE
:103CC000019A089B0799CBEB0200013005F05AFBE3
:103CD000099805F037FF09F02BFB00289FD103F06E
:103CE000D5FA11B0BDE8F08F1A46681E05F020FB2A
:103CF000ABE705F027FF089A0799019805F018FB34
:103D0000E6E7184605F01EFF089B019A07990298FE
:103D100005F038FBDCE700BFAC0300202DE9F04FD5
:103D200091B081461E460F46904600F0E3FC644B7E
:103D30001C68E56C246DA019E11905EB090305EB7E
:103D40000802044601900EA8079308920291ADF86C
:103D50003830ADF83C20ADF83A10ADF83E4009F0EF
:103D600053FC002800F09180019B029A9DF8684066
:103D70009DF86C70C2EB030B1A9AC2F307201B9AD2
:103D8000C2F307261A9AC2F307411B9A0BEBDB73A7
:103D90005B10C2F3074E1A9A0BFB04353C1B120E44
:103DA00006940BFB0034301A03900BFB01300BFB25
:103DB00002330D931B9B0A95C1EB0E01C2EB1363FB
:103DC0000B940C90049105935E4600F09BFB1A9BAC
:103DD0001B9A0990934269D0002E52D0029D019AFD
:103DE00095425BDC0AAF024697E880074FF0010B73
:103DF00006E00BF1010B019B0135AB4222462FDBA4
:103E00009AFBF6F399FBF6F41B0697FBF6F143EAEF
:103E1000044398FBF6F441EA042405991C43039BF0
:103E20008A4404999844029B89440699AB421046FF
:103E30000F44E0DA9442DCD005F084FEBBF1010FC0
:103E4000CBEB050105F1FF33089A079822D005F066
:103E500099FA019B0135AB424FF0010B2246CFDAB4
:103E6000204605F06FFEBBF1010F19D0019B089AA7
:103E70000798CBEB0301013105F084FA099805F0AE
:103E800061FE09F055FA00289FD103F0FFF911B047
:103E9000BDE8F08F691E05F0EBF9ACE705F052FEC6
:103EA000089A0199079805F0E3F9E7E7184605F045
:103EB00049FE019B089A0299079805F063FADDE72D
:103EC000AC030020F0B5144F83B006460D461446EF
:103ED00000F010FC3B68196DDA6C0E4433B21544E7
:103EE00014446846ADF80050ADF80440ADF8023017
:103EF000ADF8063009F088FB50B13B685B6E224696
:103F00001B6831462846984709F012FA0028F4D178
:103F100003F0BCF903B0F0BDAC0300202DE9F04F75
:103F2000B84D8DB08046894617469A4600F0E2FBB0
:103F30002C680020E66C246D09F066FB002800F078
:103F4000268104EB0A03A144C3EB090B06EB08022C
:103F5000F119CBF10008C1EB020A18EA2B0838BFAF
:103F6000D8464AEA0B07CDF814B004930391A64E45
:103F7000934604E009F0DCF9002800F008812B6882
:103F80001C7E0023012C079300F03281002FF1D01A
:103F9000BAF1000F04F1FF34C0F22581504602222D
:103FA000059933EA210328BF1346404580F2F48087
:103FB00043F004030246DBB24046411001EB82228B
:103FC00092FBF0F2911106EB4100C2F3830CCCF1AD
:103FD000100EB0F92400BEF1100F0EFB00F006D059
:103FE000894A02EB4101B1F926100CFB010010F1E6
:103FF000080148BF00F117010911580748BFC1F572
:104000008061DA0748BFC1F500619B0748BFC1F571
:10401000805101F50062C2F30B02B2F5006FC6BF1A
:10402000A2F5006201200020B2F5806FC8BFC2F582
:10403000006201F58063911102F03F02C2F140027B
:1040400092B236F811E0402A02FB0EFE08D0102989
:1040500006D00131C2F1400236F8111002FB01EE28
:104060000EF1200E4FEA9E1E002840F09780704609
:10407000C3F30B03B3F5006FC6BFA3F500630122C2
:104080000022B3F5806FC8BFC3F5006303F03F0E95
:104090009911CEF1400E1FFA8EFE36F81130BEF1A6
:1040A000400F00FB04F00EFB03F308D0102906D0EC
:1040B0000131CEF1400E36F811100EFB01332033E2
:1040C0009B0902B15B42002803FB04F469DB00F5A5
:1040D0000070002C4FEAA0206ADB04F50074002871
:1040E0004FEAA4246BDD00F1010C002C4FEA6C0CAC
:1040F0004FEA60006EDD04F1010E4FEA6E0E6410AF
:104100001FFA8CFC1FFA8BF21FFA8EF302EB0C0ED7
:10411000ADF820E0BDF80CE080B2121AF444C0EB18
:104120000E00BDF810E0ADF82420A4B21FFA89F10A
:10413000CA18091BC4EB0E049E440023ADF82220CC
:10414000ADF826101A46ADF82800042108A8ADF8ED
:104150002CC0ADF82A40ADF82EE0FDF7D7FD2B6856
:104160005B7E002B7FF406AF49465846FDF74AFDBB
:10417000244B1B685B7E002B7FF4FCAE04990398F4
:10418000FDF740FD09F0D4F800287FF4F8AE03F005
:104190007DF80DB0BDE8F08F42460EE7CEF100008D
:1041A00066E7C0F500708012002CC0F1000094DAC0
:1041B000C4F50074A4120028C4F1000493DC431E6B
:1041C00000EBD07C03EBD373002C4FEA63004FEA83
:1041D0006C0C90DC631E04EBD47E03EBD3735C1099
:1041E0004FEA6E0E8CE7CAF1000003220123D7E6E6
:1041F00007AB0093039A049B49465846FDF7FEFA25
:10420000B8E600BFAC030020C8EB03082DE9F04777
:1042100082B0044689469246984600F06BFA1E4BDF
:104220001F683E7EFD6C3F6D013EB6B22C44B94422
:104230005544B844A11B7219C6EB090368464644AD
:10424000ADF80010ADF80420ADF80230ADF806600E
:1042500009F0DAF9D8B109F1010708F1FF362A4669
:104260004946204605F004F82A464146204604F017
:10427000FFFF32463946204605F05AF832463946A5
:10428000284605F055F809F053F80028E7D102F068
:10429000FDFF02B0BDE8F087AC03002070B582B02E
:1042A000064614460D4600F025FA104B1A68D36CEA
:1042B000126D1E4433B2154414446846ADF80250E2
:1042C000ADF80640ADF80030ADF8043009F09CF9C7
:1042D00040B122462946304605F02AF809F028F870
:1042E0000028F6D102F0D2FF02B070BDAC0300206E
:1042F00030B585B000232A220D466946019302930A
:1043000003930092044608F02BFC039B13B1012297
:1043100083E8240000F0EEF9204608F0F7FE02F0F2
:10432000B5FF05B030BD00BF2DE9F041124F134E6F
:10433000DFF84C8000253C681CB1A047041C18BF66
:10434000012407F0ADF83368002818BF01244BB1F1
:10435000984738B1D8F8003013B1012498473CB1E0
:104360000125E8E7D8F80030002BF7D1002CF7D171
:104370002846BDE8F08100BF887000208C700020C6
:1043800084700020F0B583B0074616461C460D46E3
:1043900000F0B0F9104B1B68DA6C1B6D1744164423
:1043A0001D441C446846ADF80070ADF80460ADF8DB
:1043B0000250ADF8064009F027F948B123463246CD
:1043C0002946384604F0DEFF08F0B2FF0028F5D198
:1043D00002F05CFF03B0F0BDAC030020002850D019
:1043E000C388013B10B5848880681F2B47D8DFE85D
:1043F00003F0162346314646463C46464646464668
:104400004640464646464646464646464646464652
:104410004610A31002FB031150F8210010BD02FB4F
:1044200004F200EBD104C843A35C00F0070023FAB8
:1044300000F000F0010010BD02FB04F200EB91045B
:104440006FEA4100A35C00F0060023FA00F000F0E0
:10445000030010BD02FB04F200EB5104CB07A05C8B
:104460004CBF00F00F00000910BD02FB0404605CAB
:1044700010BD631002FB031130F8110010BD0020C5
:1044800010BD7047034B53F82000C36808219B6A96
:10449000184700BF6C70002010B500F02BF904F035
:1044A000B1FF05F045F9044602F0F0FE204610BDCC
:1044B00010B5044600F01EF9054B1B68DB690021AE
:1044C0005B6820469847044602F0E0FE204610BD97
:1044D000AC03002038B504460D4600F00BF9064B3E
:1044E0001B68DB6929465B6820469847044602F052
:1044F000CDFE204638BD00BFAC03002008B107F058
:1045000033B9704710B500F0F5F804F083FF05F0FB
:104510000FF9044602F0BAFE204610BD01289ABFEA
:10452000024B53F820000020704700BFF86D0020B8
:1045300010B500F0DFF8044B1B68DB695C7E02F00D
:10454000A5FE204610BD00BFAC03002070B5044698
:104550000E46154600F0CEF820462A46314604F0B5
:10456000C5FF044610B1002333602B6002F08EFEBD
:10457000204670BD38B505460C4600F0BBF8064A2B
:10458000064BB2F90020B3F900302A602360BDE881
:10459000384002F07BBE00BF5A7000205C700020E3
:1045A0000448342335216122017002718370C37085
:1045B000704700BF38040020024B53F820301B69BD
:1045C000186870476C700020024B53F820301B694C
:1045D000586870476C70002038B505460C4600F0EE
:1045E00089F8044B1B685D849C8402F04FFE002018
:1045F00038BD00BFAC03002090B583B000AF344A93
:10460000334B1B6823F001031360324B01221A6005
:1046100000BF304B1B68002BFBD12F4B2F4A1A6079
:104620002D4B1B682E4A934200D0FEE703F02AF878
:104630002C4B2E221A7010F05DFC2B480DF002FE60
:104640000FF0EAFB786004F0BBFF0346002B0CBFC1
:1046500001230023DCB204F0F9FF0346002B0CBF5A
:1046600001230023DBB22343DBB2002B09D004F08B
:10467000BDFF044605F000F803461946204605F044
:1046800073FA0021002002F0C7F807F07DFCFDF767
:10469000F5FF164B1B68002B12D00DE0134B1B6867
:1046A0001B68002B03D0114B1B681B6898470F4BEE
:1046B0001B685B680D4A13600C4B1B68002BEDD127
:1046C0000B4B01221A707B6818460C37BD4690BD13
:1046D000002000E00830024000300240C2A507F48C
:1046E000CDB5E8B558700020C46B00203C6C0020AC
:1046F000647000202DE9F041234D6B6823B110F068
:10470000F5FBAB68984204D010F008FC10F0EEFB0B
:10471000A8606B680133012B6B6001D0BDE8F081AC
:104720001A4F3B68002B29DD0024264606E042B3E1
:104730003B6801369E4204F17C041FDA10F0D6FB80
:104740002B681A5990422344F1D17B68B342E5D0DB
:10475000002B10DB2A68C3EB431302EB8308FEF740
:104760008FFF2B68C8F878001C44094BA06F0434F5
:104770001C60FEF70DFF7E60BDE8F0810024264638
:10478000E3E71860E1E700BF306E0020500400202E
:10479000AC03002010B582B028B9134B1B681C6E07
:1047A00014B902B010BD0446FFF7A4FF2046FEF77F
:1047B00091FA02AB446943F8080D1846FEF75CFB1A
:1047C0001CB902F063FD02B010BD2046FEF782FA6C
:1047D00002AC826844F8040D936898472046FEF7BF
:1047E0004BFB02F053FDEEE7AC03002000B970472D
:1047F000014A114600F002B801F0FFFF2DE9F04731
:1048000084B00C4615460646FFF774FF002001F001
:10481000D7FFDFF8E480D8F80030814630461F6EBD
:10482000FEF758FA03680090986901F08BFF314B4E
:104830009C42009B04BFB3F90440B3F906501A89A7
:104840005B89ADF80840013A013B22442B44824683
:10485000ADF80C20ADF80E30ADF80A5006F02EFB86
:104860006846FEF709FB02A808F0CEFE48BB50469A
:1048700001F068FFFFF73EFF002F38D0D8F8003076
:104880001B6E8BBB06F0ACFC3846FEF723FA04AC7B
:10489000D8F8003044F80C0D1F660068FEF72CFEB7
:1048A0002046FEF7E9FA05F0D3F905F03DF902F0EC
:1048B000EDFC484601F084FF02F0E8FC04B0BDE8DE
:1048C000F0872A462146304600F08AFD08F030FD88
:1048D0000028CCD02A462146304600F081FD08F061
:1048E00027FD0028EDD1C2E701F01EFFCAE701F065
:1048F0001BFFDCE701F0FFFFAC0300202DE9F043D4
:1049000085B00646904699460F46FFF7F3FE1B4AD0
:104910001B4B1268507C53F8204001E0246814B30C
:10492000E3681A68042AF9D1DB6A01212046984716
:104930000546F0B12469A3689847124B01950130F0
:1049400006BF1C460125002502944B4642463946C7
:104950003046009500F0C0FB044602F097FC20466C
:1049600005B0BDE8F083FEF78DFE044618B1C368BC
:10497000DAE70446F1E72046F2E700BFAC03002087
:104980006C700020F8DC03082DE9F04385B0064682
:10499000904699460F46FFF7ADFE1C4A1C4B126825
:1049A000507C53F8204001E02468FCB1E3681A68A9
:1049B000042AF9D1DB6A0121204698470546D8B17F
:1049C0002469A3689847013018D00C9B0294009387
:1049D00001954B4642463946304600F07DFB044681
:1049E00002F054FC204605B0BDE8F083FEF74AFE15
:1049F000044648B1C368DDE70446F1E70C9B054C6B
:104A000043F001030C93E0E72046ECE7AC03002001
:104A10006C700020F8DC03082DE9F04184B00C9C98
:104A20009CB1984617460E460546FFF763FE0B9B62
:104A300001930A9B029400933A4643463146284626
:104A400000F04AFB044602F021FC204604B0BDE819
:104A5000F08100BF00B9704710B582B00446FFF77F
:104A600049FE104B1B681B6E9C4217D02046FEF778
:104A700031F94369019063B90068FEF73BFD01A875
:104A8000FEF7FAF92046FDF7DDFE02F0FFFB02B06B
:104A900010BD184602F0E0FB0198EDE701F044FE7E
:104AA000E4E700BFAC0300202DE9F04F87B00646D5
:104AB00092461C468946FFF71DFE564B1A68564B18
:104AC000577CDB57012B384640F3978004F07EFD7E
:104AD0000546384604F0C0FD0746002E00F08A80E7
:104AE00005A904A8FFF746FD049A059BB6F900C086
:104AF000B6F90200B6F904E0B6F9061015441F44F1
:104B0000013D2CEAEC73013F20EAE072029303922C
:104B10007545D4BFC3EB0503C3EB0E038F42D4BF6F
:104B2000C2EB0702C2EB01021D46174601350137F1
:104B300004B97C42002D4FDD002F4DDD109B00930A
:104B40002A46234603990298FFF71EFF8046002855
:104B500048D000F0DDF88742064604D02D4B1B6894
:104B6000986C002851D1404600F0E0F9DFF8ACB075
:104B70003D4600240EE0AD1BACB95046C847DBF8FB
:104B800000303444002003B198474046FFF72EFE22
:104B9000A74212DDAE42EEDD2946404600F0A6F9FE
:104BA000AD1B002CE9D0039B029940461A1900F076
:104BB000EDF94046FFF7EEFDDFE74046FFF74AFF1D
:104BC000002000F0B3F9B74206D0124B1B68986C76
:104BD00010B1332109F064FA02F058FB002007B04D
:104BE000BDE8F08F5046C84702F050FB012007B0E7
:104BF000BDE8F08F039602969AE704F091FC054613
:104C0000384604F0B7FC074667E7322109F048FA56
:104C1000A9E700BFAC03002068700020846E00206C
:104C200030B5044683B098B1FFF764FD2046FEF727
:104C300051F8036802AD1B6945F8040D9B6898475D
:104C400005F066F904462846FEF716F902F01EFB49
:104C5000204603B030BD00BFA0B110B5044682B0FD
:104C6000FFF748FD2046FEF735F802AB00F11804C7
:104C700043F8040D1846FEF7FFF802F007FB204644
:104C800002B010BD704700BF10B5044682B0FFF7F8
:104C900031FD7CB12046FEF71DF802ABB0F90440AF
:104CA00043F8040D1846FEF7E7F802F0EFFA204645
:104CB00002B010BD044B1B681C6E002CEAD102F040
:104CC000E5FA204602B010BDAC03002010B5044642
:104CD00082B0FFF70FFD7CB12046FDF7FBFF02AB72
:104CE000B0F9064043F8040D1846FEF7C5F802F087
:104CF000CDFA204602B010BD044B1B681C6E002C80
:104D0000EAD102F0C3FA204602B010BDAC03002085
:104D100010B5044682B0FFF7EDFC7CB12046FDF7EC
:104D2000D9FF02ABB0F90A4043F8040D1846FEF76C
:104D3000A3F802F0ABFA204602B010BD044B1B688A
:104D40001C6E002CEAD102F0A1FA204602B010BD80
:104D5000AC0300202DE9F04FDFF888B189B006469A
:104D600005273046FDF7B6FF034607A8B3F90080D4
:104D7000B3F90440B3F90290B3F906500793C8EBB6
:104D800004040134D3F824A0C9EB0505FEF774F838
:104D9000002C05F1010555DD002D53DDBAF1000FA2
:104DA00055D106F017FD86427FD04A4B01934FF054
:104DB000010A494640462B462246CDF808B0CDF8B8
:104DC00000A000F089F980463046FDF783FF079088
:104DD000C0F82480B8F1000F60D0836ADFF8089132
:104DE00043F48033836207A8FEF746F8404600F09C
:104DF0009DF80590504602F0A1FA4046FFF72CFFBF
:104E0000354A364B1978136805FB04F29200344C8E
:104E1000984730462568C9F8006006F09FFD20607D
:104E2000304609F00DF8002210462560C9F8002030
:104E300002F084FA059800F079F83046FEF736F86B
:104E4000406AF0B9013F8CD109B0BDE8F08F5046FF
:104E5000FDF740FF034608A8B3F9045040F8083DA9
:104E6000B3F90640FEF708F8A8450FD04A46414678
:104E7000504600F08BF83046FEF718F8406A0028DC
:104E8000E0D000F0BFF809B0BDE8F08FA145D4D064
:104E90004A464146504600F079F8ECE707A8FDF78E
:104EA000EBFF304608F0CCFFCCE704F073FB824602
:104EB00004F0B6FB544503DC85427FF776AFA2468B
:104EC0008542A8BF05462A465146304607F0C4FF32
:104ED00054466AE720EB03085C04002068040020C5
:104EE000906F0020F8DC03080C75002030B50D46EB
:104EF00083B028B90C4B1B681C6E14B903B030BDCD
:104F00000446FFF7F7FB2046FDF7E4FEB0F90A3050
:104F10000190AB42C8BF458101A8FDF7ADFF02F08B
:104F2000B5F903B030BD00BFAC030020F0B5164F9B
:104F300083B00446FFF7DEFB3B681E6EE4B1C6B9E2
:104F400006F04EF92046FDF7C5FE02AD3B6845F878
:104F5000040D1C660068FEF7CFFA2846FDF78CFFAB
:104F600004F076FE04F0E0FD02F090F9304603B064
:104F7000F0BD01F0D9FBE3E701F0D6FB02F086F9C2
:104F8000304603B0F0BD00BFAC03002070B50D4645
:104F900082B0164628B91A4B1B681C6E14B902B0B1
:104FA00070BD0446FFF7A6FB2046FDF793FE36B220
:104FB0002DB2C6808580009004F0B6FD009B586934
:104FC00030B96846FDF758FF02F060F902B070BDD5
:104FD000FDF780FE009A0190B2F90830B2F90A207C
:104FE000C280838013B10AB10580468001A8FDF715
:104FF00043FF6846FDF740FF02F048F9E6E700BFCF
:10500000AC03002000B9704770B5044684B0FFF7C8
:1050100071FB2046FDF75EFE014601A8B1F9046070
:10502000B1F906500A894B89019132442B44013A67
:10503000013BADF80860ADF80C20ADF80E30ADF8CE
:105040000A50FDF719FF02A808F0DEFA40B12A461F
:105050003146204600F0A6F908F06AF90028F6D19A
:1050600002F014F904B070BD00B9704770B5044681
:1050700084B00D461646FFF73DFB2046FDF72AFE9D
:10508000144B028901909D42438904BFB0F904503A
:10509000B0F90660ADF80850013A013B2A443344A8
:1050A00001A8ADF80A60ADF80C20ADF80E30FDF7A0
:1050B000E3FE02A808F0A8FA40B13246294620468D
:1050C00000F070F908F034F90028F6D102F0DEF8AB
:1050D00004B070BD01F0FFFF2DE9F04FDFF82C8127
:1050E00087B0D8F8004081468A4617461E46129976
:1050F000637C11980022FEF73DF900284DD003692A
:105100009B680546984704F003FF00FB07F48346BD
:10511000FDF7F2FD109B073413F001034FEAD404AE
:105120003FD0002E2CDD002B42D004FB06F01830BF
:10513000FDF730FB034668B3002202921846039342
:10514000FDF7C8FD024606A8029BA2F8049040F8AD
:10515000042DA2F806A017815681D460C2F810B0C1
:1051600053611560FDF788FE129B2B61D8F8002073
:10517000039BAB60527CAA61184607B0BDE8F08F74
:10518000002C34D1204676428642A8BF064693B30F
:10519000002ECADC2846FEF7ADF9002007B0BDE8B6
:1051A000F08F0028B8BF0330801000EB4000B8E754
:1051B00000933A4633465146484601F0B9FF029003
:1051C00004FB06F01830FDF7F3FA03460028B5D1CA
:1051D00028460393FEF78EF9029B002BDDD018467C
:1051E000FDF730FB039B184607B0BDE8F08F183879
:1051F000B0FBF4F0C7E700933A46334651464846C1
:1052000001F096FF002E0290DADCC3E7AC03002029
:105210002DE9F04F604D614E2B685B7C91B056F8E4
:105220002330089088461446D3F81090FDF752FDBD
:10523000034610A81A68B3F90810126940F8083D2F
:10524000526806910792B3F90AA0FDF715FE2B6884
:105250005B7C56F82300C36808219B6A984717288F
:1052600010D80328064608BF0826D9F80430099349
:105270000020D9F800300C9302F012F820B111B0E0
:10528000BDE8F08F2026F0E706992A6808EB0103B5
:10529000B2F90C50013B5D1B002DC4BF0B465D1BDA
:1052A000B2F90830D8BF0D469845BDBFC8EB030121
:1052B0006D1A98460021002DE1DD04EB0A03B2F9D6
:1052C0000E00013B1B1A002BC8BFC3EB0A0AB2F940
:1052D0000A309C42BDBF1F1BC7EB0A0A1C460027B1
:1052E000BAF1000FCBDD069BCDF82C9007FB03171E
:1052F00004EB0A03BF000A93B24619E00423069A9E
:1053000031463046D8470123002205920496039285
:10531000019300932146CDF808A02A4640461C443C
:10532000069E03F01FFE0A9BA34207EB8607A6D04A
:105330000898FFF791FC0FAB0193079B0093C219EC
:105340002B462146404602F001FB0646002896D037
:10535000099B1A46124B9A42D5D0DDF82C90524642
:105360004B46294602F0C8F80028CCD1D9F810B035
:10537000BBF1000FC2D1DDF818B00D955D46A34614
:105380000C9CB146D9F80000A047013D49F8040B38
:10539000F8D10D9D5C46B6E7AC0300206C70002090
:1053A000819700082DE9F04182B00F4690460646ED
:1053B000FDF790FC036802ACDB6844F8040D16218D
:1053C0005B6A0020984705462046FDF755FD1DB154
:1053D000424639463046A84702B0BDE8F08100BFDA
:1053E0002DE9F04FA1B00D9110B921B0BDE8F08FBB
:1053F00092460746FDF76EFC20AB446943F81C0D4E
:105400001846FDF739FD3846FFF70AFC082805461F
:1054100002DD002C00F0D98001234FF0000B38464C
:105420001F930A93CDF878B0FDF754FC0168DFF8BC
:10543000688409690446D8F80000E3684D68B4F947
:1054400008100F9320AE23691491407CB4F90A1020
:10545000099346F8144DD4F814901691FFF712F8FA
:10546000D8F800100890487CFFF7AEF804463046A4
:10547000FDF702FD099A0A9B082A40F2A080102A33
:1054800013468CBF04230223CDF828B00E93A54207
:1054900000F0AC81D8F80030587CFFF78DF8149BF1
:1054A00006469800FDF776F9129000289DD0384600
:1054B000FFF7D2FB0746B9F1000F00F0F580484630
:1054C000FDF708FC169B1C90002B40F38B810023FA
:1054D0000C930F9BCDF840A0FB1815931DAB1193B7
:1054E0004FF001081946836800221D925B690C9AEF
:1054F0009847159B0F9A9B1A0B93149B8342044663
:1055000000F03181099B012B00F0F280002845D08A
:105510001AAB13931298FDF7DDFB099B1A90082B29
:1055200007461D9A40F2D4800E9B0B99A34602FBBE
:10553000031A81463AF8020BA847B047BBF1010BAA
:1055400049F8040BF6D1089B1F2B04D838461A469D
:10555000214601F009FF0A9A059200220392089A57
:105560001D9802920D9A1A9B1099049310440123DE
:105570002246CDF80480CDF8008003F0F3FC1398A8
:10558000FDF77AFC1C981D9B8268119957690C9A4B
:105590001C441D94B84704460028BBD1159A0F99A6
:1055A0000C9B0A441592109A01321092169A0133FC
:1055B0009A420C9300F016811C98119993E7012AE6
:1055C0006ED11EAB0E920A9361E73846FDF782FB5F
:1055D00020ABB0F9088043F8100D02460168B0F91D
:1055E0000A00089018460E69D2F80CB009920E9382
:1055F000FDF742FCA848A94900687368407C0C93F9
:1056000051F820100C6923680A93FEF73BFF082825
:10561000099A40D910288CBF2023102309938CBFEE
:105620004FF004094FF00209A64200F02D82202D10
:1056300000F09E81102D7FF4D8AE08FB09F0FDF735
:10564000A9F8109000283FF4D0AEFDF743FB1E9060
:105650003846FDF73FFB1C90236900F118020B92BE
:10566000002B00F022827369002B00F01E82B0F93B
:1056700008008000FDF78EF80F90002840F0698246
:105680001D900E98FDF7F8FB1EA8FDF7F5FB10988E
:10569000FDF7D8F8A9E6082309934FF00109C3E7FD
:1056A0000E93CDF828B0F2E60A9B05930F9B039367
:1056B0000124099B04900293149A169B0D9801945F
:1056C0005146009403F04EFC1298FDF7BBF88CE6AF
:1056D0000E9B0B99A14602FB031B82461BF8010B94
:1056E000A847B047B9F101094AF8040BF6D12AE7F7
:1056F00000283FF453AF17960C9F0A9EDDF84090A8
:10570000DDF834A0DDF844B01395DDF874E00B9DAE
:1057100005960EF0070006900AEB0E00BEF1000F92
:10572000B8BF0EF1070E05EBEE0E0F9DCDF810E0A1
:105730002246012349460395CDF80880CDF8048020
:10574000CDF8008004F096FA1C981D9B82681C44DA
:10575000594653691D943A46984704460028D4D1C7
:10576000139D179E1AE71298FDF7B4FA099B1A9039
:10577000082B8146149FDDF82CA0044629D93AF85D
:10578000020BA847B047013F44F8040BF7D1089B30
:105790001F2B04D848461A46149901F0E5FD0A9AD1
:1057A000059220AB1A460D9852F8183D0493144602
:1057B00000220392089A0292CDF80480CDF800806E
:1057C0000123149A109903F0CDFB2046FDF754FBFA
:1057D000E4E61AF8010BA847B047013F44F8040B70
:1057E000F7D1D4E71CA8FDF747FB6DE73846FFF774
:1057F00033FA0746B9F1000F00F0A9804846FDF7DB
:1058000069FA169B1C90002B40F39D8000261DAB6F
:10581000CDF82CA0DDF834A0B14601259846836868
:10582000CDF874905B69324641469847149B834299
:1058300004462DD0099B012B55D008B30B9B03EBDD
:10584000060B0A9B1D9805930E9B0F9A039203FB70
:105850000073099A02920493224650440123594648
:105860000195009503F07EFB1C981D9B82681C44EB
:10587000414653691D943246984704460028E0D1BA
:105880000F9B01361F44169BB3425CDD1C98C6E794
:105890000897B3461F4604E0AC0300206C7000205C
:1058A000A3461C9883680BF101045B6922464146BC
:1058B00098478742F4D0099902910B990A9A089F58
:1058C0000592C6EB0B030F9A049731440F9E039287
:1058D000013301950095149A504606FB037726463E
:1058E00003F040FBCFE70028CAD00B9B089603EBE0
:1058F000060BDDF874E00A9805900EF0070006909C
:105900000AEB0E00BEF1000FB8BF0EF1070E07EB59
:10591000EE0E0F9ECDF810E0224601235946039665
:1059200002950195009504F0A5F91C981D9B8268CD
:105930001C44414653691D94089A98470446002820
:10594000D7D1089E9CE71CA8FDF796FA4DE50A9B67
:1059500005930F9B03930124099B04900293149ACF
:10596000169B0D9801945146009403F0FBFA3CE518
:1059700009FB08F0FCF70EFF0B9000283FF435AD53
:10598000FDF7A8F91E903846FDF7A4F91C9025698B
:1059900000F1180745B34FEA880B012619E0B9F169
:1059A000040F19D0B9F1010F16D000221E990998E1
:1059B00002900123059203920491019651460096AC
:1059C00042460D989A4403F0CDFA089B013B089398
:1059D00050D0B9F1020FE2D138461E9925694B46E5
:1059E0004246A8475F44E0E70C950126089C14E076
:1059F000B9F1040F00F08D81994500F035810C9DBF
:105A000005950395099D02951E9D019600960495A6
:105A100003F0A8FA013C2DD0DA460123B9F1020FB8
:105A2000514642460D980AEB030BE1D108944FEA28
:105A300088050124DDF87890BB4646465BF8040BE8
:105A40000A9B9847013E29F8020BF7D11E9B099A41
:105A50000292049351460123059603960194009403
:105A600042460D989A4403F07DFA089B013B2F446F
:105A70000893DFD10E98FDF7FFF91EA8FDF7FCF99A
:105A80000B98FCF7DFFEB0E40124183200260492E4
:105A9000CDF80CB00295089B0D98059642465146EC
:105AA0000194009403F05EFA9FE400250126089C0F
:105AB00016E0B9F1040F00F0FC80994500F0A480D5
:105AC0001E9F0897099F0297089F059503950196C9
:105AD0000096049703F046FA013C3FF4D2ADDA4653
:105AE0000123B9F1020F514642460D980AEB030B10
:105AF000DFD14FEA48060C9D08940A9F0A960124BC
:105B00001E9EDDF82CB0C1463BF8020BA847B847F3
:105B1000B9F1010926F8020BF6D10B9E1E9A099BDA
:105B20000293B6460A9E049201235146B644CDF82C
:105B30001490CDF80C900194009442460D98CDF845
:105B40002CE09A4403F00EFA089B013B0893D7D14E
:105B500097E5FDF7BFF81D9000283FF492AD4FEA9E
:105B6000480337460A9301250C940B9E19E0B9F1BE
:105B7000040F30D0B9F1010F28D000221E990998E6
:105B800002900123059203920491019551460095DC
:105B900042460D989A4403F0E5F9089B013B0893AF
:105BA0002BD0B9F1020FE2D1DDF878B01D994B4648
:105BB000424630467C69A0470A9C1D9826440C9CAE
:105BC00059464B4642462469A047D6E7DDF878B0EF
:105BD0001D990223ECE730461D997C69DDF878B009
:105BE00002234246A0470C9C1D9824694B46594607
:105BF0004246A0470A9B1E44BFE71DA8FDF73CF99B
:105C00000F98FCF71FFE3CE508FA03F60C9D08947C
:105C10000A9F0A964C461E9EDDF82CB0C1463BF802
:105C2000020BA847B847B9F1010906F8010BF6D1F4
:105C30000B9E1E9A099B0293B6460A9E049201236C
:105C40005146B644CDF81490CDF80C9001940094D0
:105C500042460D98CDF82CE09A4403F083F9089B56
:105C6000013B0893D7D10CE508944FEA88054C46D0
:105C7000DDF87890BB4646465BF8040B0A9B9847D4
:105C8000013E09F8010BF7D11E9B099A0292049379
:105C900051460123059603960194009442460D98BF
:105CA0009A4403F05FF9089B013B2F440893DFD12E
:105CB000E0E64FEA48060C9D08940A9F0A960124E4
:105CC0001E9EDDF82CB0C1463BF8020BA847B84732
:105CD000B9F1010946F8040BF6D10B9E1E9A099BF7
:105CE0000293B6460A9E049201235146B644CDF86B
:105CF0001490CDF80C900194009442460D98CDF884
:105D00002CE09A4403F02EF9089B013B0893D7D16D
:105D1000B7E408944FEA88050124DDF87890BB4683
:105D200046465BF8040B0A9B9847013E49F8040B72
:105D3000F7D11E9B099A02920493514601230596BE
:105D400003960194009442460D989A4403F00AF990
:105D5000089B013B2F440893DFD18BE620B321B38E
:105D600022B3B2F900C0B1F90630F0B5B1F9005074
:105D7000B2F902E0B1F90240B2F90470B2F906607A
:105D8000B1F904206545A8BF6546A6457146A8BF80
:105D90002146BA42B8BF3A46B342B8BF334605803F
:105DA00041808280C380F0BD704711460B684A680D
:105DB00042600360704700BF78B170B406884488C1
:105DC0008588C38889B292B20E441444294406805F
:105DD000448070BC1A448180C280704770B4104DFA
:105DE0002B686A68934204460FD093E807000D4E73
:105DF00084E80700B34214BF0C333C3B2B60207A8D
:105E0000003018BF012070BC7047074A934206BF9C
:105E10003C3393E8070013E9070084E80700EEE746
:105E200048040020DC6D0020A06D0020034B09CB4E
:105E3000C01AB0FA80F04009704700BF4804002043
:105E4000F0B5374E336D85B00446002B55D094E83D
:105E50000700344C344DF36C256001AD85E8070034
:105E60000BB128469847314FD7F800E07B689E4534
:105E700038D0B3422A4C9DF80C2035D013F8041CBE
:105E8000914212D03C3495E80700A34283E8070012
:105E90001BD00C339E457B601BD0B36C0BB12846E6
:105EA000984700F0E9FC05B0F0BDA3F10C018E4568
:105EB000E8D0A1422ED03C340C39097A9142E2D18B
:105EC000B34214BF0C3B2346DDE7154B7B609E4578
:105ED000E3D1174B9E4514BF0EF10C03AEF13C030A
:105EE0003B60DAE7124CCEE796F8441091420BD0B3
:105EF00095E8070086E80700CBE730460D4B40F8F1
:105F0000503F02F0F5FBA2E706F13C04A645EFD0B6
:105F10002146D1E701F13C0403F13001CDE700BF98
:105F2000A06D002018750020F1B900084804002079
:105F3000DC6D0020452C010810B5FEF7DBFB0D4A97
:105F4000136851688B420FD00B4CA34293E80300B7
:105F50004FF0010414BF0833503B136006F0D6FC29
:105F600001F094F9204610BD002401F08FF920467D
:105F700010BD00BF40040020946D0020F0B5164C09
:105F8000059E2568069CB5F908E0B5F90C707045CA
:105F9000B8BF7046BA42A8BF3A4690421ADCB5F97B
:105FA0000A70B5F90E50B942B8BF3946AB42A8BF26
:105FB0002B468B4203DAF0BD25682DB12C46E568EF
:105FC0002D6835F00405F7D106940596BDE8F0403C
:105FD00003F062BCF0BD00BFAC030020B0F90220AA
:105FE000B1F906309A4214DCB1F90220B0F906305A
:105FF0009A420EDCB0F90020B1F904309A4208DC74
:10600000B0F90400B1F900308342CCBF0020012078
:1060100070470020704700BF08B5034B014674224B
:106020001868FAF77FF908BDAC03002000B9704783
:106030002DE9F04FABB004460D4616461C921B915D
:10604000FEF758FB2046FCF745FEB0F90430046823
:1060500027909D42109400F081810020FEF766FF9A
:106060009D4B109A1B689269597C1F900846279D8A
:106070002091824218BF5A74B5F90430059318462E
:10608000B5F90810B5F906301692B5F90A20129341
:106090001C46091A121B0E460B91199221461446F2
:1060A000324601322B8A1A92224601329B071D92F8
:1060B00040F135811B9B6A6902921B1A1C9A13934B
:1060C000002BA2EB010440F3E88108931A9B049390
:1060D00000234FF0010B1193002C40F3D2811D9B44
:1060E00015930123179414934FF0000A109E7B4BD5
:1060F000B0691B56012B40F3BC810023ADF8A230E0
:10610000ADF8A03003F062FA431EB069ADF8A430D8
:1061100003F0A2FA0138ADF8A60027985A4600F11C
:10612000140108F0EFFC2190002800F0F780279878
:106130005A4600F1140108F0E5FC2490002800F014
:10614000E880279BD868002840F0B881159A52450E
:1061500000F0DB801A9B119922909A000AFB03132E
:1061600005EB83030E93C4EB0A030C93129B149963
:10617000234401FB02F218934FEA8B031E9206930D
:10618000D146179B4B4500F31381199B4B45B4BF78
:10619000002301230F93129B119C4B440D93189BDA
:1061A0004B440793049B1A46A24200F09F80139829
:1061B000059BDDF83880CDF80C900344C0EB040A51
:1061C000099351E00B9AA2425EDB0F9A002A5BD042
:1061D000BDF9A010A94240F394824FF00009BAF132
:1061E000000F0A930CDB0C9B002B09DB1A4651466F
:1061F0000298FEF7F3F8000EFF280A9B00F0DB8000
:10620000BDF9A020954226DBBDF9A23007998B424B
:1062100021DCBDF9A430AB421DDBBDF9A6308B42B9
:1062200019DB002F00F01A8122992D4BFF221B68E9
:1062300021F07F4130469847169A2A4B53F8223076
:106240001B691B6898470246219B00932846109BB8
:1062500007990DF0B1FBC8F82090069B9844049B69
:106260005C44A342DA443FD0039A02982146FEF7E9
:10627000B5F8070EFF2F0646EFD0099A059B1519B2
:10628000089AA24223449DDDBDF9A020AA421146EE
:106290006ADCBDF9A2200798824200F386800022C2
:1062A0000A92BDF9A420AA4205DBBDF9A6200799F0
:1062B0008A4280F283804FF000090A9A002A8ED128
:1062C000BDF9A0100A4693429CDBBDF9A2100D98BF
:1062D000814297DC51E000BFAC03002068700020D1
:1062E000680500206C700020DDF80C900E9B1E9954
:1062F000149A0B440E930C9B1946159B9144114420
:106300004B450C917FF43DAF279B186824990CF006
:10631000E1FF279B219918680CF0DCFF279D1B9B50
:106320001A9A1C99AB801D98E9801344013B4A1EC0
:1063300002442B81169B6A81209A1946914202D011
:106340005C4B1B685A741F98FEF7F0FD27A8FCF7FA
:1063500093FD00F09BFF2BB0BDE8F08FB0F9063045
:106360009E427FF47AAEF1E793421BDBBDF9A210A7
:106370000D98884216DB4FF00009BDF9A410994230
:10638000FFF640AFBDF9A6100D988142FFF63AAF77
:106390002499D8F82020009118460D99109B0DF0F3
:1063A0000BFB2DE74FF0000955E74FF0000989E797
:1063B00000230F93EFE6BDF9A02084E7DDF89C9061
:1063C000B9F90420AA423ADCB9F90810A94236DB2F
:1063D000B9F906E007998E4531DCB9F90A0088421F
:1063E0002DDBD9F8140050B32593AB1A194622932C
:1063F000079BCEEB03031A462393FDF7EFFF000E36
:10640000FF28259B1BD0B9F90410B9F90820521AAE
:10641000239902FB011222990A4409EB8209D9F857
:10642000202022F07F4091462393169A224B53F866
:106430002220126952689047239B22903DE7109AD0
:106440001068E0B1C2682293D2F81490079A2946E6
:10645000C847229B814620F07F40E5E7169A164BFD
:1064600053F822301B6926F07F405B68984702464C
:10647000EAE6F368304628A91B6B98474DE681464B
:10648000D2E74FF0FF33199A159314930023179313
:10649000134623449246199328E600224FF0FF3317
:1064A0000892139A04939B463346134411960B9318
:1064B00012E600BFAC0300206C700020FCF70AFC61
:1064C000159B2690534500F0A9801A9B1199DDF881
:1064D00010809A000AFB031305EB83030C93C4EBB3
:1064E0000A0314990A93129B01FB02F223440F92B0
:1064F0001893059A139B4FEA8B091344CDF80C901F
:106500000993D146DA46179B4B4500F3AA80199BA5
:106510004B45B4BF002301230E93129B4B440D93B4
:10652000189B4B440793119B984569D0139A0C9D77
:106530001C46C2EB030B4A4621460298FDF74EFF6C
:106540000646002856D0059BE3180693099B1F19A1
:10655000089BA34267DC0B9BA34264DB0E9B002BD2
:1065600061D0BDF9A030BB42D8BF012300F3C68083
:10657000BDF9A22007998A4207DCBDF9A420BA42DE
:1065800003DBBDF9A6208A4278DA0022049263B1C7
:10659000BBF1000F5DDB0A9B002B5ADB1A46594604
:1065A0000298FDF71BFF002853D1BDF9A030069AD1
:1065B0009A420EDBBDF9A2200D998A4209DCBDF991
:1065C000A42006998A4204DBBDF9A6200D998A42CF
:1065D00038DA9F420CDBBDF9A23007998B4207DC09
:1065E000BDF9A430BB4203DBBDF9A6308B423BDAD8
:1065F000049B2B625444039B44451D44D3449AD1CD
:106600000C9B0F99149A0B440C930A9B1946159BEB
:106610009144114499450A917FF475AF26A8FCF77F
:106620002BFC279B71E6BDF9A030BB4217DD069A13
:10663000934211DCBDF9A2200D9991420CDB00229E
:106640000492BCE7249B2A6A06980093109B0DF0E5
:10665000B3F9BDF9A030BCE700230493C8E70023D9
:1066600086E700230E9358E7269B53F82620219BAC
:1066700000933846109B0DF09FF9B9E7279A0492D2
:10668000B2F90420BA420DDC0498B0F90810B942FE
:1066900008DBB0F906E007998E4503DCB0F90A0083
:1066A00088420DDA109A106800283FF46EAFC26875
:1066B0001E9339465369079A98471E9B049066E7D4
:1066C0002393BB1A1E93CEEB01021946049B229220
:1066D0005869FDF783FE239B0028E3D00498B0F9A6
:1066E0000410B0F90820521A229902FB01121E99D7
:1066F0000A4400EB8202126A049248E700230493E2
:1067000046E7BDF9A22007998A423FF766AD01220C
:106710000A92C6E508B5034B74221968F9F702FE20
:1067200008BD00BFAC03002008B5FDF7E3FF03F090
:10673000ADF903F08DFA04F0C1FBBDE8084000F0AC
:10674000A5BD00BF70B50D4D2B6804465E7CFDF7FE
:10675000D1FF012C03D900F099FD304670BD2046D1
:10676000FCF790FF0028F6D02B685C74FFF7DCFF85
:10677000034B1C6000F08AFD304670BDAC03002066
:10678000B074002010B50446FDF7B4FF204603F0B6
:106790009FF9BDE8104000F079BD00BF10B5044678
:1067A000FDF7A8FF204603F0CDF9BDE8104000F04A
:1067B0006DBD00BF014B5860704700BFA0030020B3
:1067C00010B50446FDF796FF204603F0D3F90446C2
:1067D00000F05CFD204610BD38B50446FDF78AFF89
:1067E000044B1B68DD6904B1DC6100F04FFD2846F5
:1067F00038BD00BFAC03002070B504460D461646F8
:10680000FDF778FF32462946204603F0D3F90446C7
:1068100000F03CFD204670BD38B505460C46FDF73E
:1068200069FF094A094B12680949507C094A53F823
:1068300020000D80C3681480294622461C6AA047A8
:10684000BDE8384000F022BDAC0300206C70002091
:106850005A7000205C70002038B50546FDF74AFFED
:10686000044B1B68B3F92A405D8500F00FFD2046FC
:1068700038BD00BFAC030020024B1B6803B11847B2
:10688000704700BF586E0020024B1A6802B91860AA
:10689000FFF7F2BF406D002000B970472DE9F041CD
:1068A000DFF8C08082B00546FDF724FFD8F800402D
:1068B000A54242D06E461CB917E0FCF7DDFAA4B140
:1068C0002046FCF707FA84680090A5423046F4D1D0
:1068D0002846FCF7FFF9009B8268019001A89A60A6
:1068E000FCF7CAFA3046FCF7C7FA2846FCF7F2F97B
:1068F000D8F804400090A5421A4B2CD001AF1CB927
:1069000010E0FCF7B9FA6CB12046FCF7E3F94468F3
:106910000190A54203463846F3D1009A52685A6066
:10692000FCF7AAFA3046FCF7A7FA2846FBF78AFFDD
:1069300000F0ACFC02B0BDE8F0812846FCF7CAF9D3
:1069400002AF836847F8040D3846C8F800306E4639
:10695000FCF792FAC9E742685A603046FCF78CFAB5
:10696000E3E700BF446E002030B583B018B90124BE
:10697000204603B030BD04460D46FDF7BBFE204661
:10698000FCF7A8F902AB828943F8040D2A421846A5
:1069900014BF01240024FCF76FFA00F077FC2046B6
:1069A00003B030BD30B50A4B1C68002383B00360D0
:1069B0005CB105462046FCF78DF902AB026943F84D
:1069C000040D2A601846FCF757FA204603B030BD84
:1069D000446E002070B5002382B00B6018B90446E5
:1069E000204602B070BD0D46FCF774F98468019032
:1069F00001AE2CB93046FCF73FFA204602B070BD1C
:106A00003046FCF739FA2046FCF764F90369019037
:106A10002B60EFE7F0B52DED048BC94C8DB000264F
:106A20000228169D266000F00A8140F303810328A6
:106A300000F048810996069600960A960B960796EE
:106A400008960496059601960296DDED0B3ADDED6B
:106A50000A5A9DED083A9DED075ADDED052A9DED98
:106A6000041A9DED022ADDED011ADDED000A9DED0F
:106A7000064ADDED094A043D0439043A03EB800679
:106A800055F8047FB3EC017A07EE907A51F8047F51
:106A900006EE107A52F8047F06EE907AB8EEC77AC6
:106AA000F8EEE77AB8EEC66AF8EEE66AB34232EE7E
:106AB000072AE7EE070AE7EE271A72EEA72AA7EEE3
:106AC000A71AA7EE064A33EE063AA7EE865AE7EE75
:106AD000264A73EEA63AE7EEA65AD1D107EE900AFF
:106AE000F8EEE77AB7EE006A86EE020A86EE227AC0
:106AF000C6EE276A24EE004A64EE804A26EE833A08
:106B000066EEA33A27EE055A67EE255A60EE800A34
:106B100027EE011A21EE800A26EE822A67EE211A5C
:106B200066EEA22A8DED083ACDED0B3A8DED064AC0
:106B3000CDED094A8DED075ACDED0A5A72EEC06AC5
:106B400031EEC27A30EEC24A27EE267A31EE623A50
:106B5000A4EE037AB5EE407AF1EE10FA6AD09DED1C
:106B6000068ADDED094ADDED088A9DED0B5ADDED63
:106B7000073AF7EE007AC7EE875A0123236022EE28
:106B8000486A22EE647ADDED0A7AA5EE207A21EEDB
:106B9000C59AA8EEA06A61EEE89AA7EE829AE3EEA3
:106BA000829A26EE016A27EE017A20EEE31A60EE61
:106BB000E70AA8EE211AE4EEA10A73EEE83AA9EE7C
:106BC000806AA9EE007A74EEC54A38EE688A37EE1C
:106BD000C55A72EE617A66EEA31A28EE272A66EE8F
:106BE000856A67EEA47AA1EE226AA0EEA27AF0EEA0
:106BF000612AE3EE246AE4EE057AE3EE082AA4EEC5
:106C0000232A26EE256A27EE257A62EEA54A22EE91
:106C1000255A66EEA56A67EEA57A84ED036A84EDCF
:106C2000067AC4ED014A84ED025AC4ED046AC4ED4B
:106C3000057A3EE001200DB0BDEC048BF0BD93E879
:106C400041004F68D1F800E02B686968361A24CA01
:106C500007EE906ACEEB0707F8EEE76A07EE907A48
:106C6000C91AAD1AB8EEE76A07EE105A07EE901A85
:106C7000B8EEC77AF8EEE77AC6EE265A012222600D
:106C8000C7EE276A07EE900AB8EEE77A07EE903A69
:106C9000F8EEE77A25EEC77A66EEE77A0023C4EDD0
:106CA000015A84ED037AC4ED056AC4ED067AA36047
:106CB0002361179BE361189B236200200DB0BDEC9C
:106CC000048BF0BD91ED004AD2ED004A91ED015ADE
:106CD000D1ED025A92ED016AD2ED026AD3ED000ABB
:106CE00095ED000AD3ED011A93ED022A95ED011AF4
:106CF000D5ED022AB8EEC44AF8EEE44AB8EEC55A19
:106D0000F8EEE55AB8EEC66AF8EEE66A8DED064A88
:106D1000CDED094A8DED075ACDED085A8DED0A6A81
:106D2000CDED0B6AF8EEE00AB8EEC00AF8EEE11A13
:106D3000B8EEC22AB8EEC11AF8EEE22AFEE600BFAB
:106D4000006E0020012801D90120704730B52A4C7F
:106D500085B0256822D0E16005F006010629226190
:106D600041D005F00505012D3DD06361089BA3616D
:106D700094F82C3043FA00F2D20758BF5AB24FF0C1
:106D8000010348BF002203FA00F01043C0B20328F9
:106D900084F82C0010D0002005B030BDE16105F072
:106DA00005010529226222D005F00605022D1ED01C
:106DB0006362089BA362DBE7104C2368587C02F0F7
:106DC00005FC23680546587C02F046FC0C490290FD
:106DD0008DE82200A1F11003A1F108020220183968
:106DE000FFF718FED8E7089A6261A361C0E7089A26
:106DF0006262A362BCE700BF706C0020AC0300209D
:106E0000946C0020254B1A68DAB90122006800282A
:106E100014DB0968002911DBDB69984210B41F4CB0
:106E200007DA236A5DF8044B9942A8BF0122104695
:106E30007047012210465DF8044B7047012210464E
:106E40007047D1ED006A93ED037AD3ED067A93EDA6
:106E5000024AD3ED054A93ED015AD3ED045AB6EE3A
:106E6000006AF8EEE66A37EE067A77EE867AA4EEE6
:106E7000267A0022E6EEA47AD0ED006AF8EEE66A01
:106E8000A5EE267AE6EEA57ABDEEC77AFDEEE77AA4
:106E900080ED007AC1ED007AB8E700BF006E0020F7
:106EA000F0B52C4C94F82D3087B0002B39D00DF074
:106EB000A7FF60600DF0A2FF6268A36801920293D1
:106EC00000F04CF802A98DF8150001A8FFF79AFF11
:106ED00038B194F82E3083BB002384F82D3007B0EE
:106EE000F0BD1D4994F82E00019E029D91E80C0012
:106EF00050B1B21AEB1A002AB8BF5242002BB8BFE9
:106F00005B421344022BE7DD012703A80E600396C2
:106F10004D6004958DF8147000F03CF884F82E70E4
:106F2000DAE70DF08DFFA0600DF069FF94F82D30C9
:106F3000013384F82D3007B0F0BD074B0CCB002592
:106F400003A8039204938DF8145000F023F884F8FA
:106F50002E50C1E7706C0020B0030020014B587A1E
:106F6000704700BF246E002010B4064B044693E81F
:106F7000070084E80700187A5DF8044B003018BF5A
:106F800001207047606C0020014B1860704700BF03
:106F9000706C002030B5134C85B00C22214605469C
:106FA000F9F730FA78B1E368A3B195E8070001ADCD
:106FB00085E8070002A928469847034695E8070098
:106FC00084E807000BB105B030BD2846FEF738FF56
:106FD00005B030BD2846FEF733FF95E8070084E88A
:106FE0000700F0E7606C002008B5FDF783FB034B5A
:106FF000034A1A60BDE8084000F048B978700020E4
:1070000008A90308F8B5084E0468336805461B68EC
:1070100020469847336807465B68204698472044D7
:1070200028603846F8BD00BF78700020F8B569B117
:10703000074F05460C4600263B6828465B68984784
:10704000013C05440644F7D13046F8BD0E46FBE747
:10705000787000202DE9F843089C0546894698463B
:10706000AB6849465F6828464346561CB847013C12
:107070003246F5D1BDE8F883F8B5B0F90040B0F973
:1070800004500C1BAC422BDAB0F902100569234402
:10709000013B521AE61005FB0265DF4307F00707C4
:1070A000FF21143504F0070401FA07F241FA04F451
:1070B000D6EBE306D7B2E4B200EB0502435D10D095
:1070C000013E1C43002E02F10103445505DD184624
:1070D0003246F9F751F9034633441C783C431C709F
:1070E000F8BD3C401C434455F8BD00BF70B4B0F936
:1070F00002600369B0F90040921B03FB02F2091B16
:10710000143202EBE1028025835C01F0070145FAAD
:1071100001F11943815470BC704700BF0346002140
:10712000B3F906201B69143003FB02F2F9F724B906
:107130002DE9F04302F10F04241164001E4603FB05
:1071400004F383B0804603F1140017468946FBF729
:107150002FFB0546B8B1FDF7CDFA2846FBF7BAFD7F
:10716000014602A80A4A40F8041D01238F80CE8000
:107170000C61A1F80080A1F802908A608B81FBF776
:107180007BFE00F083F8284603B0BDE8F08300BF23
:107190004CF50308B0F9063093423CDDF0B50D68BC
:1071A000B0F90470BD4234DA06694FEAE50E06FB19
:1071B00002E6143605F00703845D04FA03F3013F89
:1071C000013613F0FF03CEEBE702304408D122B3BF
:1071D00010F8013B083525F00705013A002BF6D0E1
:1071E0001E0634D45B00DBB21C0605F10105F9D59F
:1071F0005F062C4605D55B00DBB25E0604F1010498
:10720000F9D404F00703072B09D0621B501C0D6052
:10721000F0BD0020F0BD002070471046F0BD002AF0
:10722000F3DD0678FF2E00F101070DD1831803E08E
:1072300017F8016BFF2E07D1BB4204F10804F7D108
:10724000E3E77600F6B201343306FAD4DDE7FF2B2C
:1072500008BFEC1DD5D0CBE730B5054683B0FDF7B0
:1072600049FA2846FBF736FD02AB848943F8040D42
:10727000013C24B284811846FBF7FEFD14B9284670
:10728000FBF7E0FA00F002F803B030BD034A5368A0
:10729000013B536003B170470DF048BE306E0020D3
:1072A000F0B583B0C0B9224C23690546CBB1E06884
:1072B0001F4E18B91F4B1868F060D8B123681C4FD7
:1072C000002623B363681A4FC3B115B1A368184CE5
:1072D0002BB3304603B0F0BD154C236901AD002B34
:1072E000E5D12046144B40F8143F0123236101F0FF
:1072F000FFF9DCE702F024F9F060DFE7F8688000CE
:10730000FBF722FB002808BF01267860DDE780003C
:10731000FBF71AFBB0FA80F638607609D2E7E0682E
:107320008000FBF711FB002808BF0126A060D0E712
:10733000006F0020607000208D2C010810B5094BF3
:107340001C7838B902466FF07F401A7001F0F4FDE6
:10735000204610BD01224FF0FF301A7001F0ECFD05
:10736000204610BD66700020082A10B40EDD102AD9
:107370001CDC00EB4101034650F8042B23F8022BE0
:107380009942F9D101205DF8044B7047022A11D0CF
:10739000042A00F09080012A3CD00144034650F8B2
:1073A000042B03F8012B9942F9D1EBE700205DF89B
:1073B000044B704700F1100252F8103C01294FEACB
:1073C0008313DBB223D052F80C4C240104F03004B8
:1073D000022943EA04031AD052F8084CA40004F02E
:1073E0000C04032943EA040311D052F8044C04F0BE
:1073F00003042343043900F8013B02F11002C1D019
:1074000052F8103C01294FEA8313DBB2DBD1037041
:107410000120B8E700F1200252F8203C01294FEA90
:10742000C313DBB2F3D052F81C4CA40104F04004A7
:10743000022943EA0403EAD052F8184C640104F02C
:107440002004032943EA0403E1D052F8144C240138
:1074500004F01004042943EA0403D8D052F8104C75
:10746000E40004F00804052943EA0403CFD052F8ED
:107470000C4CA40004F00404062943EA0403C6D01B
:1074800052F8084C640004F00204073943EA04038C
:1074900002F12002BBD052F8244C04F00104234333
:1074A00000F8013B52F8203C01294FEAC313DBB23C
:1074B000B9D10370ACE700F1080454F8083C012985
:1074C0004FEA0313DBB212D054F8042C02F00F027F
:1074D0001343023900F8013B04F108043FF452AFB2
:1074E00054F8083C01294FEA0313DBB2ECD10370D6
:1074F0005DF8044B08467047082A2DE9F0410C4618
:107500001F6805460CDD102A21DC1E69002E00F0E4
:107510009180224629460223B0470120BDE8F08130
:10752000013A072A10D8DFE802F004510F770F0F55
:107530000F9A00F1200858F8200CB847012C4FEAA8
:10754000C010C6B206D12E700120BDE8F081002027
:10755000BDE8F08158F81C0CB847022C46EA8010B0
:10756000C6B2F0D058F8180CB847032C46EA4010C1
:10757000C6B2E8D058F8140CB847042C46EA0010FC
:10758000C6B2E0D058F8100CB847052C46EAC00047
:10759000C6B2D8D058F80C0CB847062C46EA800082
:1075A000C6B2D0D058F8080CB847072C46EA4000BD
:1075B000C6B2C8D058F8040CB847083C40EA0600E8
:1075C00005F8010B08F12008B5D1BDE700F110085E
:1075D00058F8100CB847012C4FEA8010C6B2B2D050
:1075E00058F80C0CB847022C46EA0010C6B2AAD0D4
:1075F00058F8080CB847032C46EA8000C6B2A2D05F
:1076000058F8040CB847043C40EA060005F8010BA2
:1076100008F11008DCD197E700F1080858F8080CC9
:10762000B847012C4FEA0010C6B20CD12E7020468C
:10763000BDE8F081861E55F8040BB847013C26F8DA
:10764000020FF8D180E758F8040CB847023C40EA32
:10765000060005F8010B08F10808DFD174E71E6980
:107660003EB12846224601232946B0470120BDE805
:10767000F0816E1E55F8040BB847013C06F8010F67
:10768000F8D161E730B51C4DD5F8803085B00BB12D
:1076900005B030BD194B0FCB6C4607C404A924F8C4
:1076A000023B1B0C237011F8102D0123C5F880300C
:1076B00005F1840404F8012B11F8012F002AF9D1F7
:1076C000FCF76EFF234610F8012B194603F8012B37
:1076D0000278002AF7D14A700DF0F4FBFBF71EF890
:1076E00011F0F8F9064B0748C5F8983005B0BDE829
:1076F000304000F0FDBF00BFC06B0020D8A80308D9
:10770000552B0108586C0020F0B52A4B1B6883B03C
:1077100004460D467BB1002005F076FF48B16E4669
:1077200032462946204607F047FA05F001FE0028B8
:10773000F6D103B0F0BD106851681F4F6B4603C30C
:107740003B68BDF80000B3F84CE0B3F85060BDF8FA
:107750000410BDF80220BDF80630704432443344B2
:107760007144ADF8000068466E46ADF80410ADF8FF
:107770000220ADF8063005F047FF50B93B68598C40
:107780009A8CDC6C186D091B121A59849A8403B008
:10779000F0BD3B68BDF80010BDF8022059849A8402
:1077A00029463246204607F007FA05F0C1FD0028B9
:1077B000EFD1E3E774700020AC0300202DE9F04F17
:1077C00087B00C46019017461D46FCF7B1FEDDF868
:1077D00004B08146002C00F0A5802068616804ABED
:1077E00003C317F00C0A60D1BDF91260CDF804B0E4
:1077F000002D57D00DF1040809F1FF39DFF848A139
:107800001FFA89F907F00307584600242DE0022FDC
:107810003DD00FB9BDF91040DAF8002001980FFAF9
:1078200086FE21B2013B09EB060C2344A2F824E0BA
:107830005184ADF8081002AA5946ADF80C30ADF8E5
:107840000AE0ADF80EC0FFF75FFF59460198FFF759
:10785000EDFB019B18440190FCF76AFE064440468C
:1078600000F0D0FDF0B9EDB10198294600F0A0FD7F
:1078700083460146019800F059FD012FCBEB050529
:107880000346C4D1BDF91440241A0134C4E7BDF93C
:107890001040BDF91420121B121A02EBD27204EB35
:1078A0006204B9E707B0BDE8F08F002D3ED02C464A
:1078B00000260DF1040800E094B12146019800F083
:1078C00077FD034601460198E41AFFF7AFFB019BE1
:1078D000034440460136019300F094FD0028EBD0AC
:1078E000BAF1080F09D0BAF10C0F0DD0BAF1040F9C
:1078F00003D0CDF804B000267EE706FB09F6BDF9FB
:1079000016309E1B013671E706FB09F6BDF9122001
:10791000BDF916309B1A01339B1B03EBD37302EBAB
:10792000630663E704A8FCF7E9FD5AE7BAF1080F1C
:1079300005D0BAF10C0F04D0BAF1040FB2D1002671
:10794000DDE72E46E2E700BFAC0300202DE9F04F53
:10795000984C8FB01D462469199B0490002606910F
:1079600093461E60002C00F0F580924BDE681C46AA
:107970002EB9914B1E68E660002E00F0F5808D4B0D
:107980008C4F1B680393002B00F00481894B894CBA
:107990005B680293002B00F0EF80884A884B1268E6
:1079A000507C53F8203008931B690D93FCF76AFD57
:1079B000824B05901B68587CFCF706FE814B0B90B0
:1079C000AE42A8BF2E46984200F0D3807E4BC31A29
:1079D00018BF01230A93049B33440C930025013BF9
:1079E00009932C46B246D846189B58F8040B984782
:1079F0005FEA1069074648D0002C2CD16F4B049ADF
:107A00001B68B3F908305619B3425CDD9A1B079224
:107A100014461E46039B0699099A2C4403EB8404E2
:107A2000089B019300940B463046FEF7A7FA059B8E
:107A3000172B40F385800A9B002B46D00C9B0795A3
:107A40009E1B35460B9E2068B047013D44F8040B51
:107A5000F9D1079D0124574BDB69002B3AD1B9F1CD
:107A6000FF0F5FFA89F21AD1039B029A53F825306F
:107A700042F82530BAF1010A05F10105C346B2D139
:107A8000029C20460FB0BDE8F08F199B029A1B683C
:107A900042F82500199A43F001031360EAE70399BD
:107AA0004A4B51F825101B68D243D2B227F07F40D1
:107AB0009847199B029A1B6842F82500199A43F0CF
:107AC00001031360D6E70794A4E73A4BDB6901246E
:107AD000002BC4D01F46039BAD002B441C46029BC9
:107AE0001D4421462A4653465846B8475646ABF1F0
:107AF00004010BE003F07F43B3F17F4F08BF2A601E
:107B0000013E04F1040405F104050ED051F8042FE0
:107B100002F07F43B3F17F4F2368EBD1013E2B602E
:107B200004F1040405F10405F0D1199B029C1B68C3
:107B3000199A43F00103204613600FB0BDE8F08F9F
:107B40001A46079B2046C3EB0A010D9B00F0BEFAC4
:107B5000012480E717481E4B164A40F8143F0123C2
:107B6000136100F0C5FD00E701F0EAFC0646E060A5
:107B700005E700230A932EE7E0688000FAF7E4FEA9
:107B80000290606000287FF408AF002420460FB008
:107B9000BDE8F08FB000FAF7D7FE386008B1039067
:107BA000F4E67C68002CF0D1F8688000FAF7CCFE8F
:107BB000786066E7006F002060700020AC03002052
:107BC0006C700020819700087D97000868050020F0
:107BD0008D2C01082DE9F04F91B01D9E1C9D09923E
:107BE000354306930E461A9C0A90FCF78BFC0D90C9
:107BF00001F010FC012D51D0069B002B44DD099BA8
:107C00005B0008938A4B079381464FF0000A079B5D
:107C10001D9A1B6802EB060BB3F90A200BF1FF3724
:107C2000974237DBB3F90E309E4233DC099B002BC1
:107C3000089B04EB030820DD0A9ACDF830B0CDF89C
:107C40002CA0934600E0AB4634F802AB1C9BCA451F
:107C500003EB0B05504604D01E9B984701F072FFC2
:107C6000D14658463B466A1E314601F08BFBA04583
:107C7000E9D1DDF82CA0DDF830B0069B0AF1010A4D
:107C8000534544465E46C2D10D98FEF787FD11B0BC
:107C9000BDE8F08F089B04EB0308EEE7644B079305
:107CA0001B68587C099B4FEA430AFCF78DFC1E9B1E
:107CB000834200F08880079B06991A68B2F90A305F
:107CC00075189E4205F1FF3505DA9E1B891B0AFBDC
:107CD000064406911E46B2F90E30EB1A002B02DD67
:107CE0000699CB1A0693069B002BD0DD09990A98BA
:107CF000B2F90C3001EB000B0BF1FF3BC3EB0B03B4
:107D0000002BC4BFCB1A09930A99B2F908309942E3
:107D100006DA5A1A09990A93891A099104EB42045E
:107D2000099B002BB3DD1F9A00230F93002A7DD0FF
:107D3000D2F81490B9F1000F04D01A4619460FA8D2
:107D400000F090FA01F06EFB079B1B680746587C19
:107D5000FCF732FC2B4680465A4631460A983D686D
:107D6000A847002890D10F99069B00293DD01A946E
:107D7000DDF824B0CDF818904446DDF868805D1E2B
:107D80004E4602235A464046B047DDF83C90002656
:107D900059F8040BA0470136B34549F8040CF7D154
:107DA000DDF83C90002601367A6859F8040B9047BC
:107DB000B345F8D1013DBB6898476A1CD04432D026
:107DC0000F99069EDDE7049400271024CDF80CA03F
:107DD00001950095069B099A0A98059731460294E9
:107DE00001F0C0F811B0BDE8F08F5E1E099B1A9437
:107DF0005D00AB4644461E9DDDF86880CDF818A0B6
:107E000008EB0B09C2463AF8020BA847A0477A686C
:107E10009047CA45F7D136B1069ABB68013E9044F7
:107E20009847731CECD1FB6898472DE7914689E78A
:107E3000AC0300202DE9F04F93B080460C461E465F
:107E40001746FCF757FCA04B1968CD6C096D05EB84
:107E50000803EA190C4410A8314409930A920B91C3
:107E6000ADF84030ADF84420ADF84240ADF84610D2
:107E700005F0CAFB00287ED01C9B1C9A013B02FB2C
:107E800002F2029303FB03F30893D31A0D931C9B96
:107E90000392023B04931C9B033B0F931C9BE31830
:107EA0000C93A31C0E931C9B002B60DD1D98FEF70A
:107EB00075FC029B002B63D01D460C9B0D981A4647
:107EC000C5EB02080B9B1C9A9B1A1A4606932B467D
:107ED00013440E9A0593C8EB02020792994600F0EC
:107EE00037FD099B1C9A03EB020B0A9B0646C2EB6B
:107EF000030A0020C0EB0B07C6EB0B03013F504405
:107F0000441C414618463A465644019301F0B0F9E4
:107F100041462046324601F0ABF9019B49461846DE
:107F20003A4601F0A5F920463246494601F0A0F94B
:107F3000049A069B1344059A9B1A013D039A99449F
:107F4000079B05FB05F4A2EB0400984418D000F051
:107F5000FFFC029BAB42064601DC0020CAE7089BFF
:107F6000181B00F0F5FCC5E71C9B022B5FD105F048
:107F7000DFF9002897D1FFF789F913B0BDE8F08F3A
:107F80001C9B012BF3D01E98FEF708FC049B002BD2
:107F9000EAD01D461C9B1C9AC3F102080C9B984416
:107FA0000B9B9B1A0593099B03EB020B0A9BC2EBED
:107FB000030A23E02046C4EB0B07C0EB0B03013F91
:107FC000544400EB0A064146184601343A460193F0
:107FD00001F04EF941463246204601F049F9019B35
:107FE0003A461846494601F043F93246494620468A
:107FF00001F03EF9013D08F10108B5D0039B05FBF6
:1080000005F6981B059B05EB030900F0A1FC029BFC
:10801000AB424FF00004CDDD089B981B00F098FCAC
:10802000049BAB4201DD441EC5E70024C3E71F9853
:10803000FEF7B4FB0F9B002B99D01C99099A02EB19
:10804000010B0A9A521A059202F101080C9AC1F129
:10805000030616440B9A521A0BF1FF3901921C4683
:108060001DE00025059BC5EB0B0A31461D4450461B
:108070004A4601F0FDF831462A46404601F0F8F83C
:108080004A463946504601F0F3F82A4639464046FA
:1080900001F0EEF8013C06F101063FF468AF039BE6
:1080A00004FB04F5581B019B1F1900F051FC029BB7
:1080B000A342D6DD089B581B00F04AFC049BA34258
:1080C000CFDD451ECEE700BFAC03002000292ADD2E
:1080D000082A2DE9F04704465E6803DD102A0CDD0E
:1080E000BDE8F087531E072B05D8DFE803F02A53BD
:1080F000047C0404041DBDE8F0875D6935B10A46BF
:10810000AC4621460223BDE8F047604749000C44D5
:108110006518671A34F8020DB047BC4245F8040DE3
:10812000F8D1BDE8F087704765186F1A04EB810439
:1081300015F8010DB047BD4244F8040DF8D1BDE873
:10814000F0874F1EFB1001F1804107F0070A4FF046
:10815000800801395A1E48FA0AF814F8039004EB13
:1081600081055FFA88F81444CAF1070308EA090098
:108170001841B04745F80409BAF1000F5FD194F8EF
:1081800000904FF00108013C4FF0070A002FB2D0D9
:10819000013FE9E74F1E07F00309BB1001F18041E1
:1081A0004FEA4900C025013905415A1E14F80380E1
:1081B00004EB810AEDB2144405EA0803C0F106009D
:1081C00043FA00F0B0474AF80409B9F1000F44D16E
:1081D000032594F80080A946013C002F8BD0013F75
:1081E0004FEA4900E8E74F1E07F001087A1001F155
:1081F00080414FEA8800F0230139034102F1FF3E3C
:10820000A55C04EB81095FFA83FA74440AEA05036A
:10821000C0F1040043FA00F0B04749F80409B8F18E
:10822000000F13D125784FF00F0A013C4FF00108E1
:10823000002F3FF460AF013F4FEA8800E6E74FEAC6
:1082400048085FFA88F80AF1FF3A9FE74FEA0A13F5
:108250005FFA83FA4FF00008EAE7AD00EDB209F1EA
:10826000FF39BAE72DE9F0432D4C276983B0054665
:108270008846164699461FB3E068294F18B9294B1E
:108280001868F86028B3B9F1000F01D0C9F80000F0
:108290001DB32368224A0027002B36D02B60B8F18B
:1082A000000F04D065681E4B1DB3C8F800501EB106
:1082B000A4681B4D9CB13460384603B0BDE8F08320
:1082C0002046194B40F8143F0123236100F010FAB7
:1082D000D2E701F035F9F860D5E72F46DFE7E86827
:1082E0008000FAF731FB00280CBF01270446A86084
:1082F000E1E7D86801938000FAF726FB019B00288C
:108300000CBF012705465860CFE780000192FAF7BD
:108310001BFB019AB0FA80F710607F090346BDE7A6
:10832000006F0020607000208D2C010870B584B0B3
:1083300004AB1D4A43F8101D019019461368984775
:10834000019058B3194B1B68DB695B692BB11B6843
:108350001BB10099984704B070BD009B013B002BF6
:108360000093A8BF00241BDB01A8FEF74BFE0546C7
:10837000FCF79EF8009B013B002B04440093F3DACA
:1083800004A9002641F8046D2846FCF7A3F8039BD6
:108390009842B8BF1E1A301904B070BD04B070BD49
:1083A00000252C46ECE700BF64050020AC0300204C
:1083B00030B583B0019000B3114B1B68DB695B697A
:1083C0000D4623B15B6813B1984703B030BD002D53
:1083D000D8BF0020F9DD002404E00A2807D00134CA
:1083E000A54207D001A8FEF70DFE0028F5D12046D2
:1083F00003B030BD284603B030BD03B030BD00BF70
:10840000AC03002010B5044682B002A8236840F8EF
:10841000043DFEF7F7FD48B10A2802D0002002B063
:1084200010BD019B2360002002B010BD012002B0EE
:1084300010BD00BFB1F90030B0F900209A42B8BFBA
:108440000380B0F90220B1F902309A42B8BF4380EC
:10845000B0F90420B1F904309A42C8BF8380B0F962
:108460000620B1F906309A42C8BFC380704700BFEA
:10847000F0B5B2F900C0B1F90050B1F90240B2F95B
:108480000230B2F904E0B2F90670B1F90420B1F992
:108490000660AC456146B8BF2946A342B8BF234633
:1084A0007245A8BF7246B7423C46A8BF34469142C7
:1084B000018043808280C48004DCA342CCBF0020C2
:1084C0000120F0BD0020F0BD2DE9F041394B1B68C3
:1084D0005D7C012D82B003DD012002B0BDE8F0819A
:1084E000354E7368044613B1014628469847012C5F
:1084F00027D0022C0FD0002CEED1AC003719DFF8BA
:10850000B880BB68012B3AD001202644002B18BF4D
:10851000013BB360E1E72846FBF7B4F8019000287F
:10852000DAD0C3680D215B6A01A898470446002889
:10853000D2D0336803B1984702210198A0470020A8
:10854000CBE706EB8506B7681FB1781CB060204604
:10855000C3E72846FBF796F801900028BCD0C36813
:108560000D215B6A01A8984703460028B4D0214634
:1085700001989847B36801333846B360ADE72846A1
:10858000FBF780F8019088B1C3680D215B6A01A8F0
:108590009847054650B1D8F8003003B198470021FC
:1085A0000198A847331900209B68AEE7BB680120FB
:1085B000ABE700BFAC030020606E002081F07F417C
:1085C00080F07F40F0B40B0E4FEA1064134B02FBB7
:1085D00004F208BF20F07F41A3FB0232D20900F071
:1085E000FF160D0AC2F1FF0705F0FF1501F0FF139A
:1085F000C0F3072402FB06F107FB05F044F080748A
:1086000007FB031102FB0400090A00F0FF2001F040
:10861000FF11084380F07F40F0BC7047818080806C
:108620002DE9F04F87B09246139A109B9DF8509019
:1086300001900291002A37D0129ADFF874B0DFF867
:108640007480920002EB830304930023059203934A
:10865000129C029E019D574655F8040BDBF8003032
:1086600056F8041B020EC2F1FF0209FB02F2A8FB3E
:1086700002E2C2F3C71220F07F409847013C20F08D
:108680007F4047F8040BE7D1019A0599039B1046F8
:108690000844029A01908A4404990A440292139A67
:1086A00001339A420393D3D107B0BDE8F08F00BFE6
:1086B00068050020818080800368024633F8020B41
:1086C000136070470368024653F8040B1360704749
:1086D00070B4CB880E888D884C8892B21644AD1A3F
:1086E00014449A1A068085804480C28070BC70470A
:1086F00080B483B000AF7860064B1A687B685A601C
:10870000044A7B68136000BF0C37BD465DF8047BEC
:10871000704700BF386C0020F0B5076883B005468D
:108720000E46CFB9002E58D033464FF0FF3200E04E
:10873000224613F8010B541C0028F9D13846941C2A
:10874000FAF7B4FA844222D02046FAF723F8074613
:1087500068BB002003B0F0BD3846FAF7BBFA224BE5
:108760000190002E14BF32461A46002808BF184652
:10877000137801788B4206D15BB310F8011F12F811
:10878000013F8B42F8D001A8FAF776FBCAE73846DA
:10879000FAF7A0FA02AD154B45F8040D2246314612
:1087A0001B6898472846FAF767FB0120D2E7FAF7DB
:1087B00091FA02AC314644F8040DF7F730FE20463A
:1087C000FAF75AFB2846FAF767F801202F6003B042
:1087D000F0BD01A8FAF750FBBBE73846FAF766FA96
:1087E0000028B6D03446AFE780F5030858040020CF
:1087F0002DE9F04182B0012A06460090884638D023
:10880000022A17461BD047F6FF71FFF7D1FD01463C
:1088100004460098FEF70AFC009B02AD184445F898
:10882000080D2846FEF7EEFB0A281AD0012F33D098
:1088300021463046FEF7FAFB02B0BDE8F081204B3E
:108840005B689847014604460098FEF7EFFB009AE4
:1088500002AB104443F8080D1846FEF7D3FB0A2874
:10886000E6D1013421463046FEF7E0FB02B0BDE818
:10887000F081134B01AA1B689847014604460098F3
:10888000FEF7D4FB009B02AD184445F8080D2846BE
:10889000FEF7B8FB0A28E4D02028C9D1FBF708FE70
:1088A0000746019B9845284607EB0302C0DB01926F
:1088B000FEF7A8FB202804F10104F2D0B8E700BFBE
:1088C00070050020012A08D0022A02D1054B5B68FE
:1088D000184747F6FF71FFF76BBD024B00221B687C
:1088E000184700BF7005002070B4840702D50180CE
:1088F000013A023056080DD0032E334601EB0144F5
:108900000DD8012B046003D0022B446018BF846093
:1089100000EB8300D30748BF018070BC704700F1B3
:1089200010033546043D032D43F8104C43F80C4C1E
:1089300043F8084C43F8044C03F11003F2DC043E06
:10894000B3085D1CB6EB830300EB0510D9D1E1E75A
:10895000B0F1804F2BBF4FF0004300234FF0804217
:1089600000225B08801A03F18052904203F100510B
:1089700028BF0B464FEA530338BF002203F1806142
:10898000821A8A4203F100602CBF034600215B0873
:10899000501A03F18072904203F100712CBF0B4614
:1089A00000225B08811A03F58002914203F5000062
:1089B00028BF03464FEA530338BF00228A1A03F543
:1089C00080118A4203F500102CBF034600215B088A
:1089D000501A03F58022904203F500212CBF0B466C
:1089E00000225B08811A03F58032914203F50030C2
:1089F00028BF03464FEA530338BF00228A1A03F503
:108A000080418A4203F500402CBF034600215B08E9
:108A1000501A03F58052904203F500512CBF0B46CB
:108A200000225B08811A03F58062914203F5006021
:108A300028BF03464FEA530338BF00228A1A03F5C2
:108A400080718A4203F500702CBF034600215B0849
:108A5000501A03F14002904203F180012CBF0B46F3
:108A600000225B08811A03F11002914203F12000F9
:108A700028BF03464FEA530338BF00228A1A191D44
:108A80008A4203F108002CBF034600215B08521AFA
:108A9000581C991C904294BF0846184640087047DD
:108AA0002DE9F04F466889B004463046FAF712F9CE
:108AB00008AD034645F8080D026C049228465A6B2F
:108AC0000592D3F88470B3F90080B3F90290B3F93A
:108AD00004B0B3F906A0FAF7CFF92146304601F009
:108AE000C7FFD0B123680B2B5BD019DC032B2ED032
:108AF000052B26D13046FAF7EDF80790D0F8840020
:108B0000FBF7A8FF08A8002250F8043DC3F8842012
:108B1000FAF7B2F9204602F073FB09B0BDE8F08F16
:108B20000F2B54D0B3F5107F0BD1E368002B00F06E
:108B3000CF801B7A002B0CBF02210121304603F0AD
:108B4000C5FE204602F05CFB09B0BDE8F08F002FA7
:108B5000F7D0644DE1682B680BB1686838B90491AF
:108B600000F018FD286000F05BFD049968600B6858
:108B7000002B03DDC3EB0802002ABBDB4A68002A96
:108B800003DDC2EB09010029B4DB002BC0F2A28097
:108B9000002AC0F297804A4641463846FCF7F6F96B
:108BA000CFE73046FAF796F80790D0F88400FBF745
:108BB00051FF079B986D0025C3F8845018B1FDF74D
:108BC0006BFE079B9D6507A8FAF756F9B9E7002FDA
:108BD0004ED1059A1346DA0746D513F0040FC8EBB9
:108BE0000B02C9EB0A0347D03F4F404902910124D1
:108BF000234422448DE8900049464046FBF70CFF91
:108C0000044688B33046FAF765F8394FC0F8844017
:108C1000034628460693FAF72FF93B68B3F908A0F4
:108C2000B3F90A90B3F90C80B3F90E3020469B4695
:108C3000FCF77CF905464FF07F40FDF7A3FDFAF7FE
:108C4000F7FA049B304698472846FCF76FF93B68D3
:108C50002046A3F808A0A3F80A90A3F80C80A3F874
:108C60000EB0FCF7CFF958E73046049B984754E71D
:108C70003846FCF7C7F950E7013301324946404610
:108C8000FBF73CFE04460028EED03046FAF722F807
:108C9000174FC0F88440034628460693FAF7ECF8CD
:108CA0003B68B3F908A0B3F90A90B3F90C80B3F9A3
:108CB0000E3020469B46FCF739F905462046FBF767
:108CC00069FDBEE7C2EB0A0282423FF713AF62E7DB
:108CD000032133E72968C3EB0B038B423FF70AAF4D
:108CE00056E700BFE06C002020EB0308F8DC030827
:108CF000AC0300202DE9F04FB0F812A0B0F90860E5
:108D0000B0F90AB04769B0F90E40B0F910508BB015
:108D10008846B0F90C10059686694AF00100049067
:108D2000934401EB0309FBF7E5FC17F0080F0498E7
:108D30002ED1002C14BF22460122002D14BF2B4639
:108D400001231F4C01905C3602940396CDF80080FD
:108D50004946584602F056F9044698B1F9F7BAFF69
:108D600005990790002201F0A3FF0AA8154950F8C1
:108D70000C2D154B576317F0020F08BF0B461364F9
:108D8000FAF77AF8FEF782FA20460BB0BDE8F08FCA
:108D9000404608A902F002FDBDF92420BDF920409B
:108DA000BDF92630BDF922504AF4F060121B5B1B5E
:108DB0004FF0000940F0010001320133CB46C0E71B
:108DC000A18A0008712D01081D31010808B101B107
:108DD00002B9704770B5054682B016460C46FBF7DF
:108DE00089FC2846F9F776FF034602A80B4A0C498E
:108DF000D96340F8043D9C63DE645A64FAF73CF89A
:108E00000021284600F038F8284600F055F828469A
:108E100003F0D6F9FEF73AFA02B070BD1D1E010844
:108E2000550F010810B309B330B5044683B00D46A1
:108E3000FBF760FC2046F9F74DFF034602A80C4AF9
:108E40000C49D96340F8043D9D635A64FAF714F85D
:108E50000021204600F010F8204600F02DF82046B2
:108E600003F0AEF9FEF712FA03B030BD704700BF51
:108E70004D1E01087D0F010810B582B00C46F9F7B0
:108E800029FF0190D0F88400FBF7E4FD019B00224C
:108E9000C3F884200CB9986D20B901A8F9F7ECFF4C
:108EA00002B010BDFDF7F8FC019B01A89C65F9F725
:108EB000E3FF02B010BD00BF70B584B00546F9F7FE
:108EC00009FF034604A85C6B40F80C3D5E6CF9F7A3
:108ED000D3FFE30608D503AA02A92846B0472846CF
:108EE000039A029903F0B8FF04B070BD08B50B0EE9
:108EF000FF2B09D00E4B02EB0212D2B21B6898472F
:108F00000C4B5968084008BD030E05D0FF2BF1D16A
:108F1000084B5868084008BDC2EB0271054BC2EB14
:108F20000112FF32596840EA0260084008BD00BFE4
:108F30006805002078050020024B5A6858601046EA
:108F4000704700BF78050020044A054B1268527C28
:108F500053F822301B691B68184700BFAC03002080
:108F60006C7000202DE9F04FB64C91B0D4F800E0C1
:108F70001B9D1D9E1E9F1F9CDDF868A00D95DDF8B2
:108F800070C00E96079708940F9005920C93BEF14F
:108F9000000F06D0DEF80040A44611B0BDE8F04F47
:108FA00060474AEA0503012B894600F09280CCF124
:108FB000080302930C9B002B40F38880A24BCDF852
:108FC00028E018680491F046E1460D9A0499531878
:108FD0001A460B93B0F90A30013A9342099268DCC1
:108FE000B0F90E308B4264DB059B002B61DD0F9BDB
:108FF000079F06970026354603EB0A044CE0029BC8
:10900000C9EB060648FA03F313F0FF0308FA09F860
:109010005FFA88F802D1027C920738D4D0F83CE09D
:10902000DEF800200392089A0AB152F82330B0F912
:1090300008B0B0F90CC0CEF80030621E5945B8BF78
:10904000594662451346A8BF63468B421CDBB0F904
:109050000A20049FB0F90EC0BA42B8BF3A46099F31
:10906000BC45A8BFBC4662450EDC407C774F57F834
:109070002000D0F80CE0CDF800C0DEF810B0D847E2
:10908000714B1868D0F83CE0039BCEF80030059B8C
:109090000135AB4254440CD0CAEB0401002EAED1D2
:1090A000069A029E92F800801346013306933346D7
:1090B000A8E7079A0E990A9B0A4407920B9A049212
:1090C0000C9A01339A420A937FF47FAF11B0BDE846
:1090D000F08F5D4B1968B1F90A20C9EB0203002B30
:1090E00040F3C2800C98C41A002CEFDD06FB03731A
:1090F00007930C9BB1F90E004B44013B1B1A002B4C
:1091000002DDE41A002CE1DD0F98059D4319B1F949
:109110000C00013B1B1A002B01DDEB1A0593B1F982
:1091200008000F9D854216DB0023059E002ECDDD35
:10913000487C464951F820000899C5681E93079B52
:109140001D930E9B1F911C93CDF86CC01A9433464F
:109150000F996C6820E7059E431BF61A0CF1FF354A
:1091600005961F2DE1D801A656F825F0519200086A
:109170002D9200082B910008159200082B910008F1
:109180002B9100082B910008099200082B910008F0
:109190002B9100082B9100082B9100082B910008BF
:1091A0002B9100082B910008FB9100082B910008DF
:1091B0002B9100082B9100082B9100082B9100089F
:1091C0002B9100082B910008ED9100082B910008CD
:1091D0002B9100082B9100082B9100082B9100087F
:1091E0002B9100082B910008ED910008079D0F902E
:1091F00005EB83030793002397E7079D0F9005EB8B
:1092000043030793002390E7079D0F901D440795A4
:1092100000238AE7079D05EB630507950F9D23F063
:10922000010005440F9503F001037EE7079D05EB60
:10923000A30507950F9D23F0030005440F9503F048
:10924000030372E774700020AC0300206C700020F0
:10925000079D05EBE30507950F9D23F007000544E7
:109260000F9503F0070360E70C9C4A46234641E74D
:10927000124B30B41C68B4F90A308B420FDCB4F9DD
:109280000E3099420BDCB4F90850B4F90C30A84206
:10929000B8BF28469A42A8BF1A46904201DD30BCAA
:1092A0007047074B647C53F82440E568AD6813466B
:1092B000AC460A460146204630BC6047AC0300205D
:1092C0006C700020184B1B68B3F90A208A421DDC21
:1092D000B3F90E20914219DCB3F90820824215DC63
:1092E000B3F90C20904211DC30B41A7CD2070ED4B2
:1092F0000E4A5C7CDB6B52F824401B68E568AD6964
:109300000A46AC460146204630BC604770475A7C4E
:10931000064B53F82230DC68E4690A4601461846D9
:10932000234630BC184700BFAC0300206C700020FF
:10933000124B30B41C68B4F9083083420FDCB4F926
:109340000C3098420BDCB4F90A50B4F90E30A94243
:10935000B8BF29469A42A8BF1A46914201DD30BCE7
:109360007047074B647C53F82440E568ED6813466A
:10937000AC460A460146204630BC6047AC0300209C
:109380006C70002070B5154C2468B4F90860B4F90D
:109390000C50B042B8BF3046AA42A8BF2A4682420B
:1093A00082B00BDBB4F90A60B4F90E50B142B8BF19
:1093B0003146AB42A8BF2B46994201DD02B070BDD9
:1093C000657C074C54F82540E568009313460A462F
:1093D000014620462C69A04702B070BDAC030020B6
:1093E0006C700020012801DD0020704710B5FAF7ED
:1093F00049F928B1C36808219B6ABDE810401847A5
:10940000002010BD024B1B689B6B1868704700BFA3
:10941000AC030020024B1B68DB6B1868704700BF71
:10942000AC03002000B50B4A0B4B1268527C83B092
:1094300053F822300193DB685B6A33B1082101A83D
:10944000984710B103B05DF804FB044803B05DF821
:1094500004FB00BFAC0300206C70002090050020CE
:10946000094B1B68587C012801DD0020704710B5AE
:10947000FAF708F928B1C36809219B6ABDE81040D2
:109480001847002010BD00BFAC030020012801DDFB
:109490000020704710B5FAF7F5F828B1C368092124
:1094A0009B6ABDE810401847002010BD10B5002091
:1094B000FAF7E8F8041C4FF0010018BF0124FAF78E
:1094C000E1F800B10134204610BD00BF10B5064BD5
:1094D0001B68587CFAF7D6F828B1C3680221DB6A0A
:1094E000BDE81040184710BDAC03002030B583B074
:1094F0000C461546FAF7C6F8019070B1C36804210E
:109500005B6A0DEB01009847034630B101982A468B
:1095100021469847002003B030BD012003B030BD84
:10952000012801DD0020704710B5FAF7ABF828B12B
:10953000C36803219B6ABDE810401847002010BD96
:1095400038B501252846FAF79DF80024032178B1A3
:10955000C3689B6A98478442B8BF04460DB9204649
:1095600038BD00252846FAF78DF803210028EFD1F1
:10957000F1E700BF012801DD0020704710B5FAF7C0
:1095800081F828B1C36804219B6ABDE810401847E0
:10959000002010BD094B1B68587C012801DD00200C
:1095A000704710B5FAF76EF828B1C36801219B6ABD
:1095B000BDE810401847002010BD00BFAC030020DC
:1095C000014B1868704700BFA06C0020012801DD26
:1095D0000020704710B5FAF755F828B1C36801218B
:1095E0009B6ABDE810401847002010BD38B5012522
:1095F0002846FAF747F80024012178B1C3689B6A2E
:1096000098478442B8BF04460DB9204638BD0025AE
:109610002846FAF737F801210028EFD1F1E700BF1B
:10962000094B1B68587C012801DD0020704710B5EC
:10963000FAF728F828B1C36802219B6ABDE81040F8
:109640001847002010BD00BFAC030020014B586834
:10965000704700BFA06C0020012801DD002070478A
:1096600010B5FAF70FF828B1C36802219B6ABDE86C
:1096700010401847002010BD38B501252846FAF7DC
:1096800001F80024022178B1C3689B6A984784429C
:10969000B8BF04460DB9204638BD00252846F9F765
:1096A000F1FF02210028EFD1F1E700BF2DE9F843D7
:1096B00060B3856865B3DFF86480D8F8006006B3EE
:1096C0000768B7F5807F1FDC124B1B689F42A8BF5D
:1096D0001F46002F81460DDD043D002401E0D8F82F
:1096E000006055F8040FFFF72FFC46F82400013402
:1096F000BC42F4D1084B1B680BB148469847D8F8D8
:1097000000603046BDE8F8830026FAE70646F8E731
:109710002E46F6E764040020786E00209074002046
:1097200008B5F9F7AFFF08B10369186808BD00BFB5
:10973000044A054B1268527C53F822301B695B685F
:10974000184700BFAC0300206C700020C0F3C42396
:10975000084A10B4C0F34511074CD35C615C5DF856
:10976000044B00F01F001B04105C03EB01231844A2
:10977000704700BF60E0030820E00308704700BFA7
:10978000704700BF074AC0F3842300F01F01C0F3F5
:109790004410D35C515C105C03EB014303EB0020ED
:1097A000704700BF60E0030810B4C0F3C42300F0AA
:1097B0001F04074A0749D35C125D5DF8044BC0F3F0
:1097C000451003EB0243085C03EB0020704700BF29
:1097D00060E0030820E0030838B50B4D2C680CB19D
:1097E000002038BD094B18688000F9F7ADF82860F3
:1097F00038B10748074B40F8043FFEF779FF204691
:1098000038BD012038BD00BF9074002064040020E2
:10981000786E0020712C01082DE9F84FFFF746FE05
:10982000B0F100092FDD194FDFF868B00025284698
:10983000F9F728FF20B33B68284693F811805D7440
:10984000FFF7D0FD082818DC5BF82530104A1B69AB
:10985000934212D02846FFF719FE061E0DDD0024A4
:109860005FFA84FA5046FFF763FF0134024651461F
:10987000284600F085F9A642F2D13B6883F81180B2
:109880000135A945D3D1BDE8F88F00BFAC03002056
:10989000B0EB03086C7000202DE9F04F85B08146D5
:1098A0000F9D0E9CED68D5F824806F6916460D4615
:1098B0009A46B8F1000F0FD001210FA8C04780468B
:1098C00050B10F980194CDF800A033462A4649467E
:1098D000C04705B0BDE8F08F6B4B1B68587CFAF7AA
:1098E000D1FD082834DC01235545F2DC022B0AD0D7
:1098F000042B1DD0012B30D00135AA45F6DAE8E75C
:1099000001355545E5DCB145D8BFC846F8DC4146D0
:109910002A460F98B84708F10108464524F8020B7B
:10992000F5DA0135AA45EEDAD3E70135AA45D0DBF1
:10993000B145D8BFC84600F3A18041462A460F98DA
:10994000B84708F10108464544F8040BF5DAECE79E
:109950001128B4BF02230423C6E7431E03934FF02C
:109960000008CDF808A0039B072B00F28180DFE8F8
:1099700003F03358171704040404B145D8BFCB468D
:1099800009DC59462A460F98B8470BF1010B5E4592
:1099900004F8010BF5DA029B0135AB42E3DA98E7F4
:1099A000B145F8DCCA464FF00F0B51462A460F98D6
:1099B000B8474FEA88032178C3F104020BFA03F396
:1099C00090400B400AF1010A03435645237044447A
:1099D00088F00108E9DADEE7DDF808B0B145DADC45
:1099E000CA4651462A460F98B84721784FF67F72EB
:1099F000C8F1070342FA08F298400AF1010A01EAA5
:109A0000020308F10102184322F0070856452070AE
:109A100042FA08F804EBE204E3DA0135AB45DDDA9B
:109A200057E74FF63F7BB145B5DCCA4651462A465B
:109A30000F98B8474FEA480394F800E0C3F10602D4
:109A40004BFA03F308F1010190400EEA03030AF117
:109A5000010A034321F003085645237041FA08F830
:109A600004EBA104E2DA029B0135AB42DBDA30E71A
:109A7000029B01359D427FF776AF2AE701355545B8
:109A80007FF756AF25E700BFAC03002010B50E4CA2
:109A90000E4B2268517C53F8210038B1C36813B1D2
:109AA0001B68042B0BD000680028F7D1002102F1BD
:109AB000080311665361BDE8104000F035B8F9F7AE
:109AC000BDFD2268F2E700BFAC0300206C700020EF
:109AD000014B1B685B68184760040020044B1B683F
:109AE0001A7C52074CBFDB6B9B6B1860704700BF42
:109AF000AC03002030B50A4C0A4B2268527C53F864
:109B00002230DA6883B0054669461846126B9047E2
:109B100020686A4629460830FEF7AAFC03B030BD2B
:109B2000AC0300206C700020044A054B11684A7C8D
:109B300053F82200C36808311B6B1847AC030020A0
:109B40006C700020014B1B681B68184760040020E4
:109B5000044B1B681A7C52074CBF9B6BDB6B186075
:109B6000704700BFAC030020014B83E8030070473F
:109B7000A06C0020014B1B689B6818476004002004
:109B800030B583B00C461546F9F77CFD019068B1FD
:109B9000C36810215B6A01A89847034630B1019859
:109BA0002A4621469847002003B030BD012003B06B
:109BB00030BD00BF30B583B00C461546F9F762FDE5
:109BC000019068B1C36803215B6A01A89847034606
:109BD00030B101982A4621469847002003B030BD95
:109BE000012003B030BD00BF30B583B00C46154630
:109BF000F9F748FD019068B1C3680B215B6A01A8C1
:109C00009847034630B101982A46214698470020DC
:109C100003B030BD012003B030BD00BF30B583B00C
:109C20000C461546F9F72EFD019068B1C3680A216C
:109C30005B6A01A89847034630B101982A4621463D
:109C40009847002003B030BD012003B030BD00BFF5
:109C500010B5074C2368186BFFF776F9FFF778FF0C
:109C60002368586BFFF770F9BDE81040FFF736BF67
:109C7000AC0300202DE9F04F91B0824C1B9D0E9556
:109C80002E461D9D0C9524681E9D06951F9D0895CA
:109C9000DDF868A0DDF870E0209D0F9005920D932F
:109CA0002CB12468A44611B0BDE8F04F60474AEAE1
:109CB0000603012B894600F09180CEF10803029340
:109CC0000D9B002B40F387806F4B0A94186804911A
:109CD000A046F1460E9A049953181A460B93B0F910
:109CE0000A30013A9342099268DCB0F90E308B4297
:109CF00064DB059B002B61DD0F9B069F0797002609
:109D0000354603EB0A044CE0029BC9EB060648FA11
:109D100003F313F0FF0308FA09F85FFA88F802D199
:109D2000027C920738D4D0F83CE0DEF800200392A1
:109D3000089A0AB152F82330B0F908B0B0F90CC053
:109D4000CEF80030621E5945B8BF594662451346E9
:109D5000A8BF63468B421CDBB0F90A20049FB0F910
:109D60000EC0BA42B8BF3A46099FBC45A8BFBC4620
:109D700062450EDC407C454F57F82000D0F80CE0DF
:109D8000CDF800C0DEF810B0D8473F4B1868D0F8C7
:109D90003CE0039BCEF80030059B0135AB425444B8
:109DA0000CD0CAEB0401002EAED1079A029E92F8A5
:109DB00000801346013307933346A8E7069A0C99AF
:109DC0000A9B0A4406920B9A04920D9A01339A4216
:109DD0000A937FF47FAF11B0BDE8F08F2A4B18686B
:109DE000B0F90A20531A002B47DD0D99CC1A002C2C
:109DF000F1DD069E0C9901FB036306930D9BB0F900
:109E00000E104B44013B5B1A002B02DDE41A002CC0
:109E1000E1DD0F99059E8B19B0F90C10013B5B1A1F
:109E2000002B01DDF31A05930F99B0F90830491B97
:109E300099420DDA5B1A069F1D4407EBE50706976A
:109E4000059F23F00706FB1A05F00705059331442B
:109E5000059B002BBFDD407C0C4B089F53F8200076
:109E6000059BC6681E95069D1D950C9D1F971C950C
:109E7000CDF86CE01A94746814E70D9C0A462346EA
:109E8000BDE700BF74700020AC0300206C700020A0
:109E9000C0B130F0010316D030F0030315D1022019
:109EA000704720F47F6323F00F0343B320F4FF4394
:109EB00023F07F031BB3030C1B0403B3830C9B042D
:109EC000FBB9122070470120704730F0070301D121
:109ED0000320704730F00F0301D10420704730F0A9
:109EE0001F0301D10520704730F0FF0301D1082086
:109EF000704720F4FF7323F00103002BD1D1102011
:109F0000704710F07F4F0CBF18202020704700BF13
:109F1000C8B130F0010317D030F0030301D108209D
:109F2000704730F00703FAD030F00F03F7D030F06D
:109F30001F03F4D030F0FF03F1D020F4FF7323F0BF
:109F400001031BB9102070470120704720F47F6384
:109F500023F00F03002BF5D020F4FF4323F07F0301
:109F6000002BEFD0000C000400280CBF1020202094
:109F7000704700BF2DE9F04F456883B004460146A5
:109F8000284600F075FD50B123680F2B0AD0B3F5B9
:109F9000107F3FD00E2B17D0204601F031F903B0CF
:109FA000BDE8F08F2846F8F795FE02AB43F8040DA4
:109FB000C26C14681846F8F75FFF002CEFD02846F3
:109FC000A04703B0BDE8F08FE3685A68002AE3DDDC
:109FD0001B68102B00F08D80122BDDD1002DDBD003
:109FE000FAF788FB2846F8F775FEC36D426D0190BD
:109FF000934280F2B0800133C365284602F0E0F856
:10A0000001A8F8F739FF2846052102F05FFCFDF7AB
:10A010003DF9C1E7D4F80CB0BBF1000FBCD0284625
:10A02000F8F758FE034602A8D3F8589040F8083DC8
:10A030005F6DB3F96060B3F83280B3F828A0F8F729
:10A040001BFF9BF80830002B3FD09BE80C0006EB71
:10A05000D67618F0080F4FEA660608BF1346013699
:10A06000C6EB030B284600F00BFEBBF1000F3EDDF4
:10A07000A0EB4606B3450CDA002E70D006EBD67383
:10A080005B10C9EB07070BFB0737B7FBF6F606EBD0
:10A090000907284602F094FB002858D101212846E0
:10A0A00002F09CFDA5BB18F4807F7FF475AF4FF4E0
:10A0B0008071284600F0C8FD1AF0020F3FF46CAF23
:10A0C0002846012102F002FC66E718F4807F3FF485
:10A0D00063AF4FF48071284600F0AEFC1AF0020F17
:10A0E0003FF45AAF2846022102F0F0FB54E74F46F6
:10A0F000CFE7002D3FF450AFFAF7FCFA2846F8F707
:10A10000E9FDC36D826D0190934224DD013B73E74D
:10A11000FAF7F0FA2846F8F7DDFD836D426D0190FD
:10A120009F42B8BF1F469742C36DA8BF1746BB42A8
:10A1300018D0C765284602F043F801A8F8F79CFE3E
:10A140000521284602F0C2FBFDF7A0F8ABE7284640
:10A1500002F06CFDA2E701A8F8F78EFE57E7334640
:10A1600001268EE701A8F8F787FEEDE72DE9F04F0D
:10A17000B0F90A60B0F90C708569B0F90E80B0F9D9
:10A180001090B0F812A0B0F9084087B08B46164482
:10A190001F443835FAF7AEFADFF88CC0CDF800B0BE
:10A1A0004FF0010E42463946304603954B46CDF8F6
:10A1B00008C0CDF804E000F025FF804660B3F8F752
:10A1C00089FD184F05901AF0080F21460CBF102288
:10A1D00018223D4600F06CFD0FCD0DF1180E4FF02A
:10A1E000080C5EF8046D06F134040FC495E8030012
:10A1F0004FF0FF3384E803000022B969336564251A
:10A200007046F164A6F860C07565B265F8F734FE73
:10A21000BB6940465B689847FDF738F8404607B091
:10A22000BDE8F08FF4030020759F0008026A002A41
:10A2300000F01C812DE9F047AA494368D56804461F
:10A240000A3B01F12C0086B0002D14BF0D460546D7
:10A250000A2B1FD8DFE803F0061E1E1E1E4D1E1E11
:10A260001E8922000121206800F0E2F990B1286ADD
:10A27000FCF794FA21696569A269E369ADF81010E9
:10A2800004A80021ADF81250ADF81420ADF8163036
:10A29000F9F712FC002006B0BDE8F0871769E869FD
:10A2A000002F00F02181FCF779FAD4F82080D8F84B
:10A2B0000460002EEEDD0027D8F80830D8F8000042
:10A2C00003936369A269696A00EBD07003EB6000D5
:10A2D000039B511A013E03FB07F3013193FBF6F395
:10A2E0001844F9F7EFFDD8F804600137BE42E3DC0B
:10A2F000D0E71369002B00F0BB802769A6696B6A61
:10A30000AA6A2869F61BF31A9B1A03EBD37307EBAF
:10A310006307D61906F1FF38FCF740FA4246394682
:10A320006069F9F7CFFD6169E26938460131F9F7F3
:10A33000B5FF023E01376869FCF730FA324639460C
:10A34000E069F9F7BFFD6169E26940460131F9F75B
:10A35000A5FFA869FCF722FAE3696169324638462D
:10A36000013B0131FAF70EF894E713691668002BE8
:10A3700000F0E080A2696B6A2868C3EB020801362E
:10A380007610FCF70BFA08F1FF376169C6EB070A94
:10A390000AF1010973184846013B3A46F9F7BEFD38
:10A3A000E1698B1B013348463A46F9F7B7FD52463F
:10A3B00021696069F9F786FD52462169E069F9F77C
:10A3C00081FDE26961692069F9F768FF6868FCF757
:10A3D000E5F96169A8F1020873184846013B0131AB
:10A3E0004246F9F79BFDE1698B1B01334246484623
:10A3F0000139F9F793FD2169606952460131013055
:10A40000F9F760FD2169E069524601310138F9F739
:10A4100059FDE26961692069013A01310130F9F7BA
:10A420003DFFEB680193E36961692069AA680092C6
:10A43000023B4A4602310230F9F79AFBE868FCF722
:10A44000ADF9032E7FF726AF06F1FF380225E2694A
:10A450006169921B31442A44491B781B013A01313E
:10A460000135F9F71BFF4545F1D113E7002070478F
:10A470006169E2696B6AAF6A2869561AF61AF61BB7
:10A480000B44013306EBD67603EB6606374407F13F
:10A49000FF38FCF783F9424631462069F9F7FEFEA2
:10A4A0002169A26930460131BE1E471CF9F70AFD39
:10A4B0006869FCF773F932463946A069F9F7EEFE90
:10A4C0002169A26940460131F9F7FCFCA869FCF753
:10A4D00065F9A269206933463946013A0130F9F736
:10A4E00051FFD7E608050020FCF758F9D4F8208082
:10A4F000D8F80460002E7FF7CDAED8F80830D8F831
:10A5000000000393236961696A6A00EBD07003EB72
:10A510006000039B0A44013E03FB07F3013A93FBEF
:10A52000F6F31844F9F7BAFED8F804600137BE42D2
:10A53000E3DCAFE662696B6A286802EB0308013668
:10A540007610FCF72BF908F10107226906EB070AE0
:10A550000AF1FF39B0184B4601383946F9F7DEFCED
:10A56000A269901B4B4601303946F9F7D7FC51469A
:10A57000E2692069F9F792FE5146E269A069F9F7AC
:10A580008DFEA2692169E069013A0131F9F79AFC6F
:10A590006868FCF703F9226908F10208B0184B4615
:10A5A000013801324146F9F7B9FCA269901B4B46CC
:10A5B00041460130013AF9F7B1FCE26920695146A0
:10A5C000013A0130F9F76AFEE269A0695146013AA1
:10A5D0000138F9F763FEA2692169E069023A0231A4
:10A5E0000138F9F76FFCEB680193E369A269206910
:10A5F000A9680091023B4946023A0230F9F78EFB06
:10A60000A868FCF7CBF8032E7FF744AE06F1FF38BD
:10A610000225A2692169921B31442A44491B7819F9
:10A62000013A01310135F9F74DFC4545F1D131E6EB
:10A6300010B582B018B90446204602B010BD0C46D1
:10A64000F8F748FB02AA90F8343042F8040D10469F
:10A650001C40F8F711FC204602B010BD10B50446AE
:10A6600082B068B1FAF746F82046F8F733FB02AB40
:10A67000C46D43F8040D1846F8F7FEFBFCF706FE20
:10A68000204602B010BD00BF70B582B018B90446B4
:10A69000204602B070BD06460D46FAF72BF830464C
:10A6A000F8F718FB046C0190AC420BD005643046FF
:10A6B00001F086FD01A8F8F7DFFBFCF7E7FD204677
:10A6C00002B070BD0024F5E7C0B1002916DB30B53B
:10A6D000044683B00D46FAF70DF82046F8F7FAFA6B
:10A6E00002AB056543F8040D1846F8F7C5FB204694
:10A6F00001F066FDFCF7CAFD03B030BD704700BF36
:10A7000000B9704770B5044682B00E461546F9F799
:10A71000F1FF2046F8F7DEFAC36D0190B5422A46F4
:10A72000B8BF32469E42C4BF3346C66593424265B7
:10A73000C8BFC265866501A8F8F79EFB204601F0F8
:10A740003FFDFCF7A3FD02B070BD00BF00B970472C
:10A7500030B5044683B00D46F9F7CCFF2046F8F734
:10A76000B9FA836D416DC26D0190AB42B8BF2B4603
:10A770009942A8BF19468A420ED0C165204601F011
:10A780001FFD01A8F8F778FB2046052102F09EF88E
:10A79000FCF77CFD03B030BD01A8F8F76DFBFCF7BA
:10A7A00075FD03B030BD00BF30B5456885B00446C7
:10A7B0000146284600F05CF9B8B123680F2B16D08B
:10A7C000B3F5107F40D00B2B0CD12846F8F782FA56
:10A7D00004AD034645F8083D4430F8F75DF82846D7
:10A7E000F8F74AFB204600F00BFD05B030BD2846C7
:10A7F000F8F770FA0090806BFFF7A4F9009B586B94
:10A80000FBF7EAFF284601F07BF840B3009B5B6C46
:10A81000ABB10220FCF720F802A800F0A5FF009BD6
:10A82000586CF8F757FA009A019092F84030B2F954
:10A83000482002A9F8F7EAFF01A8F8F71DFB6846CF
:10A84000F8F71AFB05B030BDE3687BB11B7A002B2B
:10A8500014BF01210221284602F038F8C2E7009B0C
:10A86000D86BFFF735F9F8F7E3FCCFE70321F2E700
:10A870002DE9F04F8B46B0F90C10B0F90A608569EC
:10A88000B0F90E70B0F91080B0F81290B0F908A0CD
:10A89000446889B01944164405912035F9F72AFF18
:10A8A000DFF890E003954FF0030CCDF800B0059968
:10A8B000CDF808E0304643463A46CDF804C000F0F3
:10A8C000A1FB054600B32CB32046F5F786FD013009
:10A8D000F7F76EFF0746F8B907AE2846F8F7FAF91A
:10A8E00051460022079000F0E3F9114BDDF81CE01F
:10A8F0000FCB0EF13404CEF84470AEF8489084E8E3
:10A900000F003046F8F7B8FAFCF7C0FC284609B04B
:10A91000BDE8F08F2746DFE7F8F7DCF908AE2146FF
:10A9200046F8040DF5F77BFD3046F8F7A5FAD4E7B5
:10A9300010040020A9A7000800B9704730B50446EC
:10A9400083B00D46F9F7D6FE2046F8F7C3F9436BFE
:10A950000190AB4203D04563204601F031FC01A8D1
:10A96000F8F78AFAFCF792FC03B030BD30B583B03B
:10A9700018B90125284603B030BD04460D46F9F745
:10A98000B9FE2046F8F7A6F9436C0090684601939B
:10A99000F8F772FA294601A8FDF7BEFE00280CBFA1
:10A9A0000125002504D1FCF771FC284603B030BD19
:10A9B0002046F8F78FF9019B426C00909A4218BF2D
:10A9C00043646846F8F758FA204601F0F9FBEAE7D5
:10A9D00000B9704730B5044683B00D46F9F78AFEDA
:10A9E0002046F8F777F902ABA0F8485043F8040D79
:10A9F0001846F8F741FA204601F0E2FBFCF746FC66
:10AA000003B030BD00B9704730B5044683B00D4681
:10AA1000F9F770FE2046F8F75DF9836B0190AB42C1
:10AA200003D08563204601F0CBFB01A8F8F724FA98
:10AA3000FCF72CFC03B030BD00B9704730B50446BC
:10AA400083B00D46F9F756FE2046F8F743F9438EDA
:10AA5000019023EA05018B4203D04186204601F094
:10AA6000AFFB01A8F8F708FAFCF710FC03B030BD03
:10AA70002DE9F04184B020B90124204604B0BDE89E
:10AA8000F0810E460746F8F725F933680290162B39
:10AA9000054600F090802ADD1F2B7CD051DD312B44
:10AAA00037D0B3F5407F48D1F268C36A14681B6899
:10AAB000C26202A81C1BF8F7DFF9F9F71BFE384643
:10AAC000F8F708F904AD6242009445F8040D2346F6
:10AAD000114603F043FB2846F8F7CEF9FCF7D6FB06
:10AAE000384601F06DFB029D00245DB9C5E7112BCE
:10AAF00057D03CDD142B11D0152B1ED1B0F93030BE
:10AB0000F360002402A8F8F7B7F9204604B0BDE8C6
:10AB1000F0810024F460002DF4D1AEE7F468214602
:10AB200002F0C4FBEB6A214620461A68FDF7D0FD0F
:10AB3000029D0024002DE5D19FE70124002DE1D1E5
:10AB40009BE71E2BF9D1D6F80C80B8F1010F36D156
:10AB5000438E03F01004A4B2002C53D102A8F8F7DE
:10AB60008BF9029DC6F80C80002DCBD185E70D2B0B
:10AB7000E3D1F368DB68002BDFD01B7A002BDCD03D
:10AB800002A8F8F779F9384600F0F4F9029D00249C
:10AB9000002DB7D171E7438EC3F30013F360002497
:10ABA000B0E7438EDB0604D5F36813B11B7A002BA4
:10ABB0003ED10124A6E7F36803860024A2E7448E71
:10ABC000F9F798FD3846F8F785F8438E039024F09E
:10ABD00001049C4203D04486384601F0F1FA03A8F0
:10ABE000F8F74AF90924FCF751FB02A8F8F744F9F1
:10ABF0002146384601F06AFE029D0024F460002DD3
:10AC000080D13AE743F00104F9F774FD3846F8F7CC
:10AC100061F8438E0390A34203D04486384601F086
:10AC2000CFFA03A8F8F728F90824FCF72FFBDCE794
:10AC300002A8F8F721F9384601F0F8FF029D012437
:10AC4000002D7FF45FAF18E700B9704730B50446B8
:10AC500083B00D46F9F74EFD2046F8F73BF8418EDC
:10AC6000019035EA010304D029434186204601F0D2
:10AC7000A7FA01A8F8F700F9FCF708FB03B030BD0C
:10AC800010B582B00446F8F725F8438E01901B07F3
:10AC9000204608D400F070FE044601A8F8F7ECF84E
:10ACA000204602B010BD00F085FE0446F5E700BF67
:10ACB000024B42861B680186C36270476005002014
:10ACC0002DE9F043466883B004463046F8F702F8B1
:10ACD00002AD034645F8080DD0F838805F6BD3F815
:10ACE00040902846F8F7C8F823680E3B1C2B19D86B
:10ACF000DFE803F02D0F181818181818181818186E
:10AD0000181818183A4F56186F18181818181818D5
:10AD10001F006FF07043994504D04846FEF7D8FEF7
:10AD2000F8F786FA002F59D02046B84703B0BDE89F
:10AD3000F0833046F7F7CEFFE3680090002B5ED03B
:10AD4000C3632846F8F798F803B0BDE8F083E368DA
:10AD50005A68002AE6DD1B68092B4CD00A2BE1D18A
:10AD6000304602F017F8E1E7E468012CDED14046F6
:10AD700001F046FD00283ED0404601F057FF404616
:10AD800001F0D0F80028D1D021464046FFF75CFF03
:10AD9000CCE721463046FFF76BFE03B0BDE8F083F9
:10ADA0003046F7F797FFE468019064B13146606878
:10ADB00003F00EF83146A8B9206802F0F7FF10B191
:10ADC000019B22689A6301A8F8F756F803B0BDE822
:10ADD000F083C4F80C9003B0BDE8F083204600F087
:10ADE0000FFAA3E7606802F0E1FF0028EBD0019BB7
:10ADF00062689A63E7E7304601F084FF96E7C36B29
:10AE0000E3609EE72DE9F04FB0F90A60B0F90C70ED
:10AE10008569B0F90E80B0F91090B0F812A0194C05
:10AE200089B08B4616441F441835B0F90830059395
:10AE3000F9F760FC0294CDF800B03946304603952E
:10AE4000CDF804A04B46424600F0DCF8044690B131
:10AE5000F7F740FF059907901022FFF729FF08A890
:10AE6000094A50F8043D1299126859630021996308
:10AE70001A64F8F701F8FCF709FA204609B0BDE8B2
:10AE8000F08F00BFC1AC00082004002030B504469C
:10AE900083B00D46F9F72EFC2046F7F71BFF02ABF7
:10AEA000056443F8040D1846F7F7E6FF204601F065
:10AEB00087F9FCF7EBF903B030BD00BF024B1B680C
:10AEC000012283F854207047AC0300202DE9F043A1
:10AED000044687B0F9F70EFC24B9FCF7D7F907B0A0
:10AEE000BDE8F0832046F7F7F5FE034603C804AD3E
:10AEF00085E8030001A801931F6AD3F82880F7F7BB
:10AF0000BBFF204602F03AFB06460028E5D0F9F7E1
:10AF1000F1FB2046F7F7CAFFD0F81890FCF7B6F916
:10AF200018F0020F20D12046F7F7D4FE01904846D2
:10AF3000F7F7D0FE03903046F7F7CCFE039A01995D
:10AF4000D569076203460D6201A8D4610293F7F741
:10AF500093FF03A8F7F790FF02A8F7F78DFFFCF720
:10AF600095F907B0BDE8F08328463A46494602F015
:10AF7000B7FED8E730B5044683B0F9F7BBFB1CB980
:10AF8000FCF784F903B030BD2046F7F7A3FE036A4F
:10AF9000009043B3826A12070DD41846F7F79AFE61
:10AFA000836A01901B0725D56846F7F765FF01A85E
:10AFB000F7F762FFE4E703469D696846F7F75CFF31
:10AFC000204603F009F82946204602F0E9FB204616
:10AFD00001F0F6F820460022094900F0AFFBFCF72B
:10AFE00055F903B030BD6846F7F746FFFCF74EF958
:10AFF00003B030BD01A8F7F73FFF009BDCE700BFBF
:10B00000A53D01082DE9F04F87B01E4680468946D0
:10B010001546109F139CF9F76DFB6A4BD3F800A0FF
:10B020007FB9694B1B88002B70D104F12C00F7F716
:10B03000BFFB044628BBFCF729F9204607B0BDE852
:10B04000F08F7B1C6DD03846F7F744FEB0F9002036
:10B05000B0F902300190904499441DB9B0F9045000
:10B06000AD1A01351EB9B0F90660F61A013601A80D
:10B07000F7F702FF04F12C00F7F79AFB04460028CB
:10B08000D9D0514A138801331380F7F723FE119961
:10B090004E4B826A0DF1180B4AEA010A4BF8180D63
:10B0A00045444E440AEA03031343013D129A836266
:10B0B000013E8580C6800261A0F80080A0F8029061
:10B0C0005846F7F7D9FE424B186800285BD11C6040
:10B0D0003946204602F064FB1AF0200F2FD11AF0F7
:10B0E000010F20D11AF0400F25D11AF0020F58D1CC
:10B0F00006A90123204641F8103D039402F08EFF7B
:10B10000FCF7C4F8204607B0BDE8F08F314A324B57
:10B110001268527C53F822305A1C012A85D91F46E6
:10B1200091E7002781E72D4A13681AF0400F03F1D9
:10B1300001031360D9D02046FFF7C8FED5E7254E9E
:10B14000F9F7D8FA336825469C6400E0054628469E
:10B15000F7F7ACFE80690028F8D11F4B1A689542BA
:10B160001CD05B689D4218D0FEF7DEFC2046F7F746
:10B170009DFE3368B0F90010B0F902201A65D96459
:10B18000FCF784F8ABE7F7F791FE05462046F7F7A2
:10B190008DFE6B6943616C619AE70120FBF7D2FA7F
:10B1A000E2E72046F7F796FD034658469A6A009371
:10B1B00042F002029A62F7F75FFE0021204600F09B
:10B1C00091FF95E79C740020AA7400209F3F3F00E8
:10B1D000A0740020AC030020F8740020B474002098
:10B1E00008B5064B1B68002283F85420F9F782FA51
:10B1F000FEF79AFCBDE80840FCF748B8AC03002015
:10B2000003680E3B10B5044640681A2B12D8DFE8DD
:10B2100003F01B11111111110E1111201111111137
:10B220001111111111112211111111111400E168E4
:10B2300002F028F80023E36010BD0028FCD00021B4
:10B24000BDE8104000F04EBF2146BDE8104001F0BF
:10B25000A5BCE06010BD6FF07043E36010BD00BF9F
:10B2600000B97047AFF300802DE9F047814E86B0FA
:10B270000446F9F73FFA306848B1A04202D10BE02A
:10B28000844209D0F7F712FE40690028F8D1FBF795
:10B29000FDFF06B0BDE8F087254600E01D462846C4
:10B2A000F7F704FE8369002BF8D1734F3A68954293
:10B2B00000F0D8807B689D4214BF4FF0FF35012518
:10B2C0000DF118080B2348F8103D20464146039421
:10B2D00002F0A4FE204601F0DBFE2046F7F7FAFC60
:10B2E0000190406A002840F0A180644B644A1B68CA
:10B2F00064480021816052F82300844208BF42F86C
:10B300002310614A52F823108C4204BF002142F8F6
:10B3100023105E4B1B68002133B15A68944208BF6A
:10B3200059601B68002BF8D12046072101F0CEFAA6
:10B33000DDF80490D9F81C0000285DD12046F7F70D
:10B34000C9FC81690290002962D14046F7F794FD5B
:10B35000306858B1F7F7AAFD804640698442F8D1B9
:10B360002046F7F7A3FD4369C8F81430019B9B6A98
:10B37000D90703D546490A68013A0A609A0642D4B9
:10B3800001A8F7F779FD434A13882046013B138053
:10B39000F7F758FA6B1C3FF47AAF57F82550DFF8EF
:10B3A000FC80F9F7A7F9D8F8003005B935689D6435
:10B3B0002C4600E01C462046F7F778FD8369002BF9
:10B3C000F8D139682C4A8C424ED053689C424FD0F9
:10B3D000FEF7AAFB2846F7F769FDD8F80030B0F968
:10B3E0000010B0F902201A65D964FBF74FFFFBF794
:10B3F0004DFF06B0BDE8F087FFF736FFD9F81C0017
:10B40000002899D19AE7244A1388013B1380B7E7B3
:10B41000026A202302F0FCFB2046F7F747FD814635
:10B42000806930B9029B00229A618EE7F9F712FB1E
:10B430005BE7F7F73BFDC3699C4282460BD0002BCC
:10B44000F0D01846F7F732FD036A9C42F7D1D9F8DD
:10B4500020300362E6E72046F7F728FD036ACAF8C2
:10B460001C30DFE71D462BE71846FBF76BF9AFE70B
:10B470000120FAE7A0740020F8740020B0740020C6
:10B4800000750020AC6C0020F074002014750020C2
:10B49000B4740020AA740020A8740020AC0300201B
:10B4A0002DE9F04FABB0F9F725F99B4B1B6803B1C1
:10B4B000984700231C4600E0012405F069FF00289E
:10B4C000FAD1DFF864B20694DBF8003093F8543018
:10B4D00023B1924B1B88002B40F09A800793DFF832
:10B4E00050A2FBF7D3FE21E00DAA8D4B059210462A
:10B4F0001E68FBF70FF923681A6B5B6B03920493CA
:10B50000002E32D1874B03989E60FBF747F90498D1
:10B51000FBF738F90598FAF77FFDFBF7B7FEB8F8A7
:10B520000030002B00F0D28001230693DBF80030BE
:10B530007D4C93F85430002B00F0C880DFF8DC819C
:10B54000B8F80030002B00F0C180F9F7D3F8754B44
:10B550009E68002EC8D00DAB18460593FBF7DAF8AD
:10B5600023681A6B5B6B039204930BAD304608960D
:10B57000F7F7B0FB00F10802034692E803009A6A6D
:10B58000099385E8030009A81746D3F818901C69A9
:10B590000292F7F771FC44F220033B40002B40D0AD
:10B5A000D4B1089C09E0FCF745FF0A9B9F690AA8F3
:10B5B000002F3DD0F7F760FC3C462046F7F78AFBAA
:10B5C000034601469F6A0A9317F002072846EAD10C
:10B5D0000AA8F7F751FC3C460898F7F77BFB826A0C
:10B5E000099022F4804323F02003920448BF43F0E3
:10B5F0000403836209A8F7F73FFCB8F80030013B69
:10B60000A8F800306CB13046F7F750FC466979E78E
:10B61000464B1B68002B71D01B689847012307938A
:10B620005DE73046F7F742FC4669002E9ED169E798
:10B63000F7F722FCDAF80020A24205D03C4B5A680A
:10B64000944201D00024C7E7089CF9F753F8DBF8CF
:10B6500000300CB9324A14689C64274600E01F464B
:10B660003846F7F723FC8369002BF8D1DAF800108D
:10B670008F423DD0DAF804309F423DD0FEF754FAB5
:10B680002046F7F713FCDBF80030B0F90010B0F9F2
:10B6900002201A65D964FBF7F9FD029A510710D50B
:10B6A000B9F1000F0BD002F0010383F00103009306
:10B6B00008AA00231F492846F9F7F6F9C2E7012333
:10B6C000F5E7089802F018FC012485E7F9F712F86D
:10B6D000079B3BB1154B1868B0B143689847164BB0
:10B6E00000221A60FBF7D2FD06982BB0BDE8F08F60
:10B6F0001846FBF727F8C1E70120FAE70120FCF71D
:10B70000E3FE01230793EAE6FCF7DEFEFBF7BEFD4E
:10B7100006982BB0BDE8F08F10750020A8740020AB
:10B72000A0740020AC6C0020AC03002094740020B6
:10B73000F8740020A93D0108A474002070B50446E7
:10B740000D461646F8F7D6FF32462946204601F048
:10B75000EBFCBDE87040FBF799BD00BF014B1B68D7
:10B76000986C7047AC03002038B50546F8F7C2FF67
:10B77000084B1C6814B9084B1B689C6CF8F7BAFF9F
:10B780002946204601F07EFDFBF780FDBDE83840EC
:10B79000FBF77CBD08750020AC03002038B50446DB
:10B7A0000D46F8F7A7FF2946204601F06BFDBDE8DE
:10B7B0003840FBF76BBD00BF00B585B004A9172367
:10B7C00041F8103D0023039301F0CAF9039805B036
:10B7D0005DF804FB034A044B1268527C53F82200C4
:10B7E000704700BFAC030020F874002001289ABF06
:10B7F000024B53F820000020704700BFF87400206F
:10B800002DE9F041804686B018B9404606B0BDE843
:10B81000F0810E46F8F76EFF4046F7F75BFA06AB8D
:10B82000D0F81C8043F8140D1846F7F725FBB8F143
:10B83000000F44D00025152702A940460395049522
:10B840000595029701F08CF9059B9E4216D0404663
:10B85000F7F72CFBC46924B916E0F7F727FB046A55
:10B8600094B1204602A9039504950595029701F02D
:10B8700077F9059B9E422046EFD1A046FBF706FDD7
:10B88000404606B0BDE8F0814046F7F70FFBC469BB
:10B890002CB90CE02046F7F709FB046A3CB13146AD
:10B8A000204606F099F90028F4D08046E6E74046A5
:10B8B000F7F7FCFAD0F82080B8F1000FBCD14FF0B8
:10B8C0000008DBE710B5044638B1F8F713FF20464F
:10B8D000F7F7ECFAC469FBF7D9FC204610BD00BFAE
:10B8E00010B5F8F707FF044A044B126853F82240DA
:10B8F000FBF7CCFC204610BDB07400200075002082
:10B9000010B50446F8F7F6FE2CB12046F7F7CEFA4C
:10B91000846A04F00104FBF7B9FC204610BD00BFA7
:10B9200000B585B000231522694601930293039365
:10B93000009201F015F9039805B05DF804FB00BF13
:10B9400010B5044638B1F8F7D5FE2046F7F7AEFA41
:10B950008469FBF79BFC204610BD00BF10B5044670
:10B9600040B1F8F7C7FE2046F7F7A0FAB0F900405B
:10B97000FBF78CFC204610BD10B5044682B0F8F7EA
:10B98000B9FE14B9FFF7EAFE04462046F7F7A2F91C
:10B9900002AAB0F9004042F8040DB0F90430104694
:10B9A0001C1BF7F769FAFBF771FC0134204602B063
:10B9B00010BD00BF10B5044682B0F8F79BFE14B965
:10B9C000FFF7CCFE04462046F7F784F902AAB0F947
:10B9D000024042F8040DB0F9063010461C1BF7F780
:10B9E0004BFAFBF753FC0134204602B010BD00BFF8
:10B9F0002DE9F04F99B008AD00236B600893AB6060
:10BA0000FAF714FA20B10024204619B0BDE8F08FEF
:10BA10000BAF04463846FAF7E1F90B9B013300F00F
:10BA2000E380B84EF8F766FE0B9B002BC0F25781FF
:10BA30000C9A002A09DBB448B449B0F90000B1F906
:10BA4000001003440A440B930C929DF83500012822
:10BA50008CBF30683060F7F715FE002800F0BE801C
:10BA600004AA03A93068DFF8B882F8F76FFD06A8CA
:10BA700001F006FB34680B9B03980C9A049904EBC5
:10BA8000440408EB8404181A23690B90511A984255
:10BA90000C9103D16369994200F05F819DF83520D4
:10BAA000F7F758FBD8F8003013B100213846984713
:10BAB000974B326853F82200002800F03781D8F8FD
:10BAC0000430079013B10799384698473368914C72
:10BAD000DFF83092DB00E1184A680798002A42D06C
:10BAE000824240D0D1F804A0BAF1000F3BD08A4A7C
:10BAF0001268002A09DB894B504653F8221002F0E5
:10BB000055F980B3D9F80030DB00DFF81C924B44C4
:10BB10005046596802F04AF93368DB009944D9F875
:10BB20000420D9F8041012B108B98A451BD1234466
:10BB3000DFF8E091586802F061F9A0B13368179519
:10BB400097E8070009EBC30385E80700D3F804E092
:10BB500014A912237046149302F0C2FA336809EB59
:10BB6000C30300225A60DDF81C90B9F1000F00F009
:10BB7000B380694B1B68002B08DB684A484652F8C3
:10BB8000231002F013F9002800F0A6803368DFF8D4
:10BB900098A10AEBC3034846596802F007F9D6F8A2
:10BBA00000E04FEACE0CE244DAF80430DAF8042080
:10BBB00063B358BB914529D000244FEA4E0397E860
:10BBC0000700734408EB8303103383E807007146D2
:10BBD000384600F0C1FE06A802F0DEF9FBF756FB7E
:10BBE000204619B0BDE8F08F0C9B464E01337FF420
:10BBF00019AF33684A4A9DF8341003EB430302EB54
:10BC000083031B7E8B427FF40DAFFCE64FEA4E03AD
:10BC100003EB0E0208EB82029DF834A0127E079916
:10BC2000DFF8FC9064445245616003D00799002915
:10BC300040F09B8052EA0A097DD03A4C4FEACE0C84
:10BC400004EB0C024FF4107950680799CDF850902E
:10BC5000884222D0526802B3BAF1000F40F013813B
:10BC6000734408EB83038DF828A01A695B69099374
:10BC700008922B46A44414A9DCF80400179302F0A0
:10BC80002FFAD6F800E09DF834A04FEACE0C04EB72
:10BC90000C0300225A604FEA4E0303EB0E0208EB3E
:10BCA0008202079982F818A0002954D097E807006B
:10BCB00085E80700BAF1000F00F0C5806444079BD7
:10BCC00063600798179514A902F00AFAD6F800E005
:10BCD00001240EFA04F372E7D6F800E06CE70133B2
:10BCE0007FF4B3AE0C9B01337FF4AFAE33680C4AE4
:10BCF00003EB430302EB83031A695B690B920C931A
:10BD0000A3E600BFB07400205A7000205C700020D1
:10BD1000F0740020E07400206C040020F87400200F
:10BD2000886E0020C0740020D07400200C990B98FD
:10BD300000F0CAFEC3E6079C002C3FF440AF079812
:10BD400002F05CF8002840F0B080D6F800E004462D
:10BD50004FEA4E0333E7012431E7227E9DF8343069
:10BD60009A427FF49BAE002435E70798DFF8ACB128
:10BD7000F6F7B0FF33689DF834208DF84C2003EBC4
:10BD8000430309EB83030B9A1B7E8DF84D30B0F90A
:10BD90000040B0F902100C9B0590121B5B1A05A81D
:10BDA00011921293F7F768F8D6F800E09DF8344046
:10BDB0000EEB4E0309EB830303F1100207CA0DF1EA
:10BDC000380A1C769DF828308AE8070011A911224C
:10BDD00017911492002B3ED04E4C04EBCE0E14A9BA
:10BDE000DEF80490079BCEF80430DEF804300798A4
:10BDF000009302F031F9DBF800E0009B4FEACE0C33
:10BE000004EB0C025268934203D0A444DCF80430E3
:10BE100007939AE807000EEB4E0308EB83031033F9
:10BE200083E80700DFF8F8B0B9F1000F2DD1D6F89C
:10BE300000E09DF834A04FEA4E0303EB0E020BEB3B
:10BE40008202127EF6E6344B1B78002B3FD164440D
:10BE50000023636035E72F4C019304EBCE0E14A949
:10BE6000DEF804200798009202F0F6F8DBF800E014
:10BE7000009A019B4FEACE0C04EB0C0149688A4200
:10BE800036D09946C1E70023F4E6484600F0B8FCF6
:10BE9000D6F800E09DF834A04FEA4E03F0B903EB6A
:10BEA0000E020BEB8202127EC4E697E80700079CA5
:10BEB000179585E807001023204614A9149302F073
:10BEC0000FF9D6F800E04C464FEA4E0377E600F053
:10BED00051FDD6F800E04FEACE0CB8E704EBCE04F3
:10BEE00003EB0E020BEB8202C4F80490127EA1E673
:10BEF0009AE807004FEA4E0303EB0E0409EB8409AE
:10BF000009F1100484E807009DF834A099F818207E
:10BF100090E600BFC074002098740020B074002028
:10BF2000886E0020044A054B126853F82230181A14
:10BF3000B0FA80F040097047B0740020007500200E
:10BF400000B9704710B5044682B0F8F7D3FB20461D
:10BF5000F6F7C0FE826A0190910706D401A8F6F7B1
:10BF60008BFFFBF793F902B010BD22F0020281694A
:10BF70008262026A01F0B4FE01A8F6F77DFFFBF7CA
:10BF800085F902B010BD00BF2DE9F04F454D2B786B
:10BF900085B0002B7BD1444FDFF84091386843498E
:10BFA000434ADFF82C81DFF838A1424EAB6043648E
:10BFB0001C46C9F800300B8013809B462046F7F7DB
:10BFC00061FB43F6FF7300214FF0020C4FF0FF3E80
:10BFD0001A4690B1CDF80CB0CDF808A0CDF804C049
:10BFE000CDF800E00846FFF70DF86FF0704248F812
:10BFF000240046F82420002850D10134022CDDD141
:10C000002D4801F03DF82D4801F03AF82C4801F098
:10C0100037F82C4801F034F82B4801F031F82B4860
:10C0200001F02EF8D8F80060F8F764FB3B680EB911
:10C03000D9F800609E64344600E004462046F6F7D6
:10C0400035FF80690028F8D1D8F80030204A9C429A
:10C0500021D053689C421DD0FDF766FD3046F6F7AF
:10C0600025FF3B68B0F90010B0F902201A65D964C9
:10C07000FBF70CF93A68174B17486B62012382F8FB
:10C0800054302B7005B0BDE8F04FFCF731BB05B064
:10C09000BDE8F08F0120FAF755FBDDE7002100F045
:10C0A00021F8AAE7AC6C0020AC030020A8740020A3
:10C0B000AA740020B8740020D0740020C07400203E
:10C0C000E0740020D8740020C8740020E8740020B8
:10C0D000F87400209D2B0108D06C0020A074002073
:10C0E000F53C01082DE9F041074686B00C46F8F70B
:10C0F00001FB3846F6F7EEFDD0F82880009018F0E6
:10C10000020F2FD003C804AE18F4803F86E8030066
:10C1100045D17CB120686168009C02AB03C3B4F9CF
:10C120000220B4F9001002A8F9F746FE02A9304631
:10C13000FCF780F93D4608E0FCF77CF9019B9C691F
:10C1400001A8BCB1F6F798FE25462846F6F7C2FDD1
:10C15000034601939A6A930701463046ECD401A83E
:10C16000F6F78AFE6846F6F787FEFBF78FF806B00B
:10C17000BDE8F081F6F780FE104B1A68AA4202D0A3
:10C180005B689D42EED140F6010308EA0303012BF0
:10C190000BD031463846202206F096F8E2E73846C2
:10C1A00001F06CFB002CB5D1C4E7009B30461A6A45
:10C1B0009969202301F02CFDD4E700BFF87400201A
:10C1C00000B970472DE9F041074684B0F8F792FABC
:10C1D0003846F6F77FFDD0F82880009018F0020F5F
:10C1E0001ED003C802AE18F4803F86E803001FD1BA
:10C1F0003D4608E0FCF71EF9019B9C6901A8DCB1F3
:10C20000F6F73AFE25462846F6F764FD0346019305
:10C210009A6A930701463046ECD401A8F6F72CFE43
:10C220006846F6F729FEFBF731F804B0BDE8F08167
:10C23000384601F023FBDBE7F6F71EFE0D4B1A68CC
:10C24000954202D05B689D42EAD140F6010308EABC
:10C250000303012B05D031463846202206F034F87E
:10C26000DEE7009B30461A6A9969202301F0D0FC72
:10C27000D6E700BFF87400202DE9F04F044683B0E4
:10C28000F8F738FA24B903B0BDE8F04FFAF7FEBF6B
:10C290002046FFF795FFF8F72DFA2046F6F706FE41
:10C2A000D0F81C80FAF7F2FFB8F1000FEBD0F8F7E6
:10C2B00021FA4046FFF784FFF8F71CFA4046F6F7EC
:10C2C000F5FDD0F81C90FAF7E1FFB9F1000F00F08E
:10C2D000B880F8F70FFA4846FFF772FFF8F70AFA46
:10C2E0004846F6F7E3FDD0F81CA0FAF7CFFFBAF105
:10C2F000000F00F09B80F8F7FDF95046FFF760FF54
:10C30000F8F7F8F95046F6F7D1FDD0F81CB0FAF777
:10C31000BDFFBBF1000F7ED0F8F7ECF95846FFF7F0
:10C320004FFFF8F7E7F95846F6F7C0FDC3690193E8
:10C330001C46FAF7ABFF002C63D0F8F7DBF9019C41
:10C340002046FFF73DFFF8F7D5F92046F6F7AEFD9A
:10C35000C669FAF79BFF002E4AD0F8F7CBF93046B2
:10C36000FFF72EFFF8F7C6F93046F6F79FFDC569CF
:10C37000FAF78CFFA5B3F8F7BDF92846FFF720FFC1
:10C38000F8F7B8F92846F6F791FDC469FAF77EFF89
:10C39000F4B1F8F7AFF92046FFF712FFF8F7AAF962
:10C3A0002046F6F783FDC769FAF770FF47B13846B4
:10C3B000FFF762FF3846F6F779FD076A002FF6D1DE
:10C3C000FAF764FF2046F6F771FD046A002CE0D10D
:10C3D000FAF75CFF2846F6F769FD056A002DCAD119
:10C3E000FAF754FF3046F6F761FD066A002EB4D125
:10C3F000FAF74CFF0198F6F759FD036A0193002BF9
:10C400009BD1FAF743FF5846F6F750FDD0F820B01D
:10C41000BBF1000F80D1FAF739FF5046F6F746FD21
:10C42000D0F820A0BAF1000F7FF465AFFAF72EFF25
:10C430004846F6F73BFDD0F82090B9F1000F7FF4A5
:10C4400048AFFAF723FF4046F6F730FDD0F82080DA
:10C45000B8F1000F7FF42BAF15E700BF00B97047AC
:10C460002DE9F04FA1B0044601920D46F6F732FCDB
:10C47000836A05909A0740F15681024629460EA824
:10C48000FBF7F6FF002800F04E8105A8F6F7F4FC54
:10C490002046019A0EA905F017FF2046FFF712FA71
:10C4A0000446002800F042812046F6F713FC836A18
:10C4B00006909B0740F13D8102460EA910A8FBF7AC
:10C4C000D7FF002800F0358106A8F6F7D5FC019AC1
:10C4D00010A9204605F0F8FE2046FFF7F3F90546BF
:10C4E000002800F0188102942846F6F7F3FB836ACF
:10C4F00007909F0740F12181024610A912A8FBF77F
:10C50000B7FF002800F0198107A8F6F7B5FCDDF8A1
:10C5100004A02846524612A905F0D6FE2846FFF789
:10C52000D1F9002800F0EF80039505462846F6F77C
:10C53000D1FB836A08909E0740F10381024612A94D
:10C5400014A8FBF795FF002800F0FB8008A8F6F779
:10C5500093FC2846524614A905F0B6FE2846FFF77C
:10C56000B1F9002800F0C780AB4680464046F6F798
:10C57000B1FB836A09909D0740F1E780024614A948
:10C5800016A8FBF775FF002800F0DF8009A8F6F772
:10C5900073FC4046524616A905F096FE4046FFF74A
:10C5A00091F9002800F09D8081464846F6F792FBFD
:10C5B000836A0A909C0740F1D580024616A918A804
:10C5C000FBF756FF002800F0CD800AA8F6F754FCD0
:10C5D000524618A9484605F077FE4846FFF772F91B
:10C5E0000546002874D02846F6F774FB836A0B9042
:10C5F000990740F1C480024618A91AA8FBF738FF32
:10C60000002800F0BC800BA8F6F736FC52461AA9A9
:10C61000284605F059FE2846FFF754F9064600283B
:10C6200050D03046F6F756FB836A0C909A0740F1DB
:10C63000B18002461AA91CA8FBF71AFF002800F0D7
:10C64000A9800CA8F6F718FC52461CA9304605F044
:10C650003BFE3046FFF736F9074668B33846F6F733
:10C6600039FB836A0D909B0740F19F8002461CA90D
:10C670001EA8FBF7FDFE002800F097800DA8F6F736
:10C68000FBFB52461EA9384605F01EFE3846FFF752
:10C6900019F9044650B1204652461EA9FFF7DEFEA6
:10C6A0002046F6F703FC046A002CF4D13846F6F76E
:10C6B000FDFB076A002FD1D13046F6F7F7FB066A7B
:10C6C000002EAED12846F6F7F1FB056A002D8AD17F
:10C6D0004846F6F7EBFBD0F82090B9F1000F7FF455
:10C6E00064AF4046F6F7E2FBD0F82080B8F1000FC7
:10C6F0007FF43CAF5D462846F6F7D8FB056A002D6F
:10C700007FF414AF039D2846F6F7D0FB056A002D91
:10C710007FF4EAAE029C2046F6F7C8FB046A002CC0
:10C720007FF4C2AE02E005A8F6F7A6FB21B0BDE893
:10C73000F08F06A8F6F7A0FBEDE707A8F6F79CFB3D
:10C74000E1E708A8F6F798FBD5E709A8F6F794FB08
:10C750004046F6F7ABFBD0F82080B8F1000F7FF42D
:10C7600005AFC7E70AA8F6F787FB4846F6F79EFB32
:10C77000D0F82090B9F1000F7FF417AFB1E70BA804
:10C78000F6F77AFB2846F6F791FB056A002D7FF451
:10C790002AAF9DE70CA8F6F76FFB3046F6F786FB4D
:10C7A000066A002E7FF43DAF8CE70DA8F6F764FB18
:10C7B0003846F6F77BFB076A002F7FF44FAF7BE725
:10C7C00008B90020704730B5044685B0F7F792FFEE
:10C7D0002046F6F76BFB856AFAF758FDAB0702D5E2
:10C7E00015F0100502D0002005B030BD04A91F23AC
:10C7F000204641F8103D039500F0B2F90398F3E7A5
:10C8000010B50446F7F776FF204601F001FB044619
:10C81000FAF73CFD204610BD2DE9F0438BB00546EC
:10C820000C461646F7F766FF002307930693089316
:10C830000993002D3AD00CB9002E37D02846F6F7D0
:10C8400049FA034603C80DF1080888E80300324698
:10C85000184621460193F9F7AFFA01980AAF32461C
:10C8600021460830F9F7A8FA57F8243DD3F81C9070
:10C870003846F6F701FB32462146484605F09CFD56
:10C880002846F6F727FA826A0190920701D5816956
:10C8900089B93846F6F7F0FA032204AB06A9284610
:10C8A000049405960692099301F0B8FBFAF7EEFCA2
:10C8B0000BB0BDE8F083026A01F032F9019B4046FB
:10C8C0001A6A996901F02CF9E3E700BF30B585B029
:10C8D0000446262303910093F7F70CFF1CB9FAF7DF
:10C8E000D5FC05B030BDF7F705FF2046F6F7DEFAB8
:10C8F0008569FAF7CBFC002DF1D0284669460294F1
:10C9000001F08CFBFAF7C2FC05B030BD30B587B042
:10C9100005460C46F7F7EEFE0D4A0E4B126853F82B
:10C92000220028B90446FAF7B1FC204607B030BD12
:10C930000E2302A9019402930095CDF814D001F0C2
:10C940006DFBFAF7A3FC0124204607B030BD00BF01
:10C95000B07400200075002010B401EB410407C83A
:10C96000034B03EB840383E807005DF8044B704737
:10C97000586F002030B50B4D0B4C85B0F7F7BAFE61
:10C980002B6854F8230048B104A9182341F8103D3E
:10C9900001F044FB2B68002244F82320FAF776FCD0
:10C9A00005B030BDB0740020F074002000B551EA2D
:10C9B000020E00D008B95DF804FB5DF804EB00F04E
:10C9C00001B800BF2DE9F04106468AB088461746F7
:10C9D000F7F790FE3046F6F77DF9034603C804AC3E
:10C9E00006AD84E80300039385E80300B8F1000F67
:10C9F00009D09A6A02F42072802A57D0BDF81C2010
:10CA00009044ADF81C8057B19A6A02F4A062B2F566
:10CA1000807F52D0BDF81E201744ADF81E709A6A70
:10CA2000D1033DD495E80300920783E803000BD5BA
:10CA30002A46214608A8F9F791F9039B08A81A6A23
:10CA4000996901F04DF9039BBDF91E00BDF916402F
:10CA5000BDF91CC0BDF914E0BDF91A70BDF9122072
:10CA6000BDF91850BDF91010041B00940AACBA1A95
:10CA70001846691ACEEB0C0301F070FB54F81C1D2C
:10CA800001F10800FBF7D6FC0521304601F01CFB44
:10CA90002046F6F7F1F9FAF7F9FB0AB0BDE8F081A4
:10CAA000304600F0EBFE039B9A6ABBE7BDF8182006
:10CAB000C8EB0208ADF81880A5E7BDF81A20D71B0F
:10CAC000ADF81A70ABE700BFF0B583B006460F466D
:10CAD000F7F710FE214B1868FEF788FE054620B9CF
:10CAE000FAF7D4FB284603B0F0BDF6F7F3F8836AF3
:10CAF00001909B0728D5B0F900309E4224DBB0F9A5
:10CB000004309E4220DCB0F902309F421CDBB0F9B9
:10CB100006309F4218DCC46974B13B46324600219E
:10CB2000204606F0F5FC002818BF05462046F6F71B
:10CB3000BDF9046A002CF0D101A8F6F79DF9FAF7C7
:10CB4000A5FB284603B0F0BD01A8F6F795F9FAF762
:10CB50009DFB0025284603B0F0BD00BFB074002047
:10CB600000B9704738B504460D46F7F7C3FD2946AE
:10CB7000204601F053FABDE83840FAF787BB00BF02
:10CB800038B504460D46F7F7B5FD2946204601F0B5
:10CB900087FABDE83840FAF779BB00BFE1B170B55C
:10CBA00005460C46F7F7A6FD1DB9BDE87040FAF73B
:10CBB0006DBBF7F79FFD2846F6F778F98669FAF717
:10CBC00065FB002EF1D0A5602146304601F026FA23
:10CBD000BDE87040FAF75ABB704700BFF0B5104E81
:10CBE000104C85B005460F46F7F784FD336854F8BE
:10CBF0002300A84200D038B90B4A44F823501770DC
:10CC0000FAF744FB05B0F0BD04A9182341F8103D24
:10CC100001F004FA3368002244F82320ECE700BF57
:10CC2000B0740020F0740020987400202DE9F041C9
:10CC300086B0002504460395029504950595F7F7FF
:10CC400059FD002C4ED0DFF8B8802C4FD8F80030BA
:10CC500057F82300844245D01E238DE81100059526
:10CC60000293002845D1012302A92046059301F033
:10CC7000D5F9059E002E36D1D8F80030202547F88A
:10CC8000234004E00295CDF814D001F0C7F9F7F77E
:10CC900031FD2046F6F70AF98469FAF7F7FA02A996
:10CCA0002046002CEED1009CF7F724FD204601F031
:10CCB000AFF80546FAF7EAFAADB1A4B1202504E0D1
:10CCC0000295CDF814D001F0A9F9F7F713FD20462D
:10CCD000F6F7ECF88469FAF7D9FA02A92046002C95
:10CCE000EED100E00126FAF7D1FA304606B0BDE8F1
:10CCF000F08102A901F092F9B5E700BF00750020AC
:10CD0000B074002070B510B90446204670BD0646C8
:10CD1000F7F7F0FC304600F0D7FA0446002831D18E
:10CD20003046F6F7C3F8C569AC4208BF00252C466B
:10CD30000FE020460CB3F6F7B9F8036A1BB930468A
:10CD4000F6F7B4F8C3699C4214BF1C460024A54200
:10CD500004D02046FFF734FD0028EAD06CB10C4D1A
:10CD600020462E6800F026FC421C034606D02046D2
:10CD70002B60FFF75BFF2E6000B10024FAF786FA04
:10CD8000204670BDF6F792F8056A002DCCD1C7E7B2
:10CD9000B074002038B5044608B9204638BDF7F70E
:10CDA000A9FC204600F090FA044628BB204600F07B
:10CDB000B1FA0546AC4208BF00252C460DE02046DE
:10CDC00084B100F0DBFB10B9204600F0A3FA8442E6
:10CDD00014BF04460024A54204D02046FFF7F0FC0F
:10CDE0000028ECD02046FFF721FF002818BF0024C0
:10CDF000FAF74CFA204638BD00F0C0FB0546002883
:10CE0000D8D1D3E730B5044683B0F7F773FC1CB92B
:10CE1000FAF73CFA03B030BD2046F5F75BFF836AB2
:10CE20000190DB0706D501A8F6F726F8FAF72EFAE7
:10CE300003B030BD204600F06DF8019D0549AA6A97
:10CE40000B6842F0010201332046AA620B60FFF733
:10CE5000B7F9E8E7B474002000B970472DE9F04154
:10CE6000044682B017468846F7F744FC2046F5F79B
:10CE700031FF0DF1080EB0F90010B0F90650B0F90D
:10CE80000230B0F904604EF8040D761AEB1A013343
:10CE9000751CC5EB0805FE1A7046F5F7EDFF55EA5F
:10CEA000060304D1FAF7F2F902B0BDE8F081324688
:10CEB00029462046FFF786FDF4E700BF38B5054652
:10CEC000F7F718FC044B1B685C6C5D6400F044F8D9
:10CED000FAF7DCF9204638BDAC03002000B97047F2
:10CEE00010B5044682B0F7F705FC2046F5F7F2FED0
:10CEF000836A01909A0706D501A8F5F7BDFFFAF7F6
:10CF0000C5F902B010BD43F0020383622046FFF76B
:10CF1000B3F9F1E710B5044682B0F7F7EBFB1CB9A3
:10CF2000FAF7B4F902B010BD2046F5F7D3FE836AD4
:10CF300001909A0606D507490A8823F02003013A92
:10CF400083620A8001A8F5F797FFFAF79FF902B00C
:10CF500010BD00BFA87400202DE9F041454F3B688B
:10CF600093F8542086B0002A39D1986CDFF80881F4
:10CF7000F5F7B0FE034603C802AE86E80300684634
:10CF80000093F5F779FFD8F80040002C4ED13C68AB
:10CF9000636C002B65D018685968D8F8002004AD80
:10CFA0002B4603C3CAB11046F5F794FE06ACB0F9A0
:10CFB000022044F8140DB0F900102846F8F7FCFEE2
:10CFC0002046F5F759FF28463146FBF733FA284645
:10CFD000FCF790FD06B0BDE8F081A26CE3E75A6C67
:10CFE000002A42D0244C10685168246804AD2A46B7
:10CFF00003C2CCB12046F5F76DFE06ACB0F90220B5
:10D0000044F8100DB0F900102846F8F7D5FE204678
:10D01000F5F732FF19492846FBF70CFA2846FCF7CA
:10D0200069FD06B0BDE8F0819C6CE3E704AD07E064
:10D03000FBF700FA049B9C6928467CB1F5F71CFFBE
:10D040002046F5F747FE034601469A6A0493930784
:10D050003046EDD42846F5F70FFF98E7F5F70CFFBB
:10D0600095E73046FCF746FDB4E70448FCF742FD7F
:10D07000B0E700BFAC03002008750020C06C0020A2
:10D08000024B1A6802601860704700BF14750020D8
:10D0900070B582B00546F7F72DFB6846F9F782FCBC
:10D0A000044668B101212046F9F75EFC009B03B1FC
:10D0B00050B920466946F9F78DFC0446002CF1D1A1
:10D0C000FAF7E4F802B070BD1846F5F7EFFE4368D2
:10D0D000AB4269462046EED1009EF9F77BFC044640
:10D0E000002EEBD0F7F706FB3046F5F7F3FD019085
:10D0F0000068F9F7D1FB01A8F5F7BEFE3046F5F759
:10D10000A1FBFAF7C3F8002CCCD1D9E708B5F5F7A5
:10D11000CDFE836A034A012143F4004383625160D8
:10D1200008BD00BFAC6C00202DE9F04F85B00D4666
:10D130001446F5F7BBFEC3690293002B00F09E80F6
:10D14000029E21463046A8473046F5F7AFFEC36938
:10D150000393002B00F08A80039E21463046A847A7
:10D160003046F5F7A3FED0F81C80B8F1000F75D05B
:10D1700021464046A8474046F5F798FED0F81C9057
:10D18000B9F1000F62D021464846A8474846F5F756
:10D190008DFED0F81CA0BAF1000F4FD021465046AA
:10D1A000A8475046F5F782FED0F81CB0BBF1000F3F
:10D1B0003CD021465846A8475846F5F777FEC36944
:10D1C00001935BB3019E21463046A8473046F5F7F0
:10D1D0006DFEC669DEB121463046A8473046F5F7F8
:10D1E00065FEC7696FB138462146A84738462246D2
:10D1F0002946FFF799FF3846F5F758FE076A002FD2
:10D20000F1D13046F5F752FE066A002EE3D10198BF
:10D21000F5F74CFE036A0193002BD3D15846F5F77E
:10D2200045FED0F820B0BBF1000FC2D15046F5F753
:10D230003DFED0F820A0BAF1000FAFD14846F5F777
:10D2400035FED0F82090B9F1000F9CD14046F5F79B
:10D250002DFED0F82080B8F1000F89D10398F5F7A2
:10D2600025FE036A0393002B7FF476AF0298F5F74F
:10D270001DFE036A0293002B7FF462AF05B0BDE888
:10D28000F08F00BF80B179B130B583B00C46F5F7AF
:10D2900021FD02AD214645F8040D00F007F82846AF
:10D2A000F5F7EAFD03B030BD704700BF30B400238E
:10D2B0000B804B80058844888288C388521B1B1BC7
:10D2C0008A80CB8030BC7047F0B5104E104D33686B
:10D2D00055F8233083B013B9002003B0F0BD0746E2
:10D2E0001846F5F7F7FC0446019050B1846901A88F
:10D2F000F5F7C2FDA742EFD1336855F8230003B01C
:10D30000F0BD01A8F5F7B8FD2046E6E7B0740020AF
:10D310000075002010B5044608B906E01C462046FA
:10D32000F5F7C4FD036A002BF8D1204610BD00BFFD
:10D330002DE9F043DFF84082D8F8003093F854002C
:10D3400087B030B18B4E336A012B05DD013B336270
:10D35000002007B0BDE8F08306F11407F36997E8F1
:10D36000030002AD013385E80300F36153B9F368AC
:10D370000293B6F90E30B6F912207E4C9A4217DAB3
:10D38000336AE3E7328BB6F91010B6F91630ADF810
:10D390000A30013212B29142ADF80820EBDA738BF9
:10D3A000B289ADF8082001331BB2ADF80A30E2E7CC
:10D3B000D8F80030DFF8C091986CF5F78BFCBDF918
:10D3C0000830B4F90C1000909942024600F0B98080
:10D3D000D8F80020ADF80C30906C10B90DE0A069C1
:10D3E00058B1F5F763FD29460446006A04F09CF93C
:10D3F0000028F4D0BDF90830EAE7009B2946D86937
:10D4000004F092F90028F5D1B6F91030BDF90820E2
:10D41000ADF80C309A4200F38C80D8F80030986C4C
:10D420000DF1100868B3F5F741FD046A81466CB947
:10D4300023E0E1074BD4BDF810300198013BADF873
:10D440000C30046A01A8F5F717FDB4B12046F5F7D2
:10D4500041FC846A0190A307F3D503C888E8030060
:10D4600041462846F8F7BAFD0028E2D10198046A3F
:10D4700001A8F5F701FD002CE8D1D9F81800002823
:10D48000D1D1009BDC690DF1100874B940E0E307CD
:10D490002ED4BDF810300198013BADF80C30046A71
:10D4A00001A8F5F7E9FC002C32D02046F5F712FC74
:10D4B000846A0190A207F2D503C888E803004146B8
:10D4C0002846F8F78BFD0028E1D10198E7E701989D
:10D4D000C469002CB5D020464246294604F06AF9BA
:10D4E0002046F5F7E3FC046A002CF4D10198BEE76E
:10D4F0000198C469002CD2D020464246294604F047
:10D5000059F92046F5F7D2FC046A002CF4D1DCE787
:10D510006846F5F7B1FCF26944F620639A423FF79A
:10D520002FAF95E8030087E80300FFF715FD012002
:10D530000FE795E8030087E803006846F5F79CFCD1
:10D540002DE7D9F800102369886C039350B1F5F7E3
:10D55000ADFC04462946006A04F0DCF9A069002805
:10D56000F5D1009AD069294604F0D4F9BDF9083004
:10D570002EE700BFAC6C0020AC03002038B5054698
:10D58000FEF7DEF910B90024204638BDF5F78EFC11
:10D59000C469002CF7D0A54203D1F4E71C46002B48
:10D5A000F1D02046F5F782FC036A9D42F6D1204671
:10D5B00038BD00BF10B5044600E01C462046F5F714
:10D5C00075FC8369002BF8D1064A11688C4206D09D
:10D5D00053689C420CBF01204FF0FF3010BD18462D
:10D5E00010BD00BFF8740020B0F90430B0F900009D
:10D5F000181A0130704700BFB0F90630B0F90200C8
:10D60000181A0130704700BF2DE9F0435E4C2268C4
:10D6100092F8543089B04BB15C4D2B6A0133012B29
:10D620002B6209DD012009B0BDE8F083FFF794FC0F
:10D63000012009B0BDE8F0830746906CF5F74AFB7E
:10D64000534B01901B784FF0FF32EA61002B61D001
:10D65000083003C804AE86E803001FB139463046DF
:10D66000FAF7E8FE23685B6C002B00F08780494FD7
:10D67000186859683A6806AB03C3019802900DF127
:10D680000808002A60D1B0F90220B0F9001006A8FD
:10D69000F8F792FB304606A9FAF7CCFE4046F5F7BC
:10D6A000EBFBD7F800900DF10C08B9F1000F26D173
:10D6B00023689F6C08E0FAF7BDFE039B9C69404617
:10D6C0008CB3F5F7D9FB27463846F5F703FB03463D
:10D6D00001469A6A039393073046ECD44046F5F727
:10D6E000CBFB2B6A013B2B6200209CE7FAF7A2FEE2
:10D6F000039B9F6940467FB3F5F7BEFBB94648469A
:10D70000F5F7E8FA034601469A6A03939207304612
:10D71000E4D5EBE7836A13F0020627D003C804AE12
:10D7200086E8030099E7F5F7A7FB1B4B1A689742B9
:10D7300002D05B689F42D4D196E80300174B83E880
:10D740000300FFF7F5FD6EE74046F5F795FB3868F7
:10D75000F5F7C0FA029096E7F5F78EFB0E4B1A68C4
:10D760009145A5D05B689945A2D0BAE72B6A01A87C
:10D77000013B2B62F5F780FB304654E701A8F5F733
:10D780007BFB044F8DE700BFAC030020AC6C002096
:10D79000AC74002008750020F8740020B86C0020DC
:10D7A00001B9704770B584B00C460546F5F792FA9A
:10D7B00003460022846120461A620193F5F78AFA33
:10D7C000C4690290002C2CD0019B20469E6AF5F77C
:10D7D00081FA06F008060390002E2BD1836A1A07FF
:10D7E0003DD402A8F5F748FB03A8F5F745FB204612
:10D7F000F5F75CFB046A039024B92EE0046A0390F9
:10D80000002C2AD02046F5F751FB836A1B07F5D57B
:10D81000039A019B15621C6201A8F5F72DFB04B069
:10D8200070BDC56101A8F5F727FB02A8F5F724FB39
:10D8300004B070BD02A8F5F71FFB03A8F5F71CFBA9
:10D840002046F5F733FB026A039032B11046F5F734
:10D850002DFB026A0390002AF8D10562DCE7019AE9
:10D86000029B146201A8DD61F5F706FB02A8F5F73B
:10D8700003FB03A8F5F700FBDAE700BF00B9704728
:10D880002DE9F04F8FB00446F5F724FA836A05902E
:10D890009A0740F13C81406A40B1A04B1B689C4212
:10D8A00004D0F7F7D7F8059B00225A622046FEF70E
:10D8B00009F80390002800F02A81DFF860820398BD
:10D8C000F5F708FA836A06909B0740F11581406AD4
:10D8D00048B1D8F80030039A934204D0F7F7BAF869
:10D8E000069B00225A620398FDF7ECFF0290002885
:10D8F00000F002810298F5F7EDF9836A07909F071F
:10D9000040F1EF80406A48B1D8F80030029A934263
:10D9100004D0F7F79FF8079B00225A620298FDF7A0
:10D92000D1FF8346002800F0DC805846F5F7D2F995
:10D93000836A08909E0740F1C880406A40B1D8F8D9
:10D9400000305B4504D0F7F785F8089B00225A6247
:10D950005846FDF7B7FF8246002800F0B6805046D3
:10D96000F5F7B8F9836A09909D0740F1A280406AF3
:10D9700040B1D8F80030534504D0F7F76BF8099B55
:10D9800000225A625046FDF79DFF0190002800F0EA
:10D9900090800198F5F79EF9836A0A909C077DD5DF
:10D9A000406A48B1D8F80030019A934204D0F7F7A2
:10D9B00051F80A9B00225A620198FDF783FF064640
:10D9C00000286BD03046F5F785F9836A0B909907EC
:10D9D0005BD5406A40B1D8F80030B34204D0F7F7C5
:10D9E00039F80B9B00225A623046FDF76BFF054663
:10D9F00000284AD02846F5F76DF9836A0C909A07FB
:10DA00003AD5406A40B1D8F80030AB4204D0F7F7BD
:10DA100021F80C9B00225A622846FDF753FF4FF075
:10DA20000009044640B32046F5F754F9836A0D9087
:10DA30009B0718D5406A40B1D8F80030A34204D003
:10DA4000F7F708F80D9BC3F824902046FDF73AFF3E
:10DA5000074640B13846FFF711FF3846F5F726FA7A
:10DA6000076A002FF6D10DA8F5F706FA2046F5F75C
:10DA70001DFA046A002CD6D10CA8F5F7FDF928464A
:10DA8000F5F714FA056A002DB4D10BA8F5F7F4F9EF
:10DA90003046F5F70BFA066A002E93D10AA8F5F77F
:10DAA000EBF90198F5F702FA036A0193002B7FF472
:10DAB00070AF09A8F5F7E0F95046F5F7F7F9D0F897
:10DAC00020A0BAF1000F7FF44AAF08A8F5F7D4F907
:10DAD0005846F5F7EBF9D0F820B0BBF1000F7FF412
:10DAE00024AF07A8F5F7C8F90298F5F7DFF9036A3C
:10DAF0000293002B7FF4FEAE06A8F5F7BDF903985C
:10DB0000F5F7D4F9036A0393002B7FF4D8AE05A888
:10DB1000F5F7B2F90FB0BDE8F08F00BF0C7500202B
:10DB20002DE9F041054686B008460C461746F5F744
:10DB3000BDF9836A13F4803F14BF4FF4804620265A
:10DB400014B906B0BDE8F0812046F5F7C3F8D0F867
:10DB50002880009018F0020F41D00246294602A802
:10DB6000FAF786FC00283AD040F6010308EA0303DE
:10DB7000012B44D02046324602A904F0A5FB009BAD
:10DB8000DC6964B3A7422AD02046F5F7A3F8836A7C
:10DB900001909B0729D5024602A904A8FAF768FC60
:10DBA00018B301A8F5F768F9324604A9204604F035
:10DBB0008BFB2046FDF786FE054650B128463246CF
:10DBC00004A9FEF74BFC2846F5F770F9056A002D0D
:10DBD000F4D12046F5F76AF9046A002CD2D16846E0
:10DBE000F5F74AF906B0BDE8F08101A8F5F744F968
:10DBF0002046F5F75BF9046A002CC3D1EFE70099E2
:10DC000033460A6A896902A800F002F8B7E700BF44
:10DC100001B970472DE9F041054686B008460C462B
:10DC20001E461746F5F756F8D0F82880009018F0F1
:10DC3000020F42D00246294602A8FAF719FC002832
:10DC40003BD040F6010308EA0303012B3FD02046F6
:10DC5000324602A904F038FB009BDC696CB3BC427D
:10DC60002BD02046F5F736F8836A01909B072AD51A
:10DC7000024602A904A8FAF7FBFB20B301A8F5F7B6
:10DC8000FBF8324604A9204604F01EFB2046FDF7AF
:10DC900019FE054650B12846324604A9FEF7DEFBC0
:10DCA0002846F5F703F9056A002DF4D12046F5F76B
:10DCB000FDF8046A0CB1A742D3D16846F5F7DCF849
:10DCC00006B0BDE8F08101A8F5F7D6F8EEE70099B7
:10DCD00033460A6A896902A8FFF79AFFBCE700BFCA
:10DCE00001B97047F0B5054687B0084616460C46A0
:10DCF000F4F7F0FF876A0090BA0740D5024629463C
:10DD000002A8FAF7B5FB002839D040F601033B40E2
:10DD1000012B43D02046202202A904F0D5FA009B13
:10DD2000DC6964B3A6422AD02046F4F7D3FF836AA5
:10DD300001909B0728D5024602A904A8FAF798FB90
:10DD400010B301A8F5F798F8202204A9204604F0A2
:10DD5000BBFA2046FDF7B6FD054650B12846202205
:10DD600004A9FEF77BFB2846F5F7A0F8056A002D0D
:10DD7000F4D12046F5F79AF8046A002CD2D168460F
:10DD8000F5F77AF807B0F0BD01A8F5F775F8204669
:10DD9000F5F78CF8046A002CC4D1F0E70099202331
:10DDA0000A6A896902A8FFF733FFB8E758B110B5CE
:10DDB0000C4631B1F5F77AF88069844205D0002825
:10DDC000F8D1002010BD00207047012010BD00BF19
:10DDD000884210D020B110B50C4629B9002010BDE2
:10DDE000002070470028F9D0F5F760F88069844278
:10DDF000F8D1012010BD0120704700BF08B5F5F72C
:10DE000055F8806A80F01000C0F3001008BD00BF14
:10DE10000A4B1B6883B1834210B5044602D109E066
:10DE20009C4207D01846F5F741F84369002BF7D11B
:10DE3000002010BD012010BD00207047A0740020FC
:10DE40002DE9F04389B00646F4F744FF00F10802DB
:10DE5000034692E8030002AC1F69019384E80300C3
:10DE600001A89D6AF5F708F80FB1AB0702D409B015
:10DE7000BDE8F0831E4F2E213046FEF781FE3B7831
:10DE800015F4805503F101033B7019D12046FFF7CB
:10DE9000BBFB18B3DFF85C904FF00F080596CDF888
:10DEA00010800794F4F716FAD9F8003004A95D64DD
:10DEB000304600F0B3F8FFF73BFA0028EED10DE052
:10DEC0000F23049305960794F4F704FA094B1B6893
:10DED00000225A6404A9304600F0A0F83B7830468E
:10DEE000013B2F213B70FEF74BFE09B0BDE8F083EC
:10DEF000AC740020AC03002030B583B00446F4F7C6
:10DF0000E9FE826A019040F601031340012B0ED016
:10DF100001A8F4F7B1FF2046F4F7C8FF816A1B4A55
:10DF20001B4B11F4803F08BF134620469847194BFE
:10DF30001B680BB903B030BD204605F05FF92046E1
:10DF4000F4F7B4FF8569046A002DF3D084B120464C
:10DF5000F4F7ACFF836A03F00303032B11D02046D0
:10DF600005F04CF92046F4F7A1FF046A002CEED12D
:10DF70002846F4F79BFF8569046A002DE6D103B0BB
:10DF800030BD204605F06CF8E9E700BF41DE00082F
:10DF9000554D0008B474002010B40E4C216859B1DE
:10DFA000814212D00B680BB906E01346984206D0A6
:10DFB0001A681946002AF8D15DF8044B704729B158
:10DFC00003680B605DF8044B70470B461B682360C9
:10DFD000F2E700BF1475002070B50446F4F766FF41
:10DFE0000546806900B970BDF4F760FFC3699C42C3
:10DFF00006460CD013B910E0002BF4D01846F4F705
:10E0000055FF036A9C42F7D12B6A036270BD20461C
:10E01000F4F74CFF036AF36170BD70BD70B50D4C31
:10E020002268132A00DD70BD06460D46F4F73EFF58
:10E0300002696E6042B1236828460133236090472D
:10E040002368013B236070BD2846BDE87040FDF7A2
:10E05000D7B800BFB06E002070B50E460546F4F785
:10E0600025FF836ADB0603D40C4C2368132B00DDE9
:10E0700070BD2846F4F71AFF0269756042B1236843
:10E0800030460133236090472368013B236070BD15
:10E090003046BDE87040FDF7B3B800BFB06E002059
:10E0A00030B585B0002301930093029303930C468F
:10E0B0000546F4F7FBFE03691BB18DE830006846A6
:10E0C000984705B030BD00BF00B585B004AB0190E6
:10E0D00043F8101D1946FFF7A1FF05B05DF804FBDA
:10E0E000F0B5CC6887B00D46074694B1F4F7F2FD61
:10E0F00006AAB0F900E0B0F902602168636842F84E
:10E10000140DCEEB01019B1B216010466360F4F7F8
:10E11000B3FE95E80F0002AE4FF00D0E86E80F003B
:10E120003C460497CDF808E02046FEF769FB70B145
:10E130002046FDF705FC04460028F5D0314605953C
:10E14000FFF78AFF2046FEF75BFB0028F0D1294647
:10E150003846FFF781FF07B0F0BD00BF2DE9F04F53
:10E16000D0F81CB08BB0BBF1000F74D007939BB2FA
:10E1700003938BB20493BDF850300292069105933D
:10E1800039E006990AEB0106079902F4A06208EB50
:10E190000104B2F5807F36B224B24CD0B2F5A06F44
:10E1A00050D1029A9F18149A09EB02053FB22DB282
:10E1B000B6EB0A01A7EB030200D122B15846019346
:10E1C000FEF72AFB019BA41BCAEB0808ED1BC3EB5F
:10E1D0000909B4EB0801C9EB050200D112B1584698
:10E1E000FEF7E4FB099BD3F820B009A8F4F744FE3E
:10E1F000BBF1000F2FD05846F4F76CFD826A0990EE
:10E2000002F420718029B0F900A0B0F90230B0F911
:10E210000480B0F906901CD0B1F5207FB1D00498ED
:10E2200002F4A06200EB0A0600EB0804B2F5807F5E
:10E2300036B224B2B2D1059AD71802EB09053FB223
:10E240002DB2B5E7BDF80810CF1849443FB20DB262
:10E25000AEE70398E4E70BB0BDE8F08FC04BDA6897
:10E26000F0B59C6B013A22440D18AA4203D30A5818
:10E27000002A00F0A1808C4205D251F8042C8A1AA1
:10E280001468002C4AD0D3F8B840B54AA04280F0B8
:10E290001E81D2F8B040A04280F01B81D2F8A84085
:10E2A000A04280F01881D2F8A040A04280F01581F1
:10E2B000D2F89840A04280F01281D2F89040A0425B
:10E2C00080F00F81D2F88840A04280F00C81D2F813
:10E2D0008040A04280F00981946FA04280F00781C5
:10E2E000126F904280F005819C6E9D4AA04280F0A2
:10E2F0000281146EA04280F00081946DA04280F0F3
:10E30000FE80146DA04280F0FC80946CA04280F0EE
:10E31000FA80126C904280F0A680F0BD5168D3F86C
:10E32000B8508F4CA942084480F0F980D4F8B0501E
:10E33000A94280F00681D4F8A850A94280F0FF805D
:10E34000D4F8A050A94280F0F880D4F89850A9429F
:10E3500080F0FC80D4F89050A94280F0FF80D4F87F
:10E360008850A94280F0F880D4F88040A14280F023
:10E37000F1809D6F7A4CA94280F0EA80256FA94216
:10E3800080F01381A56EA94280F00D81256EA9420F
:10E3900080F00781A56DA94280F00181256DA94219
:10E3A00080F0FB80A56CA94280F00481246CA1421E
:10E3B00080F08180114666E76A68D3F8B860B2429F
:10E3C000104480F0AE80D3F8B060B24280F0B280EA
:10E3D000D3F8A860B24280F0AA80D3F8A060B2421D
:10E3E00080F0A280D3F89860B24280F0AC80D3F87D
:10E3F0009060B24280F0BF80D3F88860B24280F073
:10E40000B780D3F88060B24280F0AF809F6FBA428D
:10E4100080F0A8801F6FBA4280F0B9809F6EBA4228
:10E4200080F0B2801F6EBA4280F0AB809F6DBA421E
:10E4300080F0A4801F6DBA4280F0AC809F6CBA421D
:10E4400080F0B5801E6CB242FFF415AF4FF0000EA5
:10E450001E68AF68ED68B21A1A6007B17D60002DC2
:10E4600058D02F6007E70022083203EBC2040D18D2
:10E4700064688C6000260E604860096101F108063E
:10E4800045F8040C04B1666000258C60CD60196805
:10E4900093F82950324C03EBC202014456601960D4
:10E4A000002D7FF43AAFE368A268591A91427FF6D3
:10E4B00034AFA160F0BD00271C689568D668611A6A
:10E4C000196005B16E6006B335601146DBE60F22B8
:10E4D000CAE70E22C8E70D22C6E70C22C4E70B22CA
:10E4E000C2E70A22C0E70922BEE70822BCE70722EA
:10E4F000BAE70622B8E70522B6E70422B4E703220A
:10E50000B2E70222B0E70122AEE703EBC7071146EC
:10E510007D64B8E603EBCE0ECEF84470ABE60F2771
:10E52000CAE74FF00F0E93E74FF00C0E90E74FF055
:10E530000D0E8DE74FF00E0E8AE70C27BCE70D2776
:10E54000BAE70E27B8E74FF00B0E81E70B27B3E7CA
:10E550000727B1E70827AFE70927ADE70A27ABE7A9
:10E56000946F00204FF0070E72E74FF0080E6FE730
:10E570004FF0090E6CE74FF00A0E69E74FF0030EFB
:10E5800066E74FF0040E63E74FF0050E60E74FF0CB
:10E59000060E5DE74FF0020E5AE702278CE70327CD
:10E5A0008AE7042788E7052786E7062784E74FF0F0
:10E5B000010E4DE701277FE72DE9F041C04C94F8AB
:10E5C00028300546002B00F0F880206C2368854237
:10E5D00024BFE81C20F0030000F10C06B342B84D44
:10E5E00002D20020BDE8F0816B682A6B934240F2B2
:10E5F0005481656A626B4FEAC508013B02EB080172
:10E6000063604B686362012302F83530002DE8D067
:10E61000AB4FD4F8B8E0764580F02181D7F8B03020
:10E620009E4280F01E81D7F8A8309E4280F01B8168
:10E63000D7F8A0309E4280F01A81D7F898309E42D9
:10E6400080F01381D7F890309E4280F01481D7F883
:10E6500088309E4280F00D81D7F880309E4280F055
:10E660000E81BB6F9E4280F008813B6F9E4280F01E
:10E670000A81A36E9E4280F004813B6E9E4280F030
:10E680000481BB6D9E4280F002813B6D9E4280F012
:10E690000281BB6C9E4280F0FC803B6C9E424FF03E
:10E6A000FF3328BF00230F2B12D8002104EBC10039
:10E6B000436C2BB907E05A6896421DD99B6813B189
:10E6C0009B68002BF7D10131102900F10800EFD130
:10E6D000304604F045FE00289BD0626B6368616A97
:10E6E0009044002601336360C8F8041002F83560D6
:10E6F00030466562BDE8F081216C971B01F10C008A
:10E7000087422CBF30461046964540F2F580D4F83B
:10E71000B0706B4EBA4280F0F180D6F8A870BA4261
:10E7200080F0E880D6F8A070BA4280F0CD80D6F8AC
:10E730009870BA4280F0D880D6F89070974240F234
:10E74000DF80D6F88870974240F2DE80D6F880707D
:10E75000974240F2D780B76F974240F2E580366F1C
:10E76000964240F2DF80A66E554F964240F2D88026
:10E770003E6E964240F2D280BE6DB24280F0CC80B6
:10E780003E6D964240F2C680BE6CB24280F0C080C0
:10E79000914240F2BB80646B1918A04490424FF044
:10E7A0000004C8F804301D6058601B619C6041F88B
:10E7B000040C7EDB2846BDE8F081424B9A6858681D
:10E7C000012184F828100AB982089A605A26266224
:10E7D00010272022402619682764A2642665802716
:10E7E0004FF480724FF40076A7652266A6664FF458
:10E7F00080674FF400624FF48056A1F1140327673D
:10E80000A267C4F880604FF400574FF480424FF481
:10E8100000460344C4F88870C4F89020C4F8986097
:10E820004FF480374FF400324FF48026C4F8A070C4
:10E83000C4F8A820C4F8B060022201264FF40027D3
:10E84000A16363632261E060C4F8B8705E606662D1
:10E850006660FFF703FD02F02DFD2663B5E60F218C
:10E8600024E70E2122E70D2120E70B211EE70C21D2
:10E870001CE709211AE70A2118E7072116E70821F2
:10E8800014E7052112E7062110E704210EE7032112
:10E890000CE701210AE7022108E7013A2A6302F0A6
:10E8A00009FD2B6B01332B6300287FF49AAE6B6854
:10E8B0009FE6101AFFF7D2FC2846BDE8F08100BFA2
:10E8C000946F0020AC6B00200C2126689F68D3F861
:10E8D0000CE0B61A26600FB1C7F804E0BEF1000FD5
:10E8E00004D0CEF8007056E70B21EEE704EBC1012F
:10E8F0004F6450E70D21E8E70F21E6E70E21E4E73A
:10E900000A21E2E70821E0E70921DEE70021DCE750
:10E910000121DAE70221D8E70321D6E70421D4E771
:10E920000521D2E70621D0E70721CEE710F4784F82
:10E9300001D00320704720F07F00002814BF022080
:10E940000120704701207047F0B5134CD4F800E067
:10E95000BEF1000F03D0F446BDE8F0406047064624
:10E96000DFF83CC00D480C4615461F4656F8043BE0
:10E97000C3F307425FFA83FEC3F30721825C10F8FA
:10E980000E301CF8011002EBC32303EB4113013DD1
:10E9900023803C44EAD1F0BDA46B002020DE0308B4
:10E9A00020DD0308F0B5DFF830E00A4F50F8046BC3
:10E9B000C6F30745C6F307247D5D1EF80440F6B292
:10E9C000ED02BE5D05EB44143444013A0C80194459
:10E9D000ECD1F0BD20DE030820DD030810B450F8B0
:10E9E000044B0C60013A1944F9D15DF8044B7047AF
:10E9F0002DE9F8430646FAF733FD0746FAF766FDB8
:10EA000058B1A0F104084346002002E001308742DB
:10EA100005DD53F8042FB242F8D1BDE8F883002495
:10EA200025466FF07F4958F8041F3046F4F7D8FBAD
:10EA3000814588BF2C4605F1010588BF8146AF425C
:10EA4000F1DC2046BDE8F883C0F30743074A10B461
:10EA5000C0F30721064CD35C615C5DF8044BC0B287
:10EA6000DB02105C03EB41131844704720DE0308FF
:10EA700020DD0308704700BF10B4C0F30743C4B2E1
:10EA8000064A0749D35C125D5DF8044BC0F30720CA
:10EA900003EBC223085C03EB4010704720DE030841
:10EAA00020DD030830B58BB000210446242201A8E4
:10EAB000F1F762FC2046F4F70DF90AAB426E43F819
:10EAC000280D95681846F4F7D7F900222B680194B1
:10EAD000029201A898470BB030BD00BF30B58BB093
:10EAE0000546F4F7F7F80AAB846C43F8280D18468E
:10EAF000F4F7C2F9002301950293099301A8A047F6
:10EB00000BB030BD0B682DE9F041804618880D3000
:10EB100080000D461646F3F73DFE00283DD007461F
:10EB2000F4F7D8F8D8F8003004469869F4F7AAFD4D
:10EB3000002832D0C36808219B6A9847022822DC4B
:10EB4000A06101222B6822611B88E36103FB02F3B1
:10EB50006361F4F711F86369A7609842B8BF606118
:10EB600004F134020023012E84F830602260E36057
:10EB700018D0E36903F18043013B02EB8303636038
:10EB80002046BDE8F08104280ADD08280EDD1028A3
:10EB90000EDD2023A3610422D4E70020BDE8F0812C
:10EBA0000420CDE762602046BDE8F0810820C7E779
:10EBB0001023A3610222C5E770B582B002AB214DDC
:10EBC00043F8081D204C019019462B6815469847BC
:10EBD00023680190586918B12946F7F7FFF9A8B1E1
:10EBE0000120F9F771FC2268D3695B69ABB1174C5E
:10EBF000216869B1B2F922509B6801980099984741
:10EC00002846236898470020F9F75EFC02B070BDE3
:10EC10009B68009901989847F5E70D4D009B013BD3
:10EC2000002B01A80093EEDBF8F7ECF92368DB6911
:10EC30001B68064698472B68002BEFD03046984754
:10EC4000ECE700BF64050020AC0300207C700020CE
:10EC5000807000202DE9F04FABB015AC019414ACDE
:10EC6000914606460D4610460DF1460313AA12A919
:10EC70000094F4F759F918B101202BB0BDE8F08FDA
:10EC80000446F5F737FD694B129A1B68196DD86C6D
:10EC9000139B69183018013A0E46013B05460244A1
:10ECA0000A90334416A80B91ADF85850ADF85A604D
:10ECB000ADF85C20ADF85E30FEF7A6FC30B90790E9
:10ECC000F8F7E4FA07982BB0BDE8F08FDFF864B1ED
:10ECD00007942346002B38D1159B0993032B34D876
:10ECE000DFE803F0456D6D02BDF84630102B00F0F3
:10ECF000E783202B40F09780129DDDF84C80009335
:10ED0000AF0018AC00262A464346019702940B999F
:10ED10000A98199618961A961B961C961D9602F03C
:10ED2000A7FED9F80420189BB0451A44C9F804205E
:10ED300040F38C851D981C990144C1EB080608F12D
:10ED4000FF33002E209300F3E985FEF7F1FA002847
:10ED5000B6D015AB019314AB009313AA0DF1460383
:10ED600012A94846F4F7E0F807900346B2E7BDF869
:10ED700046A00AF1FF331F2B55D8DFE813F0090135
:10ED80005400540009015400540054000901540077
:10ED90005400540054005400540054005D005400CA
:10EDA000540054005400540054005400DB0154003B
:10EDB00054005400540054005400540041011B4BB3
:10EDC000149E1B68129ADB6B0D921B680F93002E2A
:10EDD000DDF84C8040F39F851EAB154F089300254E
:10EDE0009A4615E0D9F804301E9A3C680433C9F8F5
:10EDF00004305378117890781B0243EA014318439A
:10EE0000FAF7A2F844F825000135AE4200F01C8262
:10EE1000D9F80040D9F80430D9F808000422514646
:10EE2000A0470428DED0012307938EE7AC0300201F
:10EE300090740020EC6C0020BA4B129D19680A9B5C
:10EE4000B1F908401398D9F80420B1F90A80B1F952
:10EE50000EE0B1F90CC0E41A24EAE4760B9C0996A2
:10EE600023462F01760003441F373244013B7F11B4
:10EE70000D96CEEB030316460028C4EB08024FEABA
:10EE8000870422EAE272C9F8046023EAE373089473
:10EE900040F30F8403EB020ACAEB000ABAF1000F39
:10EEA0007FF753AF00F1FF38002B00F08F8503FB95
:10EEB0000466C3EB08084FF0FF33C9F804600C93F5
:10EEC0000E920A9A099C5719013FCCEB070727EAD3
:10EED000E7773B19ED1A002D7FF737AF134622462F
:10EEE0001A44487C1446FAF71BFC0E9A0646002882
:10EEF00099D00B9B204699182A198B4C01EB0A03D9
:10EF0000013B013A2468A04700288CD1089A0D9B48
:10EF10000895A2EB4707FF1AD21B0D92D9F80430CF
:10EF2000CDF824A01EAA1446D9F80800D9F800503C
:10EF30003A462146A847B8427FF475AFD9F8043065
:10EF4000089D3B44C9F804304FF0000A2046F9F709
:10EF5000B3FBFAF717FCB047734B0AF1010A5B6881
:10EF60009847AA45F2D10895B8F1000F40F05484B3
:10EF7000D9F804300D9A13440C9AC9F8043090441F
:10EF8000099A013A0992CFD1674BDB689847DCE6D2
:10EF9000149F129A099200261EAB139A0893B74247
:10EFA0000C925E601E969E6021961E615E6140F32B
:10EFB000B083DFF87C8118AC16E0D9F80430189AD9
:10EFC000D8F800500433C9F8043053781178907899
:10EFD0001B0243EA01431843F9F7B6FF45F8260040
:10EFE0000136B74200F09583D9F80050D9F80430C3
:10EFF000D9F8080004222146A8470428DDD012E7EA
:10F00000129E494B139FD3F810800A98B300202119
:10F0100018AC00250893019332463B4600910294B8
:10F020000B99199518951A951B951C951D9502F02D
:10F030001FFDD9F80420189BAF421A44C9F80420D8
:10F0400040F320831D991C9B0B44FD1A002D07F1F2
:10F05000FF3720977FF779AE002940F3C084089BE3
:10F060007F1A01FB0323C9F8043020974FF0FF3AC1
:10F070001B9F1A9B3B44F41A002C7FF766AE294B6A
:10F08000199E1B68587C0A9B1F44089B9E1BF5F722
:10F0900093FA00232493254B234A239098452592E5
:10F0A00000F0A1840B9B1C9A26971A44E319013B9C
:10F0B00028935319013B27922993002204211F9280
:10F0C0001EAA57462194D9F80430229108959246F9
:10F0D00012E0D9F804301C44C9F80440C047209A13
:10F0E000D9F804303A442092089A3344013AC9F8D6
:10F0F0000430089200F01D84199CD9F80800D9F852
:10F10000005022465146A84784425046E1D0074B62
:10F1100098457FF488AE259BDB68984701230793C9
:10F1200013E600BFAC03002024040020A50F010853
:10F1300090740020129D139F0A9805EB450A4FEA30
:10F14000CA0A0AF11F0A4FEA6A1A18214FEA8A0A04
:10F1500018AC00262A463B460091CDF804A0029444
:10F160000B99199618961A961B961C961D9602F0E6
:10F170007FFCD9F80420189BB7421A44C9F8042030
:10F1800040F3AD821D991C9B0B44FE1A002E07F123
:10F19000FF3720977FF7D9AD002940F31C8401FB8E
:10F1A0000A237F1AC9F8043020974FF0FF381B9CC0
:10F1B0001A9B2344ED1A002D7FF7C7ADB74B199F5B
:10F1C0001B68587C0A9B1C44F5F7F6F90B9B1C99AD
:10F1D0002390B34825902A1919442046B04C8B1926
:10F1E0004FF0000E013B013ACDF890E02468A047B3
:10F1F00000287FF418AE032222921EAAC7EB0A074A
:10F200002195D9F804301F90924611E0D9F80430C6
:10F210001C44C9F8044001F0C5FED9F80430209A16
:10F220003B444244013EC9F80430209200F06E8312
:10F23000199CD9F80050D9F8080022465146A84731
:10F2400084425046E2D066E70D9A0B9B0A9D954F8B
:10F2500098442B461344013B0E93D9F8043008F12F
:10F26000FF36D9F80040D9F8080008990222A047D3
:10F2700002287FF4D8AD1E99D9F804304A1C023315
:10F28000C9F804301E920C7891F801806CBBB8F17B
:10F29000010F00F0B380C0F0A580B8F1020F63D178
:10F2A0004246D9F80040D9F808000899A04702283A
:10F2B0007FF4B9AD1E9BD9F8042078493C680868F2
:10F2C0000232591CC9F804201E911A785978C36B70
:10F2D000206818602A443346711A28460E4615469F
:10F2E000FAF750F8D9F80430BBE7099B022B2AD172
:10F2F00008F00F024FEA1818424500F0BC814FF0A9
:10F30000000A9300CDF830904FEA8808D1469A461B
:10F31000624B39681A6819F0010FD26B0CBF51F8B3
:10F32000081051F80A10116009EB0500314609F187
:10F330000109F9F7C7FF4C45EAD1DDF830902544C3
:10F34000D9F804308DE7554B39681B6851F82810FF
:10F35000DB6B1960631928465A1E31461D46F9F7C2
:10F3600087FFD9F804307CE7099A022A62D108F1B4
:10F3700001024FEA620A0C92D9F808000899D9F8FC
:10F3800000405246A04782457FF44DADD9F8043085
:10F3900038681E99CDF80CA0012453440422C9F802
:10F3A0000430059004910292234642462846019477
:10F3B00000943146F9F7D6FD0C9A93074544D0D511
:10F3C0002246D9F80430D9F80040D9F80800089945
:10F3D000A04701287FF427ADD9F804300133C9F8DC
:10F3E00004303EE70E9BAB425EDC0B9B013EB3421A
:10F3F0003FF719ADD9F804300A9D32E70D9B0A9A00
:10F4000013445C1EA5423BDB0B98B0420CDA234A46
:10F41000244B11681A68CB6B12681A600146731E80
:10F4200022460A98F9F7AEFF1C4B0F9A1B68DB6B5C
:10F430001A608AE4D9F80040D9F8080008994246D1
:10F44000A04780457FF4EFACD9F8043039681E9AA4
:10F45000CDF80C80012443440820C9F804300591FC
:10F460000492029001942846009423464246314675
:10F47000F9F778FD18F0010F45443FF472AF9FE7AC
:10F48000064A084B11681A68CB6B12681A60284646
:10F4900022463146F9F7ECFEB6E700BFAC03002088
:10F4A0002404002090740020C24B3A681B68126844
:10F4B000DB6B28461A6031460E9AF9F7D9FE94E7BD
:10F4C000BC4B0B9E1968D9F80430B1F90840089379
:10F4D0000A9BDDF84CE01298B1F90A70B1F90EC040
:10F4E000B1F90C80E41A3346734403F1FF3A24EA7D
:10F4F000E4740201089B65001F322B4452110D95E4
:10F50000BF1B1D469200CCEB0A03BEF1000F27EA99
:10F51000E777C9F8045023EAE3730E9240F3818140
:10F52000FA18C2EB0E02002A0C927FF70EAC0EF115
:10F53000FF320992002B00F042820E9E03FB06551B
:10F54000D31A09934FF0FF33C9F804500F930A9B65
:10F550001D18013DC8EB050525EAE57505EB040A14
:10F56000CAEB000ABAF1000F7FF7EFAB487C1C44EE
:10F57000FAF7D6F8804600283FF455AC0B9BD91912
:10F580000C9B0AEB040220468B4CCB18013B013A42
:10F590002468A04700287FF446AC0E9B0D9AA3EB8D
:10F5A0004505AA1A0D92D9F804301EAA17460D9DDA
:10F5B000D9F80040D9F808002A463946A047A842A1
:10F5C0007FF431ACD9F804302B44C9F8043000265C
:10F5D00001253846F9F770F8DBF80420DBF808302D
:10F5E0000892DBF82010DBF81420DBF81040034011
:10F5F000D34005FA01F1089AC3EB03230139B3FBA9
:10F60000F1F1DBF81C30024022FA04F405FA03F2AF
:10F61000DBF800300340501EDBF80C20D340DBF851
:10F6200018200904C4EB042405FA02F2B4FBF0F03C
:10F6300041EA0020013AC3EB0323B3FBF2F3184382
:10F64000C0475D4B01365B6898475645C1D1099B61
:10F65000002B5AD10D990E9AD9F80430521A13443E
:10F660000F99099AC9F804300A4409920C9A013A90
:10F670000C929CD188E44F4B39681B6851F82210DA
:10F68000DB6B66E63FF461AB1C991D9B20957F42C6
:10F690000B44FD1A002D7FF758AB002940F38781FA
:10F6A000089B209101FB0323C9F804304FF0010AA5
:10F6B000DEE43FF44AAB40421344C3EB000ABAF124
:10F6C000000F7FF742AB002A00F06C8102FB04665A
:10F6D0000123C9F8046090460C93FFF7F1BB3FF497
:10F6E00034AB1C991D9B20967F420B44FE1A002EC2
:10F6F0007FF72BAB002940F352810AFB0123C9F8A5
:10F70000043020914FF0010851E52B4B9B6898473E
:10F71000A0E7BAF1040F00F03B81BAF1080F00F046
:10F720003181BAF1010F00F02681099A00240C9D65
:10F73000089B029301942B46CDF800A00B990A98E0
:10F7400002F096F9D9F804201E9B002D1344C9F845
:10F75000043040F3FA802399229A0A44C2EB050848
:10F76000B8F1000F7FF7F1AA0C9A002902F1FF37D8
:10F7700040F34A8101FB04334FF0FF32C9F80430F3
:10F780007F1A08922199209A09980A44821A002A1D
:10F790007FF7DBAA0A981F9DCDF838A04118099180
:10F7A0000B990F44611B18AC0D91012692460C94E5
:10F7B000214620E0AC03002024040020D9F804E016
:10F7C000934CAE4424680E9D0396029501960096D4
:10F7D000C9F804E00594189C0494F9F7C3FBD9F820
:10F7E00004300D9AB8F101081344C9F804303FF40D
:10F7F000ACAA1F9D0C99D9F80040D9F808002A46F8
:10F80000A047089CA84239464FF001035246099888
:10F810002744D3D0FFF707BB7E4B9B689847FFF781
:10F82000A7BB3FF492AACEF1000E3B44C3EB0E03FC
:10F83000002B0C937FF789AA002F7FD002FB07557E
:10F840000123C9F8045009970F9380E63FF47DAA7D
:10F850001C9B1D992096C8F100081944C1EB0806AD
:10F86000002E7FF772AA002B6CDD03FB0722C9F87C
:10F87000042020934FF001081B9C1A9B2344ED1A8F
:10F88000002D7FF762AA644BDDF864A01B68587CEA
:10F890000A9B1C44F4F790FE0B9B1C9923905F4835
:10F8A00024905C4825902A1919442046594C731815
:10F8B000013B013A2468A04700287FF4B4AA04223F
:10F8C0002292D9F8043021951EAACAEB07071F908F
:10F8D0009246199CD9F80050D9F8080022465146A2
:10F8E000A847844250467FF416ACD9F804301C4433
:10F8F000C9F8044001F056FBD9F80430209A3B4483
:10F900004244013EC9F804302092E2D1259BDB68D5
:10F910009847FFF71ABA1EAB089396E4002852DD09
:10F9200000FB07221B1AC9F8042020934FF0FF3870
:10F93000A2E73B4B98457FF408AAE7E70123099724
:10F940000F9304E64FF0010896E73FF4FEA9229FCB
:10F95000239A0C993A444942C2EB0108B8F1000FCE
:10F960007FF7F3A9002F26DD04FB07330122C9F836
:10F970000430089206E7099B03F11F046411A400F8
:10F980001A46D4E6099BDC1C24F003041A46CEE692
:10F99000099B9C001F346411A4001A46C7E64FF06F
:10F9A000010804E4012390460C93FFF789BA4FF055
:10F9B000010AFFF75DBB012208920027E2E64FF043
:10F9C000FF330F93C3E54FF0FF3855E74FF0FF3398
:10F9D0000C93FFF775BA4FF0FF38FFF7E8BB4FF015
:10F9E000FF3AFFF745BB13681C990B9A0893114423
:10F9F0004B19E2193846013B013A089FB8470028E5
:10FA00003FF45BABFFF70FBA4FF0FF320892B9E655
:10FA10009074002024040020AC030020F120010891
:10FA2000A50F0108F0B587B00C9D0D9C0E9F0F9E91
:10FA300000950194044D054C029703960595049496
:10FA4000F8F7C8F807B0F0BDE0DC03084D970008F0
:10FA50002DE9F04FA74C246895B08346206E0A929A
:10FA60001F9DDDF88CA009930C46F3F733F942692A
:10FA70001190002A40F0AE800346DB68069311A87F
:10FA80001292F3F7F9F9229B1298E3180893994B15
:10FA90001B6820B11A7C974C910700F0CF80186E3C
:10FAA000F3F718F904460A99B4F90620E368B4F9A3
:10FAB00004908A1A03FB02F3089A14A8C9EB0209FE
:10FAC000183303EB4903E31840F8044D0293F3F7AE
:10FAD000D3F9102D00F08480172D41DD1E9B002BE3
:10FAE00040F3B984DDF82890129E4B440393219B88
:10FAF000A3F1040A1AF1040F20D0029FF7B1002EDF
:10FB00005AD0B268099D546808992B464A46304637
:10FB1000A047089CD046DBF8103058F8040F1B684B
:10FB20009847B36827F8020B21461B684A463046BF
:10FB30009847013D04F10104EDD1129E029B069A03
:10FB400013440293209B9A44039B09F101099945B0
:10FB5000D0D116B112A8F3F78FF915B0BDE8F08F28
:10FB6000082D74D0644BBAF1000F08BF9A461E9B53
:10FB7000002B40F32B811C46229B0698029A209E64
:10FB800021999B000393229B5B0007930023022D86
:10FB900000F02381042D00F0F881012D00F037835F
:10FBA00001339C4231440244F1DCDDF848B0DE46CA
:10FBB000BEF1000FCED1D0E7099C3D465646DBF89A
:10FBC000103056F8040F1B689847013C25F8020BCB
:10FBD000F5D1B2E71046F3F77DF8119B02464CE7EA
:10FBE000129F002F00F029841E9B002BB2DD099B81
:10FBF000424EDDF878A0DDF880B05D000024A0461C
:10FC0000A946219C029D21464A46284664B15DB121
:10FC1000336898473FB1BB680A9A0899384642440E
:10FC20005F68099BB847129F069B08F10108C2450F
:10FC30005C441D44E7DC002F8CD18EE71E9B0093B3
:10FC40000A9A099B0899F7F705FA236827E71E9B8C
:10FC5000002B40F30984DDF82890DDF848B0099ABC
:10FC60004B440493219B013B0393029B584603EBB7
:10FC700042065746039B591C1E4B1B681B7C002FDA
:10FC800049D013F003033BD0022B1FD1BBF1000F6F
:10FC900064D0DDF80CA0DDF80880099D089C1AF8F6
:10FCA000013F21464A460134584643B1DBF808E09B
:10FCB00057F82330A8F80030DEF800309847013DAF
:10FCC00008F10208EBD1DDF848B05846029B069ACD
:10FCD00019461144039B029120990B440393049B02
:10FCE00009F101094B451644C4D100287FF432AF15
:10FCF00033E700BFAC030020A0DC03085804002059
:10FD0000039A029B12F8011F57F8211023F8021BD7
:10FD1000B342F7D1DAE713F0030300F06A83022B52
:10FD2000D4D1BBF1000F00F07E83DDF80CA0DDF82C
:10FD30000880099D089C1AF8013F21464A46013473
:10FD4000584633B1DBF808E0A8F80030DEF80030A0
:10FD50009847013D08F10208EDD1B4E70399029BF1
:10FD600011F8012F12B157F822201A8002339E4257
:10FD7000F6D1AAE7039B4A4614F0010F4FEA540458
:10FD800003D019888AEA01011980013A03F10203BC
:10FD9000F2D1039B03EB49030393BBF1000F40F047
:10FDA000C682DDF88CA00B9B069A01331C460B9390
:10FDB000029B13440293209A0C9B11A813440C93AA
:10FDC000F3F75AF81E9A9442C0F22D82DDF848E00B
:10FDD000BEF1000F7FF4BEAEBFE60B93229BDDF8B1
:10FDE00048B00292C3F10403DBB20C935B4621914D
:10FDF000D3469A46D6465746A44B219A1B68147898
:10FE00001B7C079A03F003039440012BE4B200F03B
:10FE10009D807BD3022B66D1099B0393219B059385
:10FE2000089B04930B9A0A9BDDF83090029D03EB2C
:10FE3000020A039A039B9145C8BF5FFA82F9C9EB96
:10FE4000030309F1FF3903935FFA89F947B309F115
:10FE50000108049E05EB480814F0C00F31464FEA34
:10FE6000941306F101065246384607D0D7F808E049
:10FE70005BF823302B80DEF8003098470235A40071
:10FE80004545E4B2E8D1049B01334B440493039B02
:10FE9000C3B1059B13F8014F05934FF00409C8E760
:10FEA00009F1010105EB4101A20914F0C00F4FEA6D
:10FEB0008403DCB21CBF5BF822302B800235A942E0
:10FEC000F2D1E0E7129FBE46219A20990B9B0A448B
:10FED00021920699029A0A4402921E9A01339A428A
:10FEE0000B9389DC64E6219A20990B9B0A442192AA
:10FEF0000699029A0A4402921E9A01339A42BA461D
:10FF00000B933FF777AFD346DE4651E60C9B029E3C
:10FF1000099DDDF884C0AB42C8BFEBB2581EC0B229
:10FF2000ED1A06EB4001B31EA209A4005BF82220E3
:10FF300023F8022F8B42E4B2F6D1013006EB4006E3
:10FF4000002DC1D01CF8014F0423E4E70C9A029B5A
:10FF50000998219D8242C8BFC2B2511EC9B2013167
:10FF6000801A03EB4101A20014F0C00FD4B203D0F9
:10FF70001A8882F0FF021A8002338B42F3D10028E4
:10FF8000A2D015F8014F0422E4E721912299DDF86F
:10FF900048B00B93C1F10203D9B2DDF88490079108
:10FFA00013465A46D346924602330293D646374BFF
:10FFB00003991B6899F800201B7C8A4003F0030317
:10FFC0000299012BD4B2A1F1020800F0D280C0F056
:10FFD0009D80022B40F08C800A990B9B0B441946A4
:10FFE0000593229B002B00F0E88012F0F00F40F008
:10FFF0000982089BDDF8088099F80140591C099B8B
:020000040801F1
:1000000009F101065F1E012F51DDBB1E0493BAF1F9
:10001000000F00F0D6805B088A1C0C935B000D93E8
:10002000D31808F10407CDF83C80CDF884900E92E7
:100030000D46DDF8148099461DE0DAF808E05BF81B
:10004000233027F8043CDEF80030984714F00F0402
:100050000AD05BF8243027F8023CDAF80830424630
:100060001B68691C504698470235A94507F10407EB
:1000700016F8014F0CD014F0F00F4FEA1413294674
:1000800042465046D9D1002CEED0E2E7AC03002026
:100090000C9A0E980D99DDF83C80DDF8849013469B
:1000A000014404980133A0EB420708EB830877B1C1
:1000B00024090CD05BF82430A8F80030BAF1000F06
:1000C00005D0DAF80830059A1B6850469847DDF8E5
:1000D00048A0D646209A06990B9B9144029A0A445E
:1000E00002921E9A01339A420B933FF760AF5FE58D
:1000F0000B9B1E9901331A460B93209B9944069B38
:10010000914243443FF750AFD346FDE6229B002B7C
:1001100050D02409099B5D1E5BF82430A8F80030FC
:1001200099F80140DDF8088009F10102012D18DD80
:100130006E10901905F0010508F10403210904F07F
:100140000F045BF821705BF8241023F8021C23F8DD
:10015000047C12F8014F824203F10403EED108EB54
:100160008608002DB6D024095BF82430A8F80030AA
:10017000B0E7079B099948468B42C8BFCBB25A1ECD
:10018000D2B20132C91A08EB4202230114F0C00FA7
:10019000DCB205D0B8F8003083F0FF03A8F80030D7
:1001A00008F102089045F0D1002993D010F8014FD2
:1001B0000223E1E7099D4A46B8E7099F08994E46A0
:1001C00021E75F0807F1010E06EB0E0008F10403BA
:1001D00014F0F00F4FEA141203D05BF8222023F83A
:1001E000042C14F00F0403D05BF8242023F8022C15
:1001F00016F8014FB04203F10403E9D1049B023128
:1002000001EB470108EB8E08A3EB47074FE70B9381
:100210000B4601330C93229B0292C3F108032191F8
:100220000D93CDF838B0934B934C1B68186EF2F7D2
:1002300051FD0C998F4B11F8012C1B68A45C229A7C
:100240001B7C1190144101F1FF3B0B9A0A99DDF8D8
:10025000488003F003030A44022B049271D0032B5D
:100260001FD0012B1DD00D98029E099DA84228BFCA
:1002700028462D1A0246314604F00103013A5AF885
:10028000233021F8023B4FEA5404F5D106EB400637
:10029000002D3FF488AD1BF8013F774A0820D45C5D
:1002A000E4E70E9B1B699B6898470C9B029A059399
:1002B000039283B2089ADDF83490DDF824B0CDF8CB
:1002C0008CA007929A46D94528BFD946C9EB0B0B9B
:1002D000B8F1000F3FF44EAD4D46039E079F05E079
:1002E000013D06F1020607F1010715D014F0010FD8
:1002F0004FEA5404F4D0D8F80830049A1B68394601
:10030000404698473388013D8AEA0303338007F16A
:10031000010706F10206E9D1039B03EB49030393AE
:10032000079B4B440793BBF1000F3FF43AAD059B8D
:10033000514A1B78D45C059B013305934FF00809A3
:10034000C1E70D9DDDF82490BAF80430CDF80CB06B
:100350004D4528BF4D46CDF88CA0029E089FDDF884
:1003600010B09A46C5EB0909B8F1000F2DD044B979
:1003700038E0013D07F1010706F1020612D06408DA
:1003800030D0E207F5D5D8F8083039465A461B6810
:1003900040469847013DA6F800A007F1010706F185
:1003A0000206ECD1B9F1000F3FF4FBAC039A08252B
:1003B00012F8013F03924D452F4A28BF4D46D45CA9
:1003C000C5EB0909B8F1000FD1D114B90EE06408EA
:1003D0000CD0E30748BFA6F800A0013D06F10206D5
:1003E000F5D1DFE706EB45062F44DBE706EB4506D4
:1003F000D8E7224B099A1B6802989847DDF848B065
:10040000584663E424095BF82430A8F80030BAF1B8
:10041000000F3FF4EEADDAF808300A461B68089981
:1004200050469847E5E50399029B11F8012F02B168
:100430001A800233B342F8D147E4114B1C686CB107
:10044000209B0193069B0093099A1E9B2199029879
:10045000A047FFF782BB129EFFF77BBB1E9B002BC2
:100460007FF77BABFFF7C3BB129800287FF472AB1A
:10047000FFF773BBAC0300209CE003085804002086
:10048000A86C00202DE9F04FAB4C246893B0266E89
:100490001D9DDDF884A016B913B0BDE8F08F0746A6
:1004A0003046089203930C46F2F714FC42690F9011
:1004B000002A40F0D9800346DB6804930FA810920D
:1004C000F2F7DAFC209B1098E31805939A4B1B680F
:1004D00020B11A7C984C960740F1A380186EF2F771
:1004E000F9FB04460899B4F90620E3688A1A03FB6D
:1004F00002F30599B4F9042012A88A1A183303EB01
:100500008203E31840F8044D0293F2F7B5FC172D6F
:1005100058DD1C9B002B4BDD1A46089BDFF8209210
:10052000DFF8208207971A440692039A92000892F5
:100530001F46109828B1836805995C68039B3A466A
:10054000A047079B1B69D868002840F086805B683D
:100550009847DDF808A0039C1F9E050E33464FF018
:10056000000E53F8042BB5EB126F63D0BEF1000FF1
:1005700064D13068020EFF2A08D0D243D2B2D8F834
:100580000030DAF800109847CAF80000013C0AF180
:10059000040A0436002CE1D11F9B1E9A13441F93BA
:1005A000049A029B13440293069B01379F42C0D1D9
:1005B000109B002B3FF470AF10A8F2F75DFC13B056
:1005C000BDE8F08F102D55D0082D00F0BD805B4B9D
:1005D000BAF1000F08BF9A461C9B002B40F3A58080
:1005E000209B029A1F999B000A93209B5B000C930F
:1005F0000023022D00F07B82042D00F02B81012DC1
:1006000000F058831E980144049802441C9801335A
:100610009842EEDCDDF840B0DE46BEF1000FCBD1F3
:100620003AE71C9B0093089A039B0599F6F712FD85
:10063000236853E70EF1010EA64592D14FEA8E0BC7
:10064000314650465A46D9F80030CEEB04045E4499
:100650009847DA44002C81D19EE7D9F80030089AF7
:100660001F990298984797E71046F2F733FB0F9BC4
:10067000024621E71C9B002B9ADDDDF820A0109E8E
:10068000534406931F9BA3F1020B5EB3B268039D14
:10069000546805992B4652463046A047DDF808803D
:1006A000059CD9463B6939F8020F5B689847B368E7
:1006B00048F8040B21461B68524630469847013DD6
:1006C00004F10104EED1029B049A134402931E9B91
:1006D0009B44069B0AF1010A9A453FF469AF109EBC
:1006E000002ED3D1029D039C5E463B6936F8020F73
:1006F0005B689847013C45F8040BF6D1E3E7DDF869
:1007000084A0069B1E9A01331C4606931F9B13442C
:100710001F93049A029B0FA813440293F2F7ACFBB9
:100720001C9B1A46A24200F3CE82DDF840E0BEF1E7
:10073000000F7FF441AFAFE6AC03002054EB030899
:1007400058040020680500201C9B002B40F3808388
:10075000DDF82090DDF840B0039A4B4406931F9BD0
:1007600058469C185D46B94B1B681B7CBAF1000FBC
:1007700041D013F0030333D0022B1ED11F9B002D59
:100780005CD0DDF80880039F059E03F1FF3B1BF85A
:10079000013F31464A460136284643B1D5F808E0C4
:1007A0005AF82330C8F80030DEF800309847013F8F
:1007B00008F10408EBD1109D28461F9B1E9A134494
:1007C0001F93049A029B134402931E9B1C44069B96
:1007D00009F101094B45C6D100287FF4EDAE5BE677
:1007E0001F9B029A13F8011B5AF8211042F8041BB0
:1007F0009C42F7D1E1E713F0030300F05282022B91
:10080000DBD1002D00F019831F9B029FDDF80CB097
:10081000059E03F1FF3818F8013F31464A4601367C
:1008200028462BB1D5F808E03B60DEF80030984749
:10083000BBF1010B07F10407EDD1BCE7029A13F8F5
:10084000011B11B15AF821101160A34202F10402F8
:10085000F5D1B1E71F912099DDF840B00693C1F1C1
:100860000203D9B2D846DDF87CB00B9113460433AD
:100870000793C6464546754B0A991A689BF800309F
:10088000127C8B4002F003020799012ADCB2A1F12D
:10089000040900F0B98073D3022A61D10899069A3D
:1008A0000A4420990992002900F0F28013F0F00F19
:1008B0000AD024095AF82430C9F8003025B1AB68B1
:1008C00005991B6828469847059BDDF81C909BF806
:1008D000014001330293039B0BF101075E1E012EC1
:1008E00040F3C580002D00F0DB80029BCDF83090F6
:1008F000324609F108080D9691461E4621E0D5F8CA
:1009000008E05AF8233048F8083CDEF800309847F1
:1009100014F00F0409D05AF82430099A48F8043C1E
:10092000AB68711C1B6828469847A9F10209B9F108
:10093000010F06F1020608F1080817F8014F40F30D
:10094000878014F0F00F4FEA14133146099A2846B5
:10095000D5D1002CE9D05AF8243048F8043CDFE720
:10096000069B1C9901331A4606931E9B9B44049BCD
:100970008A42A8464B44FFF67AAFAB46DE464CE6C9
:10098000209B002B00F089802409039B591E5AF8F4
:100990002430C9F800309BF80140DDF81C900BF1C1
:1009A0000102012918DD4F10D61901F0010109F1EA
:1009B0000803200904F00F045AF8200043F8080C3B
:1009C0005AF8240043F8040C12F8014FB24203F124
:1009D0000803EED109EBC70921B124095AF82430E4
:1009E000C9F800301E9A0499069B9344079A0A445A
:1009F00007921C9A01339A4206933FF73CAFBEF12F
:100A0000000F7FF4D9AD47E50B9B039958468B4205
:100A1000C8BFCBB25A1ED2B20132C91A09EB820248
:100A2000230114F0C00FDCB205D0D9F8003083F0F8
:100A3000FF03C9F8003009F104099145F0D10029FC
:100A4000D0D010F8014F0223E1E700BFAC03002033
:100A50000D9E0299DDF83090023E730802315A1C57
:100A600001EB43010291A6EB430609EBC20966B113
:100A700024090AD05AF82430C9F800302DB1AB68E7
:100A8000099A02991B6828469847109DAE46A9E727
:100A9000059B039E02935F4621E703995A4680E730
:100AA000023E7208511C781809F10803944614F0AC
:100AB000F00F4FEA141E03D05AF82E2043F8082CEA
:100AC00014F00F0403D05AF8244043F8044C17F8EC
:100AD000014FB84203F10803E9D1029B023303EB53
:100AE0004C03029309EBC109A6EB4C06BFE7069342
:100AF000209BDDF840B00292C3F10403DBB21F91EA
:100B00000B93D046DE465F46AB4B1F9A1B681478AA
:100B10001B7C0C9A03F003039440012BE4B200F019
:100B20008F8058D3022B40F0AA801F9A0992059A11
:100B300007920699089A0B9B029DDDF80CA002EB28
:100B4000010B5345C8BF5FFA8AF3C3EB0A0A013BA6
:100B50005FB3DBB203F10109079E0A9305EB890934
:100B600014F0C00F31464FEA941306F101065A46BD
:100B7000384607D0D7F808E058F823302B60DEF865
:100B8000003098470435A4004D45E4B2E8D1079BF6
:100B90000A9A01331A440792BAF1000F3AD0099B1E
:100BA00013F8014F09930423CBE7DAB2501C05EB8D
:100BB0008000A10914F0C00F4FEA8403DCB21CBF0F
:100BC00058F821302B600435A842F2D1079B01333D
:100BD000D3180793E0E70B9B029E039DDDF87CC0D2
:100BE000AB42C8BFEBB2581EC0B2ED1A06EB800193
:100BF000331FA209A40058F8222043F8042F8B4287
:100C0000E4B2F6D1013006EB80062DB11CF8014F9D
:100C10000423E5E7109FBE461F9A1E99069B0A44CF
:100C20001F920499029A0A4402921C9A01339A4232
:100C300006933FF769AFBEF1000F7FF4BDAC2BE424
:100C40000B9A029B03981F9D8242C8BFC2B2511EDD
:100C5000C9B20131801A03EB8101A20014F0C00F68
:100C6000D4B203D01A6882F0FF021A6004338B42B8
:100C7000F3D10028D0D015F8014F0422E4E71F9AE1
:100C80001E99069B0A441F920499029A0A440292F2
:100C90001C9A01339A42BB4606933FF733AFDE46B8
:100CA000BBE4464B039A1B681F9902989847109D16
:100CB000284682E50693209BDFF804B10292C3F137
:100CC00008031F910A933C4B1B68186EF2F702F859
:100CD000394B1F9A1B6812781B7C1BF80240209A24
:100CE0000F9003F00303022B44FA02F448D0032BC5
:100CF00020D0012B1ED00A98029E039D1F9FA84260
:100D000028BF28462D1A0246314604F00103013A55
:100D10005AF8233041F8043B4FEA5404F5D106EB6E
:100D20008006002D3FF4EDAC17F8013F08201BF8BA
:100D30000340E4E703681B699B6898470A9D029F8C
:100D4000039EDDF87CE0B54228BF3546761B2A4677
:100D50003B4614F0010F4FEA540402D01968414099
:100D60001960013A03F10403F3D107EB8507002E64
:100D70003FF4C7AC1EF8013F08251BF80340E2E72B
:100D80001F9A09920899069ADAF80430DDF8408033
:100D90000A9D029EDDF80C90059FCDF884A00A44C0
:100DA00007929A464D4528BF4D46C5EB0909B8F153
:100DB000000F30D074B92AE0AC03002058040020A2
:100DC0009CE00308013D07F1010706F1040612D07B
:100DD00064081CD0E107F5D5D8F80830079A1B68DD
:100DE000394640469847013DC6F800A007F1010783
:100DF00006F10406ECD1B9F1000F3FF480AC099A7A
:100E000012F8013F099208251BF80340CAE706EBD8
:100E100085062F44EFE7534614B90BE0640808D069
:100E2000E20748BF3360013D06F10406F6D19A4659
:100E3000E1E79A4606EB8506DDE71F9A029B12F86A
:100E4000011B01B11960A24203F10403F7D1B3E41D
:100E5000109800287FF4B0ABFFF71EBB2DE9F043DC
:100E600083B016469846F1F735FF02AC456844F862
:100E7000040DB0F90870B0F90A902046F1F7FCFFB4
:100E800009EB0802B9192846F2F794FD03B0BDE852
:100E9000F08300BFF0B587B00C9D0D9C0E9F0F9E98
:100EA00000950194044D054C029703960595049412
:100EB000F6F790FE07B0F0BDB8A80308A9970008A0
:100EC00000B5A1B001A8FAF74FFC03A8F5F722FC82
:100ED000094B1868F8F736FEBDF90A30BDF908204D
:100EE000BDF90610BDF90400F3F790F903A8F5F772
:100EF00093F821B05DF804FB706F002010B59EB030
:100F0000044601A8F5F706FC094B1868F8F71AFE25
:100F1000B4F90630B4F90420B4F90210B4F90000B1
:100F2000F3F774F901A8F5F777F81EB010BD00BF0C
:100F3000706F002000B583B0009200F073FA03B028
:100F40005DF804FB00B583B0009200F021FB03B014
:100F50005DF804FB70B582B00D461646F1F7BAFE97
:100F600002AB846B43F8040D1846F1F785FF324657
:100F700029462046F1F7A4FF02B070BD70B582B0DB
:100F80000D461646F1F7A6FE02AB846B43F8040D3E
:100F90001846F1F771FF324629462046F2F70AFD5E
:100FA00002B070BD30B58369C26883B004460BB32C
:100FB00000239A42436014DD2268216901A801FBE5
:100FC00003230193F7F77EFBA3699847636998476A
:100FD000E3695B6898476368E26801339A4263603B
:100FE000EADCA3680BB903B030BDE3699B6898479E
:100FF00003B030BD002A4360F3DD226920686169D7
:1010000002FB03F2851801956B78825CA8781B02BD
:1010100043EA024318438847E3695B68984763687B
:10102000E26801339A426360E7DCDAE700B5A1B019
:1010300001A8FAF799FB03A8F5F76CFB094B1868B0
:10104000F8F780FDBDF90A30BDF90820BDF906109A
:10105000BDF90400F3F7DAF803A8F4F7DDFF21B0D7
:101060005DF804FB706F002010B59EB0044601A827
:10107000F5F750FB094B1868F8F764FDB4F9063032
:10108000B4F90420B4F90210B4F90000F3F7BEF883
:1010900001A8F4F7C1FF1EB010BD00BF706F0020A3
:1010A0002DE9F043364F3C6885B08146206E884676
:1010B00015461E46F1F70EFE0190406900283DD10D
:1010C0003B680290186EF1F705FE024604A8B2F9DB
:1010D0000640D36840F8042D2C1B03FB04F3B2F93F
:1010E00004401833C4EB080403EB4403D418F1F7AD
:1010F000C3FE3B681A7CD20723D4DA6B0298019BAB
:101100001268DF68002833D01FFA82F900E00298E5
:1011100083682A461B68414601359847AE42A4F8C9
:1011200000903C44F3DA01A8F1F7A6FE029B13B14C
:1011300002A8F1F7A1FE05B0BDE8F083F1F7CAFD02
:10114000BEE7D9F810309B68984787B2029B2A46C1
:1011500041460135184613B19B681B689847019AB0
:101160002388D2687B40B54223801444EEDDDAE761
:10117000731B013392B2013B22803C44FBD1D2E786
:10118000AC0300202DE9F043354F386885B0006E80
:10119000894615461E46F1F79DFD019040690028DD
:1011A0003BD13B680290186EF1F794FD024604A80B
:1011B000B2F90640D36840F8042D2C1B03FB04F35E
:1011C000B2F904401833C4EB090403EB8403D418C8
:1011D000F1F752FE3B6801991A7CD20720D4DB6BF1
:1011E0000298D3F80080CF6808B930E0029883688D
:1011F0002A461B68494601359847AE42C4F800802C
:101200003C44F3DA01A8F1F737FE029B13B102A8C0
:10121000F1F732FE05B0BDE8F083F1F75BFDC0E702
:101220000B681B699B6898470746029B2A464946FC
:101230000135184613B19B681B689847019A2368CB
:10124000D2687B40B54223601444EEDDDAE7731BBD
:101250000133013BC4F800803C44FAD1D2E700BF1F
:10126000AC03002011F4784F0FD00A0BC1F38513A3
:1012700001F03F0162F01F0263F07F0361F07F0124
:101280000270437081700320704721F07F0353B1D7
:101290008B0901F03F0163F03F0361F07F010370B0
:1012A00041700220704701700120704701700120D9
:1012B000704700BF2DE9F041324CE36A73B9324BFD
:1012C0009D685B680835B3FBF5F50235E800FDF76E
:1012D00073F9074660B90120BDE8F08123691D1D3F
:1012E00005EBD305E800FDF767F907460028F2D0C3
:1012F000616B2269254BD4F82C801B6801EBC00080
:10130000D200466808363046984720696663691EF1
:101310008842E76233D206EBC002034601338B42B8
:10132000536002F10802F9D106EBC10100264E60BC
:10133000636860621B1A2B4425616360114CB8F12D
:10134000000F19D0F3F7D6F9636B4FEAC8052B44A9
:1013500059684868FCF782FF616B6368626A0D44F4
:10136000013363606A6001F83860C4F82480F5F7DF
:101370008DFF3046BDE8F0814046BDE8F081014672
:10138000D2E700BF946F0020AC6B0020580400200F
:1013900070B51F4E736882B0CBB91E4B1B6803B18A
:1013A00098471D4B1B680BB1984768B91B4B1B68CE
:1013B00093F8540008B902B070BDF4F7BDFD0030D9
:1013C00018BF012002B070BD012002B070BDF3F75C
:1013D00091F9134B1C688CB12046F1F77BFC034656
:1013E00001939A6A120401A80DD55D69F1F744FDD5
:1013F00020462C46F9F738FF002CEDD1002373600E
:10140000F5F744FFC9E701A85C69F1F735FDE2E7AC
:10141000AC6C00201C75002018750020AC03002067
:10142000A07400202DE9F04F584F3C68E56B89B05F
:101430008346206ED5F800A0894615461E46F1F772
:1014400049FC3B680690186EF1F744FCB0F90620A1
:10145000C3680DF120080446AA1AB0F9040048F840
:10146000044D03FB02F202F11801C0EB090201EB8B
:10147000420240461444F1F7FFFC069B5869DB68C2
:101480000293C9EB060305935E1C00286ED1129BE4
:101490009D425DDC1FFA8AF304933B681B7CDB07EB
:1014A0005CD5DBF810309B689847C4F34003B34227
:1014B00028BF3346032E98BF334680B2002B53D04B
:1014C0002288A4464240012B2CF8022B0CD06288C3
:1014D000032B82EA0002628004F1040C04D1A2888A
:1014E0004240A28004F1060CB3422BD0C3EB060AA3
:1014F000AAF1020E4FEA5E0E0EF1010E4FEA4E0205
:101500000392059A934218D04FF0000904EB43036D
:1015100060F30F0960F31F49A3F10408002158F894
:10152000042F013189EA02028E4543F8042BF6D8D4
:10153000039A92450CEB420C04D0BCF800305840A2
:10154000ACF80000029B1C44129B0135AB42A4DAAC
:1015500006A8F1F791FC09B0BDE8F08F3246049976
:101560002046F7F7C1F9EDE7A446BFE7F1F7B2FB74
:10157000129B07905B1B01330093494633462A4672
:10158000F5F768FD4046F1F777FC80E7AC030020F3
:101590002DE9F04FDFF8E480D8F8000087B0006E46
:1015A000DDF840908A4616461F46F1F793FBD8F8BF
:1015B00000300490186EF1F78DFBB0F90620C36877
:1015C000B0F90450CDF80CA00DF1180BB21A03FBC2
:1015D00002F24BF8040D53465D1B02F1180104465C
:1015E00001EB85025846A518F1F746FC049BD8F894
:1015F00000205869D3F80CA0039BD26BFF1A146823
:10160000013758BB4E4510DCD8F800301B7CDB0797
:1016100011D4002F05DD3B462A46013B42F8044B1E
:10162000FBD10136B1455544EEDA04A8F1F724FCAC
:1016300007B0BDE8F08F049B1B681B699B68984747
:1016400029463A460B68013A83EA000341F8043B15
:10165000F8D10136B1455544D6DAE6E7F1F73AFB61
:10166000C6EB090301330093039905903B463246CC
:10167000F5F7F0FC5846F1F7FFFBC3E7AC03002099
:101680002DE9F041044684B000284AD00F46904628
:1016900000260CE0E30730D4BDF80C30019801338C
:1016A0003B800126046A01A8F1F7E6FBE4B120467D
:1016B000F1F710FB846A0190A207F3D5B8F1000F8F
:1016C00016D002AD014642462846F6F7D1FE29461D
:1016D0003846F4F783FC0028DCD10198046A01A89D
:1016E000F1F7CAFB002CE2D1304604B0BDE8F0812E
:1016F00003C802AD85E80300E9E70198C469002C3E
:10170000D0D02A4639462046FFF7BAFF00282046A7
:1017100018BF0126F1F7CAFB046A002CF1D1019829
:10172000DCE70646E0E700BFF0B5044685B00028D8
:101730003ED00F46002602AD0CE0E30724D4BDF8EE
:101740000C30019801333B800126046A01A8F1F7AF
:1017500093FBB4B12046F1F7BDFA846A0190A20769
:10176000F3D503C885E8030029463846F4F736FC6C
:101770000028E2D10198046A01A8F1F77DFB002C52
:10178000E8D1304605B0F0BD0198C469002CDCD02A
:101790002A4639462046FFF773FF0028204618BF27
:1017A0000126F1F783FB046A002CF1D10198E2E7EE
:1017B0000646E6E7002844D0F0B50E4685B0174649
:1017C00004460BE0E3072BD4BDF808300198013B39
:1017D000B380046A01A8F1F74FFBD4B12046F1F7BA
:1017E00079FA846A0190A207F3D5A7B102AD014648
:1017F0003A462846F6F73CFE29463046F4F7EEFB1B
:101800000028DFD10198046A01A8F1F735FB002C0C
:10181000E4D105B0F0BD03C802AD85E80300EBE7F5
:101820000198C469002CD4D020462A463146FFF7DF
:10183000C1FF2046F1F73AFB046A002CF4D101986D
:10184000E1E77047002864D0F0B50E4685B0174632
:1018500004462046F1F73EFA846A0190A20724D597
:10186000002F40D002AD01463A462846F6F700FE6A
:1018700029463046F4F7B2FB68B3E30701981CD45D
:10188000002F43D0B7F90220B0F902309342B8BF1D
:101890001346B6F9022093422ADDBDF90A30B6F9A3
:1018A00006209A4201DB013BF380046A01A8F1F7AC
:1018B000E3FA002CCDD105B0F0BDC469002CF4D002
:1018C00020462A463146FFF7BDFF2046F1F7EEFAE3
:1018D000046A002CF4D10198046A01A8F1F7CCFA4B
:1018E000002CB6D1E7E703C802AD85E80300BFE7E7
:1018F000BDF90E30B6F906209A42D6DD046AF380AF
:1019000001A8F1F7B9FA002CA3D1D4E7B0F902305D
:10191000BFE77047002850D070B584B00E4604462B
:1019200002AD2046F1F7D6F9846A0190A20718D5D6
:1019300003C885E8030029463046F4F74FFB30B36F
:10194000E307019815D4B6F90230B0F902209A42A3
:1019500025DDBDF90A30B6F906209A4201DB013BCC
:10196000F380046A01A8F1F787FA002CD9D104B0FA
:1019700070BDC469002CF4D020462A463146FFF7DA
:1019800061FF2046F1F792FA046A002CF4D1019825
:10199000046A01A8F1F770FA002CC2D1E7E7BDF99B
:1019A0000E30B6F906209A42DBDD046AF38001A806
:1019B000F1F762FA002CB4D1D9E77047F0F742BFD3
:1019C00003781A0601D498B2704703F0E002C02AE7
:1019D00011D003F0F002E02A01D0012070474278D4
:1019E00081781B0302F03F0043EA801082B201F0CD
:1019F0003F001043704740789B0103F4F86300F008
:101A00003F001843704700BF0078704703781A06FC
:101A100001D40120704703F0E002C02A06D003F091
:101A2000F003E02B14BF0120032070470220704711
:101A3000012070472DE9F04182B002AF00248846B2
:101A400047F8040D254608E0F2F732FD05440CB1D5
:101A5000454508DC0A2E06D001343846F5F7D2FA9F
:101A600006460028F0D1204602B0BDE8F08100BF54
:101A7000F0B43F4C069D2668049CB6F908703F1AE6
:101A8000002FC8BFEF60B6F90A700244B6F90C0027
:101A90007F1A0B44013AB6F90E10002FA2EB000298
:101AA00003F1FF33A3EB0103C8BF2F61002AC8BFB6
:101AB000AA60013C002BC8BF6B611F2C1AD8DFE85D
:101AC00004F01B1919281919193519191919191997
:101AD000193E191919191919194919191919191921
:101AE0001910EA68AB6805999200A1EB83039B1A71
:101AF00085E80C00F0BC7047EA680599AB68D21025
:101B0000A1EBE3039B1AD1002A60E9606B60F0BC93
:101B10007047EA680599AB685210A1EB63039B1A02
:101B200051002A60E9606B60F0BC7047AB680599B2
:101B3000EA682A60CB1A9B1A6B60F0BC7047EA68AF
:101B4000AB6805995200A1EB43039B1A85E80C0092
:101B5000F0BC7047AB68EA680599A3EB830302EB1E
:101B600042020B449B1A85E80C00F0BC704700BF92
:101B7000AC0300200129024818BF0020704700BFB5
:101B80006CDC03080129024818BF0020704700BF21
:101B900020EB03081629024818BF0020704700BF39
:101BA000E15300081629024818BF0020704700BF03
:101BB00011520008082901D110207047006810B1A7
:101BC000C3689B6A18474FF0FF30704708290CBF65
:101BD00020200020704700BF2DE9F04184B00E4660
:101BE0008046F1F763F9C469B4B10025152703E015
:101BF000F1F75CF9046A7CB12046694601950295CB
:101C000003950097FAF7ACFF039B9E422046EFD165
:101C1000204604B0BDE8F0813146404600F004F8AB
:101C200004B0BDE8F08100BF2DE9F04F87B00D464C
:101C3000F1F73CF9C3690193002B4FD000240198C0
:101C4000F1F734F9C669002E4DD00DF1080A1527B9
:101C500004E0F1F72BF9066A002E44D030465146D5
:101C6000CAF80040CAF80440CAF80840CAF80C4054
:101C70000297FAF775FF059B9D423046E9D12EE0A9
:101C800029465046FFF7D0FF002879D15046F1F79A
:101C90000DF9D0F820A0BAF1000F40F0A380404623
:101CA000F1F704F9D0F82080B8F1000F72D148465E
:101CB000F1F7FCF8D0F82090B9F1000F41D1584667
:101CC000F1F7F4F8D0F820B0BBF1000F13D1019870
:101CD000F1F7ECF8036A0193002BB0D100263046EF
:101CE00007B0BDE8F08F0198F1F7E0F8D0F81CB02C
:101CF000BBF1000FEBD05846F1F7D8F8C669C6B172
:101D00000DF1080A152730465146CAF80040CAF8B6
:101D10000440CAF80840CAF80C400297FAF720FFBE
:101D2000059B9D423046DAD0F1F7C0F8066A002ED6
:101D3000E9D15846F1F7BAF8D0F81C90B9F1000F84
:101D4000BDD04846F1F7B2F8C669DEB10DF1080A18
:101D5000152703E0F1F7AAF8066A9EB1304651460E
:101D6000CAF80040CAF80440CAF80840CAF80C4053
:101D70000297FAF7F5FE059B9D423046EAD13046C0
:101D80000646ACE74846F1F791F8D0F81C80B8F168
:101D9000000F8CD04046F1F789F8C669CEB10DF13D
:101DA000080A152703E0F1F781F8066A8EB130467C
:101DB0005146CAF80040CAF80440CAF80840CAF8B8
:101DC0000C400297FAF7CCFE059B9D423046EAD1C3
:101DD000D5E74046F1F76AF8D0F81CA0BAF1000F39
:101DE0003FF45DAF5046F1F761F8C769152637B982
:101DF00046E7F1F75BF8076A002F3FF441AF38463A
:101E000002A90394049405940296FAF7A9FE059A90
:101E100095423846EDD13846064660E770B582B047
:101E20000E461546F0F756FF02AB846B43F8040DDF
:101E30001846F1F721F82046F1F754F830602046B3
:101E4000F1F75CF8286002B070BD00BF70B582B0D9
:101E50000E461546F0F73EFF02AB846B43F8040DC7
:101E600021886288316018462A60F1F705F802B0CF
:101E700070BD00BF08B5F7F7F3FAB0F5807F14D056
:101E80007F280ED83F2812D81F280CD80F2810D82A
:101E9000072812D803280ED8012894BF002001205B
:101EA00008BD7F2008BD1F2008BDFF2008BD3F20C2
:101EB00008BD0F2008BD032008BD072008BD00BFD6
:101EC0004FF6FF70704700BF4FF0FF30704700BF04
:101ED0004FF6FF70704700BFF0B50E4B1B6883B024
:101EE000186E0E461746F0F7F5FE054602A8B5F93E
:101EF0000620EB68B5F9044040F8045DBF1A03FB07
:101F000007F31833341B03EB4404F0F7B5FF285BE9
:101F100003B0F0BDAC030020F0B50E4B1B6883B0DE
:101F2000186E0E461746F0F7D5FE054602A8B5F91D
:101F30000620EB68B5F9044040F8045DBF1A03FBC6
:101F400007F31833341B03EB8404F0F795FF28598B
:101F500003B0F0BDAC03002070B582B080680C46C1
:101F6000F0F7B8FE02A9B0F90460B0F90650028992
:101F7000438941F8040D32442B44013A013B268049
:101F8000A2806580E3800846F0F776FF02B070BD5E
:101F900070B582B080680C46F0F79CFE02A9B0F9DB
:101FA0000460B0F906500289438941F8040D3244B7
:101FB0002B44013A013B2680A2806580E3800846DD
:101FC000F0F75AFF02B070BD2DE9F04F83B002ADBB
:101FD0000F4645F8040D28460092F5F713F84FF028
:101FE0000008344E82464446C346C14600283AD0D3
:101FF0000A2838D0202841D0BAF1200F46D0716885
:10200000326800290FDDB2F800E0864502F10203D4
:1020100018BF02EB410104D127E033F8022B8242C2
:1020200023D08B42F9D1F2F743FA8144B945804677
:102030000EDDBBF1000F0BD0009B002C08BF5C46EF
:1020400013B1C8EB09001860204603B0BDE8F08F5B
:102050002846F4F7D7FF0BF1010BBAF1000F08BFC8
:1020600082460028C4D15C46E6E7F2F721FA8144B3
:10207000B9450BF101048046EADDDAE7F2F718FA18
:102080008144B9455C468046E2DDD2E7F2F710FABA
:1020900081444F45804608DB2846F4F7B3FF0BF137
:1020A00001025C4682469346A0E75C464FF0000A78
:1020B000BFE700BF206F002010B582B0F0F70AFE26
:1020C00002AB446843F8040D1846F0F7D5FE2088AB
:1020D00002B010BD10B582B0F0F7FCFD02AB446851
:1020E00043F8040D1846F0F7C7FE608802B010BD33
:1020F000F0B5174FBE687A697C68FB69396900EAF8
:102100000605D5403A6A012606FA02FE3A680440FE
:102110000EF1FF3EC5EB0525B5FBFEF5D7F80CE04B
:10212000BF69024024FA01F12D0406FA03F4013CD0
:1021300022FA0EF3BE40C1EB0121B1FBF4F145EAF6
:102140000121C3EB0323013EB3FBF6F00843F0BDCE
:10215000EC6C00202DE9F041154C64681CB1A446DC
:10216000BDE8F0416047884602F180410139013AFB
:1021700003FB02000F4FDFF840E008EB81015B42F8
:1021800000E0013A0488E50A04F01F0CC4F3451688
:102190007D5D17F80C401EF8066005EB044404EB67
:1021A0000624184441F80449002AEAD1BDE8F08128
:1021B000A46B002060E0030820E00308F0B502F102
:1021C0008044013C013A03FB02000F4FDFF83CE082
:1021D00001EB84015B4200E0013A048804F01F0532
:1021E0004FEAD42CC4F345167D5D17F80C401EF859
:1021F000066005EB044404EB0624184441F8044946
:10220000002AE9D1F0BD00BF60E0030820E0030828
:1022100010B4046841F8044B013A1844F9D15DF850
:10222000044B704738B50446F7F71AF90546F7F737
:102230004DF9A54203D918B150F8240038BD00204B
:1022400038BD00BFF8B51A4D1A4EEB681A4A04465D
:1022500003F10801181D06F184072767D8639B6303
:102260001B6461615B7C52F82300C36804F10801C0
:102270001B6B9847EB68114A696862660833012254
:10228000E16163612276E276F9F7A4FA6FF07043B8
:10229000032284F8682023636363A0643068F7F73F
:1022A00017FCA868F7F74EFC054B064A1A60F8BD04
:1022B000A0030020C06B00206C700020D0A8030891
:1022C0007870002010DD0308F0B585B016460C4686
:1022D0000546F0F7EBFD836A01909A0705D5B4F93E
:1022E0000410B4F90020914201DA05B0F0BDB4F950
:1022F0000210B4F906209142F7DC40F601021A40C0
:10230000012AF2D02846F0F7E5FC02AF0346024668
:10231000214638460193F6F7ABF8BDF90820BDF920
:102320000C309A4231DCBDF90A20BDF90E309A42D8
:102330002BDC019A946A44F22003234053BBDFF85C
:1023400070E097E80300BEF800302643013302F145
:10235000080484E80300AEF80030966200E01D46F1
:102360002846F0F7A3FD8369002BF8D10E4B1A68BD
:10237000954216D05B68AB420CBF022300230B4A88
:1023800011680B431360F4F777FA01A8F0F774FDB6
:1023900005B0F0BD02F1080108463A46F3F7DEFC4D
:1023A000F3E70123EBE700BFF8740020A4740020DA
:1023B000A8740020704700BF2DE9F04FB5B000238E
:1023C0001D931C931E931F930690002800F0178105
:1023D0008A4691464FF0030B0698F0F77BFC4A467D
:1023E00051460A90F3F7E8FC0A984A4608305146ED
:1023F000F3F7E2FC0A9BDA691B6A07930AA8144602
:102400000592F0F739FD0023209321932293239323
:10241000002C00F0E3800598F0F75CFC4A4651463A
:102420000B90F3F7C9FC0B984A4608305146F3F776
:10243000C3FC0B9BDA691B6A08930BA81446049231
:10244000F0F71AFD00232493259326932793002C5D
:1024500000F0B3800498F0F73DFC4A4651460C90DA
:10246000F3F7AAFC0C984A4608305146F3F7A4FC4F
:102470000C9BDA691B6A09930CA814460292F0F7C8
:10248000FBFC0023289329932A932B93002C00F024
:10249000838054464D460298F0F71CFC2A4621469C
:1024A0000D90F3F789FC0D982A4608302146F3F782
:1024B00083FC0D9B0DA8D3F81C901B6A0393F0F7C7
:1024C000DBFC00232C932D932E932F93B9F1000F57
:1024D00052D001934846F0F7FDFB2A4621460E9064
:1024E000F3F76AFC0E982A4608302146F3F764FC9D
:1024F0000E9B0EA8DE691B6A0093F0F7BDFC019BE2
:1025000030933193329333931AAF36B33046F0F7AA
:10251000E1FB2A4621460F90F3F74EFC0F982A461E
:1025200021460830F3F748FC0F9BD3F81CA0D3F8E2
:1025300020800FA8F0F7A0FC214650462A46FFF75E
:102540003BFF304630A94646CDF8C0B033971A94C9
:102550001B95FBF763FD002ED8D1484618AB2CA97C
:10256000CDF8B0B02F9318941995FBF757FDDDF80F
:102570000090B9F1000FADD116AB02982B9328A9AA
:10258000CDF8A0B016941795FBF748FD039B029376
:10259000002B80D1A246A94614AB0498279324A906
:1025A000CDF890B0CDF850A0CDF85490FBF736FDA3
:1025B000099B0493002B7FF44DAF12AB0598239336
:1025C00020A9CDF880B0CDF848A0CDF84C90FBF70D
:1025D00025FD089B0593002B7FF41DAF03231C935F
:1025E0000698CDF840A010AB1CA91F93CDF84490DD
:1025F000FBF714FD079B0693002B7FF4EDAE35B07F
:10260000BDE8F08FF0B5144CE36C89B0E3B1676CB2
:10261000A66B012200239742069304F1280008BF0D
:1026200006AB0792002507C8059301230193009389
:10263000029704960395F6F795FCE36CA16AA26BEA
:10264000E5640B44A362E2630448F0F715FC606B99
:10265000F0F7F8F809B0F0BDEC6C0020246D002014
:10266000F0B5144C636A87B0DBB11349134A0968AB
:102670002569487CE16952F82000A268C668039584
:102680000127002501910595049502950097616841
:102690007668B047636A6168226965620B4463606B
:1026A00062610748F0F7E8FBE06807B0BDE8F0407A
:1026B000F0F7C8B8286F0020AC0300206C70002031
:1026C000386F0020F0B5134CE36C89B0C3B1676C70
:1026D000A66B012200239742069304F1280008BF4D
:1026E00006AB0792002507C80593012301930093C9
:1026F000029704960395F6F735FCA36BE564E36354
:10270000E36A626AA262013B0022E362226509B0C9
:10271000F0BD00BFEC6C0020F0B5114C636A87B0CF
:10272000BBB11049104A09682569487CE16952F833
:102730002000A268C6680395012700250191059530
:1027400004950295009761687668B04723696562D1
:102750006361A368226862600133A36007B0F0BDC3
:10276000286F0020AC0300206C700020F0B5494CAD
:10277000236C022B89B02AD0042B23D0012B08D044
:10278000E36CA26C434901339342E36462D009B025
:10279000F0BD636CE26B013B072BF1D801A151F84E
:1027A00023F000BF3328010807280108812701080A
:1027B000E3270108812701088127010881270108F3
:1027C000D9270108E36B43F8040BE363D8E7E36B15
:1027D00023F8020BE363D3E71070E36B0133E36389
:1027E000CEE7236D11782B4EC3F104030F259D40D6
:1027F000984021EA050303431370236D0433082B2B
:1028000011D03365BCE7236D1178224EC3F1060366
:1028100003259D40984021EA050303431370236D6F
:102820000233082BEDD1F36B00220133F3633265E1
:10283000A6E7236D1178174EC3F1070301259D40CC
:10284000984021EA050303431370236D0133082BDD
:10285000D7D1E8E74F6CA66B01220023974206937D
:1028600004F1280008BF06AB0792002507C80593AE
:10287000012301930093029704960395F6F772FBE8
:10288000E36CA16AA26BE5640B44A362E26309B046
:10289000F0BD00BFEC6C0020F0B5564A9369022BE6
:1028A00087B02AD0042B23D0012B08D0536A116A99
:1028B000504C01338B4253627DD007B0F0BDD369D9
:1028C0005169013B072BF1D801A454F823F000BF54
:1028D0007F29010849290108AD2801080F290108AD
:1028E000AD280108AD280108AD2801080529010817
:1028F000536943F8040B5361D8E7536923F8020B7B
:102900005361D3E70870536901335361CEE70B7805
:1029100092F82840374D23EA04040C70D36A9B00D8
:10292000C3F10403984020430870D16A92F828301C
:1029300001311B09D16204D16969EB620131F023D5
:10294000696185F82830B1E70B7892F82840294D65
:1029500023EA04040C70D36A5B00C3F106039840B9
:1029600020430870D16A92F8283001319B08D16267
:10297000E7D16969EB620131C0236961E1E70B7856
:1029800092F828401B4D23EA04040C70D36AC3F16B
:102990000703984020430870D16A92F8283001312B
:1029A0005B08D162CDD16969EB6201318023696135
:1029B00085F828307AE71049104A09682569487C6B
:1029C000E16952F82000A268C668039500250595C4
:1029D0000495029501910127616800977668B047D8
:1029E000636A6168226965620B446360626107B073
:1029F000F0BD00BF286F0020AC0300206C700020E9
:102A00002DE9F8432349244C0968121A0132804603
:102A1000487C22631F46F1F735FD172825DC08287E
:102A200060642EDC0125A946266BF0F7A5F806FBAD
:102A300009F6B0422EBF3546B0FBF5F045433046AF
:102A40000026C4F82880C4F82480E762C4F84090C7
:102A5000E664266595FBF9F5A564EFF79BFE6063D8
:102A60000D4C38B90120BDE8F883202304256364A8
:102A7000A946D9E7F0F72EF9A063E0633046BDE838
:102A8000F883102802DC0225A946CDE70425A946D3
:102A9000CAE700BFAC030020EC6C00202DE9F8432E
:102AA000294B2A4C1B68121A0746587C551C88462D
:102AB000F1F7E8FC1828E06135D0082838DC012659
:102AC000B146F0F759F805FB09F5A8422EBF2E468E
:102AD000B0FBF6F046432846002527606760C4F83F
:102AE0000880C4F81890656296FBF9F62662EFF745
:102AF00051FEE060154C10B90120BDE8F883F0F7F5
:102B0000E9F8E3692061072B606116DC01221049B6
:102B1000E56202FA03F30B44284613F8013C84F8FB
:102B20002830BDE8F88320230426E361B146C8E7D6
:102B3000102805DC0226B146C3E72846BDE8F88325
:102B40000426B146BDE700BFAC030020286F00207B
:102B50009CE00308F8B50B4B0B4E00241D1D2146CD
:102B6000742228463768C3F88040B847336807485E
:102B7000214608229847064A0649074B1470CD6043
:102B80001C60F8BDC06B00205C0400206C7000204D
:102B900066700020A0030020547000202DE9F04151
:102BA0001A4D1B4BDFF894E0DFF894C019491A4A1C
:102BB0001A4F1B4E00242C601A4DCCF80040CEF862
:102BC000004034600C604C6014605460214603F196
:102BD0000C003C602E681C7018225C609C60B04742
:102BE000114B124A1C6014605C6021462B6810482F
:102BF000102298472B680F482146102298472B68CF
:102C00000D4821461022BDE8F04118470875002004
:102C1000AC6C002000750020F07400209C74002033
:102C2000947400205C040020F874002010750020CB
:102C3000D0740020C0740020E0740020B474002020
:102C400014750020034B044900220B604B609A640A
:102C5000DA647047A06D00204804002010B5034CD2
:102C60002068EFF70FFE0023236010BD306E0020B8
:102C700010B5044C2068EFF705FE034A00232360DB
:102C8000136010BD90740020786E002010B5084CC1
:102C90002068EFF7F7FD6068EFF7F4FDA068EFF745
:102CA000F1FD0023A36063602360E360236110BD36
:102CB000006F002070B582B00C460646F0F70AF8A7
:102CC00002AB458E43F8080D1846F0F7D5F8E368D7
:102CD000002B37D01B7A1BB9E90519D402B070BD9F
:102CE000EC05FBD44FF480713046F7F7ADFF30466A
:102CF000EFF7F0FF02AB846A43F8040D1846F0F7D3
:102D0000BBF8A007EAD530460121F9F7DFFDE5E77A
:102D10004FF480713046F7F78FFE3046EFF7DAFF59
:102D200002AB846A43F8040D058E1846F0F7A4F848
:102D30002846F3F7A9FDA207D0D530460221F9F7BE
:102D4000C5FDCBE74FF480713046F7F775FE30468E
:102D5000EFF7C0FF02AB846A43F8040D1846F0F7A2
:102D60008BF8A307BAD530460321F9F7AFFDB5E7D5
:102D700070B582B00646EFF7ADFF034602A85D6C62
:102D800040F8043DDC6BF0F777F825B11CB1002268
:102D900030461146A04702B070BD00BF2DE9F0419A
:102DA0008AB00646EFF796FF03460AA89D6A40F8E8
:102DB000283D9C6DB3F83280F0F75EF83046F8F7A6
:102DC000DBFD07463046F8F7F5FD013F00230138EB
:102DD00015F01005089007970196069305931DD1ED
:102DE00018F4807F18D118F0010F14BF01230223BB
:102DF00003930523029301A8A0470623029301A889
:102E0000A0471223029301A8A0470A2301A8029316
:102E1000A0470AB0BDE8F0810395EAE703230393D6
:102E2000E7E700BF2DE9F04F97B00746EFF752FFF5
:102E3000034603935D8ED3F854901A6DB3F9601076
:102E4000D3F858809E6CDB6D0992C5F300240B9477
:102E500003A8C5F3C004089101930C94F0F70CF893
:102E6000384604A9F8F79AFCC84518BFC8EB090C06
:102E7000DDF8309005F0010508BF4FF0010CB9F105
:102E8000000F00F0BC80BDF91600BDF91220089BB0
:102E90000999BDF914A0C2EB000B6FEA030EDE44E2
:102EA0000029CDF828E0BDF9101017DADFF8ACB131
:102EB0008BFB0E4B4FEAEE7ECEEB6B0E0CF1010B53
:102EC000F345CABF4FF00B0ECDF824B0CDF824E087
:102ED000C2EB000BB9F1000F00F0BC80019C0BF1BC
:102EE000FF3BC3EB0B0BC8EB0404013204FB0BF4F8
:102EF000013194FBFCFC0CEB0204013823440DF17E
:102F0000200E0AF1FF3A1490ADF81E0003F1FF38CD
:102F100006A80F231292ADF81A200E931191ADF866
:102F20001810CDF854E0CDF84CA0ADF81CA00D97CA
:102F3000F9F7C4FF0DA8B0470020F9F7BFFF0C9BBD
:102F400013220E92002B7ED012942146139B119CCB
:102F5000CDF85080424606A8ADF81A10ADF81C30E6
:102F6000ADF81E20ADF81840F9F7A8FF0DA8B0473E
:102F70000020F9F7A3FFBDF91200BDF91610BDF945
:102F80001020BDF91430013001390132013B12909B
:102F9000ADF81A00142406A81491ADF81E10119271
:102FA000ADF818201393ADF81C300E94F9F786FF96
:102FB0000DA8B0470020F9F781FFEDB1BDF916105B
:102FC000BDF91020BDF91430BDF91240149106A8C6
:102FD0000A25ADF81E101192ADF818201393ADF824
:102FE0001C300E951294ADF81A40F9F767FF0DA842
:102FF000B0470020F9F762FF17B0BDE8F08FBDF9C8
:1030000014A0BDF91010089B099ABDF91600C1EB78
:103010000A0B6FEA030EDE44002ACDF828E0BDF962
:103020001220FFF643AF019C0BF1FF3BC3EB0B0BF0
:10303000C8EB0404013104FB0BF4013294FBFCFCEB
:103040000CEB010459E71299149A1194CDF84C80B5
:10305000434680E7C1EB0A0BE5E700BF676666669B
:103060002DE9F043294D2B6883B00646986CEFF7A5
:1030700031FE00903046EFF72DFE01460098019199
:103080000830F2F7ABFF50B904466846EFF7F4FE9C
:1030900001A8EFF7F1FE204603B0BDE8F08302ACD3
:1030A000019954F8082D2B68194FD3F84C90D3F898
:1030B0005080083201F10800F5F7DAF92046EFF701
:1030C000DBFE02A82B6850F8042D3E60B2F9001018
:1030D000B2F902201A65D964EFF7CEFE3046EFF759
:1030E000E5FE816A0B4A0C4B11F4803F08BF134682
:1030F0003046984701242B6800222046C3F84C90A4
:10310000C3F850803A6003B0BDE8F083AC03002000
:103110000875002041DE0008554D00082DE9F04FEC
:1031200085B08046EFF7D6FD0190FAF75DFA0646C6
:103130000198FAF761FA814604A850F80C3D5C6CDE
:10314000DF6B5D6BD3F884A0EFF796FE54B34FB3FB
:1031500003AA02A94046A047029B1BB3039B0BB3E3
:10316000BAF1000F21D1EB0729D5D34654460022EE
:1031700040461146B847029DAE4208DD0BEB050103
:10318000224650466D00F1F76FFFAE42F6DC039D1C
:10319000A94507DD621959466D005046F1F764FFF5
:1031A000A945F7DC05B0BDE8F08F5046F1F76CFD9E
:1031B00083465046F1F78AFDEA07044617D4B9F171
:1031C000000FC8BF0025EDDD002EC8BF002407DDBD
:1031D00021462A464046B847029B1C44A642F7DCDB
:1031E000039B1D44A945EFDC05B0BDE8F08FBBF1A2
:1031F000000FE4DB0028E2DBB9E700BF2DE9F04770
:1032000082B00546EFF766FD836A01909B0724D5DF
:10321000C66916B301AC04E01E6A6846EFF72CFEDF
:10322000AEB13046EFF756FD826A009002F003021D
:10323000032A0346F0D101990831F2F7CFFE98B97D
:10324000009B1E6A6846EFF717FE002EE9D1204664
:10325000EFF712FE02B0BDE8F08701AC2046EFF7B1
:103260000BFE02B0BDE8F087019B2046B3F9089041
:10327000B3F90A80B3F90C70B3F90EA0EFF7FCFDB7
:103280006846EFF7F9FD3046FFF7EAFE88B92846B1
:10329000EFF720FD01903046EFF71CFD019A0090FA
:1032A0000346A2F80890A2F80A809781A2F80EA01F
:1032B000B2E73046EFF7FAFD00903046FFF79EFF89
:1032C0003046EFF7F3FD00902846EFF7EFFD019051
:1032D000DDE700BFF0B5CA6889B00C460791002A47
:1032E0002CD091F93030012B31D0CB69276A42C9FB
:1032F00003F18043013B01EB8303636005680436FF
:10330000002D2BD011463046A269F4F72DF800218C
:10331000E368D5F80CE0E26A0591049103966169CF
:103320000291A16901910121009128463946DEF8F8
:103330000450A847079B0022E2601C46A46807A827
:10334000EFF79AFD2046EFF77DFA09B0F0BD0E6861
:103350008F6A334663600568002DD3D12346EAE7C0
:103360002DE9F04FDFF8A481D8F83830D8F80C7088
:1033700093E86000013F83B083461F44C14635B1E6
:1033800033449F4206D993E86000002DF8D1991983
:103390008F4203D8012003B0BDE8F08F9D594C68DF
:1033A00055B1D8F8342012F83500012802EBC502D7
:1033B00005D026460B46E2E726460B46E7E7D9F856
:1033C000B800D9F82CA0B04276D9D9F8B000B042F4
:1033D00075D9D9F8A800B04274D9D9F8A000B04284
:1033E00073D9D9F89800864278D2D9F890008642ED
:1033F00077D2D8F8880086426AD2D9F8800086420F
:1034000069D2D9F87800864274D2D9F87000864221
:1034100073D2D9F86800864272D2D9F86000864229
:1034200062D2D9F85800864261D2D9F8500086425B
:1034300069D2D9F8480086421FD2D9F840008642A6
:1034400031D2536018462246ECF76CFF55450346CF
:103450000BD01C4430462146FAF700FFBBF1000FA9
:1034600001D0584507D223468BE7D8F83420921B69
:10347000C8F83420EDE700208DE701200190D8F84E
:103480000000D3F808E0D3F80CC0801BC8F8000097
:10349000BEF1000F01D0CEF804C0BCF1000F05D082
:1034A000CCF800E0CDE700200190E8E7019808EBB8
:1034B000C000C0F844E0C4E70F200190DFE70E2011
:1034C0000190DCE70D200190D9E70C200190D6E7B0
:1034D00009200190D3E708200190D0E70B2001904C
:1034E000CDE70A200190CAE704200190C7E7032036
:1034F0000190C4E707200190C1E706200190BEE7D4
:1035000005200190BBE702200190B8E7946F0020EE
:103510002DE9F04F99B0059010B919B0BDE8F08FC2
:10352000924699468B46EFF7D5FB836A0F909A0730
:1035300040F11882B0F900309A45C0F21382B0F918
:1035400004309A4500F30E82B0F902309945C0F27A
:103550000982B0F90630994500F30482C3690893E3
:10356000002B00F0F1815B4500F0EE81059B08988F
:103570000D93EFF7AFFB836A10909B0740F1D68164
:10358000B0F900309A45C0F2D181B0F904309A45C3
:1035900000F3CC81B0F902309945C0F2C781B0F98F
:1035A0000630994500F3C281C3690993002B00F0EE
:1035B000D0819B4500F0CD81089B05930998EFF7DA
:1035C00089FB836A11909F0740F1A381B0F9003015
:1035D0009A45C0F29E81B0F904309A4500F3998172
:1035E000B0F902309945C0F29481B0F9063099459E
:1035F00000F38F81C3690A93002B00F0BB819B45C8
:1036000000F0B881099B0B930A98EFF763FB836A7C
:1036100012909E0740F17681B0F900309A45C0F2D1
:103620007181B0F904309A4500F36C81B0F9023031
:103630009945C0F26781B0F90630994500F362817F
:10364000C3690693002B00F098819B4500F095819B
:103650000A9B0C930698EFF73DFB836A13909D0736
:1036600040F14981B0F900309A45C0F24481B0F987
:1036700004309A4500F33F81B0F902309945C0F219
:103680003A81B0F90630994500F33581C369039357
:10369000002B00F06C819B4500F06981069B07932D
:1036A0000398EFF717FB836A14909C0740F11D8184
:1036B000B0F900309A45C0F21881B0F904309A454B
:1036C00000F31381B0F902309945C0F20E81B0F9D0
:1036D0000630994500F30981C3690193002B00F07E
:1036E00015819B4500F01281039B04930198EFF72D
:1036F000F1FA836A1590990740F1F180B0F9003032
:103700009A45C0F2EC80B0F904309A4500F3E780A6
:10371000B0F902309945C0F2E280B0F9063099451F
:1037200000F3DD80C769002F00F0E980BB4500F0A1
:10373000E680019B02933846EFF7CCFA836A169035
:103740009A0740F1C880B0F900309A45C0F2C380B2
:10375000B0F904309A4500F3BE80B0F902309945C3
:10376000C0F2B980B0F90630994500F3B480C6695B
:10377000002E00F0BE80B34518BFB84600F0B980F7
:103780003046EFF7A7FA836A17909B0740F19F80B6
:10379000B0F900309A45C0F29A80B0F904309A45E9
:1037A00000F39580B0F902309945C0F29080B0F9ED
:1037B0000630994500F38B80C469002C00F093809B
:1037C000A34518BF354602D18DE0A3450ED04B4628
:1037D000524659462046FFF79BFE002818BF054673
:1037E0002046EFF763FB046A002CEED117A8EFF731
:1037F00043FB002D18BFA8463046EFF757FB066A7B
:103800000EB1B345BCD116A8EFF736FB029BB8F159
:10381000000F18BF434602933846EFF747FB076A8D
:103820000FB1BB4587D115A8EFF726FB029A049983
:103830001346002A08BF0B4604930198EFF736FBA6
:10384000036A019313B19B457FF450AF14A8EFF7BF
:1038500013FB049A07991346002A08BF0B460793E7
:103860000398EFF723FB036A039313B19B457FF49F
:1038700017AF13A8EFF700FB0C99079A002A08BFAF
:103880000A460C920698EFF711FB036A069313B1F0
:103890009B457FF4DFAE12A8EFF7EEFA0B990C9A76
:1038A000002A08BF0A460B920A98EFF7FFFA036A4C
:1038B0000A9313B19B457FF4A7AE11A8EFF7DCFA8A
:1038C00005990B9A002A08BF0A46059224E017A81A
:1038D000EFF7D2FA90E716A8EFF7CEFA9CE715A813
:1038E000EFF7CAFAA9E7354680E714A8EFF7C4FA5C
:1038F000B6E7B84687E713A8EFF7BEFAC2E7019B21
:10390000029390E712A8EFF7B7FACDE7039B049371
:103910009CE711A8EFF7B0FA0998EFF7C7FA036A26
:103920000993C3B19B457FF449AE14E010A8EFF7AB
:10393000A3FA0D9B05930898EFF7B8FA036A08936A
:1039400013B19B457FF412AE0FA8EFF795FA0598D7
:10395000E3E5089B059310A8EFF78EFA059B002B73
:10396000E9D1E6E70FA8EFF787FA0020D5E5069B37
:1039700007937EE7099B0B939FE70A9B0C938AE7CB
:1039800038B50B4C2268516B81420DD0557C0949EA
:10399000506351F825301B691B68984723681A7CCF
:1039A000520702D49B6B186038BDDB6B186038BDC2
:1039B000AC0300206C7000202DE9F04786B00E4665
:1039C0000E9C656A8D420746904640D0E16869B317
:1039D00094F93020012A4DD0E26925686068D4F856
:1039E000209002F18042013A05EB8202051D6260DF
:1039F000D3F800A0BAF1000F19D0A2692846F3F756
:103A0000B3FCD4F814C0DAF80CE0A069E3680395BD
:103A10000022059204920121CDF808C0E26A0190CB
:103A2000009150464946DEF80450A8476268C2F843
:103A3000008094F9303002EB830262600123A762B8
:103A4000E662E3602762666206B0BDE8F08794F93B
:103A50003010226A0A448242B8D16368E268C3F82F
:103A6000008094F9301003EB81036360531C002A3B
:103A7000E7D1E4E72568D4F828902A46B7E700BFE5
:103A800038B50B4C2268116B81420DD0557C094929
:103A9000106351F825301B691B68984723681A7C0E
:103AA000520702D4DB6B186038BD9B6B186038BDC1
:103AB000AC0300206C7000200A4B1B681A7C82EA61
:103AC000000149070AD570B4D96B9C6B0E68256854
:103AD00026600D60187470BC10467047187410464C
:103AE000704700BFAC030020006810B1C3681B6AB8
:103AF000184770470068C3681B6A18472DE9F043F0
:103B00001B4C206883B0006E0F4690469946EFF735
:103B1000E1F823680090186EEFF7DCF802AEB0F918
:103B20000620C168B0F9044046F8040DC2EB080253
:103B300001FB02F2054618323C1B304602EB4404FE
:103B4000EFF79AF9009B25F80490586950B1EFF708
:103B5000C1F801908368424639461B689847304651
:103B6000EFF78AF96846EFF787F903B0BDE8F0830D
:103B7000AC0300202DE9F0431B4C206883B0006E9D
:103B80000F4690469946EFF7A5F823680090186E07
:103B9000EFF7A0F8B0F90620C168B0F9044002AE12
:103BA000C2EB080201FB02F246F8040D18323C1B7E
:103BB000054602EB84043046EFF75EF945F80490C1
:103BC000009B586950B1EFF785F801908368424631
:103BD00039461B6898473046EFF74EF96846EFF7CD
:103BE0004BF903B0BDE8F083AC0300202DE9F043AE
:103BF0001E4C236883B08146186E0F469046EFF73F
:103C000069F823680090186EEFF764F802AEB0F917
:103C10000630C268B0F9044046F8040DC3EB08034F
:103C200002FB03F3054618333C1B304603EB440408
:103C3000EFF722F9D9F810309B689847009A2B5B70
:103C40005269584028535AB11046EFF743F8019093
:103C50008368424639461B6898473046EFF70CF9AF
:103C60006846EFF709F903B0BDE8F083AC03002024
:103C70002DE9F0411E4C236882B0186E0F46904625
:103C8000EFF728F823680090186EEFF723F802AEDC
:103C9000B0F90630C268B0F9044046F8040DC3EB31
:103CA000080302FB03F3054618333C1B304603EBC5
:103CB0008404EFF7E1F8009B1B681B699B68984739
:103CC0002B59009A58402851506950B1EFF702F82B
:103CD00001908368424639461B6898473046EFF7A3
:103CE000CBF86846EFF7C8F802B0BDE8F08100BF36
:103CF000AC03002003680E2B34D00F2B10B5044604
:103D000016D1264A436811688B4245D052689342C7
:103D100014BF4FF0FF330123214A52F823006FF004
:103D2000704398421BD0F2F72DFDEFF781FA23681C
:103D300060680E3B1A2B12D8DFE803F0191111113D
:103D400011110E11111E1111111111111111111159
:103D50002011111111112400E168F9F793FA0023E1
:103D6000E36010BDC3685A68012A12D0704721462B
:103D7000BDE81040F8F712BFE06010BD6FF070436F
:103D8000E36010BD0028ECD00021BDE81040F8F73A
:103D9000A9B91868F2F778BD0023BDE7F8740020D0
:103DA000B8740020F8F70CBA2DE9F047194D2B68CC
:103DB00082B08146986CEEF78DFF2A6802AC08321B
:103DC000034644F8040D92E8030003F10802B3F936
:103DD00008A0B3F90A80B3F90C70B3F90E6082E859
:103DE00003002046EFF748F8D9F80000FAF784F806
:103DF0002B68986CEEF76EFF03462046A3F808A0E8
:103E0000A3F80A809F81DE810193EFF735F802B0B5
:103E1000BDE8F087AC0300202DE9F0413E4E3F4F56
:103E200031684B7C57F82300C36884B008311B6BA2
:103E30009847F5F7D1FC044600285CD10546284692
:103E4000EFF720FC0C21034601350DEB0100039335
:103E500043B1DB685B6A9847034600285AD0039851
:103E600098470443022DEAD1002C44D1F5F7D4FC45
:103E70002B4B1A686FF070439A4238D0294D0124B9
:103E80002046EFF7FFFB034603932046013C63B354
:103E9000F2F758FC2B6804209B6898473068B0F90B
:103EA0000C30B0F9081043F6FF7C634521EAE1715C
:103EB000A8BF63468B420ADBB0F90EE0B0F90A20D6
:103EC000E64522EAE272A8BFE646964517DA2B6875
:103ED00000209B689847039BDB680E215B6A03A860
:103EE0009847034608B103989847631CC8D100203F
:103EF00004B0BDE8F081204604B0BDE8F081407C0C
:103F000057F82000D0F80CC0CDF800E0DCF81080A5
:103F1000C047DCE70120EFE7AC0300206C70002015
:103F2000C06B002060040020464910B54A6822F4A6
:103F300040324A604A6843681A434A6001684A68E6
:103F400022F480724A6001684A68036942EA0322E7
:103F50004A6001684A6822F040724A6001684A6813
:103F600083681A434A6001688A6822F400628A60A2
:103F700001688A68C3681A438A60816A6FF0706258
:103F8000D14201688A6822F070628A6001688A689A
:103F90000CD0836A1A438A6001688A6822F0405212
:103FA0008A6001688A68C36A1A4301E022F04052BD
:103FB0008A6001688A6822F002028A6001688A6861
:103FC000037E42EA43028A6090F8201000290168CB
:103FD0004A680FD042F400624A6001684A6822F4DD
:103FE00060424A6001684A68174C436A04EB4333F5
:103FF0001A4301E022F400624A600168CA6A22F4AE
:104000007002CA620168CA6A838B104C04EB0353C6
:104010001A43CA6201688A6822F400728A600168E1
:104020008A6890F8303042EA43228A6001688A68E0
:1040300022F480628A6001688A68406942EA8020CE
:10404000886010BD0023014000E0FFFF0000F0FF8A
:10405000704700000146014803F090B8F464002066
:1040600010B5044803F09CF8042801D0012010BDCD
:10407000002010BDF464002038B501208DF8000048
:104080009DF80000012801D0012038BD064803F04A
:10409000A1F9040006D14FF40061034802F014FFB7
:1040A00000B10124204638BDF4640020134610B549
:1040B0000A4601460024034803F078FA00B10124BF
:1040C000204610BDF464002003484FF0FF32012168
:1040D000406817F0DBBF0000D0000020134610B589
:1040E0000A4601460024034803F0FAFA00B101240D
:1040F000204610BDF464002003484FF0FF32022137
:10410000406817F0C3BF0000D0000020FEE70000A9
:104110001CB5F7F75FFB0346002000900190034AAF
:1041200004210348EFF7C2F81CBD0000E1BB010801
:10413000D89103081CB5F7F74DFB0346002000900B
:104140000190034A05210348EFF7B0F81CBD0000B9
:104150003DBD0108189403081CB5F7F73BFB034667
:10416000002000900190034A04210348EFF79EF8D5
:104170001CBD00009DBE0108A49403081CB5F7F700
:1041800029FB0346002000900190034A05210348C3
:10419000EFF78CF81CBD000001C00108E49603088D
:1041A0001CB5F7F717FB0346002000900190034A67
:1041B0000A210348EFF77AF81CBD000069C1010825
:1041C000709703081CB5F7F705FB03460020009025
:1041D0000190034A04210348EFF768F81CBD000072
:1041E00061D10108989F03081CB5F7F7F3FA03465D
:1041F000002000900190034A07210348EFF756F88A
:104200001CBD000091D2010808A003081CB5F7F7F7
:10421000E1FA0346002000900190034A0A21034876
:10422000EFF744F81CBD00008DC40108889803080E
:104230001CB5F7F7CFFA0346002000900190034A1F
:1042400005210348EFF732F81CBD0000ADC7010897
:10425000709B03081CB5F7F7BDFA034600200090D9
:104260000190034A09210348EFF720F81CBD000024
:1042700019C90108FC9B03081CB5F7F7ABFA034604
:10428000002000900190034A12210348EFF70EF836
:104290001CBD00002DCD0108A09D03081CB5F7F73B
:1042A00099FA0346002000900190034A0621034832
:1042B000EEF7FCFF1CBD0000B9CB0108F89C030819
:1042C000014801F093B800005C670020014801F04C
:1042D0008DB80000BC670020014801F087B80000DD
:1042E00078650020014801F081B80000D865002001
:1042F00001681823CAB2103AB2FBF3F2054B6FF310
:104300000901032A9B5CC36500D9091D8165084624
:1043100070470000187D030810B5014600208B6926
:104320008A6A4FF0C07453B1B3F5005F15D072B113
:10433000012A0CD0022A0AD0032A09D104E01AB1BA
:10434000012A06D0022A03D1C96AC90100D5012079
:1043500010BDC96AA142FAD010BD002AF7D0012AC7
:10436000F2D0022AF3D0032AF3D010BD30B504688E
:10437000256825F480252560046863608368402BE8
:10438000036803D099600068C26030BD9A6000681D
:10439000C16030BD7047000010B509A000F014FAEC
:1043A0004FF47A710BA000F0A9FA20B10FA007F02A
:1043B00057FB012010BD16A007F052FB002010BDD6
:1043C00041542B43574155544F434F4E4E3D300DB2
:1043D0000A00000041542B43574155544F434F4E60
:1043E0004E3D300D0A0D0A4F4B0D0A0053756363A5
:1043F000657373656420746F2064697361626C65B2
:10440000206175746F2D636F6E6E6563740D0A00A5
:104410004661696C656420746F2064697361626CC5
:1044200065206175746F2D636F6E6E6563740D0A20
:104430000000000070B50D4606462BA000F0C4F940
:10444000C8212BA000F05AFA002844D02BA007F076
:1044500007FB4FF47A742CA000F0B6F921462EA089
:1044600000F04CFA0028F6D030A007F0F9FA36A098
:1044700000F0AAF9214637A000F040FA0028F6D053
:1044800039A007F0EDFA00BFFFF786FF0028FBD048
:104490002946304600F04AF90028F9D000F008F922
:1044A0000028FBD0012000F0A9F80028FAD000BFB6
:1044B00007F046F80028FBD041F2883433A000F022
:1044C00083F9214635A000F019FA40B1BDE87040EB
:1044D00038A007F0C5BA3DA007F0C2FAADE73EA08C
:1044E00007F0BEFAEAE7000041540D0A00000000A0
:1044F00041540D0A0D0A4F4B0D0A00004154204F44
:104500004B210D0A0000000041542B43574D4F44EE
:10451000453D310D0A00000041542B43574D4F4497
:10452000453D310D0A0D0A4F4B0D0A00537563636B
:10453000657373656420746F2073657420535441F0
:10454000206D6F64650D0A0041542B435751415053
:104550000D0A000041542B43575141500D0A0D0ADA
:104560004F4B0D0A0000000053756363657373655C
:104570006420746F20646973636F6E6E656374206A
:1045800066726F6D2041500D0A00000041542B43AC
:10459000495053544F3D36300D0A000041542B43CF
:1045A000495053544F3D36300D0A0D0A4F4B0D0AFA
:1045B000000000005375636365737366756C6C79F6
:1045C000207365742053544F0D0A00004154204558
:1045D00052524F52210D0A004661696C6564207485
:1045E0006F207365742053544F0D0A000122114649
:1045F000014801F04EBE00000008024010B586B030
:10460000044614216846EBF7B5FE23460FA2142199
:10461000684607F035FA684600F0D6F823460FA240
:104620001421684607F02CFA41F28831684600F000
:1046300065F9214628B10FA007F012FA012006B053
:1046400010BD14A007F00CFA0020F8E741542B43EA
:1046500049504D55583D25640D0A000041542B43E7
:1046600049504D55583D25640D0A0D0A4F4B0D0A12
:10467000000000005375636365737366756C6C7935
:1046800020736574204D756C7469706C65202564A9
:10469000200D0A004661696C656420746F207365A3
:1046A00074204D756C7469706C652025640D0A006A
:1046B00010B509A000F088F841F2883109A000F097
:1046C0001DF920B10AA007F0CBF9012010BD10A000
:1046D00007F0C6F9002010BD41542B434946535200
:1046E0000D0A000041542B4349465352000000007C
:1046F0005375636365737366756C6C792067657455
:1047000020495020616464726573730D0A000000D3
:104710004661696C656420746F2067657420495038
:1047200020616464726573730D0A000010B506F0B1
:104730006BFF20B104A007F093F9012010BD0AA07F
:1047400007F08EF9002010BD5375636365737366BF
:10475000756C6C7920636F6E6E656374656420742C
:104760006F2041500D0A00004661696C6564207439
:104770006F20636F6E6E6563742041500D0A0000F8
:1047800010B50446EBF729FE214682B2BDE8104081
:104790004FF0FF33014803F04DBD000018670020C3
:1047A00010B5084C00224021204601F072FD642023
:1047B00000F08DFF20460122BDE81040402101F0AD
:1047C00068BD00000014024010B50446EBF705FE7A
:1047D00081B22046BDE8104006F030B92DE9F8431B
:1047E0000D46814623F048F806464FF47A70DFF80C
:1047F0009080244C4543074638E000BFD8F80000BD
:104800000168C943C90631D40168406800901EA000
:10481000216807F025F926A14846EBF7E5FD40B9E8
:1048200019A0216807F01CF92248018822A007F08E
:1048300017F948462168EBF7D7FD20B149462068B3
:10484000EBF7A3FD90B11AA14846EBF7CDFD50B9A7
:104850002068EBF7C2FD01461FA007F001F926A072
:10486000216807F0FDF80120BDE8F88323F004F883
:10487000B5FBF7F1801B8842C0D30020F4E70000AD
:10488000D4660020B0000020556172743320526558
:1048900063656976656420646174612066726F6D1A
:1048A00020455350383236363A2025730A0000002E
:1048B0003F3F0000FA0000205561727433205265BA
:1048C0006365697665642064617461206C656E67F8
:1048D00074683A25640A00007374726C656E2875FA
:1048E000617274335F72785F627566666572293AC9
:1048F0002564200A00000000257300002DE9F35F05
:104900000C4622F0B9FF07464FF47A700025DFF815
:10491000C490DFF8C4A0DFF8C4B0314E44438046F1
:104920004FE000BF99F8001000294AD089F80050E4
:104930002CA10098EBF758FD48B92BA0DAF800102D
:1049400007F08EF8BBF8001031A007F089F8316845
:104950000098EBF749FD28B100993068EBF715FD99
:1049600000282ED032A10098EBF73EFD28B11DA102
:104970000098EBF739FDF0B120E030682F4E30A100
:10498000EBF703FD98B10E3004462221EBF71BFD37
:1049900068B1071B102F0AD23A4621463046EBF782
:1049A00006FDF55531462AA007F05AF806E02FA07B
:1049B00007F056F80CE035A007F052F80120BDE8EA
:1049C000FC9F22F059FFC11BB4FBF8F08142A9D330
:1049D0000020F4E79C010020B4000020FA00002031
:1049E000B00000203F3F3F00556172743320526594
:1049F00063656976656420646174612066726F6DB9
:104A000020455350383236363A2025730A000000CC
:104A100055617274332052656365697665642064FC
:104A2000617461206C656E6774683A25640A0000E1
:104A300041542B4349465352000000006468002053
:104A40002B43494653523A53544149502C220000BB
:104A500045787472616374656420495020616464B0
:104A6000726573733A2025730A0000004661696C11
:104A7000656420746F206578747261637420495096
:104A800020616464726573730A0000006964656E76
:104A9000746963616C200A0010B586B00446142165
:104AA0006846EBF767FC2046EBF797FC024608A147
:104AB000684606F0FDFF684606F07AFE0028FAD048
:104AC000204606F0F7FD0028FAD006B010BD000021
:104AD00041542B43495053454E443D302C25640DE1
:104AE0000A0000002DE9104006F028FE0028FBD047
:104AF00010BD0000064908B509684FF4FA52B1FB31
:104B0000F2F14143009100BF491E0091FBD208BD64
:104B1000D801002038B50446006800F5805081694E
:104B200041F480118161206800F580508069009017
:104B30000120FFF7DFFF2068009900F580508161B8
:104B400038BD0000014800F018BF0000AC64002030
:104B50002DE9F041044621B14FF40060E060C0004F
:104B6000A060E0690025002861D02846236840261F
:104B700019683A4A1140D4E902273A43024342F401
:104B800000700843186020680768012000F09FFD4E
:104B9000206807602068466020684668012000F0B1
:104BA00096FD20684660206885602068C5602168A1
:104BB00088694FF64172104040F08000886120689B
:104BC0008669012000F083FD206886612068C56148
:104BD0002068C569012000F07AFD2068C56122685F
:104BE00002F5805290691E4908401E4901439161B7
:104BF000206800F580508569012000F068FD20687C
:104C000000F5805085612068174900F580500160EB
:104C1000206800F580500568012000F058FD2068EC
:104C200000F580500560A069012803D009E04FF429
:104C300080609BE7206800F58050C1690B4A1143F2
:104C4000C16160690A4982880A640278D0F801006B
:104C500042EA00204864BDE8F08100000F8120FF97
:104C6000233FDEF8040020028020C1024000010042
:104C700000800240FEB514460D4607466426CDE985
:104C8000005401233A46A1210348029601F0D0FBCB
:104C90000028F4D1FEBD0000803300202DE9FE4342
:104CA000642614460D46804601270FE0CDE90057E3
:104CB00001234246A0210848029601F0B5FC0028D5
:104CC000F4D108F101001FFA80F86D1C641EA4B233
:104CD000ECD2BDE8FE830000803300207047002244
:104CE000AFF3008030B50E4B054601209C7B022CB3
:104CF00015D2987B00241C54987B03EB8000456000
:104D00009D7B03F10C002A54987B421C9A7330302F
:104D100008703A2048702F208870CC70002030BD79
:104D2000946B002070B5B3F5804F05D06FF07041E3
:104D300040F82210002070BD50F82240084B8E89A8
:104D40001C40D1E9003543EA05138D6889692D02BD
:104D500045EA06452B430B43234340F82230E9E75D
:104D60000000F0CFF0B50C6850F82430114A134021
:104D7000D1E90125D1E903672A433E4332434E6915
:104D800032438E693243CE6932430E6A32434E6AF1
:104D900032438E6A3243CE6A3243CE6B096B324362
:104DA0000A431A43082D01D142F0400240F8242062
:104DB0000020F0BD8000F0FF30B500EB82025068AB
:104DC0008D8900F04043D1E9000440EA04108C686A
:104DD000240244EA054420430C8A074D05EB0454A1
:104DE00020430C7D6D0105EB046489692043084371
:104DF00018435060002030BD0000F0FF704770473E
:104E00001CB50E4C214694F84400496800064FF04A
:104E100000000DD48847A08E00040CD501A9684677
:104E200020F070FEBDF80000A0F6FF7040421CBDEF
:104E30008847A0891CBD00201CBD00003000002058
:104E40001CB50B4C94F8440000060CD4616800209B
:104E50008847A08E000408D5694601A820F052FEBC
:104E6000BDF800001CBD208C1CBD00201CBD000036
:104E70003000002010B508A006F0F2FD10484FF0F9
:104E8000FF31406E22F0C2FB012803D1BDE8104083
:104E900004F00EBA10BD00004755495F5461736BB2
:104EA0002D2D2D2D2D2D2D2D2D2D2D2D2D2D2D2D32
:104EB0002D2D2D2D2D2D2D2D2D2D3E0A00000000E8
:104EC000F800002010B54FF4A0442146022015F050
:104ED0001BFA2146EDF7AEFCBDE810400148F1F7A2
:104EE00069BC000054D5030817F054B817F0F9B99D
:104EF00017F065B8704700007CB500246846009440
:104F000017F001F9044D0121286001A8019417F060
:104F100057F968607CBD0000F802002002484FF09D
:104F2000FF31006817F01AB9F80200200148006844
:104F300017F0ECB8F802002078B50024009490F83F
:104F40003C20012A19D0012280F83C200A6807235E
:104F50000568092A13D9EE680A3A02EB4202934027
:104F60009E43EE600B788A680A3B03EB43039A404A
:104F70000368DD682A43DA6010E0022078BD2E69FC
:104F800002EB420293409E432E610B788A6803EB4A
:104F900043039A4003681D692A431A614A681F2324
:104FA000072A13D205686E6B521E02EB82029340F1
:104FB0009E436E630B790A885B1E92B203EB8303F8
:104FC0009A4003685D6B2A435A6327E005680D2AFF
:104FD00012D22E6BD21F02EB820293409E432E63AD
:104FE0000B790A88DB1F92B203EB83039A400368B4
:104FF0001D6B2A431A6311E0EE6A0D3A02EB82023E
:1050000093409E43EE620B790A880D3B92B203EB0C
:1050100083039A400368DD6A2A43DA62164B056807
:10502000144A9D4206D10D68122D03D1556845F4EE
:105030008005556005689D4218D10B68102B01D082
:10504000112B13D1536843F40003536009681029EE
:105050000CD10A490A4A0968B1FBF2F101EB81015E
:10506000490000E0491E00910029FBD180F83C4036
:10507000002078BD0023014000200140D80100201D
:1050800040420F000068C06C704770B504004FF0DC
:10509000000503D0206C002610B107E0012070BD90
:1050A000204600F01DF8666484F83C60206CC00661
:1050B00010D4206C20F4885040F002002064204678
:1050C000FEF732FF6664206C20F0020040F0010021
:1050D000206400E0012584F83C60284670BD000093
:1050E00010B586B0044614216846EBF743F9114920
:1050F000206888421CD110480021026842F4806276
:105100000260006800F4806005900B481438026863
:1051100042F020020260006800F02000059080202C
:1051200000900320CDE901016946044800F0AEFF7C
:1051300006B010BD00220140443802400014024075
:105140002DE9F041044600680D4681684FF00007E4
:1051500049050BD58068C00508D5206C40F02000BB
:10516000206484F83C700120BDE8F08101F096F8DD
:10517000064613E0681C11D025B101F08FF8801BA2
:10518000A8420BD920680068800707D4206C40F043
:105190000400206484F83C700320E5E72068006880
:1051A0008007E7D521686FF012000860206C40F49A
:1051B000007020642068816811F0405F13D1217E67
:1051C00089B9C16A11F4700F02D0806840050AD411
:1051D000206C20F480702064206CC00403D4206C08
:1051E00040F0010020640020BEE7000018B5002157
:1051F000009190F83C20012A07D0012280F83C2041
:1052000002689368DB0702D011E0022018BD9368A2
:1052100043F0010393602E4A2E4B1268B2FBF3F267
:1052200002EB420200E0521E0092002AFBD102680B
:105230009368DB0742D0036C40F20164A34343F45C
:105240008073036453685B0505D5036C23F4005336
:1052500043F480530364036CDB0404D5436C23F0F4
:105260000603436400E0416480F83C101A496FF083
:105270002203136049680068CA06184906D08842AC
:1052800024D1816811F0405F13D01FE08842F8D02C
:10529000134A904203D1D1F80423D206F1D0114A27
:1052A000904213D1D1F8041301F01F011029E8D363
:1052B0000CE0816841F08041816007E0016C41F0C1
:1052C00010010164416C41F001014164002018BDEE
:1052D000D801002040420F0000230140002001407F
:1052E000002101400022014010B5040002D0607985
:1052F00010B106E0012010BD00202071204600F012
:1053000005F801206071002010BD000008B500689C
:105310000649884208D10648016841F4805101607D
:10532000006800F48050009008BD0000003002408A
:10533000303802402DE9F0410446876D00F0AEFFA1
:10534000064694F835000025022806D080206065C6
:1053500084F834500120BDE8F0812068016821F014
:10536000160101602068416921F080014161206CD3
:1053700008B9A06C20B12068016821F00801016023
:105380002068016821F0010101600BE000F086FF58
:10539000801B052806D92020606504F8345F0320AF
:1053A0006070D8E720680068C007EFD194F85C10FF
:1053B0003F208840B86004F8345F0120607000200E
:1053C000C9E790F83510022903D0802141650120FA
:1053D0007047052180F835100068016821F001014F
:1053E000016000207047406D704700002DE9F843D0
:1053F00004464FF00009CDF8009063484FF4165171
:10540000A56D0068B0FBF1F72E6894F85C100820D9
:1054100000FA01F131420FD021680A6852070BD51A
:105420000A6822F004020A6094F85C108840A860C0
:10543000606D40F00100606594F85C104FF0010869
:1054400008FA01F0304208D021684969090604D5FC
:10545000A860606D40F00200606594F85C10042064
:105460008840304208D021680968890704D5A860BF
:10547000606D40F00400606594F85C101020884076
:10548000304218D021680968090714D5A86020683F
:105490000168490304D50068000308D5A16C07E042
:1054A0000168C90503D4016821F008010160216C7D
:1054B00009B12046884794F85C102020884030428B
:1054C00031D021680968C9062DD5A86094F8350047
:1054D00005282068016806D0490347D50068000305
:1054E0001DD4616C1CE021F0160101602068416947
:1054F00021F080014161206C08B9A06C20B12068C6
:10550000016821F00801016094F85C103F20884098
:10551000A86084F8349084F83580216D1FE0E16B39
:1055200009B120468847606D00282BD0606DC00708
:1055300014D0052084F835002068016821F00101AD
:1055400001600098401C0090B84203D820680068B1
:10555000C007F6D184F8349084F83580E16C0029D6
:1055600010D001B02046BDE8F04308470168C905E6
:10557000D5D4016821F01001016084F8349084F8DA
:105580003580CCE7BDE8F883D80100202DE9F04153
:10559000044600F083FE06465CB1002584F83450D2
:1055A000022084F835002068016821F001010160C3
:1055B0000DE00120BDE8F08100F070FE801B0528A1
:1055C00005D920206065032084F83500F2E72068C3
:1055D0000068C007F0D12268116820480140D4E972
:1055E00001031843D4E9033633431843636918436E
:1055F000A3691843E3691843236A18430843616A9F
:10560000042903D1D4E90B1319430843106020681F
:105610004069666A20F0070130460E4301270428DE
:105620000CD1A06A0643E06A40B12046FEF774FE42
:1056300020B14020606584F83570BAE72068466183
:105640002046FEF755FE94F85C203F219140816092
:10565000656584F835700020ACE700003F8010F0ED
:105660002DE9F0410446866D90F8340000250128AC
:105670000DD0012084F8340094F835700020012FFB
:1056800007D084F8340002252846BDE8F0810220C6
:10569000FBE7022784F8357060652046FEF766FE5A
:1056A00094F85C103F208840B0602068016841F0A9
:1056B00016010160206C20B12068016841F00801EA
:1056C00001602068016841F001010160DCE780B2FF
:1056D00009F03CBA2DE9F041054690F845000C462A
:1056E000012875D0012685F84560022085F8440020
:1056F000002C70D02A68116841480140D4E90003A9
:105700001843D4E902373B431843AB681843236975
:10571000184363691843EB681843A3691843E369A6
:105720001843236A1843636A1843A36A184308435B
:105730001060286807680120FFF7C9FF2868076024
:10574000D4E90B010843D4E90D1211430843E16B7E
:105750000843216C0843616C0843A16C0843296825
:105760004860286847680120FFF7B1FF2868476054
:105770002968E06C88602968206DC8602A68916992
:105780004FF641700140D4E916031843B4F8547041
:10579000236E43EA07431843636E1843A36E18430E
:1057A00008439061286887690120FFF790FF286807
:1057B0008761D4E91B0108432968C8612868C46966
:1057C0000120FFF784FF2868C46114E000E002E0D4
:1057D0000220BDE8F0812968086820F49042D5E9EC
:1057E0000203184310430860286804680120FFF78B
:1057F0006EFF2868046005F8446F00206870E8E7D1
:105800000F8120FF2DE9F04390F845400025012C41
:105810000DD04FF0010C80F845C0022480F84440C0
:1058200044F2F4574FF000495E1E816217E00220F7
:10583000BDE8F08301EB4514C4F80090C5EBC51832
:1058400008EB480802EB8808C4E90178B54204D2A5
:1058500004F12008C4F80C8000E0E1606D1C9D425A
:10586000E8D3026802F58052D16080F844C000217C
:1058700080F845100846DBE72DE9F043914690F8A3
:1058800045200024012A0AD0012680F84560022222
:1058900080F844204FF4801C5D1EC1621BE0022092
:1058A000BDE8F08301EB4412C2F800C0C4EBC4179A
:1058B00007EB470809EB88079760C7691FB91768A6
:1058C00047F440071760AC4203D202F12007D760CB
:1058D00000E0D160641C9C42E4D3026802F580526F
:1058E000116180F84460002180F845100846D7E730
:1058F000704730B590F845100023012908D00122E7
:1059000080F84520022180F844100024816A1AE0C2
:10591000022030BD0D685B1CC5F30125022D0AD0A5
:105920000D6815F4407F09D04163836B5B1C836372
:10593000012B12D012E08263016302E0856B6D1CC3
:105940008563C96881620D68002D01DB042BE1D3FA
:1059500000F8442F4470012030BD01630B68C3F38D
:105960000D431B1FC363036B9B680364C96840F846
:10597000281F02774477002030BD70B504460068C8
:1059800000F5805041694FF0000549064FF00106CF
:1059900008D5204600F0DCF92068402100F5805051
:1059A000416109E04069C0070AD0204600F0DEFAF4
:1059B000206800F58050466184F8446084F84550C2
:1059C00020684FF4803100F580504161206800F577
:1059D0008050406900040CD52046FFF789FF2068FD
:1059E0004FF4004100F58050416184F8446084F830
:1059F000455070BD2DE9FC474FF000060400B1464C
:105A0000009603D094F8440018B107E00120BDE8E7
:105A1000FC8784F84560204600F0E4F86748016898
:105A200041F480410160006800F4804001906448C6
:105A3000016821F4000101600168226A11430160DC
:105A4000206800F58050016841F00101016000F01C
:105A500025FC05464FF4FA7709E000BF00F01EFC74
:105A6000401BB84203D9032004F8440F67E02068C4
:105A700000F580500068C007F0D12068006920F070
:105A80001C0501F011F84F494F4A0144914202D2DE
:105A900045F0080516E04D494D4A0144914202D2B5
:105AA00045F00C050EE04B494B4A0144914209D3A5
:105AB0004A4908444A49884202D245F0040501E0B7
:105AC00045F01005206805614FF400420021204692
:105AD00000F04EFA0125A8BBFF20FFF7F8FD606833
:105AE00088B300F0DBFB804641F288376A4601212B
:105AF000204600F0EBF800F0D1FBA0EB0800B84224
:105B000017D800984007F1D54FF480520021204665
:105B100000F02EFAB0B900F0C1FB80466A460121C0
:105B2000204600F0D3F800F0B9FBA0EB0800B84223
:105B30000AD901212046FFF70BF804F8445F03203F
:105B4000667064E726E01AE000988006E6D56A46AB
:105B50001121204600F0BAF8E0B90098810403D57D
:105B60004FF40061E16000E0E66044F2100181431F
:105B700003D04FF48040A06017E0A66015E0E06815
:105B8000A168C00840EA510082B20021204600F01E
:105B9000EFF930B101212046FEF7DAFF84F84450D6
:105BA00034E740F6FF70FFF792FD49462046FEF7C6
:105BB000CFFF84F84450002029E700004438024019
:105BC0000438014000D3CEFEC0E1E40040F1E9FD1D
:105BD00040787D0100796CFC005A6202001F0AFACD
:105BE00080F0FA02F0B587B0044614216846EAF75F
:105BF000C1FB3149206888425BD1304800240168EC
:105C000041F000710160016801F0007105910168C7
:105C100041F080610160016801F0806105910168D7
:105C200041F000610160016801F0006105910168C7
:105C300041F004010160016801F00401059101686F
:105C400041F001010160016801F001010591016865
:105C500041F0400101600068022500F0400005901D
:105C60003220CDE9000502AA03260B2782E8D000E6
:105C70006946134800F00AFA8620CDE9000502AA19
:105C8000694682E8D0000F4800F000FA4FF4D04097
:105C9000CDE9000502AA694682E8D0000A4800F072
:105CA000F5F9002205213D2000F012FE3D2000F014
:105CB00001FE07B0F0BD0000008002403038024015
:105CC0000008024000000240001802402DE9F047A1
:105CD000044690F84400914682281DD0822084F822
:105CE0004400226810694FF6FF7500F01C03208AFB
:105CF00005EAC02018434FF4F86303EA8111014319
:105D000021F0020040F00105156100F0C7FA0646D7
:105D100001274FF4803810E00220BDE8F08700BF73
:105D200000F0BCFA801B404505D304F8447F0020F6
:105D300060700320F1E720680569E807F0D120686A
:105D4000406981B2C9F8001084F844700020E4E78B
:105D50000148006816F054BA98010020F8B50446CE
:105D600090F84500012839D0012584F845500220DB
:105D700084F8440020680026016841F008010160B1
:105D80002068006800902846FEF7B4FE216800985D
:105D900008602068016841F0040101602068006823
:105DA00000900120FEF7A6FE2168009808602046BA
:105DB000FEF7B0FE206800F58050816941F4005183
:105DC0008161206800F58050816941F002018161A4
:105DD00084F8445084F845600020F8BD0220F8BDE6
:105DE000F8B5044690F84500012839D0012584F81B
:105DF0004550022084F84400206800F580508169F5
:105E000021F400518161206800F58050816921F002
:105E10000201816120680026016821F0040101600F
:105E20002068006800900120FEF764FE2168009859
:105E300008602046FEF76EFE2068016821F0080128
:105E400001602068006800900120FEF753FE216881
:105E50000098086084F8445084F845600020F8BD3C
:105E60000220F8BDF0B590F845200023012A11D09A
:105E7000012780F84570022280F84420002459B19F
:105E8000C66A3268002A0ADA122100F8441F4470F8
:105E90000120F0BD0220F0BD00F8447FF7E740F29A
:105EA000F455A9420BD9B1FBF5FCB1FBF5F205FBAA
:105EB0001C1CBCF1000F00D0521C012A43D13268D7
:105EC00042F040523260C26AC1F30C015160C16AB3
:105ED0000A6842F000420A60C16AC968C16234E0DF
:105EE000D6F800C02CF0405CC6F800C033B9C66AD2
:105EF000D6F800C04CF0805CC6F800C0C66A756079
:105F0000561EB34214D1C66AD6F800C04CF0005CED
:105F1000C6F800C0C2F10106C6EBC61606EB46067F
:105F2000D0F82CC001EB8606C6F30C06CCF8046052
:105F3000C66AD6F800C04CF0004CC6F800C0C66A6D
:105F40005B1CF668C6629342CAD3016801F58051B2
:105F50004A69520705D504224A61016801F580515A
:105F60004C6000F8447F44700020F0BD7047000092
:105F70002DE9F041044690F8440042281ED042200A
:105F800084F84400236818694FF6FF7600F01C057A
:105F9000208A06EAC02028434FF4F86505EA8111FB
:105FA000014390B241F0030558612068056100F09B
:105FB00075F9064601274FF4803810E00220BDE84D
:105FC000F08100BF00F06AF9801B404505D304F85A
:105FD000447F002060700320F1E720680569E8072E
:105FE000F0D184F84470EAE7F0B587B01421684630
:105FF000EAF7C0F91F480168002939D1012404607B
:106000001D48016841F0010101600068022500F0AF
:10601000010005904FF23F00CDE9000502AA0326DA
:106020000C2782E8D0006946144800F02FF841F2AE
:106030003F40CDE9000502AA694682E8D000104839
:1060400000F024F84FF68370CDE9000502AA6946F6
:1060500082E8D0000B4800F019F84FF63370CDE914
:10606000000502AA694682E8D000074800F00EF851
:1060700007B0F0BD7801002038380240001402401B
:106080000018024000100240000C02402DE9F84FB9
:10609000DFF8B8A1002201250AF1040B03264FF016
:1060A0000F090BF1040E00BF0B6805FA02F4234040
:1060B000A3426FD10F7907F00307012F01D0022F00
:1060C00016D187684FEA420806FA08FC27EA0C074F
:1060D000D1F80CC00CFA08FC4CEA070CC0F808C058
:1060E0004768A7430C79C4F3001494403C434460D0
:1060F0000C79E443A4070AD0C4684FEA420C06FABC
:106100000CF7BC438F6807FA0CF72743C7600C797C
:1061100004F00304022C12D1D40800EB840CDCF848
:1061200020405707FF0E09FA07F824EA0804D1F8BF
:10613000108008FA07F848EA0408CCF820800468C0
:106140004FEA420C06FA0CF7BC430F7907F003073D
:1061500007FA0CF7274307604C68E40070D53C4C05
:10616000276847F480472760246822F0030704F477
:1061700080440094374C07EB040CDCF80848970780
:106180004FEA177809FA08F7BC43334FB84202D1F7
:10619000002724E054E0314FB84201D101271EE02E
:1061A0002F4FB84201D1022719E02E4FB84201D13A
:1061B000032714E02C4FB84201D104270FE02B4FE6
:1061C000B84201D105270AE0294FB84201D106277C
:1061D00005E0284FB84201D1072700E0082707FA59
:1061E00008F72743CCF80878DAF800405746D1F88A
:1061F00004C09C435FEACC3C00D51C433C60DBF808
:1062000000405F46D1F804C09C435FEA8C3C00D557
:106210001C433C60DEF800407746D1F804C09C4344
:106220005FEACC2C00D51C433C60084F0C373C681F
:10623000D1F804C09C435FEA8C2C00D51C433C6021
:10624000521C102AFFF430AFBDE8F88F003C01402B
:106250004438024000300140000002400004024087
:1062600000080240000C02400010024000140240EE
:1062700000180240001C02400069084000D00120C4
:106280007047426921EA02030A4043EA0241816100
:1062900070470AB1816170470904FBE701488068D3
:1062A00070470000CC01002070B5040025D094F8A0
:1062B0003D00002520B984F83C50204600F04CFAFF
:1062C000242084F83D002068016821F0010101606C
:1062D0002068016841F4004101602068016821F4F0
:1062E0000041016000F0E6FB4D4A6168914201D82F
:1062F0004C4900E04C49884201D2012070BD4B4915
:106300002368B0FBF1F15E6826F03F060E435E6045
:106310006368934206D94FF4967359434FF47A73E6
:10632000B1FBF3F12368491C1E6A26F03F06314396
:1063300019626168914210D84900401EB0FBF1F229
:10634000521CC2F30B02042A01D2042022E0B0FB4B
:10635000F1F0401CC0F30B001CE0A268F2B301EBAB
:10636000C10303EB0116431EB3FBF6F35B1C43F4BE
:1063700080431B0549D092B301EBC10202EB01112E
:10638000401EB0FBF1F0401CC0F30B0040F4804015
:1063900040F400402168CA694CF6FF739A431043E9
:1063A000C861D4E9071001432068026822F0C002E6
:1063B00011430160D4E9030101432068826848F277
:1063C000FF339A4311438160D4E9050108432168F2
:1063D000CA6822F0FF021043C86001E00EE016E038
:1063E0002068016841F0010101602564202084F8E3
:1063F0003D00256384F83E50002070BD01EB41064E
:10640000431EB3FBF6F35B1CB3E70120C2E701EBCD
:106410004101401EB0FBF1F0401CC0F30B00B7E798
:10642000A086010080841E0000093D0040420F004C
:106430002DE9FF4F83B09A46DDE911979346044654
:10644000DDF84080FFF72AFF054694F83D0020283C
:1064500070D11923012271492046009502F096F867
:106460000028F5D194F83C00012863D0012084F87D
:106470003C0020680168C90703D1016841F00101AF
:1064800001602068016821F400610160222084F825
:106490003D00402084F83E0000262664C4F8248095
:1064A000A4F82A90608D20855D48E062CDE90075F2
:1064B00053465A462046049901F070FF00287CD1CB
:1064C000208DD0B1012821D00228206824D0416934
:1064D00080690090208D032869D801282BD051496C
:1064E00002283B464FF00002009559D088462046CE
:1064F00002F04CF8002860D13CE0206841698169D5
:106500000091016841F40071016077E02068016842
:1065100021F480610160F0E7016821F4806101608D
:106520002068016841F40061016020684169806968
:10653000009063E06FE02A463946204602F0A5F855
:1065400098BB20680069616A08704EE020680168A5
:1065500041F40071016020680069616A0870606A36
:10656000401C6062218D491E2185618D491E618517
:10657000216838E02068016821F4806101602068AA
:106580000069616A0870606A401C6062208D401E6C
:106590002085608D401E60853B4600224146009567
:1065A000204601F0F3FF00B9D0E706E0FFE72A46F6
:1065B0003946204602F069F818B1012007B0BDE85D
:1065C000F08F20680069616A0870606A401C606230
:1065D000218D491E2185618D491E618521684A6989
:1065E000D24352070AD409690170606A401C606294
:1065F000208D401E2085608D401E6085208D0028E6
:106600007FF468AF202084F83D0084F83E6084F871
:106610003C600020D2E70220D0E70000020010001A
:106620000000FFFF040001002DE9FF4F83B09A46F0
:10663000DDE9119793460446DDF84080FFF72EFE12
:10664000054694F83D0020287FD1192301224049B6
:106650002046009501F09AFF002876D194F83C007E
:10666000012872D0012084F83C0020680168C90725
:1066700003D1016841F0010101602068016821F443
:1066800000610160212084F83D00402084F83E0034
:1066900000262664C4F82480A4F82A90608D208502
:1066A0002C48E062CDE9007553465A4620460499CD
:1066B00001F0F2FE70B930E02A463946204602F079
:1066C00017F858B1206C042804D12068016841F4FF
:1066D00000710160012007B0BDE8F08F606A216899
:1066E00000780861606A401C6062218D491E89B291
:1066F0002185628D521E628522685369DB435B07E8
:106700000BD469B100781061606A401C6062208D12
:10671000401E2085608D401E6085208D0028CBD1D5
:106720002A463946204601F00BFF0028CAD154F80A
:106730003D0B016841F400710160202004F81E093E
:10674000E67766770020C6E7FFE70220C3E7000090
:10675000020010000000FFFF10B586B004461421AF
:106760006846E9F707FE14492068884221D113489A
:10677000016841F0020101600068694600F0020012
:1067800005904FF44070009012200190012002907B
:1067900003200390042004900948FFF777FC074882
:1067A0001030016841F400110160006800F400102D
:1067B000059006B010BD0000005400403038024083
:1067C00000040240024881680278114481607047E9
:1067D000CC0100200B4810B5016841F40071016044
:1067E000016841F480610160016841F480710160D9
:1067F000032000F08DF8002000F006F800F03EF8CD
:10680000002010BD003C024010B5014688B00022B7
:10681000192000F05DF8192000F04CF8134800240E
:10682000016841F001010160006805A900F0010064
:106830000690684600F018F900F04CF90C49400049
:10684000B0FBF1F10C480B4A491E026040F2E732FE
:10685000C0E90324C0E9011401F084F910B101205A
:1068600008B010BD044801F0ABF9F9E74438024024
:1068700040420F00000001401C6800200C4882B01C
:10688000016841F480410160006800F4804000909C
:106890000748001F016841F0805101600068002234
:1068A00000F0805000900F21901E02B000F010B850
:1068B00044380240002809DB00F01F02012191400A
:1068C0004009800000F1E020C0F80011704700008E
:1068D000F0B40E4B1B680C46C3F30223C3F107054B
:1068E000042D00D90425191D072901D2002300E039
:1068F000DB1E012606FA05F1491E214099409E4003
:10690000761E16403143F0BC05F0E6B80CED00E011
:10691000064900F0070208684FF6FF03184040EAF6
:106920000220034A10430860704700000CED00E0AD
:106930000000FA052DE9F0470E46050065D0DFF8A6
:106940001481D8F80000F7B200F00700B04207D277
:1069500088F80070D8F8000000F00700B04254D169
:1069600028683D4C810712D5400703D5206840F4C4
:10697000E05020602878000703D5206840F460408C
:1069800020602068A96820F0F00008432060287883
:10699000C0072DD0304968680839012812D0022874
:1069A00013D0032811D00968890700292DDA21683E
:1069B00021F0030101432160FFF770FC814641F2A1
:1069C000883A0EE009688903EFE709688901ECE776
:1069D000FFF764FCA0EB0901514502D90320BDE893
:1069E000F0872068696800F00C00B0EB810FEFD1F0
:1069F000D8F80010404601F00701B14207D90770EE
:106A0000006800F00700B04201D00120E7E72878D5
:106A1000400705D52068E96820F4E050084320606D
:106A20002878000706D52068296920F4604040EAEC
:106A3000C100206000F05EF82168084AC1F303112C
:106A4000515CC8400649086006480068FFF7DCFE54
:106A50000020C4E7003C024008380240207D0308C3
:106A6000D8010020D00100200F2202600C4A1368D8
:106A700003F003034360136803F0F00383601368BB
:106A800003F4E053C36012684FF4E05303EAD20208
:106A900002610448006800F00700086070470000C9
:106AA00008380240003C024001480068704700007E
:106AB000D80100200448054900680968044AC1F368
:106AC0008221515CC8407047D8010020083802403C
:106AD000307D03080448054900680968044AC1F389
:106AE0004231515CC8407047D8010020083802404C
:106AF000307D0308154810B5006810F00C021448EA
:106B000013D04110042A0FD0082A0ED10F4C241F95
:106B10002268236802F03F025B0207D52068C0F3B9
:106B20008810A0FB010106E0084610BD2168C1F3F2
:106B30008811A1FB00010023E9F7A2FB2168C1F342
:106B40000141491C4900B0FBF1F010BD083802407A
:106B50000024F4002DE9F84F04006ED02078DFF80F
:106B60004C93C007A9F104054AD009F1040001685B
:106B7000C1F38101012908D00068C0F38100022817
:106B80000AD1D9F80000400206D52868800337D51D
:106B900060680028E1D033E06068B0F5803F10D035
:106BA000B0F5A02F286810D020F480302860286825
:106BB00020F4802028606068A8B1FFF76FFB0646CC
:106BC0000DE0286840F48030F4E740F4802028602D
:106BD000F7E700BFFFF762FB801B642873D82868C3
:106BE0008003F7D50CE0FFF759FB064605E000BF30
:106BF000FFF754FB801B6428F0D828688003F7D483
:106C00002078DFF8AC8280074FF0000A3ED5A74815
:106C1000001D016811F00C0F08D00068C0F381005E
:106C200002280BD1D9F80000400207D42868800759
:106C300016D5E068012800D112E033E1E068B8B170
:106C40000120C8F80000FFF729FB064605E000BF59
:106C5000FFF724FB801B0228C0D828688007F7D5DF
:106C60002868216920F0F80040EAC10028600DE0A2
:106C7000C8F800A0FFF712FB064604E0FFF70EFB82
:106C8000801B02281FD828688007F7D420780007C7
:106C900022D5864F87486169703771B10121016043
:106CA000FFF7FCFA064604E0FFF7F8FA801B02281B
:106CB00009D838688007F7D50EE0C0F800A0FFF7C4
:106CC000EDFA064605E082E0FFF7E8FA801B0228AD
:106CD0007DD838688007F7D42078400768D5DFF87A
:106CE000CCB100270BF13C0BDBF80000C0000BD44B
:106CF000DBF8001041F08051CBF80010DBF8000009
:106D0000012700F0805000906B4E3068C00510D411
:106D1000306840F480703060FFF7C0FA009005E002
:106D2000FFF7BCFA0099401A022850D83068C00515
:106D3000F6D55E4EA0686C3601280FD00528306865
:106D400010D020F001003060306820F00400306086
:106D5000A068B8B1FFF7A2FA00900FE0306840F0E9
:106D60000100F4E740F004003060F7E7FFF796FA1F
:106D70000099411A41F28830814266D83068800714
:106D8000F4D50EE0FFF78AFA009007E0FFF786FAE5
:106D90000099411A41F28830814256D83068800704
:106DA000F4D42FB1DBF8001021F08051CBF80010A3
:106DB000A069C8B33D49091D0968C1F381010229D1
:106DC0004AD00228504607D0C8F8600000E03CE0F6
:106DD000FFF764FA04463BE04746C8F86000FFF757
:106DE0005DFA064605E000BFFFF758FA801B02284F
:106DF0002BD828688001F7D4D4E907010843A16A99
:106E00002E4A490802EB0141626A41EA82110843B5
:106E100094F82C1040EA0161C9F80010012038668E
:106E2000FFF73CFA044606E03EE000BFFFF736FA03
:106E3000001B022809D828688001F7D534E000BF7C
:106E4000FFF72CFA001B022802D90320BDE8F88FB7
:106E500028688001F4D427E00128F7D0D9F8000091
:106E6000E26900F4800191421CD1226A00F03F01E6
:106E7000914217D147F6C071626A0140B1EB821F9F
:106E800010D1A26A4FF0FF3300F4403103EB5202FD
:106E9000B1EB024F06D194F82C1000F07060B0EB0B
:106EA000016F01D00120D1E70020CFE70438024074
:106EB00000004742800E4742007000400000FFFF84
:106EC00010B5FDF7C5F810BD2DE9FE4304460026B8
:106ED00003200D4684F83400606C03285ED0B5F5BD
:106EE000805F5BD04FF4006700204FF08068BD42A8
:106EF0001FD18146009001900021206802F086FA9F
:106F0000800113D46946204602F06EFE07000DD1C1
:106F10000198400334D5B4F850000104206802F011
:106F2000B1FA070002D10221206823E0A06B3843A8
:106F300028E01DB1A06B40F0006023E08146009086
:106F400001900021206802F061FA8001EED46946C8
:106F5000204602F049FE0700E8D10198C0030FD592
:106F6000B4F850000104206802F08CFA0700DDD16B
:106F70000021206802F0D3FA0700D7D14F46D5E7A9
:106F80004746D3E7A063A06B144F4FF0010848B108
:106F90002068876384F8348001260EE0A06B40F0FF
:106FA0008050EFE7211DD4E9050C0EC9CDE9005052
:106FB000CDF808C0206802F033FA4FF40071206861
:106FC00002F094FA28B121688F63A16B0143A16399
:106FD000012684F834803046BDE8FE83FF0540007A
:106FE00070470000F0B5426E920F0A70426EC2F315
:106FF00083624A70426EC2F301628A70426E120C62
:10700000CA70B0F86420120A0A7190F864204A71BC
:10701000826E120DCA80826EC2F303420A72B0F809
:107020006820C2F3C0324A72B0F86820C2F38032DE
:107030008A72B0F86820C2F34032CA72B0F8682091
:10704000C2F300320A7300264E73426C4FF400758F
:10705000012462B1012A3AD0026847499163816BE9
:1070600041F08051816380F834400120F0BDB0F8D8
:107070006820C36E9205120D42EA93720A61C26ED5
:10708000C2F3C2620A75C26EC2F302624A75C26E70
:10709000C2F342528A75C26EC2F38242CA75C26E90
:1070A000C2F3C2320A760A69521C42650B7E03F0B3
:1070B00007039B1C9A4042650B7A03F00F0704FA02
:1070C00007F383655B0A5A43C0E917250EE090F881
:1070D0006820C36E9206920A42EA13420A610A6964
:1070E000521C92024265C0E91652056630F86C2FB8
:1070F000C2F3803201F8192F0288C2F3C6124A7017
:10710000027802F07F028A704268D20FCA70426829
:10711000C2F341720A714268C2F382624A714268E4
:10712000C2F383528A714268C2F34052CA710E722E
:107130004268C2F300424A728288C2F3C0328A7245
:107140008288C2F38032CA728288C2F340320A73E4
:107150008288C2F300324A738288C2F381228A7322
:107160008288C2F30122CA730079C0F34600087412
:107170004C740020F0BD0000FF054000426C0A6026
:10718000826C4A60C26C8A60026DCA60426D0A619C
:10719000826D4A61C26D8A61006EC86100207047CD
:1071A00070B50446B0F8500000250104206802F0D4
:1071B000C0FA18B1A16B0143A16304E0002120686B
:1071C00002F024F90546C5F3432070BDF8B5056B00
:1071D00004460068416B09041BD5290719D5D4E979
:1071E0000A56002E14D00027206802F033F905F863
:1071F000010B010A05F8011B010C05F8021B000E2A
:10720000361F7F1C05F8010C082FEDD3C4E90A5680
:10721000F8BD416B4FF00006C9054FF0010744D59A
:10722000390281632068C16B4CF23A329143C163E9
:107230002068C16A21F00101C16228071DD515F03F
:10724000220F09D0206802F0A5FA28B1A16B0143F2
:10725000A1632046FFF7C4FE216840F23A508863DC
:1072600084F834702663A80703D0204600F030FA73
:10727000F8BD204600F030FAF8BD2806FCD5A80677
:1072800009D5206802F086FA28B1A16B0143A163F9
:107290002046FFF7A5FEA807EED12068C16A21F0BD
:1072A0000801C16284F83470E3E7416B490424D5D6
:1072B000290722D5D4E90856002EDDD05FF000075B
:1072C00015F8010B009015F8011B361F40EA01204C
:1072D000009015F8021B40EA0140009015F8011CCF
:1072E00040EA016000906946206802F0C6F87F1C01
:1072F000082FE5D3C4E90856F8BD416B40F23A22A5
:107300001142F9D0416B890703D5A16B41F002010D
:10731000A163416B090703D5A16B41F00801A1638B
:10732000416B890603D5A16B41F02001A163416B3C
:10733000C90603D5A16B41F01001A163416B89051A
:1073400003D5A16B41F00801A16340F23A7181635A
:107350002068C16B40F23A329143C163206802F069
:1073600019FAA16B0843A063280706D584F8347086
:1073700026632046FFF734FEF8BD2806FCD515F03D
:10738000300F0CD0E16B11480865E06BFEF719F87F
:107390000028F1D0E06BBDE8F84002F003BCA8077C
:1073A0000CD0216C0A480865206CFEF70AF800280A
:1073B000E2D0206CBDE8F84002F0CBBBA66384F8B5
:1073C000347026632046FFF77BFDF8BDA59B0108BE
:1073D000539B010870B504000ED094F834000025CA
:1073E00018B92577204600F04BF8032084F83400C4
:1073F000204600F00BF808B1012070BDA56325639D
:10740000012084F83400002070BD0000FEB5002586
:10741000044676200095CDE9015029460B460A46E0
:10742000206801F0FDFF28BB134E46F8A05F2068DE
:1074300002F008F801253560204602F0B9FC28B1B9
:1074400084F83450A16B0143A16313E0204602F09D
:1074500038FC0028F4D14FF40071206802F046F89F
:10746000002808D0226805499163A16B0143A163FC
:1074700084F834500120FEBD00802542FF05400005
:107480002DE9F04F87B0054614216846E8F772FFF2
:107490004049286888427AD13F4800683E4940F414
:1074A00000600860086800F4006005903A481438ED
:1074B000016841F004010160016801F004010591D7
:1074C000016841F0080101600068022400F0080032
:1074D00005904FF4F8504FF001088DE81101032694
:1074E0004FF00C09CDE9036969462C48FEF7CEFD43
:1074F0000427CDE90074CDE9028669462848CDF815
:107500001090FEF7C3FD284C26484FF00068E4E8D1
:107510000208002001C44FF480694FF4805BA4E8A6
:10752000010A4FF0200A64E8060AC4E90807C4E922
:107530000A60FE041C482663FEF728F808B1FDF730
:10754000CDFB2C64A563184C164860344830E4E841
:107550000208402001C40020A4E8010A032164E8D5
:10756000060AC4E908072663C4E90A100E48603019
:10757000FEF70CF808B1FDF7B1FBEC630022052122
:107580003120A563FFF7A4F93120FFF793F907B085
:10759000BDE8F08F002C0140443802400008024052
:1075A000000C024058640240786500202DE9F04745
:1075B00086B01F460446154639B194F834000128B8
:1075C00007D0022006B0BDE8F087A06B40F0006055
:1075D00008E00020A063E36DEA199A4204D9A06B89
:1075E00040F00070A06369E0032284F83420226830
:1075F0008146D0622268D36B40F22A363343D3638C
:10760000236C2F4ADA63236C2E4ADA64226C1065ED
:10761000226C9060206C0068026822F0C002026058
:1076200020680A46266C4FEA472800F180014FEA9D
:1076300098033046FEF714F8DFF88CA0012670B1ED
:107640002068C16B21F49571C1632168C1F838A02D
:10765000A06B40F08040A06384F834602EE01B48AB
:107660000660606C012800D06D024FF0FF30CDE95C
:1076700000089020029002200596CDE90309694692
:10768000206801F0ADFE012F06D982202063294633
:10769000206801F0BFFF05E08120206329462068B3
:1076A00001F0D1FF00288DD02268C2F838A0A16B6C
:1076B0000143A16384F83460C4F83090012081E76D
:1076C000119B0108AD9A0108FF0540008C852542F9
:1076D00010B5FCF7F9FC10BD10B5FCF70DFD10BDA1
:1076E0002DE9F04F5FEA010B87B01E4604461146B4
:1076F00007D094F83400012807D0022007B0BDE875
:10770000F08FA06B40F0006008E00025A563E26DFB
:107710008819904204D9A06B40F00070A06356E035
:10772000032084F834002068C5622068C26B40F2F0
:107730001A2942EA0902C263E26B2D48D063E26B68
:107740002C48D064E06B0565606C012800D04902CC
:107750004FF09008012E05D9A0202063206802F088
:1077600033F804E0C4F83080206802F046F8DFF80F
:1077700088A0012730B12268C2F838A0A16B01436C
:10778000A16321E01D480760E16B40208860E06B49
:107790000068016821F0C00141F0400101602268E9
:1077A0007602B30859468032E06BFDF759FF80B18D
:1077B0002068C16B21EA0901C1632168C1F838A0C2
:1077C000A06B40F08040A06384F8347025630120F2
:1077D00094E74FF0FF30CDE90006CDE90285CDE911
:1077E00004576946206801F0FBFD002086E7000091
:1077F000979B0108AD9A0108FF0540008C85254242
:1078000070B5040009D0606A002540B1256165614A
:10781000A56294F8510040B10CE0012070BD606891
:10782000B0F5827FF4D0E561F2E784F8505020464D
:1078300000F044F8022084F851002068016821F02B
:1078400040010160A088218900F4827001F40441A4
:107850000843A18901F400610843217C01F0020181
:107860000843217D01F001010843218B01F40071DF
:107870000843217F01F03801084394F8201001F0FB
:1078800080010843218D01F40051084321680860FC
:10789000A069042101EA104094F8241001F01001BD
:1078A0000843216848602068C16921F40061C16112
:1078B0006565012084F85100002070BD10B586B0C8
:1078C000044614216846E8F755FD134920688842AC
:1078D00020D11248016841F480510160006800F431
:1078E000805005900D481438016841F00201016094
:1078F0000068694600F002000590382000900220E0
:107900000190012002900320039005200490044878
:10791000FEF7BCFB06B010BD003001404438024009
:10792000000402402DE9F84F044690F8500000276B
:107930000A9E1D4692468B464FF0010901280ED043
:10794000012084F85000FEF7A9FC804694F851000D
:10795000616801280CD0B1F5827F07D102E00220D6
:10796000BDE8F88FA16809B9042801D00227C2E058
:10797000BBF1000F27D0BAF1000F24D01DB394F84B
:107980005100042802D0052084F8510000206065D1
:10799000C4F838A0E587A587C4F830B0E586A58689
:1079A0002064606420680168490603D4016841F0DE
:1079B00040010160E068B0F5006F606805D0E8B391
:1079C000012D46D07FE0012795E008B1012D39D186
:1079D000206B21680088C860206B801C2063E08ECB
:1079E000401EE0862EE02068816889070FD5E18E71
:1079F00069B1B9F1010F0AD1216B0988C160206B0F
:107A0000801C2063E08E401EE0864FF00009206855
:107A10008168C9070CD0E18F51B1C068A16B0880A3
:107A2000A06B801CA063E08F401EE0874FF001092F
:107A3000FEF734FCA0EB0800B04200E009E001D3FF
:107A4000701C50D1E08E0028CDD1E08F0028CAD123
:107A50003FE0206B216800780873206B401C206396
:107A6000E08E401EE0862EE02068816889070FD5F1
:107A7000E18E69B1B9F1010F0AD1216B0978017367
:107A8000206B401C2063E08E401EE0864FF0000912
:107A900020688168C9070CD0E18F51B1C068A16B23
:107AA0000870A06B401CA063E08F401EE0874FF081
:107AB0000109FEF7F3FBA0EB0800B04202D3701CF3
:107AC00001D010E07EB1E08E0028CDD1E08F0028FB
:107AD000CAD142463146204602F0C0FA28B10127F9
:107AE0002020606507E0032705E0A06818B920683A
:107AF000C16880680090012084F85100002084F85B
:107B0000500038462CE770B515460E46040003D0E9
:107B100094F8490010B107E0012070BD002084F8FE
:107B20004800204600F01AF804F108012068FDF72B
:107B300019F93146A2682068FDF73EF9D4E901023F
:107B40002946236BFDF7EEF8A168206850F8212044
:107B500042F0010240F82120002070BDFEF744BA37
:107B60007047704710B5040003D094F83D0010B181
:107B700007E0012010BD002084F83C00204600F002
:107B80001EF8022084F83D00211D206802F07AFBD7
:107B9000012084F8460084F83E0084F83F0084F811
:107BA000400084F8410084F8420084F8430084F8DF
:107BB000440084F8450084F83D00002010BD704763
:107BC00090F83D10012901D001207047022180F872
:107BD0003D100168CA6842F00102CA60006811499C
:107BE000884214D0B0F1804F11D00F4988420ED096
:107BF0000E4988420BD00E49884208D00D49884270
:107C000005D00D49884202D00C49884204D18168D0
:107C100001F00701062903D0016841F0010101606C
:107C200000207047000001400004004000080040B0
:107C3000000C0040000401400040014000180040DA
:107C4000704770B50446006801694FF00005C943EC
:107C5000890715D4C168C943890711D4E91E016198
:107C600001202077206880698007204602D0FFF736
:107C7000E7FF04E000F098F8204600F096F825773A
:107C800020680169C943490717D4C168C943490736
:107C900013D46FF00401016102202077206880690D
:107CA00010F4407F204602D0FFF7CAFF04E000F046
:107CB0007BF8204600F079F8257720680169C943F0
:107CC000090716D4C168C943090712D46FF0080127
:107CD0000161042020772068C0698007204602D017
:107CE000FFF7AEFF04E000F05FF8204600F05DF81B
:107CF000257720680169C943C90617D4C168C943FB
:107D0000C90613D46FF010010161082020772068A4
:107D1000C06910F4407F204602D0FFF791FF04E0D5
:107D200000F042F8204600F040F82577206801690D
:107D3000C943C90708D1C168C943C90704D1891E0D
:107D40000161204600F032F820680169C943090644
:107D500009D4C168C943090605D46FF080010161E7
:107D60002046FFF7FDFE20680169C943490609D492
:107D7000C168C943490605D46FF04001016120463E
:107D800000F01EF820680169C94389060BD4C16858
:107D9000C943890607D46FF0200101612046BDE880
:107DA0007040FFF7DEBE70BD704770470068034942
:107DB000884201D1FEF706BD704700000000014077
:107DC0007047704710B504460068416994F83D203B
:107DD000C1F3C011212A0BD151B1416921F08001B9
:107DE0004161606B08B1FDF7A5FA204602F089FCFD
:107DF0002068416994F83E20C1F38011222A0BD1FA
:107E000051B1416921F040014161A06B08B1FDF71A
:107E100091FA204602F05DFC002010BD7047000082
:107E2000F8B5026804461068D168536910F00F0F66
:107E30004FF0000553D003F0010601F4907737436B
:107E40005FD0C20705D0CA0503D5226C42F00102FB
:107E50002264420705D5DA0703D0226C42F0020201
:107E60002264820705D5DA0703D0226C42F00402AF
:107E70002264020707D501F02002324303D0226CAE
:107E800042F008022264226C002A34D0800604D515
:107E9000880602D5204602F03DFC20684069216C2E
:107EA000C0F38010090700D430B3204602F011FC63
:107EB0002068416949061BD5416921F040014161B3
:107EC000A06BA8B159490165A06BFDF77AFA0028AB
:107ED00011D0A06B016D01B0BDE8F04008478306EA
:107EE0000FD58B060DD52046BDE8F84002F012BC38
:107EF0002046FFF793FFF8BD2046FFF78FFF25646C
:107F0000F8BD266B2023012E53D1C60651D5CE06CF
:107F10004FD5106850680090506940062BD5A16B72
:107F2000086840680004000CEAD0A68D8642E7D9B4
:107F3000E085C869B0F5807F18D0D06820F48070E3
:107F4000D0602068416921F00101416120684169E8
:107F500021F04001416184F83E3025632068C1680A
:107F600021F01001C160A06BFDF7E4F9A08DE18D57
:107F7000401A81B219E0A08DE18D401A81B2E08DE6
:107F80000028BDD00029BBD0D06820F49070D0600C
:107F90002068426922F00102426184F83E30256384
:107FA0002068C26822F01002C2602046FFF709FF75
:107FB000F8BD05062BD50D0629D594F83D002128DE
:107FC000F6D1A068B0F5805F01D12069B0B1206A18
:107FD000411C2162216800784860E08C401E00044A
:107FE000000CE084E4D12068C16821F08001C16008
:107FF0002068C16841F04001C160F8BD206A008876
:10800000C0F308005060206A801C2062E5E740064B
:10801000F3D54806F1D5D168204621F04001D16062
:1080200084F83D3000F0A0F9F8BD0000CDA50108AE
:1080300070B5040004D094F83D00002510B106E0AE
:10804000012070BD84F83C50204600F023F8242025
:1080500084F83D002068C16821F40051C1602046C9
:1080600002F0B0FB2068016921F4904101612068B1
:10807000416921F02A0141612068C16841F4005141
:10808000C1602564202084F83D0084F83E00002073
:1080900070BD00002DE9F04186B006461421684607
:1080A000E8F768F94F48DFF83881D6F800C04D4945
:1080B000143802220123032507270024C44515D1C3
:1080C0000C6844F010040C60096801F0100105917F
:1080D000016841F0010101600068694600F001009B
:1080E000059068028DE8AD003F4875E0DFF8FC8040
:1080F000C44557D13B49091FD1F800C04CF4802C2E
:10810000C1F800C0096801F480210591016841F0BF
:10811000020101600068694600F0020005904FF41A
:1081200040608DE8AD003248FDF7B0FF324D314878
:108130004FF000672860C5E901744FF48068C5E915
:10814000034880156C61C5E906402C6228466C62C4
:10815000FDF71CFA08B1FCF7C1FDB563AE63264D0F
:10816000244860353030E5E802074020A5E81101D9
:10817000214845F814496030AC61EC612C626C62B6
:10818000FDF704FA08B1FCF7A9FD7563002206218A
:108190002720AE63FEF79CFB2720FEF78BFB06B083
:1081A000BDE8F081154CA445F9D10C6844F02004D9
:1081B0000C60096801F020010591016841F004019B
:1081C00001600068694600F004000590C0208DE859
:1081D0002D00082004900A48FDF758FFDFE7000053
:1081E00000100140443802400000024000480040B6
:1081F00000040240286002405C6700200014014037
:108200000008024090F83E30202B0ED159B152B1F7
:1082100090F83C30012B08D0012380F83C3000233B
:10822000036302F055BB012070470220704770477E
:10823000704700002DE9F843044690F83D001F46C2
:1082400016460D4620284CD1C5B1BEB194F83C006D
:10825000012846D0012084F83C004FF00008C4F803
:108260004080212084F83D00FEF718F8A68481465E
:10827000E684A068B0F5805F03D004E00120BDE88B
:10828000F883206928B12E465FF0000584F83C8011
:108290000EE00026FAE78021204602F051FBA0B94B
:1082A000AEB116F8010B21684860E08C401EE084F6
:1082B000E08C4B464FF0000200970028EBD14FF0C6
:1082C0004001204602F03CFB30B10320D7E735F8EF
:1082D000020BC0F30800E6E7202084F83D000020F0
:1082E000CDE70220CBE7000070B5044690F83D00D2
:1082F000202830D169B362B394F83C0001282AD019
:10830000012084F83C002162A284E28400252564D7
:10831000212084F83D00636B1048D863636B1048DC
:108320001864636B0F48D864606B13460565266854
:10833000606B321DFDF794F921686FF04000086012
:1083400084F83C502068416941F08001416100207F
:1083500070BD012070BD022070BD00009BA6010809
:10836000C9A60108DDA5010870477047FEE701684E
:108370004A69D24352050FD46FF480624A610021EA
:1083800040F8301F202242738173026942F00402D8
:108390000261017301207047002070472DE9F84FFA
:1083A0000446006889460B9D01689846174641F4CB
:1083B000806101602068016841F48071016000956E
:1083C0004FF0011B0022594620460A9B00F0DEF8C0
:1083D0004FF4007A40B120680068C00501D5C4F8A8
:1083E00040A00320BDE8F88F216809F0FE00086175
:1083F0002B46284920460A9A00F0FCF8F0BB20687A
:108400004169806900902A4620460A9900F070F977
:1084100040B1206C04283AD12068016841F4007111
:10842000016034E0FEB2B8F1010F09D02168380ACA
:1084300008612A4620460A9900F05AF90028E8D136
:10844000206806612A4620460A9900F051F9002862
:10845000DFD12068016841F480710160009500223D
:10846000594620460A9B00F091F80028B3D12168B4
:1084700009F0FF0040F00100086100E007E02B4632
:10848000044920460A9A00F0B5F80028AAD0012035
:10849000A8E70000020001002DE9F8430446006847
:1084A0000D46DDE9089701689846164641F480714B
:1084B00001604B4600224FF001112046009700F06A
:1084C00065F848B120680068C00502D54FF4007017
:1084D00020640320BDE8F883216805F0FE000861F0
:1084E0003B464A461549204600F084F888B9206882
:1084F0004169806900903A464946204600F0F8F804
:1085000048B1206C042804D12068016841F400714E
:1085100001600120DEE7F5B2B8F1010F09D0216852
:10852000300A08613A464946204600F0E1F8002842
:10853000E7D1206805610020CCE7000002000100BF
:1085400070B516460D4604460DE02046FFF70FFFB6
:1085500008B1012070BD681C05D0FDF79FFE801B8F
:10856000A84207D835B120684069C0434007ECD421
:10857000002070BD002044F8300F20216173A073EB
:10858000216941F0200121612073E2E72DE9F047E4
:108590001E4690460D460446C1F30747DDF820907D
:1085A00008E0701C06D0FDF779FEA0EB0900B04290
:1085B0000FD876B12068012F18D0806925EA000015
:1085C0000004000C14D000214145EAD00020BDE891
:1085D000F087002044F8300F20216173A0732169D7
:1085E00041F02001216120730120F0E74069E5E7B7
:1085F0000121E9E72DE9F0479A4691460E460446E7
:1086000000254FF02008C1F3074725E020684069A6
:10861000C043400514D42068016841F40071016032
:1086200021686FF480604861256384F83D8084F898
:108630003E50206C40F00400206484F83C501FE061
:10864000B9F1FF3F08D0FDF729FEA0EB0A0149452B
:108650000CD8B9F1000F09D02068012F13D0806920
:1086600026EA00000004000C0BD0CFE744F8305F8E
:1086700084F80D80A573206940F0200020612573E7
:108680000120BDE8F0874069EAE72DE9F0410025C7
:1086900090460E460446202717E04069C043C006B6
:1086A0000CD454F8301B6FF01000486144F8105996
:1086B0006777A577206A2062257717E0FDF7EEFD42
:1086C000A0EB0800B04208D83EB120684169C94318
:1086D0004906E2D40020BDE8F08144F8305F6773BA
:1086E000A573206940F02000206125730120F2E786
:1086F00070B516460D4604460DE02046FFF737FEDE
:1087000008B1012070BD681C05D0FDF7C7FD801BB6
:10871000A84207D835B120684069C0430006ECD4B0
:10872000002070BD002044F8300F20216173A07339
:10873000216941F0200121612073E2E72CA003F0C0
:108740008FF9354C4FF0FF352946A06E1EF05EFFC5
:1087500001282BD1032200211EF0AAFCE0662FA1E4
:1087600031A0FBF767FEFCF7BDF900203049034656
:10877000024608700146A06E1EF000FD022011F0B6
:108780006FFD2C492F4E08800A21B0FBF1F201FB4E
:108790001203B0FBF1F228A1306803F089F92AA096
:1087A000316803F05DF92DA003F05AF91EF084F949
:1087B00000231A461946E06E1EF0E0FC00231A461C
:1087C0001946606E1EF0DAFC1EF096F92E462D4D0D
:1087D0000A2013F0DFFB32462968E06D1EF02CFE04
:1087E0000128F5D128A0296803F03AF9F0E7000044
:1087F000494F545F5461736B2D2D2D2D2D2D2D2D33
:108800002D2D2D2D2D2D2D2D2D2D2D2D2D2D2D2D98
:108810002D2D3E0A00000000F800002079756E73CF
:10882000687536363600000044554F42414F00000F
:108830009D0100209000002025642E253031642504
:1088400025000000940000205352414D455820203F
:1088500020555345443A2025730A00002D2D2D2D17
:108860002D2D2D2D2D2D2D2D2D2D2D2D2D2D2D2D38
:108870002D2D2D2D2D2D2D2D2D2D2D2D2D2D7C0AFC
:108880000A000000B00000205265636569766564E7
:108890003A2025730A0000008A499020894A0880FE
:1088A0004880400088801020C880874814320069C2
:1088B00088600020C86085480861143196200880CF
:1088C000842151804FF4907191801021D1807E4994
:1088D000496991600021D1607C4911611432902175
:1088E00011805180490091801021D1807649896999
:1088F00091600021D1607549116102F114014FF4BA
:108900009072088048808A801022CA806E4AD2699C
:108910008A600022CA606D4A0A6114314FF4907275
:10892000088048808A801022CA80674A126A8A605A
:108930000022CA60654A0A61143190220A804A8086
:1089400052008A801022CA805F4A526A8A600022DE
:10895000CA605E4A0A6114314FF490720880488000
:108960008A801022CA80584A926A8A600022CA60AD
:10897000564A0A6114314FF49072088048808A8008
:108980001022CA80504AD26A8A600022CA604F4AC6
:108990000A61143190220A804A8052008A80102293
:1089A000CA80494A126B8A600022CA60474A0A613B
:1089B000143190220A804A8052008A801022CA8094
:1089C000414A526B8A600022CA60404A0A611431EF
:1089D000982208804A804FF490728A801022CA80C0
:1089E000394A926B8A600022CA60384A0A6114319F
:1089F0004FF49072088048808A801022CA80324AE0
:108A0000D26B8A600022CA60304A0A6114314FF486
:108A10009072088048808A801022CA802A4A126C8C
:108A20008A600022CA60294A0A6114314FF49072A8
:108A3000088048808A801022CA80234A526C8A604B
:108A40000022CA60214A0A6114314FF490720880F2
:108A500048808A801022CA801B4A926C8A60002259
:108A6000CA601A4A0A6114314FF490720880488033
:108A70008A801022CA80144AD26C8A600022CA609E
:108A8000124A0A611431088048804FF4907088803F
:108A90001020C8800C48006D88600020C860104617
:108AA00008610B489021018041804900818010219C
:108AB000C1800549496D81600021C1601146016195
:108AC0007047000068310020F8000020F8A8030873
:108AD000BC320020F8B500231A463D493D48EAF76C
:108AE00071FC3D4C002062882188F1F77DF8628896
:108AF00021880020F1F792F8384890F844000006E9
:108B000025D4A07940F63F7640F65F7588B1042001
:108B1000EEF73AFA009600212288BC230846EEF7C9
:108B200011F9009562889B2300210120EEF70AF9D4
:108B3000F8BD0120EEF728FA0096002122889B2339
:108B40000846EEF7FFF800956288BC23ECE7A088A2
:108B5000A0F5C851633914D0A0F5A64110391FD033
:108B6000A0F5D04104391BD022880023501E00906C
:108B700019461846EEF7E6F86288501E002300906A
:108B8000D2E740F21F300023421C009019461846DD
:108B9000EEF7D8F840F2DF100023421C0090C3E744
:108BA000A07990B15FF00400EEF7EEF9E2200090BA
:108BB0000021228840F65B730846EEF7C3F8C42014
:108BC0000090628840F6E463AEE70120ECE7000025
:108BD000B8A803086C7E0308B81E002030000020EF
:108BE0000020704788B00F4C102006900A21A06D1D
:108BF0000FF0C0F9002803DA0BA002F031FFFBE709
:108C000000250126F70206AA02A9A06D0EF0C4FFF6
:108C10000300F8D4CDE900653A4607A10A481EF0E2
:108C2000EBFDF0E7F80000206C697374656E206559
:108C300072726F720A000000436C69656E7448615D
:108C40006E646C6572000000B34A020801A0FBF775
:108C500097BD00004F70656E5F446F6F720000003B
:108C60007FB500241548009401940294124903949E
:108C700001604FF48031C0E901140461047680F88A
:108C800020400F49C0E90A140125C561C46080F87D
:108C900030404561FCF7F9F908B1FCF71FF80520F1
:108CA000CDE90005694602940448FCF745F900281F
:108CB00001D0FCF713F87FBD00220140202F0020D7
:108CC0000100000F074910B5054808600846FCF789
:108CD0000BFB002803D0BDE81040FBF7FFBF10BD21
:108CE00000300240C8000020194808B5016841F46E
:108CF00080010160016801F480010091016841F484
:108D0000001101600068002200F4001000900721AB
:108D10000C20FDF7DDFD0C20FDF7CCFD0022072126
:108D20000E20FDF7D5FD0E20FDF7C4FD0022062123
:108D30003B20FDF7CDFD3B20FDF7BCFD00220621C9
:108D40004520FDF7C5FDBDE808404520FDF7B2BD53
:108D50003038024010B506490648FBF7C0FF044C06
:108D6000A41EA11D20700448FBF7B9FF607010BD60
:108D7000DA000020847C0308E400002010B594B0E1
:108D8000142216496846E7F7CDFA0021684613F029
:108D900091FA134C114914222067143105A8E7F702
:108DA000C1FA002105A813F085FA0C496067142266
:108DB00028310AA8E7F7B6FA00210AA813F07AFAD0
:108DC0000649A06714223C310FA8E7F7ABFA00214F
:108DD0000FA813F06FFAE06714B010BDA07C030871
:108DE000F80000202DE9F0478EB01C216846E7F717
:108DF000C1FA1C2107A8E7F7BDFA30480421002476
:108E0000C0E902141025C0E904458461C4614FF42F
:108E1000805A0462C0E9094AC46204634463DFF80B
:108E2000A08084634FF020464464C0E900680220BB
:108E30000F27CDE9000702A908204FF0110981E8AA
:108E40003102002269461D480694FEF75CFE08B117
:108E5000FBF744FF19480621503007AAC0E9021465
:108E6000C0E904458461C4610462C0E9094A4FF461
:108E70008041C0E90B41446384634464C0E90068F5
:108E80003C200097CDE90170CDF81490CDE9037531
:108E90000921CDE90641CDE90871CDE90C940748D7
:108EA000CDE90A7569465030FEF72DFE002801D045
:108EB000FBF714FF0EB0BDE8F0870000E0320020A1
:108EC000040100A02DE9F04F87B014216846E7F7B0
:108ED00051FA73480025016841F0040101600168FE
:108EE00001F004010591016841F020010160016871
:108EF00001F020010591016841F0800101600168E5
:108F000001F080010591016841F0010101600168F3
:108F100001F001010591016841F002010160016861
:108F200001F002010591016841F040010160016812
:108F300001F040010591016841F0100101600168F4
:108F400001F010010591016841F00801016000681D
:108F5000DFF8508100F008004FF400540590002223
:108F600021464046FDF795F9DFF83CA101224FF478
:108F7000C8615046FDF78DF900224FF4106150464C
:108F8000FDF787F9012211464046FDF782F9DFF827
:108F90001CB1002201215846FDF77BF901224FF454
:108FA00040415846FDF775F9012208214048FDF778
:108FB00070F94FF40079012249463E48FDF769F9FE
:108FC00000940124694640460194CDE90245FDF72D
:108FD0005DF840208DE83100694650460395FDF765
:108FE00055F82002022603278DE8D1006946504635
:108FF000FDF74CF87802CDE90004CDE90246694658
:109000005046FDF743F80094CDE9014569464046D6
:109010000395FDF73BF8CDE90247009469465846B1
:109020000194FDF733F8CDE900656946584602958D
:10903000FDF72CF80420CDE9000569460294584656
:10904000FDF724F8E0024FF01108CDE90008CDE962
:10905000024769465046FDF719F8A003CDE9000420
:10906000CDE9024669465846FDF710F8E0038DE861
:109070005100694658460396FDF708F808208DE828
:10908000B10069460A48FDF701F8CDE90247CDE98C
:10909000009869460748FCF7F9FF07B0BDE8F08F74
:1090A0003038024000080240001402400004024030
:1090B000000C0240001802400D4810B50B49016039
:1090C0000C49416000214FF480428160C0E90312E5
:1090D00041618161C1610162FDF7E6F8002803D0BA
:1090E000BDE81040FBF7FABD10BD00000054004081
:1090F00080330020A086010030B5002189B00846E9
:109100001BF0D8FE1F48002420490460001D1D4BA1
:109110000460001D083304601B480094CDE9011071
:109120001A1F111F1A4812F0FFF9194812F018FC03
:10913000174D95F831004007284602D512F028FD5A
:1091400001E012F013FC1349114812F063FC0121F5
:1091500008A8089413F034F80A491422091F08607B
:109160001031C1E900500C4903A8E7F7DBF80549C5
:1091700003A80C3113F09EF8054807F05FF809B01A
:1091800030BD00008401002085500308AD1D020899
:10919000D4330020B11E0208F07C030807480649BA
:1091A0004FF480420160002141608160C160C0E9EC
:1091B0000412816170470000002C0140F46400201B
:1091C000104810B50E4901604FF4827141600021D2
:1091D00002228160C0E903120122426152028261CF
:1091E0003822C0E90721416281620A21C162FEF78B
:1091F00007FB002803D0BDE81040FBF76FBD10BD92
:1092000000300140386600200C4810B50A49016062
:109210004FF4E1314160002181600C22C160C0E95E
:1092200004128161C161FEF703FF002803D0BDE88D
:109230001040FBF753BD10BD0010014090660020A8
:109240000C4810B50A4901604FF4E131416000213A
:1092500081600C22C160C0E904128161C161FEF726
:10926000E7FE002803D0BDE81040FBF737BD10BD76
:1092700000480040D46600200C4810B50A4901603F
:109280004FF416514160002181600C22C160C0E999
:1092900004128161C161FEF7CBFE002803D0BDE856
:1092A0001040FBF71BBD10BD0014014018670020E3
:1092B0001CB5EBF7A1F9EDF797FE0E490120CDE9BA
:1092C0000001020200230CA110481EF095FAFAF7E3
:1092D000D3FF084C243CE061FAF7E0FF2062E0692C
:1092E000F3F7FCFD206AF2F72BFE1420EAF726FACA
:1092F000FBE7000024030020676574506F736974F6
:109300006174696F6E5461736B00000015930108FE
:10931000FEE770470EB50125264C00266846EDF79E
:1093200023FE9DF8080060B1606920B1009860607C
:1093300001986661A0600098E0600198A5612061D5
:1093400034E0A069F8B165616168E068A268411A1B
:109350002069A0EB020001D40A4600E04A4200283E
:1093600000DA4042824220DD32290DDD20680228E9
:109370001BD111A002F074FB206AF2F7E1FDE06955
:10938000F3F7ACFD256010E011F1320F0DDA206823
:1093900001280AD10DA002F063FBE069F2F7D0FDCD
:1093A000206AF3F79BFD02202060A66114201DF0C7
:1093B0004BFCB3E70003002077696E646F7720668B
:1093C0006C69702072696768740A000077696E645E
:1093D0006F7720666C6970206C6566740A00000007
:1093E0000A6842624A688262D1E902231A43D1E9DB
:1093F00004310B43C16A1A4321F0F7011143C162E2
:1094000000207047006800F003007047084440697E
:10941000704700000148FDF7D9BE0000F464002049
:1094200070B50DF1100C11439CE8700023431943F3
:1094300029434268314347F6FF639A430A43426037
:10944000002070BD10B5032101600220FCF73FF938
:10945000002010BDD0F8800070470A688260D1E912
:1094600001231A43D1E903310B43C1681A436FF357
:109470000B011143C160002070470968C0F88010DB
:109480000020704710B586B004463720CDE90010A3
:1094900040200290002003904FF4806004906946C1
:1094A0002046FFF7DAFF41F288323721204600F0EC
:1094B000BDF906B010BD000010B504460A4886B0DC
:1094C00001432920CDE900104020029000200390A4
:1094D0004FF48060049069462046FFF7BEFF2046A7
:1094E00000F05CFA06B010BD0000108010B586B028
:1094F00004461020CDE90010402002900020039087
:109500004FF48060049069462046FFF7A6FF41F2C1
:1095100088321021204600F089F906B010BD10B540
:1095200086B004460620CDE90010402002900020BD
:1095300003904FF48060049069462046FFF78DFF4A
:1095400041F288320621204600F070F906B010BDC5
:1095500030B585B000240546009401944FF4806036
:109560000294CDE9034069462846FFF776FF0B4891
:109570004FF4FA510068B0FBF1F041F288314843F2
:10958000401E03D24FF0004005B030BD696B0906A4
:10959000F6D5C520A8632046F6E70000D8010020D4
:1095A00070B585B004464FF4D570009001A908202D
:1095B0004025002681E86100C001049069462046EC
:1095C000FFF74BFF12484FF4FA510068B0FBF1F07F
:1095D00041F288314843401E03D24FF0004005B0AD
:1095E00070BD616B11F0450FF5D00905F3D4606BC8
:1095F000400701D5042003E0606BC00702D00120C2
:10960000A063ECE7606B400600D5A5633046E6E753
:10961000D801002010B586B004461220CDE9001014
:1096200040200290002003904FF48060049069462F
:109630002046FFF712FF41F288321221204600F047
:10964000F5F806B010BD10B586B004461120CDE97E
:10965000001040200290002003904FF4806004909E
:1096600069462046FFF7F9FE41F288321121204673
:1096700000F0DCF806B010BD10B586B00446072037
:10968000CDE9002040200290002003904FF480603C
:10969000049069462046FFF7E0FE41F28832072138
:1096A000204600F0C3F806B010BD10B586B00446E1
:1096B00000210220CDE90010C020CDE902014FF4C5
:1096C0008060049069462046FFF7C7FE204600F000
:1096D0003DF906B010BD10B586B004460920CDE9AD
:1096E0000010C0200290002003904FF4806004908E
:1096F00069462046FFF7B1FE204600F027F906B084
:1097000010BD10B586B0044600213320CDE900100D
:109710004020CDE902010001049069462046FFF790
:109720009CFE41F288323321204600F07FF806B0DB
:1097300010BD10B586B004460D20CDE900104020C4
:109740000290002003904FF4806004906946204608
:10975000FFF783FE41F288320D21204600F066F8C3
:1097600006B010BD30B585B00C460546002103207B
:10977000CDE900104020CDE90201000104906946C6
:109780002846FFF76AFE22460321284600F028F902
:1097900005B030BD10B586B0044600210C20CDE9DF
:1097A00000104020CDE902010001049069462046E6
:1097B000FFF753FE034A0C21204600F037F806B0AD
:1097C00010BD000000E1F50510B586B00446192073
:1097D000CDE9001040200290002003904FF48060FB
:1097E000049069462046FFF738FE41F2883219217D
:1097F000204600F01BF806B010BD10B586B0044638
:109800001820CDE9001040200290002003904FF472
:109810008060049069462046FFF71FFE41F28832BF
:109820001821204600F002F806B010BD454B10B5D7
:109830001B684FF4FA54B3FBF4F353435B1E02D29C
:109840004FF0004010BD426B12F0450FF6D01205EC
:10985000F4D4426B520703D504218163084610BD3E
:10986000426BD20702D00121816305E0C5228263E9
:109870000269D2B28A4201D0012010BD0021FFF757
:10988000C5FD3149084201D1002010BD002802DA8F
:109890004FF0007010BD410001D5402010BD810087
:1098A00001D5802010BDC10002D54FF4807010BDDD
:1098B000010102D54FF4007010BD410102D54FF4F3
:1098C000806010BDC10102D54FF4006010BD0102DF
:1098D00002D54FF4805010BD410202D54FF4005024
:1098E00010BD810202D54FF4804010BDC10202D5E7
:1098F0004FF4004010BD410302D54FF4003010BDBD
:10990000810302D54FF4802010BDC10302D54FF46E
:10991000002010BD010402D54FF4801010BD410499
:1099200002D54FF4001010BD810402D54FF4800021
:1099300010BD000702D54FF4000010BD4FF4803079
:1099400010BD0000D801002008E0FFFD12494FF4CF
:10995000FA520968B1FBF2F141F288325143491ED3
:1099600002D24FF000407047426B12F0450FF6D024
:109970001205F4D4416B490703D5042181630846DD
:109980007047416BC90703D00121816308467047C6
:10999000C521816300207047D80100200F494FF492
:1099A000FA520968B1FBF2F141F288325143491E83
:1099B00002D24FF000407047426B12F0450FF6D0D4
:1099C0001205F4D4416B490703D50421816308468D
:1099D0007047C5218163002070470000D801002036
:1099E00030B5204B4FF4FA541B68B3FBF4F341F24B
:1099F000883463435B1E02D24FF0004030BD446B9D
:109A000014F0450FF6D02405F4D4436B5B0703D55F
:109A100004218163084630BD436BDB0702D001217E
:109A2000816303E00369DBB28B4201D0012030BDCA
:109A3000C52181630021FFF7E9FC10F4604F04D0D9
:109A4000410406D54FF4005030BD000C10800020BA
:109A500030BD000402D54FF4805030BD4FF480304B
:109A600030BD0000D801002010B5064C0120207048
:109A7000FAF7F6FA18B9207820F001002070207863
:109A800010BD0000D000002070B5054612F097FA16
:109A9000044603E0FAF7E4FA002806D012F08FFA41
:109AA000001BA842F6D34FF0FF3070BD10B5846B99
:109AB000FBF799FC022828D0206C416DE06B406DCB
:109AC000012901D001281DD1216810488863206830
:109AD000C16B21F49D71C163A06B40F08040A06315
:109AE0002046FDF75DFB062801D0052805D120683A
:109AF000FFF750FEA16B0843A063012084F83400F7
:109B0000002020632046FDF76BFA10BDFF054000E2
:109B100010B5846B206B822809D12068FFF73AFECC
:109B200028B1A16B0143A1632046FDF759FA2068D3
:109B3000C16A21F00801C162216840F23A5088638D
:109B4000012084F83400002020632046FDF7C0FD8A
:109B500010BD10B5846B40F23A50216888632046EE
:109B6000FDF71EFB012184F8341000212163062833
:109B700001D0052805D12068FFF70CFEA16B084332
:109B8000A063A06B0028204602D0FDF729FA10BD83
:109B9000FDF796F910BD806B0068C16B41F48071D0
:109BA000C163704710B5846B40F23A5021688863F6
:109BB0002046FDF7F5FA012184F8341000212163D5
:109BC000062801D0052805D12068FFF7E3FDA16B29
:109BD0000843A063A06B0028204602D0FDF700FADE
:109BE00010BDFDF76DF910BD2DE9F04788B00D46A9
:109BF0000446FCF753FB0026824600960196374642
:109C000008212068FFF772FC002829D1B4F8500021
:109C100001042068FFF736FC002821D1401E4FF0D8
:109C20000808CDE9020830204FF00209CDE9040907
:109C30000120CDE9067002A92068FFF7D1FB20685A
:109C4000FFF75FFD00280BD16F462068416B11F0D4
:109C50002A0F08D0416B09071AD5C0F838800820B0
:109C600008B0BDE8F087416B890205D5FFF7F2FB2C
:109C700047F82600761C02E0416B8904EAD5FCF720
:109C80000DFBA0EB0A00401CDFD14FF00040E7E7DE
:109C9000416B890703D5C0F838900220E0E7416B9B
:109CA000890603D5202181630846D9E740F23A515D
:109CB0008163019800BA2860009800BA68600020AB
:109CC000CEE710B590B004460120ADF8380020680A
:109CD000FFF798FB002854D0606C032842D020681E
:109CE000FFF7E3FC00284AD100212068FFF78EFB34
:109CF000606704212068FFF789FBA06708212068BE
:109D0000FFF784FBE0670C212068FFF77FFBC4F8B6
:109D10008000606C032825D00EA92068FFF722FD83
:109D200000282CD1606C03281CD0BDF838002065B9
:109D300001042068FFF7CFFC002820D10021206813
:109D4000FFF764FB606604212068FFF75FFBA066F5
:109D500008212068FFF75AFBE0660C212068FFF716
:109D600055FB206704212068FFF750FB000DE064DD
:109D700003A92046FDF736F930B14FF0805010B0FE
:109D800010BD4FF08060FAE7B4F8500000230204E1
:109D90002068FFF771FC0028F1D104F1100007C81A
:109DA0008DE8070094E80F00FFF73AFB0020E6E794
:109DB0002DE9F84F0026044600963546B046006867
:109DC000FFF7C6FB002827D12068FFF7E9FB4FF01B
:109DD000805B4FF001094FF6FF7748B1A664206819
:109DE000FFF7B6FB002817D1A06C012802D020E0B5
:109DF000C4F8489000212068FFF744FB58B918E0E8
:109E000000212068FFF73EFB002805D1514620685D
:109E1000FFF752FB10B15846BDE8F88F00212068CB
:109E2000FFF7F4FA05464FEAD0780098401C0090FE
:109E300002E0DFF82CA00098B84202D2B8F1000F7F
:109E4000DED00098B84202D34FF08070E4E768009B
:109E500002D5C4F8449000E066640020DCE700000E
:109E6000000010C17CB50F4C05460120207012F097
:109E700098F8A8B1FAF700F918B92846FFF7F4FDE9
:109E80002070207801280BD0606848B90648D0E9D6
:109E90000010CDE900100021684612F09CF86060C7
:109EA00020787CBDD0000020987C030810B51248B3
:109EB00088B014460078C00702D0032008B010BD57
:109EC000C1B1012905D0022908D003290CD00420F2
:109ED000F4E76846FAF7BEF806980AE06846FAF72B
:109EE000B9F80798208005E06846FAF7B3F80798B4
:109EF000400A20600020E1E7D00000202DE9FE4F5D
:109F000047F23059984617468A4601254846FFF7DA
:109F1000BBFD00283BDB1F4E5FEA8A7003D0CB46B7
:109F20000024B1462DE0424639465046FAF7BEF8C5
:109F300068BB4A466846716812F05EF8DDE90001C8
:109F4000102824D1012921D021E039467F1C01228B
:109F50001148FAF7ABF8060015D15A466846D9F809
:109F6000041012F049F8DDE90010102908D1012889
:109F700006D1420208495046E6F7D4F90AF5007ABC
:109F8000641C4445E1D3444501D106B90025284667
:109F9000BDE8FE8FD0000020682F0020FFF764BDD1
:109FA0002DE9FE4F47F23056984617468A4601255E
:109FB0003046FFF769FD002848DBDFF898905FEA3C
:109FC0008A7002D00024B3463AE0424639465046F1
:109FD000FAF784F8D0BB32466846D9F8041012F07C
:109FE0000BF8DDE90010102930D102282ED111F034
:109FF000E6FF841903E000BFFAF732F828B311F046
:10A00000DEFFA042F8D321E039467F1C012212482E
:10A01000FAF764F8060015D15A466846D9F80410D4
:10A0200011F0EAFFDDE90001102808D1022906D16C
:10A03000420109495046E6F775F90AF5007A641CB1
:10A040004445E1D3444501D106B900252846BDE881
:10A05000FE8F0000D0000020682F002038B5044695
:10A060001248134B0068B0FBF3F04FF47A73584377
:10A0700000906068B0F5827F0DD10B4600920022FF
:10A080008021204600F016F870B1606D40F020008D
:10A090006065032038BD009830B1401E00902068F4
:10A0A0008068C0430006F6D5002038BDD8010020E6
:10A0B00000366E012DE9F8431E4691468846044657
:10A0C000089DFCF7EBF8401B351AFCF7E7F807464C
:10A0D00025480068C0F3CB30684338E0701C37D0A7
:10A0E000FCF7DCF8C01BA84203D215B1009860B39E
:10A0F0002CE02068416821F0E00141606068B0F523
:10A10000827F0BD1A068B0F5004F02D0B0F5806F10
:10A1100004D12068016821F040010160A06AB0F517
:10A12000005F09D12068016821F4005101602068B6
:10A13000016841F400510160012084F851000020C1
:10A1400084F850000320BDE8F8830025401E0090ED
:10A150002068816838EA010004D000214945BDD15A
:10A160000020F0E70121F9E7D80100202DE9F041B6
:10A170000E4605464FF480773946012010F0C4F8AA
:10A1800004462B46094A394601F07AFC2046E6F798
:10A1900024F902460023214630460FF057F82146A5
:10A1A000BDE8F041012010F081B800004CA6030882
:10A1B00010B5502080F31188BFF34F8FBFF36F8F1E
:10A1C0001DF068FB18B104494FF080500860002072
:10A1D00080F3118810BD000004ED00E030B593B0AD
:10A1E00030216846E6F7C6F814210CA8E6F7C2F855
:10A1F0001A480025016841F080510160006800F0B4
:10A20000805011901648016841F480410160006857
:10A21000022400F48040119001200090000401907D
:10A220008001CDE90640082008904FF4A870CDE9E0
:10A23000090407200B906846FCF78CFC0CA90F2042
:10A2400081E831004FF4A0500F90E00210900521FA
:10A250000CA8FCF76FFB13B030BD00004038024083
:10A26000007000400348016841F470010160FEF78E
:10A27000B9BD000088ED00E00148FDF7E2BC000038
:10A280001C680020F0B50268254C264D264E274F4D
:10A29000274B4FF0804CA04209D0604507D0A84220
:10A2A00005D0B04203D0B84201D0984204D122F088
:10A2B000700E4A6842EA0E02A0421BD0604519D0D7
:10A2C000A84217D0B04215D0B84213D0984211D04E
:10A2D000184DA8420ED0184DA8420BD0174DA842D9
:10A2E00008D0174DA84205D0164DA84202D0164DF1
:10A2F000A84203D122F44075CA682A434D6922F06E
:10A3000080022A4302608A68C2620A688262A042AE
:10A3100001D0984201D10969016301214161F0BD79
:10A32000000001400004004000080040000C004014
:10A330000004014000400140004401400048014049
:10A3400000180040001C00400020004047A001F021
:10A3500087FB504C4FF0FF31206E1DF057F90A2556
:10A36000012865D11CF0A8FB09F0D2FC08B14AA075
:10A3700000E04EA001F074FB0BF0E2FC08B151A02C
:10A3800000E055A001F06CFB1CF0DEFD08B158A008
:10A3900000E05DA001F064FB4FF4167101200FF0A6
:10A3A000B3FF064601225FA108F030FC014664A01D
:10A3B00001F056FB304607F071FE314601200FF0E8
:10A3C00075FF0322002101201CF072FE606613F06D
:10A3D0001FFEFEF761FAFF200DF046F84FF6FF7002
:10A3E0000CF074FD5D480068804710B95CA001F076
:10A3F00037FB00231A461946206E1CF0BFFE0220D0
:10A400000FF02EFF5D49B0FBF5F20880B0FBF5F1CF
:10A4100005FB11035D4E5AA1306801F049FB5CA0B9
:10A42000316801F01DFB5FA001F01AFB1CF064FB1A
:10A4300005262078B0FBF6F106FB110020B915497E
:10A44000891D881E06F06AF82078B0FBF5F105FB3F
:10A45000110010B90DF072FB20812078401C207093
:10A46000ECF71EFD282011F095FDE2E7546F7563AF
:10A47000685F5461736B2D2D2D2D2D2D2D2D2D2DC0
:10A480002D2D2D2D2D2D2D2D2D2D2D2D2D2D3E0A0E
:10A4900000000000F8000020496E697420666F6EAD
:10A4A00074206661696C6564210A0000496E6974F4
:10A4B00020666F6E742073756363657373656421C2
:10A4C0000A000000496E69742069636F6E7320662C
:10A4D00061696C6564210A00496E69742069636F63
:10A4E0006E7320737563636573736564210A00007E
:10A4F000496E6974207765622066696C65732066B1
:10A5000061696C6564210A00496E6974207765622F
:10A510002066696C65732073756363657373656426
:10A52000210A0000313A536D6172744F66666963A7
:10A53000655765622F696E6465782E68746D6C006E
:10A540004E4F52466C61736820665F6F70656E2077
:10A5500072657475726E203A25640A00300000201E
:10A560004C434420546F75636820696E69742053AE
:10A5700075636365737366756C210A009000002033
:10A5800025642E253031642525000000940000202C
:10A590005352414D4558202020555345443A2025DB
:10A5A000730A00002D2D2D2D2D2D2D2D2D2D2D2D12
:10A5B0002D2D2D2D2D2D2D2D2D2D2D2D2D2D2D2DCB
:10A5C0002D2D2D2D2D2D7C0A0A00000010B5806B3D
:10A5D0000021C185C184FDF721FC10BD70B5846BDD
:10A5E0002068406994F83D10C0F3C010002521296F
:10A5F00004D118B1E584204600F083F82068406952
:10A6000094F83E10C0F38010222904D118B1E585DA
:10A61000204600F05EF8206C40F0100020642046D8
:10A62000FDF7FCFB70BD10B50146806B0968096839
:10A63000C9051BD40021C1850168CA6822F4807253
:10A64000CA6001684A6922F001024A6101684A69E8
:10A6500022F040024A61202180F83E10016B01295E
:10A6600004D10168CA6822F01002CA60016B012996
:10A6700002D0FDF7DCFD10BD818DFDF7A2FB10BD02
:10A6800010B5806B016B012902D0FDF7D1FD10BD23
:10A69000818D4908FDF795FB10BD10B50146806B13
:10A6A00009680968C9050CD40021C18401684A6998
:10A6B00022F080024A610068C16841F04001C16037
:10A6C00010BDFDF751FE10BD10B5806BFDF74DFEBE
:10A6D00010BD0168CA6822F49072CA6001684A69B4
:10A6E00022F001024A61016B012904D10168CA68A4
:10A6F00022F01002CA60202180F83E100021016380
:10A7000070470168CA6822F0C002CA60202180F840
:10A710003D10704710B5044690F83E00222801D045
:10A72000022010BDA1684FF48052914201D12069EE
:10A7300020B1A06A91421BD049B10AE02168A06A09
:10A740004968C1F308010180A06A801C08E0216902
:10A7500071B12168496801F07F010170A06A401C55
:10A76000A062E08D401E0004000CE08503D01CE0D8
:10A7700021684968F1E72068C16821F02001C160C3
:10A780002068C16821F48071C1602068416921F0AE
:10A7900001014161202084F83E00206B012806D091
:10A7A0002046FDF744FD00202063002010BD2068F6
:10A7B000C16821F01001C160A18D2046FDF701FBA9
:10A7C000F1E7000070B5044600680169E26821F411
:10A7D0004051114301612169A068E2690843616940
:10A7E000114308432168CA6849F20C639A43024343
:10A7F000CA6020684169A26921F440711143416136
:10A8000031492068884202D03049884202D1FCF7A1
:10A8100061F901E0FCF74EF9E26900231921642592
:10A820003226B2F5004F626828D0A0FB0101930FD9
:10A830009200E5F725FD0146B0FBF5F06FF0180238
:10A84000504301EB800006EB0010B0FBF5F000F088
:10A85000F002B1FBF5F002EB0012B1FBF5F06FF086
:10A860001803584301EB800006EB0010B0FBF5F035
:10A8700000F00F0021681044886070BDA0FB01014A
:10A8800092185B41E5F7FCFC0146B0FBF5F00201D4
:10A89000B1FBF5F06FF01803584301EB800006EBB5
:10A8A000C000B0FBF5F000F0F80002EB4002B1FB95
:10A8B000F5F0584301EB800006EBC000B0FBF5F06B
:10A8C00000F00700D6E7000000100140001401402E
:10A8D00038B581628285002513460446056422202E
:10A8E00084F83E00A26B1348D063A26B1248106438
:10A8F000A26B1248D064A06B0A4605652168A06B64
:10A90000091DFAF7ADFE206801684168009184F8DE
:10A910003C50C16841F48071C1602068416941F0D8
:10A92000010141612068416941F04001416100201D
:10A9300038BD000027A6010881A60108DDA5010891
:10A940002DE9F041984617460E460446069D1DE047
:10A95000681C1BD02DB1FBF7A1FCA0EB0800A8429E
:10A9600014D92068C16821F4D071C16020684169A0
:10A9700021F001014161202084F83D0084F83E006F
:10A98000002084F83C000320BDE8F08120680068C6
:10A9900036EA000004D00020B842D9D00020F3E706
:10A9A0000120F9E72DE9F8431E48FDF739FA1D4C5F
:10A9B00020680168C943C90632D401684FF0000815
:10A9C000406800902046FDF7FDF9A06B00684068E4
:10A9D000154CC0F580602080144E154D4FF48069F1
:10A9E000707868B12288134F29683868E5F79AFCB7
:10A9F000208848450BD22288396801F8028006E099
:10AA00000D4800231A46296800681CF067FC0120E5
:10AA100030704A462968BDE8F8430248FDF7F2BBAA
:10AA2000BDE8F883D4660020FA0000209C010020D5
:10AA3000B0000020B4000020540100200A46014666
:10AA40000148FDF751BC0000D466002010B511F09C
:10AA50000FF9002010BD81B101290BD0022903D0CC
:10AA6000032904D0042070474FF4007000E0082050
:10AA7000108002E04FF440501060002070472DE934
:10AA8000F0411C0015460E460CD04FF400776902C9
:10AA90003A46304611F020F9641E05F1010506F52D
:10AAA0000076F4D10020BDE8F081002070472DE948
:10AAB000F0411C0015460E460CD04FF40077690299
:10AAC0003A46304611F09CF9641E05F1010506F581
:10AAD0000076F4D10020BDE8F08100000C4C054662
:10AAE000002642F21077206868B10A4A0021284601
:10AAF000E6F750FE38461CF0A7F8074A0021284622
:10AB0000E6F748FE266064201CF09EF8EBE70000A4
:10AB10008C030020F43100208032002040F6030135
:10AB2000F0F76EFE0B4C064600254FF47A7760680E
:10AB300060B1206808B1084A00E0084A00213046A8
:10AB4000E6F728FE3046F1F73BFB656038461CF01F
:10AB50007BF8ECE728030020683100204432002015
:10AB600040F60301F0F74CFE0B4C064600254FF46F
:10AB70007A77606860B1206808B1084A00E0084A46
:10AB800000213046E6F706FE3046F1F719FB656016
:10AB900038461CF059F8ECE73C030020B83100209F
:10ABA000583200200446084D08A10A482A8800F0BF
:10ABB0007FFF08492046EFF7D9FE2046F1F700FB5A
:10ABC000C8201CF041F8EFE7000100202530326476
:10ABD00025250000340300200446094D09A12888DA
:10ABE000C3B2020A0A4800F063FF09492046EFF7A2
:10ABF000BDFE2046F1F7E4FAC8201CF025F8EDE789
:10AC0000FE000020253032642E2530326400000022
:10AC10004C0300201E4C054600264FF47A7820781D
:10AC200088B340F604012846F0F7EAFD6188EFF7A3
:10AC30008DFD40F605012846F0F7E2FDA188EFF70B
:10AC400085FD40F606012846F0F7DAFDE188EFF7CA
:10AC50007DFD40F602012846F0F7D2FD07466088E8
:10AC6000A1880843E188084303D00120094AA06075
:10AC700001E0094AA66000213846E6F78BFD384618
:10AC8000F1F79EFA267040461BF0DEFFC7E7000092
:10AC900054030020E03100206C3200201E4C054699
:10ACA00000264FF47A78207888B340F604012846CD
:10ACB000F0F7A6FD6188EFF749FD40F6050128464B
:10ACC000F0F79EFDA188EFF741FD40F6060128460A
:10ACD000F0F796FDE188EFF739FD40F602012846CE
:10ACE000F0F78EFD07466088A1880843E188084395
:10ACF00003D00120094AA06001E0094AA6600021B2
:10AD00003846E6F747FD3846F1F75AFA26704046CE
:10AD10001BF09AFFC7E70000640300200832002000
:10AD2000BC3200200446094D09A12888C3B2020A9A
:10AD30000B4800F0BDFE0A492046EFF717FE2046FB
:10AD4000F1F73EFAC8201BF07FFFEDE7FC00002082
:10AD5000253032642E25303264C2B043000000003A
:10AD600078030020FEE7000070B5002201210220D8
:10AD70000EF0D8FB144C0028A0650ADA134C4FF4EF
:10AD8000FA7520212046FBF77CFA2846FAF79FFC4B
:10AD9000F7E70F49002001F168058866C866086773
:10ADA00048670220687050200DF0D0F868801022AB
:10ADB0002946A06D0CF0D2FF002803DA05A000F0B0
:10ADC0004FFEFBE770BD0000F800002000040240C9
:10ADD00068320020736F636B6574206572726F72E6
:10ADE0000A0000001CB5FEF787F9FDF7B3FF1BF062
:10ADF00063FE3BA000F034FE43A000F031FE46A00D
:10AE000000F02EFE0322002101201CF051F9464CD7
:10AE100020660AF0FBFF45A000F022FE012008F0AA
:10AE200067FE4AA000F01CFEA82003F089FE0CF08B
:10AE30003DFA4EA000F014FE514852A182885448B9
:10AE400000F036FE05E053A000F00AFEC82003F033
:10AE50007DFE05F00FFB0028F5D152A000F000FEAA
:10AE60000CF07CFE55A000F0FBFD00231A461946AD
:10AE7000206E1CF083F901201CF008F9A066F9F798
:10AE8000B5FBF9F78DFC54A000F0EAFD002101208C
:10AE9000CDE900010B46802256A158481CF0ACFCBD
:10AEA000FFF762FF02200FF0DBF95549584C08808C
:10AEB0000A21B0FBF1F201FB1203B0FBF1F251A148
:10AEC000206800F0F5FD53A0216800F0C9FD56A0F0
:10AED00000F0C6FD0AF0C2FF1BF00EFEFDF782FE79
:10AEE0005765625365727665725F5461736B2D2D81
:10AEF0002D2D2D2D2D2D2D2D2D2D2D2D2D2D2D2D82
:10AF00002D2D3E0A000000004D585F4C5749505F00
:10AF1000496E6974210A00004D585F4641544653FA
:10AF20005F496E6974210A00F8000020496E697457
:10AF3000204E4F52466C61736820616E642053440A
:10AF4000206361726473210A000000004D6F757404
:10AF5000204E4F52466C61736820616E64205344EA
:10AF6000206361726473210A00000000496E6974F5
:10AF7000206C63642073637265656E210A000000B3
:10AF8000B81E00204C43442049443A253034580030
:10AF9000980000204448543131204572726F72216C
:10AFA0000A000000444854313120696E69742073EE
:10AFB0007563636573736564210A00004C69676893
:10AFC000746572206C73656E7320696E6974206499
:10AFD0006F776E210A000000456E61626C65204546
:10AFE00053503832363620616E6420526573657472
:10AFF000210A000047657449500000003D690308BC
:10B000009000002025642E253031642525000000A5
:10B01000940000205352414D45582020205553455F
:10B02000443A2025730A00002D2D2D2D2D2D2D2D78
:10B030002D2D2D2D2D2D2D2D2D2D2D2D2D2D2D2D40
:10B040002D2D2D2D2D2D2D2D2D2D7C0A0A000000AE
:10B050002DE9FF5F8346DDE90F700E9CD0E900A962
:10B060002D480D191E4600684FF08008007C10F036
:10B07000030020D0012803D0022833D003282FD189
:10B08000DBF81000806880478146317828FA04F0A8
:10B0900001420BD029465846029A00F03BFC80EA58
:10B0A000090329465846029A00F084FC641C6D1C72
:10B0B000082C2BD02CE0317828FA04F0014201D082
:10B0C0004B4600E0534629466D1C5846029A00F054
:10B0D00071FC641C082C01D10024761C7F1EEAD16F
:10B0E000BDE8FF9F317828FA04F0014205D04B46B5
:10B0F00029465846029A00F05DFC641C6D1C082C21
:10B1000001D10024761C7F1EECD1E9E70024761CD7
:10B110007F1EBAD1E4E70000AC0300202DE9FF5FF9
:10B12000424893460EAA006892E89002007C0D19EE
:10B130001E7810F0030198464FF0C0001CD0022981
:10B1400037D15FEA090155D04FEA000AC4F1030084
:10B150004100C1F106022AFA02F03040C84006D090
:10B1600059F820305A462946009800F023FC641C08
:10B170006D1C042C38D03AE05FEA09011BD08246EE
:10B18000C4F103004100C1F106022AFA02F0304086
:10B19000C840294659F820306D1C5A46009800F0E6
:10B1A00009FC641C042C02D118F8016F00247F1ED6
:10B1B000E6D1BDE8FF9F8146C4F103004000C0F125
:10B1C000060129FA01F33340C34029466D1C5A4653
:10B1D000009800F0EFFB641C042C02D118F8016FFA
:10B1E00000247F1EE8D1E4E718F8016F00247F1ED9
:10B1F000ACD1DEE74FEA0009C4F103004000C0F122
:10B20000060129FA01F33340C34004D05A462946C7
:10B21000009800F0CFFB641C6D1C042C02D118F8C0
:10B22000016F00247F1EE7D1C3E70000AC030020BC
:10B230002DE9FF5F424893460EAA006892E890020B
:10B24000007C0D191E7810F0030198464FF0F000B5
:10B250001CD0022937D15FEA090155D04FEA000A14
:10B26000C4F101008100C1F104022AFA02F0304069
:10B27000C84006D059F820305A462946009800F0B8
:10B2800099FB641C6D1C022C38D03AE05FEA09017E
:10B290001BD08246C4F101008100C1F104022AFAE8
:10B2A00002F03040C840294659F820306D1C5A46FB
:10B2B000009800F07FFB641C022C02D118F8016F8B
:10B2C00000247F1EE6D1BDE8FF9F8146C4F1010046
:10B2D0008000C0F1040129FA01F33340C34029463C
:10B2E0006D1C5A46009800F065FB641C022C02D1CC
:10B2F00018F8016F00247F1EE8D1E4E718F8016F09
:10B3000000247F1EACD1DEE74FEA0009C4F1010042
:10B310008000C0F1040129FA01F33340C34004D096
:10B320005A462946009800F045FB641C6D1C022C0F
:10B3300002D118F8016F00247F1EE7D1C3E7000097
:10B34000AC0300202DE9F04781462448DDE9085789
:10B3500000681C469046007C0E4610F0030003D0A7
:10B36000022810D14FBB35E05FB917E02078424684
:10B37000314657F82030484600F01CFB641C6D1E17
:10B38000761C002DF2DCBDE8F0872378424631467A
:10B39000484600F00FFB641C6D1E761C002DF4DC8B
:10B3A000F1E7207830B157F8203042463146484620
:10B3B00000F000FB641C6D1E761C002DF1DCE2E742
:10B3C000237823B142463146484600F0F3FA641C24
:10B3D0006D1E761C002DF3DCD5E70000AC030020C9
:10B3E0002DE9FF4F83B01D46DDE91060DDE912A4B1
:10B3F000DDE914B99046082844D007DC01280BD0B9
:10B4000002281DD0042818D1002738E0102849D080
:10B41000202812D1002081E000270CE0CDF800B0F8
:10B42000CDE90159DDE9030107EB08022346FFF7E7
:10B430000FFE54447F1CB742F0DB07B0BDE8F08F2D
:10B4400000270CE0CDF800B0CDE90159DDE903019A
:10B4500007EB08022346FFF761FE54447F1CB74206
:10B46000F0DBEAE7CDF800B0CDE90159DDE90301F1
:10B4700007EB08022346FFF7DBFE54447F1CB7426C
:10B48000F0DBDAE700270AE0CDE90059DDE9030146
:10B4900007EB08022346FFF755FF54447F1CB742D1
:10B4A000F2DBCAE7002019E004980BEB0801A14683
:10B4B0002F4689B280B20BF0F5FF1A484FF0D84101
:10B4C0000089A1F87E0004E039F8020BA1F88000A1
:10B4D0007F1E002FF8DC54440BF101008346B0427C
:10B4E000E2DBAAE703980290049800900BEB0800B7
:10B4F000A1462F4601900CE0DDE90120D9F800308B
:10B50000009900F057FA009809F10409401C7F1EC9
:10B510000090002FF0DC54440BF101008346B04250
:10B52000E0DB8AE7B81E002008B5009200F07AF947
:10B5300008BD08B500930B4600F074F908BD000083
:10B5400010B50EA0F9F740F941F28834214610A059
:10B55000F9F7D4F938B909A0F9F736F9214613A05B
:10B56000F9F7CCF920B11BA000F07AFA012010BD48
:10B570001FA000F075FA002010BD000041542B43BD
:10B5800049505345525645523D312C38300D0A0032
:10B5900041542B4349505345525645523D312C3866
:10B5A000300D0A0D0A4F4B0D0A00000041542B4389
:10B5B00049505345525645523D312C38300D0A6E94
:10B5C0006F206368616E67650D0A0D0A4F4B0D0AA7
:10B5D000000000005375636365737366756C6C7966
:10B5E00020736574205345525645520D0A000000E1
:10B5F0004661696C656420746F20736574205345DF
:10B60000525645520D0A000070B50C460546802181
:10B6100002200EF079FE064623462A460DA100F0D0
:10B6200047FA3046F9F7D0F841F288310FA0F9F720
:10B6300065F928B1314602200EF038FE012070BDB8
:10B6400013A000F00DFA314602200EF02FFE00206C
:10B6500070BD000041542B43574A41503D22257391
:10B66000222C222573220D0A00000000574946496A
:10B6700020434F4E4E45435445440D0A57494649D1
:10B6800020474F542049500D0A0D0A4F4B0D0A0018
:10B69000436F6E6E656374696F6E20636F6E66696B
:10B6A000726D6174696F6E204F4B206661696C65C5
:10B6B000640D0A0010B50446F9F786F841F28831A6
:10B6C00007A0F9F78BF8214620B107A000F0C8F9D0
:10B6D000012010BD0FA000F0C3F9002010BD000034
:10B6E00053454E44204F4B00537563636573736637
:10B6F000756C6C792073656E742062726F6164631F
:10B70000617374204D6573736167653A2025730D0D
:10B710000A0000004661696C656420746F207365DF
:10B720006E642062726F616463617374204D65732F
:10B73000736167653A2025730D0A000010B509484A
:10B74000F9F742F841F2883107A0F9F747F820B13C
:10B7500006A000F085F9012010BD0DA000F080F9D1
:10B76000002010BD9E0100204F4B00005375636305
:10B7700065737366756C6C792073656E74204272A4
:10B780006F61646361737420436D640D0A0000008F
:10B790004661696C656420746F2073656E64204235
:10B7A000726F61646361737420436D640D0A0000FD
:10B7B00010B50446F9F708F841F2883107A0F9F707
:10B7C0000DF8214620B106A000F04AF9012010BD75
:10B7D0000CA000F045F9002010BD00003E00000064
:10B7E0005375636365737366756C6C792073656EEE
:10B7F00074204461746120436D643A2025730D0AFE
:10B80000000000004661696C656420746F207365F8
:10B810006E64204461746120436D643A2025730D89
:10B820000A0000002DE9F843814612488846089F27
:10B8300000681E461546017CC9070BD10EE0444640
:10B8400005E02A462146484600F0F5F8641CB4425B
:10B85000F7DD6D1CBD42F2DDBDE8F883C06BBBB205
:10B86000B2B200680090A9B21FFA88F00BF0F0FCA9
:10B87000F2E70000AC030020012901D0002070474E
:10B88000004870476CDC03080939082913D2DFE847
:10B8900001F00406080A120C0E1008487047084808
:10B8A000704708487047084870470848704708487C
:10B8B000704708487047002070470000F7B901083A
:10B8C0001DBA0108C1B9010835B9010881B90108DB
:10B8D00077B901088BB9010880680F2917D2DFE812
:10B8E00001F016080A0C0E16161610141212141473
:10B8F00014004068704780687047C06870470069EE
:10B9000070478069704701207047002070474FF0F2
:10B91000FF307047084691B280B20BF04FBD80688F
:10B9200000220A804A808289521E8A80008A401E34
:10B93000C880704770B5054600F008F8044600223C
:10B940000121A869FDF74CF9204370BD70B504468C
:10B95000806860B91C20E6F7F7FF0546A060206903
:10B9600080688047EEF794FAA861A06808B10020CB
:10B9700070BD012070BD002280690621FDF730B93D
:10B98000002280690521FDF72BB91CB50023019326
:10B990008DF80410009280696A460421FDF720F9B1
:10B9A0001CBD1CB5CDE9001280696A460321FDF774
:10B9B00017F91CBD084691B280B21A460BF084BB41
:10B9C0007CB5064600200090019015460C46304696
:10B9D000FFF7BCFFB368002B0CD0586900B92046B4
:10B9E0005861C3E90145CDE900456A460721B069C0
:10B9F000FDF7F6F87CBD38B50546002000900C46F2
:10BA00002846FFF7A3FFAA68002A06D01460009416
:10BA10006A460221A869FDF7E3F838BD70B51546FE
:10BA20000C460646FFF792FFB068002802D0C0E936
:10BA30000345446170BD2DE9F04115460E460446AC
:10BA4000FFF768FF074620698068804787EA0003A0
:10BA50002A4631462046BDE8F041FFF7ABBF000063
:10BA60000FB4054B10B503A9044A029801F090FDEC
:10BA700010BC5DF814FB0000513D0208A405002035
:10BA80000FB41CB50246002007AC00290BD0491E9C
:10BA9000CDE90021054B6A462146069801F078FD64
:10BAA000009A002111701CBC5DF814FBBFDC01087A
:10BAB0000FB4084B10B504A902AA039801F068FD61
:10BAC000044602A9002002F005F9204610BC5DF8EA
:10BAD00014FB0000D5DC01080907090E002804DB6F
:10BAE00000F1E02080F80014704700F00F0000F132
:10BAF000E02080F8141D704700487047B40500200E
:10BB000030B528B1144C031F002021680A4605E017
:10BB1000084630BD9A4203D810465268002AF9D12F
:10BB2000002800D041680BD00468A3EB0005A542B3
:10BB300004D11B681C440346046002E0436000E03B
:10BB400023603AB11C68D51AA54203D115682C446C
:10BB50001C6052685A6030BDAC0500202DED020B10
:10BB6000019820F0004001909DED000B02B070475D
:10BB70002DE9F04782460F4C10480D4E0E4F001B2A
:10BB80004FF0000820F007054FF001090022114690
:10BB900050460AF091F9002802D1306810B1002017
:10BBA000BDE8F0873C60C4E90058C6F80090EDE7B6
:10BBB000B005002094700020AC0500209074002097
:10BBC00002E008C8121F08C1002AFAD17047704766
:10BBD000002001E001C1121F002AFBD170470000C4
:10BBE0002DE9FC41044600680126424D4FF480785F
:10BBF0001D2806D0262847D02046BDE8FC41EFF797
:10BC0000FFBA3D496068EFF741F940F6010160680D
:10BC1000EFF7F6FD07463949EEF78EFE38A13846B4
:10BC2000EEF7A4FE0E213846EEF7D2FE6FF07F410C
:10BC30003846EEF7E7FE40F603016068EFF7E0FDF7
:10BC4000296809B1304A00E0304A0021E5F7A2FD39
:10BC5000284842460830CDE900602DA1314863688C
:10BC60001BF0CAFD40F605016068EFF7C9FD044608
:10BC70002D4A0021E5F78EFD02B02046BDE8F041D7
:10BC80002A4A0121E5F786BDA068EFF749FEE16881
:10BC9000A0F50060033818D0022814D1012912D071
:10BCA000022910D100216068E8F722FB20480660D5
:10BCB000F8F7E2FA1F490860A868002803D01AF0D4
:10BCC000E9FF0020A860BDE8FC810129FBD0022922
:10BCD000F9D1286828B100211748296019B101223B
:10BCE00002E00121F8E700224146FAF7D2FA6E603D
:10BCF000E9E7000028030020043F9700B4910308FF
:10BD0000E8ADA6E68AA50000683100204432002094
:10BD1000557064617465427574746F6E5461736BB1
:10BD2000000000001DAB010894320020A832002062
:10BD3000000300201C030020001402402DE9FC41F8
:10BD40000446006801261D2806D026285DD020461E
:10BD5000BDE8FC41EFF754BA3C496068EFF796F84C
:10BD600040F601016068EFF74BFD05463849EEF7F4
:10BD7000E3FD38A12846EEF7F9FD0E212846EEF73F
:10BD800027FE6FF07F412846EEF73CFE40F60207A3
:10BD900039466068EFF734FD40F2CF122F49EDF7D6
:10BDA00015F8F91C6068EFF72BFD05462C49EEF7F6
:10BDB000C3FD2C482CA102882D48FFF779FE2C49A1
:10BDC0002846EEF7D3FD2A482B46001DCDE900603A
:10BDD000FA1028A12B481BF00FFD39466068EFF7D9
:10BDE0000FFD2949EDF71EF8B91C6068EFF708FD53
:10BDF0000446264A0021E5F7CDFC02B02046BDE806
:10BE0000F041234A0121E5F7C5BCA068EFF788FDA2
:10BE1000E168A0F50060043815D1012913D002298A
:10BE200011D100216068E8F763FA1A480660F8F754
:10BE300023FA19490E4C08606068002803D01AF0F4
:10BE400029FF00206060BDE8FC810000043F9700EE
:10BE5000B4910308E4BAAEE5BAA60000489203081C
:10BE6000E8B8030800010020253264252500000001
:10BE700034030020557064617465546578745461AE
:10BE8000736B0000A5AB0108A431002094320020A0
:10BE9000A8320020000300201C0300202DE9FC41F3
:10BEA000044600680126414D1D2806D0262848D0AA
:10BEB0002046BDE8FC41EFF7A3B93D496068EEF7C5
:10BEC000E5FF40F601016068EFF79AFC0746394943
:10BED000EEF732FD38A13846EEF748FD0E21384620
:10BEE000EEF776FD6FF07F413846EEF78BFD40F6BA
:10BEF00003016068EFF784FC296809B1304A00E06B
:10BF0000304A0021E5F746FC28484FF4807208309B
:10BF1000CDE900602CA1314863681BF06DFC40F650
:10BF200005016068EFF76CFC04462D4A0021E5F737
:10BF300031FC02B02046BDE8F0412A4A0121E5F774
:10BF400029BCA068EFF7ECFC0146E068A1F50061B0
:10BF5000033918D0022914D1012812D0022810D197
:10BF600000216068E8F7C4F91F480660F8F784F913
:10BF70001E490860A868002803D01AF08BFE002034
:10BF8000A860BDE8FC810128FBD00228F9D128680F
:10BF900020B10020286018B115A002E00120F9E7C7
:10BFA00015A0F8F779FD6E60EBE700003C03002078
:10BFB000043F9700B4910308E9A38EE68987000047
:10BFC000B8310020583200205570646174654275A4
:10BFD00074746F6E5461736B0000000061AB0108F4
:10BFE00094320020A8320020000300201C0300200F
:10BFF00046414E5F4F4E000046414E5F4F46460061
:10C000002DE9FC41044600680126424D1D2806D05A
:10C0100026285FD02046BDE8FC41EFF7F1B83E4945
:10C020006068EEF733FF40F601016068EFF7E8FB68
:10C0300007463A49EEF780FC39A13846EEF796FC00
:10C040000E213846EEF7C4FC6FF07F413846EEF71C
:10C05000D9FC40F6020739466068EFF7D1FB40F2A1
:10C06000CF123149ECF7B2FEB91C6068EFF7C8FB9C
:10C0700080462E49EEF760FC2D482EA10088C3B201
:10C08000020A2448001DFFF713FD22494046091DFE
:10C09000EEF76CFCCDE900654346FA1028A12C4868
:10C0A0001BF0AAFB39466068EFF7AAFB2949ECF7B9
:10C0B000B9FE791C6068EFF7A3FB0446264A00210D
:10C0C000E5F768FB02B02046BDE8F041234A0121B4
:10C0D000E5F760BBA068EFF723FCE168A0F500601E
:10C0E000033814D1012912D0022910D1002160682F
:10C0F000E8F7FEF81A480660F8F7BEF81949086034
:10C100002868002803D01AF0C5FD00202860BDE88B
:10C11000FC81000048030020043F9700B49103080D
:10C12000E6B9BFE5BAA6000014950308E8B803080D
:10C13000FE000020253032642E25303264000000DD
:10C14000557064617465546578745461736B000054
:10C15000D9AB0108CC31002094320020A832002055
:10C16000000300201C0300202DE9FC470446006862
:10C170000126A74D40F6040840F6050940F6060AD8
:10C180001D2806D026287DD02046BDE8FC47EFF7C5
:10C1900037B8A0496068EEF779FE40F601016068A3
:10C1A000EFF72EFB07469C49EEF7C6FB9BA13846EE
:10C1B000EEF7DCFB0E213846EEF70AFC6FF07F410C
:10C1C0003846EEF71FFC40F602016068EFF718FBF7
:10C1D000A96809B1934A00E0934A0021E5F7DAFA29
:10C1E0008B484FF480750C30CDE900602A468FA152
:10C1F000924863681BF000FB40F603016068EFF7AC
:10C20000FFFA06468E4A0021E5F7C4FA8D4A01215D
:10C210003046E5F7BFFA40F607016068EFF7F0FA3D
:10C2200006468949EEF788FB4FF47F013046EEF76A
:10C23000E9FB40F608016068EFF7E2FA064682493A
:10C24000EEF77AFB4FF47F413046EEF7DBFB40F62A
:10C2500009016068EFF7D4FA06467B49EEF76CFBFC
:10C26000FF213046EEF7CEFB41466068EFF7C8FA93
:10C27000764F06463946EEF707FA29463046EEF77E
:10C2800023FA00E034E0FF2200213046EEF738FACE
:10C2900000213046EEF75AFA49466068EFF7B0FAE7
:10C2A00006463946EEF7F0F929463046EEF70CFA25
:10C2B000FF2200213046EEF723FA00213046EEF748
:10C2C00045FA51466068EFF79BFA04463946EEF7A7
:10C2D000DBF929462046EEF7F7F9FF220021204638
:10C2E000EEF70EFA2046BDE8FC470021EEF72EBA25
:10C2F000A068EFF715FB01460027A1F60201E068F0
:10C3000005294BD2DFE801F003364C5A68000128BA
:10C3100044D0022842D1A86870B10020A86068B15A
:10C32000FF226A80AA80EA80134649A15048009201
:10C33000FFF7BEFB4E4805E00120EFE76F80AF80BE
:10C34000EF804CA0F8F7A8FB41466068EFF758FA79
:10C350006988EEF7FBF949466068EFF751FAA9885A
:10C36000EEF7F4F951466068EFF74AFAE988EEF71C
:10C37000EDF93EE0012811D002280FD100216068BC
:10C38000E7F7B6FF3F480660F7F776FF3E490860DB
:10C39000E868002802D01AF07DFCEF60BDE8FC8759
:10C3A0000128FBD0022826D00528F7D14146606835
:10C3B000EFF726FAEEF752F968801AE00128EDD07F
:10C3C000022818D00528E9D149466068EFF718FA25
:10C3D000EEF744F9A8800CE00128DFD002280AD04B
:10C3E0000528DBD151466068EFF70AFAEEF736F917
:10C3F000E8802E70D2E7E8880090AB886A8814A1A4
:10C400001B48FFF755FBBDE8FC471948F8F744BB4C
:10C4100054030020043F9700B4910308E4B8BBE73D
:10C4200081AF0000E03100206C3200205570646163
:10C430007465546578745461736B000015AC010821
:10C4400094320020A832002018A90308973F040066
:10C450004D61737465724C696768745F4F4E265204
:10C460003D256426473D256426423D2564000000A5
:10C470002C6B00204D61737465724C696768745F42
:10C480004F464600000300201C0300202DE9FC4716
:10C49000044600680126A74D40F6040840F6050949
:10C4A00040F6060A1D2806D026287DD02046BDE885
:10C4B000FC47EEF7A5BEA0496068EEF7E7FC40F642
:10C4C00001016068EFF79CF907469C49EEF734FAE2
:10C4D0009BA13846EEF74AFA0E213846EEF778FA75
:10C4E0006FF07F413846EEF78DFA40F60201606842
:10C4F000EFF786F9A96809B1934A00E0934A002151
:10C50000E5F748F98B484FF480750C30CDE90060B1
:10C510002A468FA1924863681BF06EF940F603012A
:10C520006068EFF76DF906468E4A0021E5F732F9AB
:10C530008D4A01213046E5F72DF940F60701606884
:10C54000EFF75EF906468949EEF7F6F94FF47F01F9
:10C550003046EEF757FA40F608016068EFF750F9F9
:10C5600006468249EEF7E8F94FF47F413046EEF790
:10C5700049FA40F609016068EFF742F906467B493F
:10C58000EEF7DAF9FF213046EEF73CFA41466068F3
:10C59000EFF736F9764F06463946EEF775F8294635
:10C5A0003046EEF791F800E034E0FF2200213046FB
:10C5B000EEF7A6F800213046EEF7C8F84946606865
:10C5C000EFF71EF906463946EEF75EF82946304683
:10C5D000EEF77AF8FF2200213046EEF791F80021BD
:10C5E0003046EEF7B3F851466068EFF709F90446B4
:10C5F0003946EEF749F829462046EEF765F8FF225E
:10C6000000212046EEF77CF82046BDE8FC470021DB
:10C61000EEF79CB8A068EFF783F901460027A1F672
:10C620000201E06805294BD2DFE801F003364C5ADD
:10C630006800012844D0022842D1A86870B10020C7
:10C64000A86068B1FF226A80AA80EA80134649A1E7
:10C650004F480092FFF72CFA4D4805E00120EFE724
:10C660006F80AF80EF804BA0F8F716FA4146606804
:10C67000EFF7C6F86988EEF769F849466068EFF7A2
:10C68000BFF8A988EEF762F851466068EFF7B8F88E
:10C69000E988EEF75BF83EE0012811D002280FD1BF
:10C6A00000216068E7F724FE3E480660F7F7E4FDE6
:10C6B0003D490860E868002802D01AF0EBFAEF6004
:10C6C000BDE8FC870128FBD0022826D00528F7D139
:10C6D00041466068EFF794F8EDF7C0FF68801AE014
:10C6E0000128EDD0022818D00528E9D14946606814
:10C6F000EFF786F8EDF7B2FFA8800CE00128DFD055
:10C7000002280AD00528DBD151466068EFF778F897
:10C71000EDF7A4FFE8802E70D2E7E8880090AB88A0
:10C720006A8814A11A48FFF7C3F9BDE8FC47184806
:10C73000F8F7B2B964030020043F9700B4910308EE
:10C74000E5B084E781AF000008320020BC32002051
:10C75000557064617465546578745461736B00003E
:10C760009DAC010894320020A832002018A90308CB
:10C77000973F040053706F744C696768745F4F4E45
:10C7800026523D256426473D256426423D2564000A
:10C790004F6B002053706F744C696768745F4F462D
:10C7A00046000000000300201C0300202DE9FC418E
:10C7B000044600680126424D1D2806D026285FD079
:10C7C0002046BDE8FC41EEF71BBD3E496068EEF730
:10C7D0005DFB40F601016068EFF712F807463A4941
:10C7E000EEF7AAF839A13846EEF7C0F80E21384620
:10C7F000EEF7EEF86FF07F413846EEF703F940F6BA
:10C80000020739466068EEF7FBFF40F2CF1231496C
:10C81000ECF7DCFAF91C6068EEF7F2FF80462E496F
:10C82000EEF78AF82D482EA10088C3B2020A2448E8
:10C83000001DFFF73DF922494046091DEEF796F825
:10C84000CDE900654346FA1029A12D481AF0D4FF1E
:10C8500039466068EEF7D4FF2A49ECF7E3FAB91CD1
:10C860006068EEF7CDFF0446274A0021E4F792FF07
:10C8700002B02046BDE8F041244A0121E4F78ABF16
:10C88000A068EFF74DF8E168A0F50060043814D116
:10C89000012912D0022910D100216068E7F728FD94
:10C8A0001B480660F7F7E8FC1A490860286800286A
:10C8B00003D01AF0EFF900202860BDE8FC810000E9
:10C8C00074030020043F9700B4910308E6B8A9E57B
:10C8D000BAA60000A0990308E8B80308FC000020ED
:10C8E000253032642E25303264C2B043000000008F
:10C8F000557064617465546578745461736B00009D
:10C9000025AD01081C32002094320020A8320020FE
:10C91000000300201C0300202DE9F04104460068BC
:10C9200040F60606771F1D280AD08D4D26287CD09C
:10C93000B0F5107F7AD02046BDE8F041EEF760BC3C
:10C9400088496068EEF7A2FA40F603016068EEF7E6
:10C9500057FF054684A1EEF709F884492846EDF70C
:10C96000EBFF40F604016068EEF74AFF05467F4999
:10C97000EDF7E2FF7EA12846EDF7F8FF40F6020151
:10C980006068EEF73DFF05467A4A0021E4F702FFB2
:10C99000794A01212846E4F7FDFE40F6050160686A
:10C9A000EEF72EFF80467549EDF7C6FF74A14046AD
:10C9B000EDF7DCFF0E214046EEF70AF86FF07F45F9
:10C9C00029464046EEF71EF831466068EEF718FF3C
:10C9D00006466649EDF7B0FF6BA13046EDF7C6FF9E
:10C9E0000E213046EDF7F4FF29463046EEF70AF8FF
:10C9F00040F607016068EEF703FF644A0021E4F7A0
:10CA0000C9FE40F608016068EEF7FAFE05465B498C
:10CA1000EDF792FF5EA12846EDF7A8FF0E2128460C
:10CA2000EDF7D6FF3946606801E012E065E0EEF709
:10CA3000E7FE04465849EDF727FE64212046EDF74E
:10CA400043FE642201212046EDF75AFE6421204670
:10CA500057E0A068EEF764FF0146E068A1F50061C9
:10CA6000013915D0012950D006290FD101280DD048
:10CA700002280BD16868002863D000206860002875
:10CA800061D068780AF0F0FC68782870BDE8F08121
:10CA90000128FBD0022830D00528F7D1394660683C
:10CAA000EEF7AEFE297859B3EDF7D8FD6880314630
:10CAB0006068EEF7A5FE044629486A8837A1083069
:10CAC000FEF7F6FF264920460831EDF74FFF68884C
:10CAD000E4F70FF89FED321B53EC112BE3F717FF30
:10CAE0009FED311B53EC112BE3F76AFEE4F70EF8D0
:10CAF0006880C0B2687028702BE02878B8B1C5E7AC
:10CB00006978BDE8F041EDF721BE0128BED00228CA
:10CB1000BCD1287858B100216068E7F7E9FB2449C7
:10CB200001200860F7F7A8FB22490860AEE76878A3
:10CB30000AF09AFC68782870686870B10020686014
:10CB4000A4E701209AE7002028700AF0A5FB68708E
:10CB50000020BDE8F0410AF087BC0120EFE70000AB
:10CB600080030020043F97004C000000E8B8030851
:10CB70004800000094320020A8320020B49103083D
:10CB8000E4BAAEE5BAA60000323535007C310020AB
:10CB9000E681AFE5B18F0000973F040025336400C4
:10CBA00000000000000004400000000000001440ED
:10CBB000000300201C03002070B5044600681D28F7
:10CBC00006D0262854D02046BDE87040EEF718BBAA
:10CBD00045496068EEF75AF940F60A016068EEF7D9
:10CBE0000FFE05464149EDF7A7FE41A12846EDF7A6
:10CBF000BDFE0E212846EDF7EBFE6FF07F46314675
:10CC00002846EDF7FFFE40F60B016068EEF7F8FDF1
:10CC100005463649EDF790FE37A12846EDF7A6FE0A
:10CC20000E212846EDF7D4FE31462846EDF7EAFE00
:10CC300040F601016068EEF7E3FD0546304A002149
:10CC4000E4F7A8FD2F4A01212846E4F7A3FD40F6AA
:10CC500002016068EEF7D4FD04462B4A0021E4F798
:10CC600099FD2046BDE87040264A0121E4F792BDB7
:10CC7000A068EEF755FE01460026244DE068A1F5B8
:10CC80000061013915D0012920D00B2910D10128CC
:10CC90000ED002280CD11EA0FEF7E2FE214800684B
:10CCA000EFF74EF920480068F0F718F901202860E6
:10CCB00070BD0128FCD00228FAD100216068E7F796
:10CCC00017FB2E60BDE87040F7F77CBA0128EFD063
:10CCD0000228EDD100216068E7F70AFB2E60BDE86D
:10CCE0007040F7F781BA0000043F9700B491030841
:10CCF000E997A8E994810000E7BD91E7BB9C00009B
:10CD0000F431002090310020303200200003002058
:10CD100077696E646F7720666C69702072696768E6
:10CD2000740A0000200300201C0300202DE9F041BC
:10CD3000044600680B287DD040F606071D2806D063
:10CD4000262878D02046BDE8F041EEF759BAE149EF
:10CD50006068EEF79BF840F60A016068EEF750FD58
:10CD60000546DD49EDF7E8FDDCA12846EDF7FEFDBF
:10CD70000E212846EDF72CFE6FF07F4631462846FF
:10CD8000EDF740FE40F60B016068EEF739FD054611
:10CD9000D149EDF7D1FDD3A12846EDF7E7FD0E21EE
:10CDA0002846EDF715FE31462846EDF72BFE40F6F6
:10CDB0000C016068EEF724FD0546C749EDF7BCFDA0
:10CDC000CAA12846EDF7D2FD0E212846EDF700FE58
:10CDD00031462846EDF716FE40F60D016068EEF785
:10CDE0000FFD0546BC49EDF7A7FDC2A12846EDF7AA
:10CDF000BDFD0E212846EDF7EBFD31462846EDF747
:10CE000001FE40F60E016068EEF7FAFC0546B249F5
:10CE1000EDF792FDB9A12846EDF7A8FD0E212846B1
:10CE2000EDF7D6FD31462846EDF7ECFD40F60F0153
:10CE3000606801E0F1E0B4E0EEF7E2FC0546A649E7
:10CE4000EDF77AFDAFA12846EDF790FD0E212846BB
:10CE5000EDF7BEFD31462846EDF7D4FD4FF40161F4
:10CE60006068EEF7CDFC05469B49EDF765FDA7A18F
:10CE70002846EDF77BFD0E212846EDF7A9FD31464A
:10CE80002846EDF7BFFD40F611016068EEF7B8FCEB
:10CE900005469149EDF750FD9EA12846EDF766FD48
:10CEA0000E212846EDF794FD31462846EDF7AAFD00
:10CEB00040F601016068EEF7A3FC0546974A0021A1
:10CEC000E4F768FC964A01212846E4F763FC40F643
:10CED00003016068EEF794FC0546924A0021E4F7EE
:10CEE00059FC8F4A01212846E4F754FC40F604011E
:10CEF0006068EEF785FC05468B4A0021E4F74AFCA2
:10CF0000874A01212846E4F745FC40F605016068A0
:10CF1000EEF776FC0546854A0021E4F73BFC804AA3
:10CF200001212846E4F736FC39466068EEF768FCD4
:10CF300005467F4A0021E4F72DFC794A0121284665
:10CF4000E4F728FC40F607016068EEF759FC054657
:10CF5000784A0021E4F71EFC714A01212846E4F7D3
:10CF600019FC40F608016068EEF74AFC0546724A73
:10CF70000021E4F70FFC6A4A01212846E4F70AFC85
:10CF800040F609016068EEF73BFC04466B4A00215D
:10CF9000E4F700FC2046BDE8F041614A0121E4F7D6
:10CFA000F9BBA068EEF7BCFC01460026644DE068C2
:10CFB000A1F60602B94259D016DCA1F5006101398B
:10CFC0002DD0022938D0032943D0042925D10128A6
:10CFD00023D0022821D100216068E7F789F92E606B
:10CFE000BDE8F041F7F7CAB8012A4CD0022A57D061
:10CFF000032A62D00C2A10D101280ED002280CD1AD
:10D0000050A0FEF72DFD54480068EEF799FF5348F5
:10D010000068EFF763FF02202860BDE8F081012877
:10D02000FBD00228F9D100216068E7F761F92E6092
:10D03000BDE8F041F7F7B4B80128EED00228ECD1F2
:10D0400000216068E7F754F92E60BDE8F041F7F77A
:10D05000DDB80128E1D00228DFD100216068E7F7C0
:10D0600047F92E60BDE8F041F7F7E2B80128D4D0C7
:10D070000228D2D100216068E7F73AF92E60BDE8B6
:10D08000F041F7F757B80128C7D00228C5D10021D1
:10D090006068E7F72DF92E60BDE8F041F7F75CB85E
:10D0A0000128BAD00228B8D100216068E7F720F93A
:10D0B0002E60BDE8F041F7F72BB80128ADD002286B
:10D0C000ABD100216068E7F713F92E60BDE8F041AD
:10D0D000F7F7C0B8043F9700B4910308E4B8BBE782
:10D0E00081AF0000E5B084E781AF0000E6B8A9E5B4
:10D0F000BAA60000E6B9BFE5BAA60000E4BAAEE5FC
:10D10000BAA60000E9A38EE689870000E8ADA6E68E
:10D110008AA50000E8838CE585890000E0310020C5
:10D1200090310020083200201C320020CC31002039
:10D13000A4310020B8310020683100207C3100206B
:10D140000003002077696E646F7720666C69702039
:10D150006C6566740A0000001C0300202003002098
:10D160007CB50446006801261D2806D0262844D038
:10D170002046BDE87C40EEF743B835496068EDF7DE
:10D1800085FE40F601016068EEF73AFB054631493D
:10D19000EDF7D2FB30A12846EDF7E8FB0E2128463B
:10D1A000EDF716FC6FF07F412846EDF72BFC40F6BB
:10D1B00003016068EEF724FB0546294A0021E4F7E5
:10D1C000E9FA28482B46CDE900604FF4807226A189
:10D1D0002A481AF011FB40F605016068EEF710FBD3
:10D1E0000446274A0021E4F7D5FA02B02046BDE8FC
:10D1F0007040244A0121E4F7CDBAA068EEF790FB15
:10D20000184DE1682D1FA0F50060033818D00228E2
:10D2100015D1012913D0022911D100216068E7F747
:10D2200067F8194902200860F7F738F817490860CD
:10D230006868002803D019F02DFD002068607CBDCF
:10D240000129FCD00229FAD1FBF700FD2E607CBD3C
:10D25000043F9700B4910308E997A8E9948100007E
:10D26000803200209003002055706461746542692B
:10D27000746D61705461736B00000000DDAA0108D9
:10D2800094320020A8320020000300202003002058
:10D2900070B5044600681D2806D0262874D02046A4
:10D2A000BDE87040EDF7ACBF43496068EDF7EEFDB7
:10D2B00040F602016068EEF7A3FA05463F49EDF734
:10D2C0003BFB3FA12846EDF751FB0E212846EDF729
:10D2D0007FFB6FF07F4631462846EDF793FB40F623
:10D2E00003016068EEF78CFA05463449EDF724FB3C
:10D2F00037A12846EDF73AFB0E212846EDF768FBEB
:10D3000031462846EDF77EFB40F608016068EEF7EF
:10D3100077FA05462949EDF70FFB2FA12846EDF7CF
:10D3200025FB0E212846EDF753FB31462846EDF745
:10D3300069FB40F60B016068EEF762FA0546284982
:10D34000EDF7FAFA27492846EDF710FB40F60C01F5
:10D350006068EEF755FA05462149EDF7EDFA2249E6
:10D360002846EDF703FB40F60D016068EEF748FA3A
:10D3700004461E4A0021E4F70DFA2046BDE870403D
:10D380001B4A0121E4F706BAA068EEF7C9FAE16882
:10D39000A0F500600D380ED101290CD002290AD168
:10D3A00000216068E6F7A4FF124902200860F6F742
:10D3B00075FF1149086070BD043F9700B4910308E0
:10D3C000E7BD91E7BB9CE4BFA1E681AF0000000090
:10D3D000E697A0E7BABF0000E69C89E7BABF000065
:10D3E000E8B8030864680020102F00209432002061
:10D3F000A832002000030020200300202DE9FF5F59
:10D4000082B00021DDE90430020DDDF840B00343B5
:10D4100018D044F61050A2F2FF324243151411986E
:10D4200001281FD0A5EB0B00401C5FEA000A4FF05B
:10D4300000064E4FDFF83891B046504615D5CAF178
:10D44000000413E0119801244AA3012801D16FEAD6
:10D450000B010298119AC0E90031C0E9024206B0FE
:10D46000BDE8F09FCBF10000DFE704460021404A11
:10D47000491842EB0450CDE9001012E0E00707D054
:10D4800032463B4640464946E3F741FA80468946E4
:10D4900032463B4610461946E3F739FA06460F4630
:10D4A0006410002CEAD1DDE90401DDE90023BAF1C2
:10D4B000000F06DAE3F72BFA42464B46E3F727FA6A
:10D4C00005E0E3F796FA42464B46E3F792FA044644
:10D4D0000E460022284BE3F74BFB03D84FF0FF30FA
:10D4E000014607E00022254B20463146E3F768F964
:10D4F000E3F7ADFC102409E0002C0ADB0A2200232C
:10D50000E2F7BEFE039B30321A55641E50EA010258
:10D51000F2D1641C039AC4F111031444119A012A34
:10D5200003D0012208430DD10AE0084304D00020B3
:10D530004FF0110B119072E7A3EB0B056D1E0DE080
:10D540005B4504DD4FF0000205F1010504E003DA5C
:10D550004FF00002A5F10105002AECD002981199C4
:10D56000C0E90231C0E9004579E70000000014403D
:10D570000000F03F300000000000F0430000E03FFA
:10D5800030380A2801D2012070470020704700007F
:10D590002DE9FF4F95B09B468946064600250FE2D0
:10D5A000252877D100242746F84A0121059400E078
:10D5B000044316F8013F203B01FA03F01042F7D173
:10D5C00030782A2811D06FF02F033078A0F1300284
:10D5D000092A16D8059A44F0020402EB820203EBF2
:10D5E00042021044761C0590EFE759F8042B05928F
:10D5F000002A03DA504244F40054059044F0020437
:10D60000761C30782E2816D116F8010F44F0040449
:10D610002A280DD06FF02F023078A0F13003092BAB
:10D6200009D807EB870302EB4303C718761CF3E71F
:10D6300059F8047B761C30786C280FD006DC4C2817
:10D6400017D068280DD06A2814D104E0742810D0AF
:10D650007A280FD10DE044F400140AE044F4801459
:10D6600001E044F440147278824202D104F580143F
:10D67000761C761C307866280BD013DC582877D0BF
:10D6800009DC002875D04528F6D04628F4D0472874
:10D690001AD19DE118E0632835D0642879D0652837
:10D6A00012D195E1702873D008DC6728F1D0692881
:10D6B0006FD06E280DD06F2806D1B5E073282CD01E
:10D6C000752875D0782874D05A46179990476D1CE4
:10D6D00075E1C4F30250022809D003280DD0D9F80F
:10D6E000001004280DD00D6009F1040967E1D9F894
:10D6F0000010EA17C1E90052F6E7D9F800100D80D2
:10D70000F2E70D70F0E719F8041B8DF80010002007
:10D710008DF80100EA46012003E059F804AB4FF010
:10D72000FF3061074FF0000102D40DE008F1010164
:10D730008846B9420FDA8045F8DB1AF8081000294C
:10D74000F4D108E008F1010188468142FADB1AF8B9
:10D7500008100029F6D105985B46A0EB0807214682
:10D760003846179A00F094FA284400EB080507E0C1
:10D770004DE029E10DE01AF8010B5A461799904740
:10D78000B8F10108F7D25B4621463846179A13E1F3
:10D7900042E00A220092C4F302524FF0000A022A29
:10D7A00008D059F804CB032A4FEAEC710AD00DE0F7
:10D7B00029E02AE009F1070121F00702F2E802C19D
:10D7C000914609E00FFA8CFC4FEAEC71042A03D170
:10D7D0004FFA8CFC4FEAEC71002907DA0A46002167
:10D7E000DCF1000C61EB02012D2202E0220504D5E0
:10D7F0002B228DF80420012203E0E20701D0202231
:10D80000F7E7904659E00A2102E010220DE01021CE
:10D810004FF0000A00910BE010224FF0000A44F094
:10D8200004040827009203E008224FF0000A009247
:10D83000C4F30252022A05D059F804CB0021032A6E
:10D8400008D009E009F1070121F00702F2E802C15E
:10D85000914605E01FFA8CFC042A01D10CF0FF0C64
:10D860004FF00008220728D5702806D0009B83F0CF
:10D87000100353EA0A0305D00EE040228DF804207D
:10D88000012208E05CEA010206D030228DF8042073
:10D890008DF8050002229046009B83F0080353EAAE
:10D8A0000A030AD15CEA010201D1620705D53022E0
:10D8B0008DF804204FF001087F1E582804D034A0B2
:10D8C00003900EA802900DE036A0F9E7534660469B
:10D8D000009AE2F7D5FC84460398825C0298401EC9
:10D8E000029002705CEA0100F0D1029806A9081AC1
:10D8F00000F1200A600702D524F4803400E00127FB
:10D90000574502DDA7EB0A0000E0002000EB0A010A
:10D91000009005984144401A0590E00306D45B4608
:10D920002146179A059800F0B3F90544002706E050
:10D9300001A85A46C05D179990476D1C7F1C47454A
:10D94000F6DBE0030CD55B462146179A059800F0FC
:10D950009FF9054404E030205A46179990476D1C02
:10D960000099481E00900029F5DC08E00298029911
:10D970005A460078491C0291179990476D1CBAF1DC
:10D980000001AAF1010AF1DC65E1000009280100AB
:10D990003031323334353637383961626364656625
:10D9A00000000000303132333435363738394142E7
:10D9B000434445460000000000F058F90544761C39
:10D9C000307800287FF4ECAD19B02846BDE8F08F20
:10D9D000620700D4062709F1070222F0070CFCE8D1
:10D9E0000223E14603F000485FEA080C02D00FF280
:10D9F000702C0DE05FEA045C02D50FF2682C07E0A2
:10DA00005FEAC47C02D00FF2602C01E0AFF2700C30
:10DA10004FF0FF3823F00043CDF850C065280CD0FC
:10DA200006DC452809D046281DD047283DD13DE0D9
:10DA3000662818D067287ED138E00021112F01DB3D
:10DA4000112000E0781CCDE9000106A90EA8FFF71F
:10DA5000D5FCDDE90F010E9A03910021009207F138
:10DA6000010A04914DE04FF000400097CDE901100C
:10DA700006A90EA8FFF7C2FCDDE90F0203920E9B78
:10DA800011990022DDF80CA00093049211B9791CC1
:10DA900000EB010AB7EB0A0004D4C0F1FF3007F134
:10DAA000010A0490AAEB0700019044E0012F00DA7C
:10DAB00001270021112F01DD112000E03846CDE9BA
:10DAC000000106A90EA8FFF799FCDDE90F010E9AE7
:10DAD0000391002104910092BA4621070CD40399C6
:10DAE000514500DA8A46BAF1010F05DD009AAAF124
:10DAF0000101515C302908D0B84202DA10F1040F5C
:10DB000006DA0121CDE9011015E0AAF10101E9E7EA
:10DB1000002805DC049901440491AAEB000102E00D
:10DB2000411C514500DD8A460499401A401C019071
:10DB30004FF000400290200704D40198504501DBCB
:10DB4000CDF8048000208DF84F0002980DF14F07AA
:10DB5000B0F1004F25D02B200E9002984FF0020814
:10DB600000280CDA404202902D200E9007E00A2196
:10DB70000298E3F715F83031029007F8011DB8F16B
:10DB80000001A8F10108F2DC02980028EFD1791E0B
:10DB90000E980870307800F0200040F0450007F83B
:10DBA000020D12A8C01B00F107081498007800B1FC
:10DBB000012000EB0A01019801EBE0710598414456
:10DBC000401A401E0590E00306D45B462146179A92
:10DBD000059800F05DF805441498007818B15A468D
:10DBE000179990476D1CE00324D55B462146179A90
:10DBF000059800F04DF805441CE00498002807DB68
:10DC0000DDE90301884203DD0098405C179901E0DB
:10DC1000179930205A469047049805F10105401C99
:10DC200004900198401E019004D12E205A46179965
:10DC300090476D1CBAF10001AAF1010ADDDC05E094
:10DC400017F8010B5A46179990476D1CB8F100015F
:10DC5000A8F10108F4DC5B462146179A0598ABE66B
:10DC60002D0000002B000000200000002DE9F041F5
:10DC7000044600251E461746880404D405E03946AC
:10DC80002020B0476D1C641EF9D52846BDE8F08100
:10DC90002DE9F041044600251E469046C80301D5F3
:10DCA000302700E02027880404D505E041463846A7
:10DCB000B0476D1C641EF9D52846BDE8F0814A685E
:10DCC000002A06D00A68531C0B6010704868401E7A
:10DCD000486070470A68531C0B6010707047000062
:10DCE0002DE9F04790460E4604006FF0050555D02B
:10DCF00004F11400814611F086F900284ED0EF1F80
:10DD0000002E3DD0B8F1000F06D032A340F22A22F7
:10DD10003DA147A0FDF7A4FE2078616A0CF064FCE9
:10DD200005004FF0FF383DD06E6010F0BFFE294671
:10DD3000484611F05EF9A0B36C680021204611F04E
:10DD40007FFC0021204615F0D5F80021204615F073
:10DD500011FE00221146204614F000F90021204651
:10DD600012F0EEF80020686005F11000044611F092
:10DD70001FF9204611F03AF928460CF0E3FD1FE0A8
:10DD800038460AF085FF0146484611F032F928B9B5
:10DD9000636A1BB100221146204698472846BDE819
:10DDA000F0870FE038460AF073FF0146484611F04D
:10DDB00020F928B9636A1BB1002211462046984712
:10DDC0004046ECE7636A1BB10022114620469847A3
:10DDD0000020E4E72E2E2F4D6964646C6577617234
:10DDE00065732F54686972645F50617274792F4C47
:10DDF0007749502F7372632F6170692F6170695F6B
:10DE00006D73672E63000000657870656374206E23
:10DE10006577706362203D3D204E554C4C206F72FB
:10DE200020657272203D3D204552525F4F4B0000ED
:10DE3000417373657274696F6E20222573222066A8
:10DE400061696C6564206174206C696E652025646D
:10DE500020696E2025730A001FB58DE80E00694603
:10DE6000F7F76AF81FBD000010B50146072301222D
:10DE70000748FFF7F1FF0648F7F7B8F90A21044809
:10DE8000F7F75EF90248F7F7FDF880B210BD000021
:10DE9000C82E00202DE9F04100250E4607462C46ED
:10DEA00008E03846FFF7E0FF0544052000F04EFE8D
:10DEB000641CE4B2B442F4D3B5FBF6F0BDE8F081E3
:10DEC000104882B00021026842F48062026000685B
:10DED0000D4A00F4806000900C4802604FF48032DC
:10DEE000C0E90121C1600161416101760122C26185
:10DEF000074A80F82010C0E90912C16202B0F7F7A2
:10DF0000C4B800004438024000220140C82E00205E
:10DF10000100000F11B108B1884201D10020704703
:10DF200082683AB152681AB111604A6080684160F3
:10DF30000120704781600020C1E90001F8E72DE968
:10DF4000F04106000698984614460D4621D005B3C8
:10DF5000FCB1A6421DD018B1E06840F4007708E09B
:10DF60001946284600F002F9050012D0E06820F4B6
:10DF70000077A089800504D4206A10B1D8F8041075
:10DF80008847E760214630462562BDE8F041FFF74B
:10DF9000C1BF0020BDE8F0812DE9F0418846074669
:10DFA0000024174D10F0A8FF05EB0411096841B1DA
:10DFB00010F0CAFF641C042CF4DB4FF0FF30BDE806
:10DFC000F08105EB04152F6010F0BEFF00266E6097
:10DFD000A87B002806D00BA340F20E2216A11EA09B
:10DFE000FDF73EFD2E8138780121B1EB101F02D1E3
:10DFF0005FEA080000D001206881AE812046DEE79C
:10E00000A46900202E2E2F4D6964646C65776172BF
:10E0100065732F54686972645F50617274792F4C14
:10E020007749502F7372632F6170692F736F636B21
:10E030006574732E63000000736F636B6574735BAC
:10E04000695D2E73656C6563745F77616974696E71
:10E0500067203D3D20300000417373657274696F25
:10E060006E2022257322206661696C6564206174CC
:10E07000206C696E6520256420696E2025730A0076
:10E08000F8B505460C46104600F01EF8064600207E
:10E090000090064B324621462846FFF750FF0028E5
:10E0A000304602D100F028F80020F8BD840000209E
:10E0B00010B5044800F048F8002801D04021C160A4
:10E0C00010BD00008400002070B50546094800F02E
:10E0D0003BF8040007D01020E0600649284600F015
:10E0E00045F8206108B1204670BD204600F004F8D4
:10E0F000002070BD840000202DE9F0410446002777
:10E10000104E1BE0A0892568C0050BD4A06820B183
:10E11000FFF7F2FFA089C00504D4206910B171682F
:10E1200088472761A089800504D4206A10B17168EE
:10E13000884727627168204688472C46002CE1D129
:10E14000BDE8F0818400002010B5016828208847D0
:10E15000040002D02821E2F70DF9204610BD00008E
:10E16000014A00210FF09AB98400002070B50E46D4
:10E1700005000DD0E2F731F9401C316804468847AC
:10E18000060005D022462946E2F7CCF8304670BD9D
:10E19000002070BD2DE9F05F0746406B891E00EB43
:10E1A0001135C1F3C80601F007014FF0010B0BFA5E
:10E1B00001F09A469146C4B229466D1C38460BF0D0
:10E1C000A5FF10B10120BDE8F09F5A464FF400733F
:10E1D000B91991F83C00204202D04FF0010801E04B
:10E1E0004FF00008D04501D10220ECE7604081F8F3
:10E1F0003C00B9F10100FA708146E4D0600010F0F3
:10E20000FF04E5D10124761C9E42E1D30026D3E72A
:10E2100010B504460020E070401EA06320460BF0BD
:10E2200075FF08B1042010BD04F23A2009F0C7FAC6
:10E23000A0F52A41553901D0032010BD94F83C00C7
:10E24000E92805D0EB2814D194F83E00902810D18D
:10E2500004F1720009F07DFA0B49B1EB002F06D0F2
:10E2600004F18E0009F075FA0849884201D10020B6
:10E2700010BD0B2206A104F13C000BF01DFB08B100
:10E28000022010BD012010BD0046415446415433C8
:10E29000EB769045584641542020200000E0401C79
:10E2A00002780AB18A42FAD1D0B27047F0B50022A2
:10E2B000144D134605EB021426685EB10768BE4292
:10E2C00009D166688768BE4205D1A468066BB4426E
:10E2D00004D000E00123521C022AEBD3022A01D011
:10E2E00069B904E04BB9022907D01220F0BD05EB53
:10E2F00002108089B0F5807F01D00020F0BD102091
:10E30000F0BD0000746B002030B50021054B0C46B9
:10E3100003EB01121568854200D11460491C0229E3
:10E32000F6D330BD746B002070B50168046D500ADF
:10E330004D8940EAC350590A2A460023241DE1F7BB
:10E340009FFF02CC21B1884204D3401A241DF8E774
:10E35000002070BD2168084470BD026A891E921EAB
:10E360008A4201D800207047426B408901FB00209F
:10E37000704700002DE9F05F82460C4601F11A005B
:10E3800009F01DFA78BB2078012700F03F00401EFD
:10E3900000EB8001DFF8589001EBC00500264FF636
:10E3A000FF7B00BF19F80600204409F008FA8046F8
:10E3B0006FB1FF2D17D205F02FF907463AF8150077
:10E3C0006D1C05F029F987420DD1474601E0D8457B
:10E3D00009D1761C0D2EE5D32078400606D52FB145
:10E3E0003AF8150010B10020BDE8F09F0120FBE7CE
:10E3F000CCA0030810B52DED088BB0EE41AAF0EECD
:10E4000061AAB0EE40BAF0EE60BAB0EE4A0AF0EEA1
:10E410006A0AFDF7A3FBB0EE408AF0EE608AB0EE28
:10E420004B0AF0EE6B0AFDF799FBB0EE409AF0EE66
:10E43000609AB0EE480AF0EE680AB0EE490AF0EED3
:10E44000690A53EC182B51EC190BE2F791FB04D23B
:10E45000B0EE490AF0EE690A03E0B0EE480AF0EEC9
:10E46000680A9FED101B51EC100B53EC112BE2F7D7
:10E470004EFA41EC180B53EC1A2B51EC1B0BE2F744
:10E4800040FA41EC100BFDF769FB53EC182B51ECF3
:10E49000100BE2F755FB03D80120BDEC088B10BD33
:10E4A0000020FAE7000000000000B03C2DE9F04732
:10E4B00006685FEA0108074626D04146384605F05F
:10E4C000ADFF022841D3411C1CD0316A814219D8CA
:10E4D000454630784FF0FF3904281CD02C46306A6E
:10E4E000641CA04202D80224022D0AD321463846D9
:10E4F00005F094FF80B3012804D0411C02D0AC4247
:10E50000EDD10020BDE8F087B56915B1306AA842A9
:10E51000DFD80125DDE701222946304605F0ECF879
:10E5200004004BD0601C49D001231A4621463046D6
:10E53000FFF730FE022808D0012808D0B8F1000FFC
:10E5400007D0F979022908D00FE00120DAE7484620
:10E55000D8E70221F9712DE01EE0691C8C4229D018
:10E56000B968691AB9610321F97108F101018C4296
:10E5700006D1F96909B1491C00E00221F96119E0ED
:10E58000F869012500B9FD6122464146384605F08B
:10E590009AF880B9FD6113E04A46214630460FF0F3
:10E5A00041FC40B9B8F100000AD00146224630468D
:10E5B0000FF038FC20B101280FD001242046A1E73C
:10E5C000B461D6E90701891E884201D8401EF06176
:10E5D000307940F001003071F0E74C46EEE7000082
:10E5E0002DE9F84F824600680F680024C668884607
:10E5F0002546785D6D1C20282AD32F2823D05C283F
:10E6000021D0FF2C49D2A0F181017D290BD8795D61
:10E610006D1C01EB0020A1F1400280B23F2A02D321
:10E6200080397F2939D2012104F076FF5FEA0009A1
:10E6300033D0B9F1800F12D2014675A0FFF72EFE3C
:10E6400058BB0CE06D1C795D2F29FBD05C29F9D0FB
:10E650007A19C8F80020202805D204250FE026F8F2
:10E660001490641CC5E7002509E000BF06EB4400D8
:10E6700030F8020C202801D02E2802D1641E002C74
:10E68000F4D1002026F814003CB10B2220210AF11D
:10E6900040000BF093FB002703E00620BDE8F88F55
:10E6A0007F1C36F817002028FAD02E28F8D01FB18A
:10E6B00045F0030500E0641E2CB106EB440030F881
:10E6C000020C2E28F7D14FF000094FF0080BCDF8BF
:10E6D000009000BF36F8170007F101075FEA000855
:10E6E00024D0B8F1200F04D0B8F12E0F04D1A742E6
:10E6F00002D045F00305EDE70098584501D2A74246
:10E7000019D1BBF10B0F0FD0A74201D045F0030583
:10E710000CD84FF0080000904FEA896027464FF070
:10E720000B0B4FEA1069D5E745F003059AF8400056
:10E73000E52849D04BE04046B8F1800F07D304F0FC
:10E740006BFF002104F0E8FE804645F00205B8F1B9
:10E75000FF0F13D90099ABF10100814204D345F0BA
:10E760000305CDF800B0B5E70AEB01004FEA182227
:10E7700080F840200098401C00901CE0B8F1000F89
:10E7800004D0014625A0FFF789FD20B14FF05F08B6
:10E7900045F003050FE0A8F14100192802D849F01F
:10E7A000020908E0A8F16100192804D8413049F0B5
:10E7B00001091FFA80F8009A0AEB020181F84080F3
:10E7C0000098401C009085E705218AF84010BBF1B5
:10E7D000080F03D14FEA89604FEA1069C9F381003D
:10E7E000032803D06FEA0901890701D145F002052A
:10E7F000A90709D409F00301012901D145F0100549
:10E80000012801D145F008058AF84B50002045E762
:10E81000222A3A3C3E3F7C7F000000002B2C3B3DEF
:10E820005B5D00002DE9F05F89460546402200212E
:10E830000BF0C4FA85202870C0200026012785F837
:10E840002000B8464024B2464FF0C10B05F804B092
:10E85000641C05F804A0641CB8F1000F06D039F858
:10E8600016005FEA000801D0761CF6B2281941466E
:10E8700010F05BFAA41CE006EED17F1C39F81600FC
:10E88000FFB20028E2D185F823606F70484619F086
:10E89000AFF9014605F12400BDE8F05F10F045BA7C
:10E8A00070B5134D4FF40064002221462846F7F757
:10E8B000F0FC022000F050F90E4E012211463046C5
:10E8C000F7F7E7FC022000F047F90022012130466B
:10E8D000F7F7DFFC022000F03FF90122214628462D
:10E8E000F7F7D7FCBDE87040022000F035B9000012
:10E8F000001402400004024000F0B0B810B501223C
:10E90000D1020C48F7F7C5FC022000F025F90A4CAB
:10E91000012211462046F7F7BCFC022000F01CF94A
:10E92000002201212046F7F7B4FCBDE81040022088
:10E9300000F012B900140240000402402DE9F04733
:10E940000024DFF85890164E074625464FF400681D
:10E950006006040E012211463046F7F79AFC0220A9
:10E9600000F0FAF841464846F7F786FC08B1641C07
:10E97000E4B2002201213046F7F78BFC022000F0C0
:10E98000EBF86D1CEDB2082DE2D327B1FFF788FF3D
:10E990002046BDE8F087FFF7B1FFF9E70014024019
:10E9A000000402402DE9F041DFF85880164E05467C
:10E9B00000244FF40067280601D5012200E0002260
:10E9C00039464046F7F765FC022000F0C5F8012201
:10E9D00011463046F7F75DFC022000F0BDF800223A
:10E9E00001213046F7F755FC6806641C050EE4B2B9
:10E9F000082CE0D339464046BDE8F0410122F7F744
:10EA000048BC0000001402400004024070B501221E
:10EA1000104DD40221462846F7F73BFC0E4E01224A
:10EA200011463046F7F735FC022000F095F8002239
:10EA300021462846F7F72DFC022000F08DF8002231
:10EA400001213046F7F725FCBDE87040022000F0B8
:10EA500083B80000001402400004024070B50E4D5F
:10EA60004FF40064002221462846F7F712FC0220EA
:10EA700000F072F8012211460848F7F70AFC02205C
:10EA800000F06AF8012221462846F7F702FCBDE8AB
:10EA90007040022000F060B8001402400004024000
:10EAA0002DE9F0410122174F0024D60225463146B8
:10EAB0003846F7F7EEFB022000F04EF8DFF848800A
:10EAC000012211464046F7F7E4FB07E0641CE4B27C
:10EAD000FA2C03D9FFF7C2FF012508E0022000F05D
:10EAE0003BF831463846F7F7C7FB0028EED1002245
:10EAF00001214046F7F7CDFB022000F02DF8284613
:10EB0000BDE8F0810014024000040240401E0228CB
:10EB100012D20A4901EB00118889B0F5807F05D037
:10EB200008B1401E80B2888110B103E00020FAE7EE
:10EB3000002008600020704702207047746B00209E
:10EB40000149086070470000240000204FF47A71EA
:10EB5000484300F001B8000070B54FF0E0240022F7
:10EB600065690949A36909684843A1699942FCD0CC
:10EB700002D2A3EB010302E0A5EB010633441A44E1
:10EB80000B468242F1D370BD2400002058B1426A86
:10EB9000002A0FD05379082B0CD10968D269914211
:10EBA00008D100F0C3BA04A340F28B3210A114A024
:10EBB000FCF756BF704700002E2E2F4D6964646C21
:10EBC0006577617265732F54686972645F50617212
:10EBD00074792F4C7749502F7372632F636F72656E
:10EBE0002F697076342F646863702E630000000014
:10EBF0006E6574696620213D204E554C4C00000026
:10EC0000417373657274696F6E20222573222066CA
:10EC100061696C6564206174206C696E652025648F
:10EC200020696E2025730A002DE9FC4105001AD0E9
:10EC30006C6AECB100236382A16A4FF03C07B1F12A
:10EC4000FF3F4FF480364FF001024FF6FF7019D0AE
:10EC50001E31B1FBF7F1B14200D301460904090CA2
:10EC6000A1820ED00EE02DA340F2154239A103E09F
:10EC70002AA340F217423EA143A0FCF7F1FEBDE8F3
:10EC8000FC81A282E16AB1F1FF3F0CD01E31B1FBE1
:10EC9000F7F1B14200D301460904090C618100D1AA
:10ECA00062816189E181216BB1F1FF3F0CD01E319E
:10ECB000B1FBF7F1B14200D301460904090CA1816F
:10ECC00000D1A281A18921826289A1898A4201D3CE
:10ECD00001B16381E17909B1206A08E0217F7F29D0
:10ECE00001D8FF2003E0C02901D36FF07F400090DE
:10ECF000606A019028B9E0690099084040F080708E
:10ED000001900A21204601F091FA01AB6A4604F114
:10ED10001C0128460CF0F4FDB1E700002E2E2F4D0B
:10ED20006964646C6577617265732F546869726495
:10ED30005F50617274792F4C7749502F7372632F33
:10ED4000636F72652F697076342F646863702E6309
:10ED500000000000646863705F62696E643A206E50
:10ED60006574696620213D204E554C4C0000000022
:10ED7000646863705F62696E643A206468637020DF
:10ED8000213D204E554C4C00417373657274696F80
:10ED90006E2022257322206661696C65642061748F
:10EDA000206C696E6520256420696E2025730A0039
:10EDB00070B5446A05460821204601F037FA002262
:10EDC00004F11C01284602F0A1FCA079FF2801D221
:10EDD000401CA0714FF4FA7140F2E730B0FBF1F043
:10EDE000208170BD70B5294804684CE0606AA0B30A
:10EDF000417991B3818A69B1418A491C89B24182C2
:10EE0000828A914206D1204601F046F8204601F060
:10EE100015FA37E0018A19B14A1E0282012906D08B
:10EE2000C189D1B14A1EC281012917D02AE0656A81
:10EE300020466979012905D00A2903D0052901D086
:10EE400004291FD100F0ACFEA88A698A401A022862
:10EE500018DB00EBD0704008288213E0656A20467A
:10EE60006979012903D00A2901D005290AD101F0C5
:10EE700071F8A889698A401A022803DB00EBD07078
:10EE80004008E8812468002CB0D170BD6C020020DD
:10EE90002DE9F047994616460D4607001BD0002D78
:10EEA0001ED04FF49A744FF42072214636200DF094
:10EEB0007DFAB0F100081BD0B8F80A00A246504510
:10EEC00006D232A340F271723EA14EA0FCF7C8FDFB
:10EED000032E12D10EE02DA340F2697253A103E07C
:10EEE0002AA340F26A7259A146A0FCF7B9FD00209E
:10EEF000BDE8F0876879032808D1A8795B4C08B190
:10EF0000606802E0E1F7FCF960602860D8F804402E
:10EF100051462046E1F72EFA01202070607097F8E4
:10EF20003000A070286809F00FF86060082E0AD041
:10EF3000042E08D0072E06D0032E06D168790528A6
:10EF400001D0042801D17868E06000203918221827
:10EF5000401C91F82A1080B211770628F6D3444855
:10EF6000C4F8EC0004F1F001012335220C46002026
:10EF700000F0C4FA3246214600F00CFBB9F1000F54
:10EF800001D0A9F800004046B2E700002E2E2F4D18
:10EF90006964646C6577617265732F546869726423
:10EFA0005F50617274792F4C7749502F7372632FC1
:10EFB000636F72652F697076342F646863702E6397
:10EFC00000000000646863705F6372656174655F70
:10EFD0006D73673A20636865636B207468617420A1
:10EFE000666972737420706275662063616E206852
:10EFF0006F6C642073747275637420646863705FEF
:10F000006D736700417373657274696F6E2022259A
:10F010007322206661696C6564206174206C696E7E
:10F020006520256420696E2025730A00646863707A
:10F030005F6372656174655F6D73673A206E6574B6
:10F04000696620213D204E554C4C00006468637079
:10F050005F6372656174655F6D73673A20646863AE
:10F060007020213D204E554C4C000000D002002065
:10F070006382536310B50B4C2078002805D10AA396
:10F08000FF2217A11FA0FCF7EBFC2078401E10F018
:10F09000FF00207004D1A06817F002F90020A060E2
:10F0A00010BD0000D00200202E2E2F4D6964646C2C
:10F0B0006577617265732F54686972645F5061721D
:10F0C00074792F4C7749502F7372632F636F726579
:10F0D0002F697076342F646863702E63000000001F
:10F0E000646863705F7063625F726566636F756E9C
:10F0F0007428293A20726566636F756E7420657294
:10F10000726F7200417373657274696F6E2022258D
:10F110007322206661696C6564206174206C696E7D
:10F120006520256420696E2025730A00FEB5446AB7
:10F1300006460C21204601F079F802AB0422214654
:10F140003046FFF7A5FE050028D069680423F0319A
:10F1500032220F46BDF8080000F0D0F9ADF80800E3
:10F16000E06908F0F1FE02463946BDF8080000F0FB
:10F170006FFAADF808002A46394600F039FB0F480F
:10F180004323CDE900600F480D4A2946806817F0F7
:10F1900067FA064628460DF01FFD01E04FF0FF36E6
:10F1A000A079FF2801D2401CA07142F603104FF451
:10F1B000FA71B0FBF1F020813046FEBD587E0308A5
:10F1C0005C7E0308D00200202DE9FE4F446A07460A
:10F1D0004FF0000906212046C4F81C9001F026F8E3
:10F1E00002AB012221463846FFF752FE06003BD013
:10F1F00071680223F0318A4639225546BDF808006D
:10F2000000F07CF9ADF808003A8D294600F08CFA40
:10F21000ADF8080003233722294600F06FF9DFF824
:10F220008480ADF808000025514618F80520BDF887
:10F23000080000F0AFF96D1CEDB2ADF80800032D29
:10F24000F2D33246514680B200F0D2FA1648432338
:10F25000CDE900701348154A401E3146806817F00A
:10F26000FFF930460DF0B8FCA079FF2801D2401C10
:10F27000A071C1B2062902D20120884000E03C20E2
:10F2800000EB4001C1EBC0104FF6FF7101EAC00076
:10F290004FF4FA7100F2F310B0FBF1F02081484610
:10F2A000BDE8FE8FD1020020587E03085C7E030873
:10F2B00070B50B48002504680EE0606A58B10189FA
:10F2C000012903D9A1F10101018104E003D10581E4
:10F2D000204601F055F82468002CEED170BD0000E6
:10F2E0006C02002070B5446A0020154D20626062F7
:10F2F000EA78144E0AB1F268A2622A790AB1326938
:10F3000001E0A26A5208E2626A790AB1726903E016
:10F31000A26AC2EBC202D20822630969E161A9793B
:10F3200021B1B06908F010FE20620120E071E87997
:10F33000002803D0F06908F007FE606270BD00008D
:10F34000DC0200200C6A002010B5154C2078002843
:10F350001ED1A068002805D012A3E5221FA129A074
:10F36000FCF77EFB16F048FFA060B0B1417A442262
:10F3700041F0200141722D4916F084FC43222B49B3
:10F38000A06816F019FD00222949A06816F044FF74
:10F390002078401C2070002010BD4FF0FF3010BDC1
:10F3A000D00200202E2E2F4D6964646C6577617247
:10F3B00065732F54686972645F50617274792F4C61
:10F3C0007749502F7372632F636F72652F69707660
:10F3D000342F646863702E630000000064686370FB
:10F3E0005F696E635F7063625F726566636F756E9F
:10F3F0007428293A206D656D6F7279206C65616B98
:10F4000000000000417373657274696F6E202225DD
:10F410007322206661696C6564206174206C696E7A
:10F420006520256420696E2025730A00587E030834
:10F4300079FD010870B5446A0546002C22D0607938
:10F440000026042818D004DC00281BD0032804D18F
:10F4500012E0052810D00A280ED00C2806D90AA3DD
:10F4600040F26D3216A11BA0FCF7FAFAA6712846ED
:10F47000BDE87040FFF7A8BEA6712846BDE8704001
:10F4800000F0FABB70BD00002E2E2F4D6964646C35
:10F490006577617265732F54686972645F50617239
:10F4A00074792F4C7749502F7372632F636F726595
:10F4B0002F697076342F646863702E63000000003B
:10F4C000696E76616C696420646863702D3E737444
:10F4D00061746500417373657274696F6E202225D3
:10F4E0007322206661696C6564206174206C696EAA
:10F4F0006520256420696E2025730A002DE9F041FE
:10F500001D4604462844801C17460E46442806D94A
:10F5100007A340F29A52144914A0FCF7A1FA3755F8
:10F52000641CA0B23554401C80B2BDE8F0810000DC
:10F530002E2E2F4D6964646C6577617265732F544C
:10F54000686972645F50617274792F4C7749502FEB
:10F550007372632F636F72652F697076342F6468DE
:10F5600063702E630000000070A703084173736589
:10F570007274696F6E2022257322206661696C6542
:10F5800064206174206C696E6520256420696E209A
:10F5900025730A0070B515460E460446442806D366
:10F5A00005A340F2A65212A11FA0FCF759FA355547
:10F5B000641CA0B270BD00002E2E2F4D6964646CD7
:10F5C0006577617265732F54686972645F50617208
:10F5D00074792F4C7749502F7372632F636F726564
:10F5E0002F697076342F646863702E63000000000A
:10F5F000646863705F6F7074696F6E5F6279746561
:10F600003A206F7074696F6E735F6F75745F6C65AD
:10F610006E203C20444843505F4F5054494F4E5356
:10F620005F4C454E00000000417373657274696F52
:10F630006E2022257322206661696C6564206174E6
:10F64000206C696E6520256420696E2025730A0090
:10F6500070B50546001D14460E46442806D90BA376
:10F6600040F2B75217A126A0FCF7FAF9200E705508
:10F670006D1CA8B2210C3154401C80B2210A3154B7
:10F68000401C80B23454401C80B270BD2E2E2F4DD1
:10F690006964646C6577617265732F54686972641C
:10F6A0005F50617274792F4C7749502F7372632FBA
:10F6B000636F72652F697076342F646863702E6390
:10F6C00000000000646863705F6F7074696F6E5F44
:10F6D0006C6F6E673A206F7074696F6E735F6F75D1
:10F6E000745F6C656E202B2034203C3D20444843E1
:10F6F000505F4F5054494F4E535F4C454E000000F1
:10F70000417373657274696F6E20222573222066BF
:10F7100061696C6564206174206C696E6520256484
:10F7200020696E2025730A0070B50446801C1546BA
:10F730000E46442806D907A340F2AE5213A122A0D8
:10F74000FCF78EF9280A3055641CA0B23554401CD1
:10F7500080B270BD2E2E2F4D6964646C6577617226
:10F7600065732F54686972645F50617274792F4CAD
:10F770007749502F7372632F636F72652F697076AC
:10F78000342F646863702E63000000006468637047
:10F790005F6F7074696F6E5F73686F72743A206F19
:10F7A0007074696F6E735F6F75745F6C656E202B1C
:10F7B0002032203C3D20444843505F4F5054494F35
:10F7C0004E535F4C454E0000417373657274696F10
:10F7D0006E2022257322206661696C656420617445
:10F7E000206C696E6520256420696E2025730A00EF
:10F7F000FF230B54401C80B2002302E00B54401C3A
:10F8000080B24428FAD3F03081B210460DF0E2BA4B
:10F810002DE9F04F85B08246A14900200490C860D0
:10F820000861BAF80A002C2817D3BAF808004FF07C
:10F83000F00901F10C07564607E000BFA9EB0201F1
:10F84000801A36681FFA81F980B236B1728949464A
:10F850004A45F3D90C460290F0E06FF0010005B084
:10F86000BDE8F08FA11C89B24FF0FF350191A14294
:10F87000F3D37189621C914203D9039921444978D9
:10F8800003E0316809B1496809783428884634D0E2
:10F8900007DC98B1012814D003281AD0332808D1E6
:10F8A00022E0352850D0362857D03A285DD03B2862
:10F8B00063D04FF00008002867D02DE00021884673
:10F8C000F9E7042903D077A340F22E6211E0062560
:10F8D000F1E74FF00408042904D272A340F2336226
:10F8E0007EA1B2E00725E6E7042904D06DA340F22B
:10F8F00041627FA1A9E00325DDE7012903D069A3C7
:10F9000040F24F6225E0B9F1F00F04D065A340F258
:10F9100051627AA199E000256018801CB0F5803F03
:10F920009BD284B2B8F1000F7AD000200090082D4D
:10F9300006D35CA34FF4CF6276A17BA0FCF790F8CE
:10F94000785D002823D06BE0012904D055A340F254
:10F9500055627FA179E00125ADE7042903D051A3C9
:10F9600040F25962C5E70225A5E7042903D04DA35B
:10F9700040F25D62BDE704259DE7042903D049A359
:10F9800040F26162B5E7052595E794B248E040464C
:10F99000B8F1040F00D3042083460246694630467E
:10F9A000019B0DF08DF858457FF457AFB8F1040F67
:10F9B0001ED95FEA887004D03AA340F2816267A141
:10F9C00043E001207855009808F0BEFA01466948E6
:10F9D00040F82510A8F1040000F0FF0801980199F3
:10F9E000001D80B28842FFF438AF6D1C01909EE785
:10F9F000B8F1040F07D0B8F1010F08D029A34FF4D4
:10FA0000D2625DA121E0009808F09EFA01E09DF825
:10FA100000000090012078555648009940F82510C4
:10FA20007089A04217D8211A8CB20299081A80B2A4
:10FA300002908442BFF411AF366816B1706803902B
:10FA40000AE018A340F29D6250A137A0FCF708F825
:10FA50006FF0050003E73EB10298844204D2039898
:10FA6000005DFF287FF4FEAE387848B141480021A0
:10FA70000068397001280ED0022804D0032808D06D
:10FA800004980028E6D0002004904FF02C096C2048
:10FA9000D1E6012004904FF06C09EC20CBE6000089
:10FAA000D00200202E2E2F4D6964646C6577617240
:10FAB00065732F54686972645F50617274792F4C5A
:10FAC0007749502F7372632F636F72652F69707659
:10FAD000342F646863702E63000000006C656E2034
:10FAE0003E3D206465636F64655F6C656E00000079
:10FAF0006C656E203D3D2034000000006F7665721D
:10FB00006C6F616420696E2066696C652F736E612D
:10FB10006D650000636865636B206465636F646591
:10FB20005F69647800000000417373657274696FE7
:10FB30006E2022257322206661696C6564206174E1
:10FB4000206C696E6520256420696E2025730A008B
:10FB50006C656E203D3D2031000000006465636FE0
:10FB600064655F6C656E2025252034203D3D203086
:10FB7000000000000C6A0020696E76616C696420E8
:10FB80006465636F64655F6C656E00006E657874B4
:10FB9000207062756620776173206E756C6C000052
:10FBA0002DE9FC47446A07460421204600F03EFB4D
:10FBB00001AB032221463846FFF76AF906003BD025
:10FBC00071680223F031894639224D46BDF80400A0
:10FBD000FFF794FCADF804003A8D2946FFF7A4FD29
:10FBE000ADF80400032337222946FFF787FCDFF82E
:10FBF0008080ADF804000025494618F80520BDF8BE
:10FC00000400FFF7C7FC6D1CEDB2ADF80400032D36
:10FC1000F2D33246494680B2FFF7EAFD1448009716
:10FC2000401E4323134A3146806816F079FC05468E
:10FC300030460CF0D1FF01E04FF0FF35A079FF28EE
:10FC400001D2401CA071C0B20A2804D24FF47A71CC
:10FC500010FB01F001E042F2107080B24FF4FA7133
:10FC600000F2F310B0FBF1F020812846BDE8FC87DC
:10FC7000D10200205C7E03082DE9FC47446A074658
:10FC80000321204600F0D2FA01AB03222146384678
:10FC9000FFF7FEF806004FD071680223F031894665
:10FCA00039224D46BDF80400FFF728FCADF80400EA
:10FCB0004FF410722946FFF737FDADF80400042316
:10FCC00032222946FFF71AFCADF80400E06908F07B
:10FCD0003BF902462946BDF80400FFF7B9FCADF830
:10FCE0000400032337222946FFF708FCDFF8808051
:10FCF000ADF80400002500BF18F805204946BDF8FE
:10FD00000400FFF747FC6D1CEDB2ADF80400032DB5
:10FD1000F2D33246494680B2FFF76AFD1448009795
:10FD2000401E4323134A3146806816F0F9FB05460E
:10FD300030460CF051FF01E04FF0FF35A079FF286D
:10FD400001D2401CA071C0B20A2804D24FF47A71CB
:10FD500010FB01F001E042F2107080B24FF4FA7132
:10FD600000F2F310B0FBF1F020812846BDE8FC87DB
:10FD7000D10200205C7E03082DE9F0414248516821
:10FD800016464468656A002D79D02879002876D017
:10FD900070892C2873D30878022870D1002094F839
:10FDA000302008E023180F1893F82A303F7FBB4219
:10FDB00065D1401CC0B2824201D90628F2D34868FE
:10FDC00008F0C2F82968884259D129463046FFF721
:10FDD0001FFD08BB2D494878F0B12D4A776810798E
:10FDE000052804D0062821D0022836D047E06879BB
:10FDF000012806D0032814D0042812D0052810D0DA
:10FE00003DE039462046FFF76DFA94F831000007CF
:10FE100003D52046FEF7CCFF31E02046FEF704FF75
:10FE20002DE039462046FFF75DFAF6E768790328AA
:10FE300005D0012803D0042801D005281FD10C21AA
:10FE4000606A00F0F3F9134B20461A4611460BF096
:10FE500057FD2046FFF7B8F911E0687906280ED162
:10FE60002546646A887850B100202081906808F0A7
:10FE70006BF8A0613869E061284600F0D7F8304699
:10FE8000BDE8F0410CF0A8BEE4690020DC020020CF
:10FE90000C6A0020587E03082DE9FE43446A074699
:10FEA000002C51D0607900284ED0A0690290002526
:10FEB000A561E561256265622563E562A562A582AB
:10FEC00065822582E581384600F04CFA60B301ABCB
:10FED000072221463846FEF7DBFF060024D0716872
:10FEE0000423F03136228846BDF80400FFF706FBF4
:10FEF000ADF80400029808F027F802464146BDF824
:10FF00000400FFF7A5FBADF8040032464146FFF7B9
:10FF10006FFC0E480097432302AA3146806816F012
:10FF2000FFFA30460CF058FE094B38461A46114687
:10FF30000BF0E6FC0021204600F078F9207900283B
:10FF400002D0FFF797F82571BDE8FE83D0020020AC
:10FF5000587E03082DE9FC47446A074605212046E0
:10FF600000F064F901AB032221463846FEF790FF0A
:10FF700006003CD071680223F031894639224D4693
:10FF8000BDF80400FFF7BAFAADF804003A8D29462F
:10FF9000FFF7CAFBADF80400032337222946FFF719
:10FFA000ADFADFF88480ADF804000025494618F862
:10FFB0000520BDF80400FFF7EDFA6D1CEDB2ADF8B9
:10FFC0000400032DF2D33246494680B2FFF710FCFD
:10FFD00015480097401E432304F1180231468068FB
:10FFE00016F09EFA054630460CF0F6FD01E04FF0A3
:10FFF000FF35A079FF2801D2401CA071C0B20A28A9
:020000040802F0
:1000000004D24FF4FA6110FB01F001E044F62060E5
:1000100080B24FF4FA7100F2F310B0FBF1F02081DE
:100020002846BDE8FC870000D10200202DE9FE43F0
:10003000070073D07C6A002C7CD00121204600F0A0
:10004000F5F802AB032221463846FEF721FF0600F1
:100050007AD071680223F031894639224D46BDF8C5
:100060000800FFF74BFAADF808003A8D2946FFF774
:100070005BFBADF80800042332222946FFF73EFA65
:10008000ADF80800E06907F05FFF02462946BDF8B9
:100090000800FFF7DDFAADF80800042336222946F0
:1000A000FFF72CFAADF80800A06907F04DFF0246F3
:1000B0002946BDF80800FFF7CBFAADF80800032386
:1000C00037222946FFF71AFADFF8BC80ADF808009E
:1000D000002500BF18F805204946BDF80800FFF7C5
:1000E00059FA6D1CEDB2ADF80800032DF2D332467B
:1000F000494680B2FFF77CFB24484323CDE90070DA
:100100002148234A401E3146806816F0A9FA054668
:1001100030460CF061FD19E000E00BE01DA340F259
:1001200077122AA130A0FBF79BFC6FF00F00BDE80F
:10013000FE8309E017A340F2791235A12AA0FBF74C
:100140008FFC6FF00500F2E74FF0FF35A079FF2834
:1001500001D2401CA071C0B2062802D20121814008
:1001600000E03C2101EB4100C0EBC1104FF6FF71F4
:1001700001EAC0004FF4FA7100F2F310B0FBF1F0A5
:1001800020812846D3E70000D1020020587E0308D2
:100190005C7E03082E2E2F4D6964646C6577617256
:1001A00065732F54686972645F50617274792F4C63
:1001B0007749502F7372632F636F72652F69707662
:1001C000342F646863702E630000000064686370FD
:1001D0005F73656C6563743A206E6574696620218F
:1001E0003D204E554C4C0000417373657274696F2D
:1001F0006E2022257322206661696C65642061741B
:10020000206C696E6520256420696E2025730A00C4
:10021000646863705F73656C6563743A20646863D7
:100220007020213D204E554C4C00000042798A42FE
:1002300003D04171002181710181704770B50500C3
:100240006FF00F041AD095F83100C0071BD0288D2D
:100250006C6A4FF0FF36B0F5107F0DD3002C1BD029
:10026000207908B1FEF706FF34212046E0F782F836
:10027000FFF76AF8002816D0304670BD14A340F28C
:10028000E72221A103E012A34FF43A7222A12BA08E
:10029000FBF7E6FB204670BD342009F069FC040042
:1002A000EAD06C62E0E70120207195F83100400748
:1002B00005D402212046FFF7B9FF002070BD284673
:1002C000FEF782FF0028F9D02846FFF7E5FDD3E7C7
:1002D0002E2E2F4D6964646C6577617265732F549F
:1002E000686972645F50617274792F4C7749502F3E
:1002F0007372632F636F72652F697076342F646831
:1003000063702E63000000006E6574696620213DF5
:10031000204E554C4C0000006E6574696620697370
:10032000206E6F742075702C206F6C64207374794C
:100330006C6520706F72743F00000000417373653C
:100340007274696F6E2022257322206661696C6564
:1003500064206174206C696E6520256420696E20BC
:1003600025730A0040B1406A30B140790A2805D0AF
:10037000052803D0042801D00020704701207047D1
:1003800010B5426A044651790C290BD0062909D0D0
:1003900001290BD0082918D0032926D190790228E9
:1003A00020461ED3BDE81040FEF70EBF9079052809
:1003B000204603D8BDE81040FFF738BEFFF76CFDBC
:1003C0002046BDE81040FFF739BF9079012820464C
:1003D00003D8BDE81040FEF7EBBCBDE81040FEF7C7
:1003E00023BCBDE81040FFF747BC10BD2DE9FC4120
:1003F00000268DF800608DF804604FF400741C4DE9
:1004000008E000BF9DF80000401C8DF800000120AE
:10041000FEF7A2FB21462846F5F72EFF18B19DF8FE
:1004200000006428EED39DF800000127642818D24C
:100430008DF8006008E000BF9DF80000401C8DF8BA
:1004400000000120FEF788FB21462846F5F714FF3F
:1004500018B99DF800006428EED39DF800006428C8
:1004600001D38DF804709DF80400BDE8FC81000004
:1004700000180240104800B5016887B041F0400103
:1004800001600068694600F0400005904FF400707C
:100490000090112001900120029002200390074853
:1004A000F5F7F4FD00F072F8FFF7A0FF8DF81400E7
:1004B0009DF8140007B000BD30380240001802401B
:1004C00070B500244FF40075134E04E0641CE4B2D0
:1004D0000120FEF741FB29463046F5F7CDFE08B175
:1004E000642CF3D3002404E0641CE4B20120FEF782
:1004F00033FB29463046F5F7BFFE08B9642CF3D329
:100500002820FEF729FB29463046F5F7B5FE0028DE
:1005100000D0012070BD0000001802402DE9FC470A
:100520008846814600F032F8FFF760FF10B10120E5
:10053000BDE8FC8700246F46002005464006060EF5
:10054000FFF7BEFF6D1C3043EDB2082DF6D33855D2
:10055000641CE4B2052CEFD39DF800109DF8013027
:100560009DF802009DF80320CC1885182C449DF8B6
:100570000450AC4207D103EB0121A8F8001002EBB4
:100580000020A9F800000020D2E7000070B50A4D55
:100590004FF40074002221462846F5F77AFE142015
:1005A000FEF7D4FA012221462846F5F772FEBDE88F
:1005B00070401E20FEF7D0BA001802402DE9F0412D
:1005C0000F4604460021066800F0E0FAE8B900256D
:1005D0003046A16B09F09AFDB8B931780429E16B76
:1005E000097803D0E52905D021B107E041F3C01116
:1005F000491C03D06D1CBD420AD000E0002501213A
:10060000204600F0AAF80028E2D0042800D10720F4
:10061000BDE8F0812DE9F05F04460021056800F097
:10062000B5FA00284CD1287804280CD0FF264FF0CA
:10063000FF38B146C4F84C802846A16B09F066FD2E
:1006400007004ED13EE0E86817F0D2FA82462FE06C
:100650002869243007F0B3F8504529D1286940268D
:100660004FF0000990F8238017E0F00600D1B61C87
:100670002869304407F0A3F802F0CEFFE968074686
:1006800031F8190002F0C8FF87420AD1A8F1010031
:1006900000F0FF0809F10109B61CB8F1000FE4D120
:1006A00002E0B8F1000F03D1E96831F8190030B168
:1006B0000021204600F0D5F85FEA000BC8D058466C
:1006C000BDE8F09FE16B087850B1CA7AE52802F0E6
:1006D0003F02A27135D0130704D50F2A31D105E0AE
:1006E000042738E00F2A01D0DEB11FE094F84B2038
:1006F000520629D4420606D591F80D9000F0BF00AD
:10070000226B0646E264B04208D14A7B4A4505D1D5
:10071000E868FDF72FFE08B1761E00E0FF26F6B26E
:1007200012E008460EF03AFB484514D094F84B000E
:10073000C00706D10B2204F14001E06B09F0BCF8C0
:1007400048B1FF26C4F84C800021204600F005F88F
:1007500007003FF471AF3846B2E72DE9F047054690
:10076000076B0468806B8946203730B121780429F3
:1007700006D04FF40011B94205D80420BDE8F08737
:100780004FF08051F7E7F90563D1401CA863696B0E
:100790004FF0000829B16089401E10EA572F05D09C
:1007A00057E02089B0EB571F21D952E0284603F0CB
:1007B00035FE064601281FD9701C36D0206AB0428B
:1007C00041D8B9F1000F12D02846696BFDF76EFED3
:1007D00006000FD0012E0FD0701C26D0E87940F013
:1007E0000400E87120460EF02BFBF0B906E0C5F8D6
:1007F0003880C2E70720C1E70220BFE74FF400724C
:10080000002104F13C0009F0D9FA4FF0000831460C
:100810002046FDF7A2FD4FF00109A0630CE084F82B
:10082000039020460EF00CFB08B10120A6E7A06B58
:1008300008F10108401CA06361894145EFD8A16B14
:10084000A1EB0800A063314620466E63FDF785FDED
:10085000A863C7F3080020443C302F63E8630020FE
:100860008CE72DE9F0470426FF2489460546A0467B
:1008700007685FE0384609F049FC06005ED1E96B85
:10088000087898B13A78042A12D0CA7AE52802F09A
:100890003F02AA7108D02E2806D022F02003082B90
:1008A0001BD0B446CC451BD0FF2433E0042645E0E2
:1008B000B9F1000F02D0832842D02BE0852829D13E
:1008C000286BE864284606F09BFF060036D138699D
:1008D000007900F03F00A87132E04FF0010CE1E731
:1008E0000F2A01D014BB1CE0420606D591F80D80FA
:1008F00000F0BF002A6B0446EA64A04208D14A7B9C
:10090000424505D1F8680CF051FC08B1641E00E0C6
:10091000FF24E4B200212846FFF71FFF060009D09C
:100920000CE008460EF03AFA404509D04FF0FF308F
:10093000E86405E0A96B00299CD10EB10020A863F2
:100940003046BDE8F08700002DE9F04F0446056809
:1009500090F84B00A1B010F0A00F03D0062021B0FA
:10096000BDE8F08F0026E86800E0761C30F816102D
:100970000029FAD12878042819D004F140010C226A
:1009800007A80B9108F0A5FF9DF82700C0076BD0C2
:10099000402084F84B0001273B4607A9EA680B98E2
:1009A00003F084FB2046FFF735FEE8BB51E00F2043
:1009B0000E36B6FBF0F6B61C31462046FFF7FEFDBC
:1009C0000028CCD171422022206B02EB4111084457
:1009D000E064A06848B3E079400734D56989D4E978
:1009E00004304902591840F10000C4E904102046BF
:1009F00002F052FE0028B2D1421E2046616B02F086
:100A000062FE0028ABD121460CA806F0DDFE0028CE
:100A1000A5D1D4E90423286938300EF061F9D4E96E
:100A200004232869283001E016E00CE00EF058F9A4
:100A3000E079296940F0010081F821000CA80EF04E
:100A400078F900288BD1D5E90310FDF7EBFE0020E3
:100A500085E77F1C642F9FD3642F0FD00428F7D124
:100A60009DF8270084F84B009DF82700800707D5E4
:100A70000D200C36B6FBF0F77F1C02E007206EE776
:100A8000012739462046FFF799FD060079D17F1EE0
:100A90000A975ED0216B784201EB4011204600F0AE
:100AA00075F806006DD10B980EF078F94FF6FF7BC4
:100AB0000C902846A16B09F029FB060061D1E8687B
:100AC00003900A98D4F83C90C0B204900C9989F82D
:100AD0000D100F2189F80B10002189F80C1009F175
:100AE0001A000EF022F90498DFF89CA0401E00EBDB
:100AF000800101EBC008002701E05E4504D00398A7
:100B000030F8186008F101081AF807003146484427
:100B10000EF00BF906B95E467F1C0D2FEDD35E4536
:100B200005D0039830F8180008B1049803E0049841
:100B300040F04000049089F800000120E870002196
:100B40002046FFF70AFE06001BD10A98401E0A90B5
:100B5000AFD12846A16B09F0D9FA060011D12022A5
:100B60000021E06B09F02AF90B22E06B0B9908F0E9
:100B7000B0FE94F84B00E16B00F018000873012000
:100B8000E8703046EBE60000CCA003082DE9F04108
:100B9000066805460F463078042806D04FF400104A
:100BA000B8423CD9F8063AD102E04FF08050F7E75E
:100BB0002F63AC6834B93078032807D30020346B36
:100BC000E8711CB170894FEA402812E03089B0EB1F
:100BD000571F24D9306B12E0284603F01FFC04464F
:100BE000401C1AD0022C1AD3306AA04217D9A7EBA6
:100BF000080747452146EFD23046FDF7AEFBC5E971
:100C00000D4060B100EB5720A863C7F308003044E3
:100C10003C30E8630020BDE8F0810120FBE70220C2
:100C2000F9E70000084910B50B5C002253B9012216
:100C30000A540A1801EB8000127B406801681046D4
:100C400088470246104610BD946B002030B4054C16
:100C5000231804EB80001B7B406804691846A446F7
:100C600030BC6047946B002030B4054D2C1805EB68
:100C70008000247B406885682046AC4630BC6047D5
:100C8000946B0020044A111802EB8000097B406835
:100C90004268084610470000946B002030B4054DB0
:100CA0002C1805EB8000247B4068C5682046AC46C4
:100CB00030BC6047946B002010B50C46880706D006
:100CC00007A34FF4B67212A119A0FAF7C9FE0EF0ED
:100CD00013F90EF039F92046BDE8104008F002BEC5
:100CE0002E2E2F4D6964646C6577617265732F5485
:100CF000686972645F50617274792F4C7749502F24
:100D00007372632F636F72652F6D656D702E630054
:100D10006D656D705F667265653A206D656D2070FA
:100D2000726F7065726C7920616C69676E656400C2
:100D3000417373657274696F6E2022257322206679
:100D400061696C6564206174206C696E652025643E
:100D500020696E2025730A0070B500884FF6FC717B
:100D6000C01C084008F004FF04460EF0C5F8054614
:100D7000002C0DD0A00706D007A34FF48C7212A14F
:100D80001AA0FAF76DFE28460EF0DEF8204670BD78
:100D90000EF0DAF8002070BD2E2E2F4D6964646CC1
:100DA0006577617265732F54686972645F50617210
:100DB00074792F4C7749502F7372632F636F72656C
:100DC0002F6D656D702E63006D656D705F6D616C6C
:100DD0006C6F633A206D656D702070726F70657214
:100DE0006C7920616C69676E65640000417373659E
:100DF0007274696F6E2022257322206661696C65AA
:100E000064206174206C696E6520256420696E2001
:100E100025730A002DE9F04104001CD02268D2B1EC
:100E2000636813B1A068984215D24FF00046B142F2
:100E300011D2A568491C6818834202D35019BDE835
:100E4000F081216939B9B0F1804F06D3B04202D2A6
:100E50006FF0004702E00020F1E74700236A002618
:100E60002BB1394610469847050012D00CE0A16915
:100E70003846884705000CD0A2682168521CDFF76D
:100E800051FAE16920688847C4E90057A0682844FE
:100E9000D5E7E1692068884766602660DBE70000E7
:100EA0002DE9F0470F46040006D13FA34FF4DC7252
:100EB0004AA14EA0FAF7D4FD0EF01EF80026666097
:100EC0002772217F41F001012177657866700EF06D
:100ED0003BF8636A7BB10022042120469847636A8D
:100EE0004BB10022114620469847636A1BB100228D
:100EF000022120469847384607F0CAFE804604F192
:100F0000100081460EF07FF818B1414648460EF0B9
:100F100070F804F1140081460EF075F818B14146DE
:100F200048460EF066F8012D0FD0042D0DD0032D8C
:100F30000BD0206A002834D0BDE8F0471AA340F255
:100F4000F71234A129A0FAF78BBD217FC1F38000ED
:100F500001F0FB012177002823D1206A30B912A3C8
:100F60004FF4F37232A121A0FAF77AFD206A042D22
:100F700008D00771206A05680C3528460EF07EF807
:100F800010B108E00671F5E707A340F2EF122FA1B8
:100F900016A0FAF765FD28462662BDE8F0470EF078
:100FA0006AB8BDE8F08700002E2E2F4D6964646C8E
:100FB0006577617265732F54686972645F506172FE
:100FC00074792F4C7749502F7372632F6170692F9A
:100FD0006170695F6D73672E63000000636F6E6EF2
:100FE00020213D204E554C4C00000000417373659C
:100FF0007274696F6E2022257322206661696C65A8
:1010000064206174206C696E6520256420696E20FF
:1010100025730A00636F6E6E2D3E63757272656E86
:10102000745F6D7367203D3D204E554C4C000000B1
:10103000636F6E6E2D3E63757272656E745F6D7355
:101040006720213D204E554C4C000000696E6176B2
:101050006C6964206F705F636F6D706C657465643C
:101060005F73656D00000000002802DC4142112919
:1010700001DB052070470249A1EB80000068704742
:10108000487D030870B5094D0646002404EB440072
:1010900005EBC000017D29B18068B04202D1204635
:1010A00000F036F9641C0A2CF0DB70BD2C6A0020BD
:1010B0002DE9F74F84B04FF00A0B00240646DA46BC
:1010C0005F46D94602940194CDF80040514904EBA3
:1010D000440001EBC008039098F814500A2F1DD06B
:1010E000002D2AD0012D08D0022D06D24AA340F2AD
:1010F000231257A166A0FAF7B3FC9EB13168D8F865
:10110000040081420ED1069820B1D8F80810069844
:10111000814207D1204607B0BDE8F08F002DE1D114
:1011200027460AE0012D16D0022D06D3B8F812008A
:101130000099884201D3A2460090641C24B20A2C74
:10114000C4DB059881074FF0FF30E4D40A2F16D096
:1011500018DA3C463EE02F49039851F83000002849
:10116000B8F8120005D002998842E6D3A146029051
:10117000E3E701998842E0D3A3460190DDE70599B2
:10118000C907C8D05146BAF10A0F0EDA0C462148F9
:1011900001EB440150F8310080B11FA340F26D1201
:1011A00045A13BA0FAF75CFC08E05946BBF10A0FE9
:1011B00003DB4946B9F10A0FADDA0C460A2C06DB0F
:1011C00015A340F27F1242A131A0FAF749FC204654
:1011D00000F09EF80A2C06DB0FA340F283123CA11C
:1011E0002BA0FAF73DFC0B4804EB440100EBC105D2
:1011F000287D30B108A34FF4C2723AA124A0FAF7B7
:101200002FFC0EB130686860002068820698A860E4
:1012100080E700002C6A00202E2E2F4D6964646C3C
:101220006577617265732F54686972645F5061728B
:1012300074792F4C7749502F7372632F636F7265E7
:101240002F697076342F6574686172702E630000A8
:101250007374617465203D3D204554484152505F90
:1012600053544154455F50454E44494E47207C7C81
:10127000207374617465203E3D20455448415250AE
:101280005F53544154455F535441424C4500000064
:10129000417373657274696F6E2022257322206614
:1012A00061696C6564206174206C696E65202564D9
:1012B00020696E2025730A006172705F7461626C30
:1012C000655B695D2E71203D3D204E554C4C000004
:1012D00069203C204152505F5441424C455F534984
:1012E0005A4500006172705F7461626C655B695D94
:1012F0002E7374617465203D3D2045544841525021
:101300005F53544154455F454D505459000000000F
:1013100070B5074C00EB4005002654F8350018B1B5
:101320000BF05AFC44F8356004EBC500067570BD3F
:101330002C6A00202DE9F04385B00D00074609D046
:101340007C684FF480782088404542D12079062877
:101350003FD109E021A340F28A222EA131A0FAF761
:101360007FFB05B0BDE8F0836079042831D1608847
:1013700008282ED1D4F80E000490A169686820B125
:10138000814202D10126334601E00026022304F106
:101390000802914604A9284600F0ACFBE0884045CD
:1013A00003D0B0F5007F14D10FE096B1022204AB58
:1013B000CDE90232291DCDE9001905F12A031946AC
:1013C0004A46284600F096FA03E004A92846FDF7AD
:1013D000DDFB38460BF000FCC3E700002E2E2F4D3E
:1013E0006964646C6577617265732F5468697264AF
:1013F0005F50617274792F4C7749502F7372632F4D
:10140000636F72652F697076342F657468617270CE
:101410002E6300006E6574696620213D204E554C98
:101420004C000000417373657274696F6E20222551
:101430007322206661696C6564206174206C696E3A
:101440006520256420696E2025730A00FEB51546C7
:101450000E46040006D143A340F21E324FA153A012
:10146000FAF7FEFA36B93FA340F21F3259A14FA056
:10147000FAF7F6FA35B93BA34FF4487258A14BA0DE
:10148000FAF7EEFA2146286804F03EFD08B1584B01
:101490003FE02868C0F303110E2925D0A1686368D6
:1014A00000EA01020B409A4208D080B2A0F57E41CA
:1014B000A93903D0E068B0B304F10C054D4B4E4898
:1014C0001A7802EB420100EBC1010F7D022F2ED3EF
:1014D0008F68A7422BD12F6849688F4227D13146A8
:1014E000204600F08BF8FEBD01208DF8040000209E
:1014F0008DF805005E208DF80600687801AB00F0DD
:101500007F008DF80700A8788DF80800E8788DF83E
:1015100009004FF40060009004F12A023146204691
:1015200000F0C8FBFEBDFFE76FF00300FAE7002202
:1015300002EB420100EBC1010F7D022F08D38F683F
:10154000A74205D12F6849688F4201D11A70C6E7BA
:10155000521CD2B20A2AEBD332462946204600F06A
:10156000D5F8DFE72E2E2F4D6964646C65776172C4
:1015700065732F54686972645F50617274792F4C7F
:101580007749502F7372632F636F72652F6970767E
:10159000342F6574686172702E6300006E65746923
:1015A0006620213D204E554C4C0000004173736570
:1015B0007274696F6E2022257322206661696C65E2
:1015C00064206174206C696E6520256420696E203A
:1015D00025730A007120213D204E554C4C0000001F
:1015E00069706164647220213D204E554C4C0000AE
:1015F000387D0308E40200202C6A00202DE9F8431E
:101600000646154688461C4802EB450100EBC1041E
:10161000207D022806D219A340F2EE2225A131A096
:10162000FAF71EFA144A05EB4501207D02EBC105CD
:101630000C35022813D1608A0327B0F58E7F04D9B8
:10164000211D304600F010FA07E0B0F5877F06D381
:101650002A46211D304600F00DFA00B927754FF4D7
:10166000006000902B4606F12A024146304600F009
:1016700021FBBDE8F88300002C6A00202E2E2F4DA0
:101680006964646C6577617265732F54686972640C
:101690005F50617274792F4C7749502F7372632FAA
:1016A000636F72652F697076342F6574686172702C
:1016B0002E6300006172705F7461626C655B6172C1
:1016C000705F6964785D2E7374617465203E3D209F
:1016D0004554484152505F53544154455F5354411F
:1016E000424C4500417373657274696F6E20222508
:1016F0007322206661696C6564206174206C696E78
:101700006520256420696E2025730A002DE9FC5FA1
:1017100082462A3001900E46086814464FF0FF3783
:101720004FF0000B514604F0EFFB80B93068C0F376
:1017300003110E290BD056B148B152460121304653
:10174000FFF7B6FC050005D540B2BDE8FC9F6FF081
:101750000F00FAE77F2D06D337A340F2C13244A130
:1017600047A0FAF77DF905F0FF094F4909EB490851
:1017700001EBC805287D00280ED0012808D00228DA
:1017800006D22DA340F2CD3248A13DA0FAF768F968
:10179000BBF1000F06D104E001202875C5F808A0B0
:1017A00000E034B93146504600F05EF90746002C9F
:1017B000CBD0287D3C4E02280ED346494FF4006022
:1017C00005F10C0381F80090009021465046019AE3
:1017D00000F070FA07462DE001282BD1254640F293
:1017E000F13768892989884207D1286828B112A36E
:1017F0003A4639A122A0FAF733F9287B400607D5EB
:1018000022464FF420710E200BF01CF8044605E030
:101810002D68002DE5D120460BF076FB44B156F83B
:10182000380008B10BF0D8F946F83840002701E03D
:101830004FF0FF37384688E72E2E2F4D6964646CD1
:101840006577617265732F54686972645F50617265
:1018500074792F4C7749502F7372632F636F7265C1
:101860002F697076342F6574686172702E63000082
:1018700074797065206F766572666C6F7700000012
:10188000417373657274696F6E202225732220661E
:1018900061696C6564206174206C696E65202564E3
:1018A00020696E2025730A002C6A00206172705F27
:1018B0007461626C655B695D2E7374617465203D53
:1018C0003D2050454E44494E47206F7220535441AD
:1018D000424C4500E40200206E6F207061636B652E
:1018E000742071756575657320616C6C6F776564C4
:1018F000210000002DE9FF4F81B09846DDE90FA9D6
:10190000DDF838B006004FF0000706D12CA340F2F6
:10191000574239A13CA0FAF7A3F84FF420721C21DA
:101920000E200AF043FD050046D068891C2806D227
:1019300023A340F262423EA133A0FAF791F86C680B
:10194000119806F003FBE08096F83000062806D0D8
:101950001BA340F2694243492BA0FAF781F8D8F85B
:101960000010A160B8F80400A081DAF80010C4F8F3
:101970001210BAF80400E082DBF80000C4F80E0090
:10198000D9F80000A0614FF48070208008206080AA
:10199000062020710420607140F60600DDE9022374
:1019A00000902946304600F085F928460BF014F9DE
:1019B000384605B0BDE8F08F4FF0FF30F9E7000082
:1019C0002E2E2F4D6964646C6577617265732F5498
:1019D000686972645F50617274792F4C7749502F37
:1019E0007372632F636F72652F697076342F65741D
:1019F000686172702E6300006E6574696620213D17
:101A0000204E554C4C000000417373657274696F31
:101A10006E2022257322206661696C6564206174E2
:101A2000206C696E6520256420696E2025730A008C
:101A3000636865636B20746861742066697273748F
:101A400020706275662063616E20686F6C6420731D
:101A50007472756374206574686172705F68647213
:101A600000000000B4A70308014A00F003B800001A
:101A7000387D03087FB5064D031D0124CDE90035EF
:101A8000CDE9021426331946FFF734FF04B070BDC8
:101A90003E7D030870B5164D002400BF04EB4400E2
:101AA00005EBC002117DF1B1508A401C80B250821A
:101AB000B0F5967F0AD2012906D003290AD004295D
:101AC0000AD001290BD00EE0052808D32046FFF7E5
:101AD0001FFC08E0042000E00220107503E0111D47
:101AE0009068FFF7C1FF641C0A2CD7DB70BD0000B3
:101AF0002C6A0020F8B5044690F830001F461646C0
:101B00000D46062806D020A340F2A9122CA135A02C
:101B1000F9F7A6FF9DB1286888B1214604F0F4F9D1
:101B200068B92878C0F303100E2808D02246394639
:101B30002846FFF7BDFA002804DA40B2F8BD6FF07E
:101B40000F00F8BD00EB40013048022300EBC1025A
:101B5000137594603368D360B38813820023538273
:101B600050F8315075B140F831304FF400600090BA
:101B7000334604F12A022946204600F09BF8284605
:101B80000BF02AF80020F8BD2E2E2F4D6964646CEE
:101B90006577617265732F54686972645F50617212
:101BA00074792F4C7749502F7372632F636F72656E
:101BB0002F697076342F6574686172702E6300002F
:101BC0006E657469662D3E6877616464725F6C65EA
:101BD0006E203D3D204554485F4857414444525F84
:101BE0004C454E00417373657274696F6E202225F7
:101BF0007322206661696C6564206174206C696E73
:101C00006520256420696E2025730A002C6A002057
:101C10002DE9F041044640890E270D460E283CD997
:101C2000E07B18B995F83400401CE07360680178D7
:101C30008689CA0714D0012905D006221C49DEF77F
:101C4000E1FB48B10CE0417851B980785E2807D1BA
:101C5000607B40F0100002E0607B40F008006073A1
:101C6000082E03D0B6F5C16F17D10DE095F83100FD
:101C7000000712D5394620460BF094F968B9294679
:101C8000204604F089FA10E095F83100000704D5E9
:101C9000394620460BF086F918B120460AF09CFF21
:101CA00003E029462046FFF745FB0020BDE8F08110
:101CB000387D03082DE9F04104461F4690460E4644
:101CC000069806F043F905460E2130460AF00BFB54
:101CD00018B16FF00100BDE8F08170688581396846
:101CE0000160B9888180D8F80020C0F80620B8F8D3
:101CF0000410418194F83000062806D006A34FF462
:101D0000997213A11FA0F9F7ABFE31462046A269D4
:101D1000BDE8F041104700002E2E2F4D6964646C21
:101D20006577617265732F54686972645F50617280
:101D300074792F4C7749502F7372632F6E657469D5
:101D4000662F65746865726E65742E63000000000E
:101D50006E657469662D3E6877616464725F6C6558
:101D60006E206D757374206265203620666F722058
:101D700065746865726E65745F6F757470757421D3
:101D800000000000417373657274696F6E20222534
:101D90007322206661696C6564206174206C696ED1
:101DA0006520256420696E2025730A0010B50400A3
:101DB00006D10BA34FF406720EA112A0F9F750FE44
:101DC000732084F83200742084F83300174860616F
:101DD0001748A061204605F081FD002010BD0000DD
:101DE0002E2E2F5372632F65746865726E65746949
:101DF000662E63006E6574696620213D204E554C49
:101E00004C000000417373657274696F6E20222567
:101E10007322206661696C6564206174206C696E50
:101E20006520256420696E2025730A004D14020880
:101E3000957A02080B4E04464FF0FF37394630685A
:101E40000AF006FA0028F9D1204605F0C3FD050086
:101E5000F4D02269214690470028F5D028460AF0A0
:101E6000BBFEF1E7980100207047000008B504466A
:101E7000002000906A4601210C48F3F727FF0098E4
:101E800000F004000090216891F83120520704D43A
:101E900038B1084609F018FE03E010B9084609F009
:101EA000BDFDC8200AF076F8E4E70000AC6400202D
:101EB0002DE9FC41002506460195009590F831007A
:101EC000400745D5264C606878B34FF48052002116
:101ED0002046F4F74DF8F4F7E1F94FF47A770190E2
:101EE0006A4601211E48F3F7F1FEF4F7D7F901998C
:101EF000401AB8421AD800988006F1D56A461121D6
:101F00001748F3F7E3FE0098810403D54FF400610E
:101F1000E16000E0E56044F21001084201D0A560F4
:101F20000EE04FF48040A0600AE0FFE7E068A1689F
:101F3000C00840EA510082B200210948F4F718F8BD
:101F400000210748F3F7C6FB0548F3F707FF02E057
:101F50000348F3F745FF3046FFF786FFBDE8FC81F5
:101F6000AC6400202DE9F0410E4604005ED0A56966
:101F7000002D0DDA0CF0C0FFA569002D06DA0EB9B0
:101F80006D1EA561BDE8F0410CF0DEBF0CF0DCFF7A
:101F9000284602F081FB040048D001270CF0ACFF7A
:101FA00080460120052E19D2DFE806F0030A0E1341
:101FB00016002089401C00B22081012834DC14E086
:101FC0002089401E20812FE0618901B100276081B6
:101FD0000BE00020608127E0A08106E014A34FF40D
:101FE0001F6220A123A0F9F73BFDA07BE0B1DFB188
:101FF000B4F90800002801DD012700E0002760890E
:1020000008B1012600E00026A08908B1012400E003
:10201000002440460CF098FF2346324639462846B5
:10202000BDE8F0410CF0CEBB4046ABE7BDE8F08127
:102030002E2E2F4D6964646C6577617265732F5421
:10204000686972645F50617274792F4C7749502FC0
:102050007372632F6170692F736F636B6574732E76
:1020600063000000756E6B6E6F776E206576656E2F
:1020700074000000417373657274696F6E202225CD
:102080007322206661696C6564206174206C696EDE
:102090006520256420696E2025730A0038B5054641
:1020A00001F07BF904000FD16946284614F028FF9F
:1020B000040009D1E86AFCF729FD040000D128607A
:1020C0000021009814F0F0FB204638BD2DE9FF4FA9
:1020D000A1B01E46144621A8DDF8B88002F0BDFA72
:1020E000002803DA0B2025B0BDE8F08FFE4951F837
:1020F000201009B100220A70C0B20490FEF792FDD0
:10210000C10701D00320EEE7400701D50A20EAE726
:1021100016AA03210498FEF799FD38B9169828B13C
:10212000B0F5004F02D8411E084201D001201690A0
:102130004FF400772CB1B4F5007F46D3B4F1807F23
:1021400043D8601E044240D1B8FBF7FAB4FBF7F560
:102150005FEA4A20344607907DD012AA01210498F4
:10216000FEF774FD002877D1229800076FEAA010CF
:102170004FEA906B129858456DD3A0EB0B0012906C
:102180008028F9D322994A0701F0070108D54FF0BA
:10219000806204291BD0904219D2802D17D801E00B
:1021A000802D12D8229A4FF6F573920740F6F57EED
:1021B00005D502297ED02299C907FBD002E02299D9
:1021C000C90702D04FF002092CE313208BE7B0F5CA
:1021D000805FD1D33DB90825B0F5002F03D340254A
:1021E000904200D3AD000BF120011491B0FBF5F14A
:1021F000890001F20721B1FBF7F2149903920A4416
:1022000016990A44491E521E8A431592B2EB500F8A
:1022100021D2A2EB0B01401AB0FBF5F01E910A90FF
:102220001028A9D3B149884215D8C01DC00806900E
:10223000401E05FB07006902B0FBF1F015991B90E9
:1022400005FB001002900020CDE90C000646B046C8
:102250000B900F900BE0DBE2D6E00F9838B101282D
:102260002DD00C981FFA80F9304486B22EE030460B
:1022700001F0D2F98146B04202D0761CB6B227E016
:10228000012001E00C98401C06EB00090C901FFA9D
:1022900089F0002808D01FFA89F001F0BDF9014645
:1022A0001FFA89F08142EDD00C98802805D34FF6B3
:1022B000FF7900E0BCE2022009E001200F90B14666
:1022C000761C0C98B6B2401E0C9001D100200F90E5
:1022D00009F0FF0004F808000D9915F0A7FC04EBC5
:1022E00008014FEA19224A700146104615F09EFC7B
:1022F0000D900B9808F10208801C0B9016B10799FD
:102300008845AAD108EB0700401EB0FBF7F08046D5
:1023100003462146029A0498FEF7C0FC002873D1B8
:102320000298002E40444FF00008029095D10B987F
:10233000401E05FB070105FB07F0B1FBF0F01C9008
:1023400001201D901598029006983844401EB0FB5D
:10235000F7F8DDE91B014618761C00212046079A94
:1023600007F02CFD0020FF2102E02154401C083E14
:10237000082E02D3079A9042F7D3012105E0225C90
:102380000A434906090E2254761E16B1079A904256
:10239000F5D341465046D04500D80846814603460D
:1023A0002146029A0498FEF779FC0028B7D10298DA
:1023B00048440290A8EB09005FEA0008CDD11498C8
:1023C0000290C1460398CDF83090C8461190002184
:1023D0002046079A07F0F2FC0026B9F1000F1ED143
:1023E00020466FF007010CF073FC201D711E0CF0ED
:1023F0006FFC08264FF0020911E000BFB8F1010F91
:1024000003D909F1010102E090E14FF0FF31A01979
:102410000CF05EFC361D09F10109A8F10108B8F1C4
:10242000000F03D007998E42E8D30CE00C980328E4
:102430000CD20C991BA850F821005FEA000801F1AA
:1024400001000C9002D007998E42E8D311995046B2
:10245000514501D9064600E00E4633462146029A10
:102460000498FEF71BFC0028A0D10298304402908B
:102470001198801B1190AAD100212046079A07F0DD
:102480009DFC83202070812084F82000022104F12B
:1024900034000CF01DFC04F1380006990CF018FC17
:1024A000822084F8400004F144000D990CF010FCE7
:1024B0001B9904F15400891C0F900CF009FC04F1E5
:1024C00058000B9918900CF003FCDDE91B01014446
:1024D00015982E4605FB01095046564500D8304652
:1024E000804603464A4603E098030020FDFFFF7F35
:1024F00021460498FEF7D2FB0028B5D13A460021C8
:10250000204607F05BFCC144B6EB0806E4D100208E
:10251000019004F14000069008301499D8461390B9
:10252000A1EB08001F9004F1500019900C300B90A3
:10253000001D1590001D1090001D1A903A460021B4
:10254000204607F03BFC0B22F9A1204607F0C1F919
:10255000594606980CF0BCFBDDE912100CF0B8FBF4
:102560001F9919980CF0B4FB03990F980CF0B0FB6D
:102570001E9918980CF0ACFBDDE90A100CF0A8FBD2
:10258000DDE91B010144891C15980CF0A1FB01F049
:10259000DCFF014610980CF09BFB4FF480711A98F9
:1025A0000CF0C3FB002184F86C10384605E000BF36
:1025B00094F86C20521C84F86C204008F8D184F800
:1025C0006D102E4605E000BF94F86D00401C84F8A5
:1025D0006D007608F8D1012084F86E00802084F820
:1025E0006F004FF6EB6104F178000CF09EFB4AF6A9
:1025F0005529494604F5FF700CF097FBB24605E0FB
:102600006A2E1AD06B2E16D0702E12D0A05D5146B5
:1026100015F00CFB761C8246BE42F1D3424608F10F
:102620000108012321460498FEF738FB00287DD1DC
:1026300005E07126EAE76C26E2E76B26E0E73A461A
:102640000021204607F0BAFBE0194946801E0CF035
:102650006CFB4FF0010900265146A05D761C15F079
:10266000E5FA8246BE42F7D3424608F1010801234B
:1026700021460498FEF712FB0028D8D109F1010980
:10268000B9F1090FE7D33A460021204607F096FB3F
:1026900013E0A05D5146761C15F0C8FA8246BE4292
:1026A000F7D3424608F10108012321460498FEF7BA
:1026B000F5FA0028BBD109F10109B9F10B0F4FF070
:1026C0000006E6D3A01951460CF002FB361DBE42AF
:1026D000F8D3424608F10108012321460498FEF789
:1026E000DDFA0028A3D10198401C01900228FFF4D4
:1026F00025AFF2E12E000DD100214FEA504801260E
:10270000DFF838C201E07600491C3CF811200AB11C
:102710004245F8D9B0FBF6F107EB8102D21DB2FBBE
:10272000F7F82022029200220D9200E03DE199424A
:102730006ED9834A91426BD82AE000BF7F4A0021BC
:1027400001264FEA10380E3A01E07600491C32F8B3
:1027500011C0BCF1000F01D0C445F6D9B0FBF6F1B1
:10276000714503D9042202EB410107E001EB41016D
:102770000322491C4FF0010902EB51013944491E63
:10278000B1FBF7F8012102918903B1FBF7F10D913B
:10279000029A0BEB020101EB080214910D9911440E
:1027A000169A01EB020C521EACF1010C2CEA020C41
:1027B000ACEB0102B9F1030F19D0904401EB061202
:1027C000A2EB0B01814242D80299421A0D99A2EB69
:1027D0000802511AB1FBF6F10A91B9F1030F10D0BA
:1027E000B9F1020F15D0B9F1010F2DD031E0DDF8AC
:1027F00008C09444CDF808C0DDF850C0624414927B
:10280000DCE70A99994224D815B975087FF472AFAC
:102810001DE00A99994212D93DB94021B1EB460F0A
:1028200003D375002E0099D188E72299890708D52E
:102830004FF003095EE77500802DF3D907E071457D
:1028400007D8002DF7D002E00A98704501D90E2074
:1028500049E43A460021204607F0B0FA0B2239A19C
:10286000204607F036F8394604F10B000CF05DFA0B
:102870006673029881B204F10E000CF056FA012042
:102880002074B9F1030F0FD05FEA402104F1110069
:102890000CF04BFA1299B1F5803F07D289B204F1DE
:1028A00013000CF042FA05E00021EFE704F12000EC
:1028B0000CF00EFAF82060753F2104F118000CF0BE
:1028C00034FAFF2104F11A000CF02FFA594604F1F2
:1028D0001C000CF0FDF92925B9F1030F42D001F0DD
:1028E00034FE014604F127000CF0F2F91FFA88F1DA
:1028F00004F116000CF019FA802084F8240084F802
:102900002650132212A104F12B0000BF06F0E1FFB4
:102910004AF6552504F5FF70294601900CF005FA9A
:1029200001235A4621460498FEF7B8F9E8BB40E077
:10293000EB7690455846415420202000F8A003082B
:10294000F5FFFF0FEBFE904D53444F53352E3000F3
:102950004E4F204E414D45202020204641542020FE
:102960002020200001F0F1FD014604F143000CF0AD
:10297000AFF9414604F124000CF0AAF9022104F158
:102980002C000CF0A5F9012104F130000CF0CDF978
:10299000062104F132000CF0C8F9802084F84000D0
:1029A00084F84250132272A100E095E004F1470040
:1029B000ACE7B9F1030F31D101230BF10602214637
:1029C0000498FEF76BF93A460021204607F0F6F925
:1029D0006C4920460CF07CF96B4904F5F2700CF060
:1029E00077F90A9904F5F470491E0CF071F9022187
:1029F00004F5F6700CF06CF9294601980CF095F985
:102A000001230BF1070221460498FEF747F9012341
:102A10000BF1010221460498FEF740F900212046FF
:102A2000079A07F0CBF914980290B9F1030F15D06B
:102A3000B9F1010F21D06FF0070120460CF048F9E1
:102A400045465046554500D828468046034621460F
:102A5000029A0498FEF722F9F0BB10E06FF007012C
:102A600020460CF035F94FF0FF31201D0CF030F905
:102A70006FF0704104F10800E0E74449DDE73A46B1
:102A80000021204607F09AF90298B5EB080540446A
:102A90000290D6D1B9F1030F00D00D9E5046564595
:102AA00001D9054600E035462B462146029A049896
:102AB000FEF7F4F880B90298761B28440290EDD115
:102AC000B9F1040F09D0B9F1030F08D01298B0F58D
:102AD000803F06D3062608E048E0072605E00C26DE
:102AE00003E0B9F1020F37D001262298000735D450
:102AF0003A460021204607F061F94AF6552104F5CF
:102B0000FF700CF012F904F5DF7500212970012027
:102B10006870A870E9702E7112990BEB010043F6F2
:102B2000C161B0FBF1F0FE2169713F2141EA9001E2
:102B3000A971E871594605F108000CF0C9F805F1D2
:102B40000C0012990CF0C4F80123002221460498CD
:102B5000FEF7A4F850B901E00426C6E700221146AA
:102B60000498FEF773F800283FF472AE01206FE678
:102B70004E4F204E414D45202020204641543332B7
:102B8000202020005252614172724161F8FFFF0023
:102B90002DE9F74181B0904602980090684601F017
:102BA0005CFD040003D50B2004B0BDE8F081164E97
:102BB000002756F824503DB12846FBF7A5FB68696D
:102BC00000F015FD88B12F70019929B101F8147B2F
:102BD000E0B200F0FFFC40B1019846F8240010B1CB
:102BE000B8F1010F03D00020DEE70220DCE700226D
:102BF00001A902A800F0C8FD04460146019813F09F
:102C000053FE2046D0E70000980300202DE9F74F3F
:102C100096B004000BD002F03F063246694617A872
:102C200000F0B2FD05004FF0000A04D098E1092041
:102C300019B0BDE8F08F009802904FF48C6000F05E
:102C4000DBFC5FEA00090BD0009809F50071C0E9D0
:102C5000039102A8179900F0FFFF050006D014E0C9
:102C60001121009813F020FE1120E1E79DF8530098
:102C7000000601D5062508E0700801D0012100E01A
:102C8000002102A8FBF712FB054616F01C0F7DD0B1
:102C90004FF0010BC5B1042D10D10020B74902E05F
:102CA000401C022804D201EB00121268002AF7D15E
:102CB000022807D002A8FDF747FE054646F00806A1
:102CC0006DB132E1122530E19DF80E0010F0110FC8
:102CD00001D0072529E1700701D508253DE130071E
:102CE0007ED501F032FC074600984FF020080178AD
:102CF00004292AD0119839460E300BF0E9FF1198BB
:102D0000394616300BF0E4FF119981F80B801199C8
:102D1000009804F00BFD07460022119900980BF073
:102D2000C3FF119800211C300BF0D2FF0099002F37
:102D300081F803B07AD0D1F838800022394602A851
:102D40000BF0CEFC050057D0EFE020600098006942
:102D5000343004F0FEFCA06000980069383004F0C4
:102D600003FDC4E9040100985546016991F821105A
:102D700001F00201E171C4F81CA000693946083075
:102D80000BF0A6FF009801690D7500E03EE00069B8
:102D900039460C300BF09CFF009801694D750269B3
:102DA000002182F80480006934300BF091FF009814
:102DB00000221346006938300BF092FF0098002281
:102DC0001346006928300BF08BFF009902A80969AF
:102DD00081F821B00BF0ADFF050016D1A16800E02D
:102DE00026E0D9B1002220460BF07AFC0546A06807
:102DF0000099401E886107E04146009807F086F977
:102E0000054600987F1E876175B18EE0002D04D1C4
:102E10009DF80E00C10602D5042586E006E0B10744
:102E200002D5C0077FF455AF300701D546F0400604
:102E30000098806BA0641198E064700801D00121B3
:102E400000E0002102A802F0A1FFE062A8B3009810
:102E50000178042934D0119904F068FCA06011981D
:102E60001C3004F076FCC4E9040A00BFC4F850A08A
:102E700000992160009900204FF40072C988A18058
:102E800084F8306084F831A0C4F844A0C4E90E008E
:102E9000014604F15400834606F090FFB00669D560
:102EA000D4E9046756EA070064D0C4E90E670098C5
:102EB000A16840894002804630E0FFE7022534E007
:102EC0000499216206999DF80F2021F0FF0111431A
:102ED00061621599A1620069343004F03AFCA06087
:102EE00000980069383004F03FFCC4E90401009800
:102EF000006990F8210000F00200E071B6E720467A
:102F000001F08CFA0146012800D80225481C00D1A6
:102F100001254046361A67EB0A0725B90246921B7F
:102F20007AEB0700EBD3216425B1484600F066FB3D
:102F3000B5B917E0F0051DD00098FBF70EFAB8B14F
:102F4000710A41EAC7510A18626400980123594680
:102F50004078FDF789FE68B10125484600F04EFB38
:102F6000C4F800A02946009813F09EFC28465FE6AE
:102F70000225F2E7484600F041FBF3E7746B0020BE
:102F80002DE9F04F89B0884600279946154604463A
:102F900001A91F6013F0B4FF060002D194F831605C
:102FA0003EB13146019813F07FFC304609B0BDE8D0
:102FB000F08F94F83000C00713D0D4E90E02D4E9A2
:102FC0000431181A61EB020104F15403BB463A467E
:102FD00005930127431B4FF0020A914100D2054699
:102FE0009FE00721019813F05FFC0720DEE7208FA8
:102FF000C0057AD1D4E90E230198560A46EAC35691
:103000004089401E064013D152EA030005D0206DCE
:1030100028B12046FBF788F905E0A06803E02046C8
:10302000216C01F0FBF902281BD3411C52D0206413
:10303000216C0198FBF791F998B130440290680A2D
:1030400003902AD03218019841898A4201D9891BFC
:1030500003914078DDE902234146FDF705FEC8BB38
:1030600007E084F831A00221019813F01DFC022032
:103070009CE794F8300000060CD5616C0298081AA1
:103080000399884206D208EB40204FF4007205995C
:1030900006F01FFC0398460235E0626C02988242FB
:1030A00021D094F8300000060CD501980123059931
:1030B0004078FDF7F3FD68B994F8300000F07F0028
:1030C00084F8300001980123029A40780599FDF7B1
:1030D000CBFD40B184F831700121019813F0E4FB7D
:1030E000012063E701E002986064208FC0F30800CC
:1030F000C0F50076AE4200D92E4601193246404650
:10310000543106F0E6FBD4E90E10891940EB0B00B0
:10311000C4E90E10D9F80000B0448119AD1BC9F8FC
:103120000010002D7FF463AF0021019813F0BCFB69
:1031300000203BE72DE9F143A0B0022203A920A81B
:1031400000F022FB040007D00146039813F0ACFB0B
:10315000204621B0BDE8F083039900240491209813
:1031600000E0641C025D202AFBD209784FF00008C1
:103170000DF1640904292FD100252E4627E0209A5D
:10318000505D6D1CA0F181017D290ED8A5420BD2A6
:10319000515DA1F140023E2A02D9403A7E2A03D86D
:1031A00041EA00206D1C00E00020012100F0B4F98C
:1031B00007006BD001465C48FBF770F8F0BB162E99
:1031C00064D009EB060039460BF0AFFDB61CA542F2
:1031D000D5D3344651E0641E8CB3011911F8011C9B
:1031E0002029F8D000258DF864802E46209A905D25
:1031F000761CA0F181017D2910D80A2D0DD2A6429E
:103200000BD2915DA1F140023E2A02D9403A7E2ABA
:1032100003D841EA0020761C00E00020012100F0E4
:103220007BF900F0F9F9002100F076F907002DD0C4
:1032300001463D48FBF732F800B901E026E01CE00A
:10324000FF2F01D90A2000E00B20A8421ED9FF2F32
:1032500003D9390A09F805106D1C484609F80570AC
:103260006D1CA642C2D320210B2D02D241556D1CEC
:10327000FAE79DF86400E52808D0002104A8CDF8FD
:103280001880FDF783FC050006D02CE0062103988A
:1032900013F00AFB06205CE7012104A8FDF7E1FA20
:1032A00005004FF0010602D0042D22D01BE0039848
:1032B0000078042807D074B10B2219A9DDF84C005E
:1032C00006F007FB0AE0139960082246487013983D
:1032D00019A9801CF4E71399E52008700398C670BB
:1032E0000BF06AFD05462946039813F0DDFA2846DF
:1032F0002FE70025002CF6D0012104A8FDF75EF988
:103300000500F0D120220021139806F057FD039804
:103310000078042803D013990820C872CCE71398CA
:1033200083210170CFE70000D9A0030873B594B0E2
:103330000E460022694614A800F026FA040026D1A1
:103340004FF48C6000F058F9050000980BD0C56070
:10335000009905F5007008616846149900F07CFC3E
:10336000040006D010E0112113F09EFA112016B0CF
:1033700070BD9DF84B00000601D5062404E01EB187
:103380003146684601F0E3F8284600F037F9214657
:10339000009813F089FA2046E9E7F0B599B00446A1
:1033A00001A913F0ADFD050027D194F830004106C6
:1033B00023D5000615D50198626C0123407804F1ED
:1033C0005401FDF76BFC30B10121019813F06CFA48
:1033D000012019B0F0BD94F8300000F07F0084F8AF
:1033E000300001F0B2F8064601980178042905D0B2
:1033F000A16C06F08BFE050063D087E0204600F04C
:103400004BF905005CD1421E2046216C00F05BF9AF
:1034100005007BD14FF48C6000F0EEF807000BD074
:10342000019807F50071C0E90371214602A804F074
:10343000CBF9050006D040E01121019813F034FAD1
:103440001120C6E7019801690A7942F020020A7149
:10345000E179026941F0010182F821100069A16857
:1034600034300BF035FCD4E904230198006938307E
:103470000BF036FCD4E904230198006928300BF0E6
:103480002FFC0198314600690C300BF021FC0198AB
:10349000002102695175006910300BF019FC02A877
:1034A0000BF047FC050008D101980BF085FC0546A0
:1034B00014F8300F00F0BF002070384600F09EF87E
:1034C00024E0E56C2946E87A40F02000E872A26822
:1034D00020680BF0E9FB05F11C0021690BF0F8FBFB
:1034E000314605F116000BF0F3FB002105F1120047
:1034F0000BF01BFC01980121C1700BF05DFC05462F
:1035000094F8300000F0BF0084F83000294601989C
:1035100013F0CAF928465CE72DE9F84F0D46074637
:1035200000F0F6FB4FF00009802F02D23846BDE8CC
:10353000F88F2748002482460168D1F80510490811
:10354000CA1701EB92714FF0FF32002D02EBA1067A
:103550004FF010051AD0301B00EBD07004EB600860
:10356000DAF80000D0F8012009EB880011180422D5
:10357000684608F0B1FBBDF80000B84221D001D286
:10358000444600E046466D1EE5D11EE0301B00EBD0
:10359000D07004EB6008DAF80000D0F8012009EBE5
:1035A000880011180422684608F096FBBDF8000058
:1035B000B84206D001D2444600E046466D1EE5D131
:1035C00003E015B1BDF80200B1E70020AFE700004D
:1035D000A400002038B500200C4600900121684668
:1035E00008F0EEFD2060002800D0012038BD10B5A5
:1035F00008F0F9FD012010BD13F0CABC13F0C4BCE3
:1036000008F0FEBD10B500244FF47A7108F020FEDA
:1036100000B90124204610BD30B5B0F5805F01D25D
:103620001B4900E01B4931F8022B002A15D09042BB
:1036300013D331F8024B230AE5B252FA84F48442E0
:1036400021D9092B09D2DFE803F005090E11131562
:1036500017191B00801A31F8100030BD811A01F0D3
:103660000101401A00E0103880B230BD2038FBE77D
:103670003038F9E71A38F7E70830F5E75038F3E75C
:10368000A0F5E350F0E7002BCDD101EB4501CAE7EF
:1036900006A10308F8A2030870B50446C079032800
:1036A0000FD1A669A56808E06A1C294620680AF0BF
:1036B000B9FB002806D16D1C761E002EF4D1002027
:1036C000E071002070BD70B5044616460D46C06915
:1036D0000FE0012802D92A1A921C00E03246291A6A
:1036E000491C20680AF09EFB002804D1E069401EB6
:1036F000E0610028EDD170BD2DE9F0470646006A73
:103700008D1E801E9146A84200D800252C46A84652
:1037100000274FF4007A706B00EB1431304606F04E
:10372000F5FC18B14FF0FF30BDE8F08704F0070258
:1037300001209040326AC4F3C801C0B25346921EC1
:1037400006EB010C641C9CF83CC00CEA000C400623
:10375000000E944202D3002420461946BCF1000F0B
:1037600005D0A0460027AC4207D10020DCE77F1C33
:103770004F45F8D108F10200D6E70028E0D101203A
:10378000491C9942DCD3C6E72DE9FF5F002790462C
:103790000E460F6000F061FF050003D50B2004B05A
:1037A000BDE8F09FCE4850F82540BCB1204604F05B
:1037B0008BF8A8B13460207808F0FE0620B160785C
:1037C000FDF760FAC1070DD02770E8B2B846607007
:1037D000FDF728FAC1070AD00320E0E70C20DEE756
:1037E0000F20DCE70EB1400704D40020D7E71EB15C
:1037F000400701D50A20D2E7002529462046FAF7DE
:1038000007FD022820D16F4604EB051090F8FE1149
:1038100000F5FD7019B1083003F09BFF00E00020B7
:1038200047F825006D1C042DEED3002657F82650CE
:1038300035B129462046FAF7EBFC022801D203E015
:103840000320761C042EF1D304287AD002287AD2E1
:103850004FF0FF3A4FF4007601280CD004F14700F6
:1038600003F0ADFFB0426ED104F1520003F0A7FFA8
:10387000002869D084E00B2002E0401C402806D2DA
:10388000211891F83C100029F7D040285BD304F1AF
:10389000A40003F094FFB0F5807F54D194F8A80001
:1038A000012707FA00F0B34658454CD104F18400D3
:1038B00003F05AFFC14610EB050841EB0906012E43
:1038C00041D204F1900003F044FF606294F8AA0032
:1038D000A070012837D194F8A90087403804000C63
:1038E000608130D004F1980003F033FF7D49074632
:1038F000884228D8B81CA562206204F1940003F025
:1039000028FF2844606304F18C0003F022FF284460
:10391000E0626189626B7943521849EB0900B8EBA8
:10392000020186410FD304F19C0003F012FF01460F
:1039300020632046FAF711FD0146204606F0E6FB1B
:1039400018B101202BE767E016E000255E466019FC
:1039500090F83C10812904D1503003F0FAFE02287F
:1039600002D02035B542F2D3B54263D0C4F81CA0D2
:103970000427C4F818A0A7E004F1600003F0E9FEF2
:10398000606294F84C60A670012E01D0022E51D1D5
:10399000464394F849006081F0B3411E084249D182
:1039A00004F14D0003F00BFF2081000742D104F128
:1039B0004F0003F004FF070004D104F15C0003F0A2
:1039C000C8FE074604F14A0003F0F9FE010031D0B9
:1039D0002389881900EB131297422BD3B81A6789F1
:1039E000B0FBF7F0C0B103274FF6F57C604500D877
:1039F000022740F6F57C604500D80127801C2A4448
:103A0000626329442062C4E90A51032F14D01BB118
:103A100031442163022F00E00CE01ED000F00101D0
:103A200000EB400001EB5000616A00F2FF10B1EBC7
:103A3000502F14D20D20B2E604F1660003F0BFFE51
:103A40000028F7D120890028F4D104F1680003F0A0
:103A500080FE2063206A8000E6E74000E4E7C4F8C7
:103A60001CA08020C4F818A02071032F2CD104F1D1
:103A70006C0003F0A4FE012826D1691C204606F044
:103A800045FB08BB84F8048004F23A2003F097FE5B
:103A9000A0F52A41553917D104F13C0003F059FE35
:103AA0001149884210D104F5087003F052FE0F4905
:103AB000884209D104F5097003F04BFEE06104F57A
:103AC0000A7003F046FEA06105482770001F0188B8
:103AD000491C0180E1802046FAF716FC85E60000CB
:103AE00098030020FDFFFF7F5252614172724161D5
:103AF00010B5002000F05EF8BDE81040012000F095
:103B000001B80000F8B504464FF4007631460220B3
:103B100006F0FAFB05461348224611A10068FFF79C
:103B200037F80446014610A0F7F79AFF14B10D2CA0
:103B300004D00EE012A0F7F793FF0AE000222B4614
:103B4000114607A00096FEF7C1FA10B914A0FFF7BE
:103B5000F1FA2946BDE8F840022006F0A7BB0000B4
:103B6000313A0000A0000020665F6D6F756E742012
:103B7000666C617368207265733A25750A000000EF
:103B8000466C617368204469736B204D6F756E7469
:103B900020537563636573736564210A0000000038
:103BA000313A414C49454E54454B5F464C41534890
:103BB00000000000F8B504464FF4007631460220BC
:103BC00006F0A2FB05461348224611A10068FEF745
:103BD000DFFF0446014610A0F7F742FF14B10D2C99
:103BE00004D00EE011A0F7F73BFF0AE000222B46BD
:103BF000114607A00096FEF769FA10B912A0FFF768
:103C000099FA2946BDE8F840022006F04FBB0000B3
:103C1000303A00009C000020665F6D6F756E742066
:103C20007364207265733A25750A0000534420447A
:103C300069736B204D6F756E742053756363657384
:103C4000736564210A000000303A414C49454E54E6
:103C5000454B5F534400000073B504460568019866
:103C600001E0401C019001782F29FAD05C29F8D09E
:103C70000020A060E06101980078202807D2802011
:103C800084F84B0000212046FCF780FF7CBD01A991
:103C90002046FAF7A5FC0028F8D12046FCF7BAFC2C
:103CA00094F84B1028B10428F0D14907EED4052030
:103CB0007CBD4907FCD4A079C006F8D52878042833
:103CC00009D0208EC0F30800411928463C3103F08A
:103CD0002DFDA060DBE7A16821622069E17920F079
:103CE000FF0008436062E16CA1622869343003F090
:103CF00030FDA060286990F8210000F00201E17118
:103D00002869383003F030FDC4E90401BFE7000042
:103D100070B50E4D00244FF44006641CE4B24122FD
:103D20003146286807F0D8FF28680078AA280AD00A
:103D30001420FAF70BFF0A2CEFD328680078AA2882
:103D400001D0012070BD002070BD0000A400002043
:103D500002490A681206FCD548607047001001400D
:103D600070B50D46044602E02946FFF7F1FF14F84E
:103D7000010B0028F8D170BD2DE9F0410E46044634
:103D80000BF0BAF8002167686160256821600BF0CC
:103D9000DBF8380005D016B108F01EFF01E006F090
:103DA000C3FA002D04D02846BDE8F04106F05EBD00
:103DB000BDE8F0812DE9F0413C4888B0002501685C
:103DC00041F004010160016801F0040106910168FD
:103DD00041F00201016000684FF4005600F002005B
:103DE00006900124CDE901640327DFF8C480CDE902
:103DF000034701A94046F2F749F90220CDE9010540
:103E0000CDE9034701A92B48F2F740F9FAF774FD11
:103E1000002231464046F2F73CFA1420FAF796FEAB
:103E2000012231464046F2F734FA3220FAF78EFE8C
:103E30008DF8005001226946002000F013F901229C
:103E40006946A42000F00EF916208DF8000001222A
:103E50006946802000F006F90C208DF80000012250
:103E60006946882000F0FEF802226946A12000F091
:103E700029F89DF80010302903D19DF8010003288E
:103E80000BD09DF80100012807D0022805D001B908
:103E900018B1012008B0BDE8F081C0B200EB0121EB
:103EA00005A0F7F7DDFD0020F4E700003038024000
:103EB00000080240000402404354502049443A257F
:103EC000780D0A002DE9F04115460E460446FAF732
:103ED0009DFD7020FAF766FDFAF7E2FDE0B2FAF711
:103EE00061FDFAF7DDFDFAF791FD7120FAF75AFD51
:103EF000FAF7D6FD00246F1E09E0BC4201D0012074
:103F000000E00020FAF71AFD3055641CE4B2AC4220
:103F1000F3D3BDE8F041FAF7A1BD00002DE9FC5F45
:103F200000274C4E8DF804704FF00A0B3078DFF804
:103F30002881401CC0B2B0FBFBF20BFB12013C46D7
:103F4000B94630704FF6FF7A09B10A2866D20122CD
:103F500001A90220FFF7B6FF9DF8040001075DD01C
:103F600000F00F01062959D20AFA01F0C04340F4CB
:103F70004040A8F8340045460420FAF7E7FD4FF02A
:103F80000109A98E09FA04F001423AD0334804220B
:103F9000694630F81400FFF795FF95F844009DF846
:103FA0000010C0079DF8010001F00F010ED000EBDA
:103FB000012105EB440001849DF802209DF80310C7
:103FC00002F00F0201EB0221818110E000EB0120E1
:103FD00023490988091A05EB440081819DF80220D4
:103FE0009DF8031002F00F0201EB022101849DF8FD
:103FF00000000821B1EB101F03D005EB440007843B
:104000008781641CE4B2052CBBD3A8894FF0010959
:1040100018B9288C08B98DF8047037709DF8040021
:10402000C0060ED1B8F83400010402D520F40040D7
:1040300005E0A8F80CA0A8F820A000F46040A8F8BB
:1040400034003078F02801D986F800B04846BDE841
:10405000FC9F00002C00002030000020607C030842
:10406000B81E00202DE9F04116460F4604460025F3
:10407000FAF7CCFC7020FAF795FCFAF711FDE0B2E4
:10408000FAF790FCFAF70CFD002408E0385DFAF727
:1040900089FCFAF705FD050003D1641CE4B2B442C3
:1040A000F4D3FAF7DBFC2846BDE8F0817CB5164670
:1040B0001C4605460B2205F00CFC052C11D91D4AA7
:1040C0000CE00021B61C2346044663F35F0440085D
:1040D000E30300D55440491C1029F4D3308800284C
:1040E000EFD107214FEA0D0304F00F0030303928DB
:1040F00000D9C01D5854491E2409F5D17E20002244
:1041000058544C1E06E081387D2802D8A24206D0C1
:10411000521C521C8A4202D2A85C2028F3D10829E2
:1041200002D2585C491C00E02020A854521C082AE6
:10413000F5D37CBD2110010010B50446014650A006
:10414000DCF752F9002876D021464FA0DCF74CF975
:10415000002872D021464EA0DCF746F900286ED028
:1041600021464DA0DCF740F900286AD021464BA03B
:10417000DCF73AF9002866D021464AA0DCF734F98A
:10418000002862D0214649A0DCF72EF900285ED035
:10419000214648A0DCF728F900285AD0214647A03C
:1041A000DCF722F9002856D0214646A0DCF71CF99E
:1041B000002852D0214645A0DCF716F900284ED041
:1041C000214644A0DCF710F900284AD0214643A03C
:1041D000DCF70AF9002846D0214642A0DCF704F9B2
:1041E000002842D0214641A0DCF7FEF800283CD050
:1041F00021463FA0DCF7F8F8002838D021463EA041
:10420000DCF7F2F8002834D021463DA0DCF7ECF8CA
:10421000002830D021463CA0DCF7E6F800282CD05E
:1042200021463BA0DCF7E0F8002826D015A010BD01
:1042300001E002E003E038A0F9E73AA0F7E73CA08C
:10424000F5E73EA0F3E741A0F1E743A0EFE745A083
:10425000EDE747A0EBE74AA0E9E74CA0E7E74EA06F
:10426000E5E750A0E3E752A0E1E754A0DFE757A05D
:10427000DDE75BA0DBE75EA0D9E761A0D7E7000040
:104280002E747874000000002E68746D6C000000BD
:104290002E637373000000002E6A73002E6A70672D
:1042A000000000002E706E67000000002E67696637
:1042B000000000002E737667000000002E6D703342
:1042C000000000002E776176000000002E6161631F
:1042D000000000002E6D7034000000002E77656233
:1042E0006D0000002E6D6F76000000002E717400CE
:1042F0002E6A736F6E0000002E706466000000006E
:104300002E786D6C000000002E62696E00000000C7
:104310002E64617400000000746578742F706C6105
:10432000696E0000746578742F68746D6C0000000D
:10433000746578742F63737300000000746578747B
:104340002F6A61766173637269707400696D616769
:10435000652F6A7065670000696D6167652F706E13
:1043600067000000696D6167652F6769660000007E
:10437000696D6167652F7376672B786D6C0000003F
:10438000617564696F2F6D706567000061756469A0
:104390006F2F776176000000617564696F2F61612E
:1043A00063000000766964656F2F6D703400000053
:1043B000766964656F2F7765626D00007669646564
:1043C0006F2F717569636B74696D65006170706CD6
:1043D00069636174696F6E2F6A736F6E000000000D
:1043E0006170706C69636174696F6E2F70646600D0
:1043F0006170706C69636174696F6E2F786D6C00A9
:104400006170706C69636174696F6E2F6F6374653E
:10441000742D73747265616D000000002DE9F04128
:1044200006680C46024602296FD3306AA0426CD956
:1044300031784FF0FF35012909D002292CD0E80D41
:1044400000EA8407032936D004297AD141E0F06AD2
:1044500004EB540700EB5721304605F057FE0028C7
:1044600070D1C7F3080030447F1C90F83C80F06A9C
:1044700000EB5721304605F049FE48BBC7F3080062
:10448000304490F83C1048EA0120E10701D00509CA
:1044900058E0C0F30B0555E0F06A00EB14213046FC
:1044A00005F034FEA0B9E0B206EB40003C3003F06A
:1044B00086F9054646E0F06A00EBD411304605F077
:1044C00025FE28B9B8193C3003F043F920F07045B7
:1044D00038E0D2E9040150EA010332D09368E31ACC
:1044E000401E41F1FF31400A40EAC1507189B0FBE2
:1044F000F1FCD0796FF00041022807D003280DD0DD
:1045000002281ED0D06920B90DE01AE0634518D802
:1045100001D10D4616E004F1010513E090699842BF
:10452000F0D9651C0EE0F06A00EBD411304605F0BE
:10453000EDFD38B9B8193C3003F00BF920F0004517
:1045400000E001252846BDE8F081002070472DE9F4
:10455000F0474FF00009D0F80080064681F81A9025
:10456000806B0C46002876D098F80000042805D00F
:10457000F06C401C23D000252F4616E0D8F8100020
:10458000BDE8F04700F094B80021FEF7C5FF38B150
:10459000FF2803D9010A62196D1C9176FF2D01D302
:1045A000002509E061196D1C8876D8F80C0030F8F8
:1045B00017007F1C0028E7D1611981F81A900021AB
:1045C000A37E0A462E25F06B405C491C202824D08F
:1045D000052800D1E520092905D10BB9A718BD761A
:1045E000A718521C7D73A7187873ABB9A0F1410CC2
:1045F000BCF1190F0FD8D6F83CC009299CF80CC0A3
:1046000002D34FF0100801E04FF008081CEA080F31
:1046100001D02030C0B2B876521C0B29D3D333B9A5
:10462000A11881F81A90F06B007B00B90022A01845
:104630004D4680F80D90F06BC07A2073F06B1C3003
:1046400003F087F8C4E90005F06B163003F081F839
:104650006081000C2081BDE8F08710B504464FF062
:10466000FF302268002A13D0114600E0491C0B7865
:10467000202B0ED33A2BF9D112F8013B303B0A2BF9
:1046800006D28A4204D1022B02D2491C184621606C
:1046900010BD002010BD000010B511F0DFFA002899
:1046A00003D1024909200860002010BDF00200205B
:1046B0002DE9F04100260C4605464027B04617E09C
:1046C000F80600D1BF1CE81903F079F80021FEF7C5
:1046D00023FFFF2803D9010AA219761C917660B145
:1046E000FF2E0AD2A119761C887608F10108BF1C9A
:1046F00095F823104145E3D816B93F20A07601264E
:10470000A11900208876607328792073C00602D52D
:104710000020014603E005F1380003F025F8C4E964
:10472000000105F10C0003F04AF8608105F10E006C
:1047300003F045F82081BDE8F08100007CB5FAF770
:10474000DBF82A4D4FF40054002221462846F1F7A9
:10475000A0FD0A20FAF7FAF9012221462846F1F7CE
:1047600098FD0A20FAF7F2F90422694648F240104F
:1047700000F054F800248DF804401DA16846DBF7D2
:1047800033FE80B11BA16846DBF72EFE58B11BA19A
:104790006846DBF729FE30B11AA16846DBF724FE34
:1047A00008B101207CBD694618A0F7F759F915A199
:1047B0006846DBF719FE10B917490A200870022075
:1047C0008DF8000048F2400501226946284600F0B5
:1047D00047F90A20FAF7BAF98DF800400122694634
:1047E000284600F03DF900207CBD00000008024092
:1047F000393131003931343700000000313135387A
:1048000000000000393237310000000043545020CE
:1048100049443A25730D0A002D0000202DE9F0418E
:1048200015460E460446FAF7F1F82820FAF7BAF8CA
:10483000FAF736F9200AFAF7B5F8FAF731F9E0B2E3
:10484000FAF7B0F8FAF72CF9FAF7E0F82920FAF7B6
:10485000A9F8FAF725F900246F1E09E0BC4201D03F
:10486000012000E00020FAF769F83055641CE4B23A
:10487000AC42F3D3BDE8F041FAF7F0B82DE9F14FBF
:1048800082B00025724C8DF804504FF00A0A60780F
:10489000DFF8C081401CC0B2B0FBFAF20AFB120183
:1048A0002E4660704FF6FF7909B10A287DD248F292
:1048B0004E17012202A93846FFF7B0FF9DF8080005
:1048C00001060BD5217800F00F00884206D88DF83C
:1048D0000450012201A9384600F0C2F89DF80800F2
:1048E000010762D0227800F00F0090425DD809FAEB
:1048F00000F1C943B8F8347041F44041A8F83410CD
:1049000008EB4201B8F80C304B81B8F82020CA837C
:104910008DF80450DFF840B150E0B8F834000122BF
:104920008A404646104244D04C48042230F81100D8
:104930006946FFF773FFBBF80410A1F5AA42103ACD
:104940000CD0A1F51842063A08D0A1F5EE42963AED
:1049500004D096F84410C90717D103E096F8441024
:10496000C90712D09DF802109DF80320BBF8000083
:1049700001EB0221411A9DF8040006EB4000818101
:104980009DF800109DF801200EE09DF800009DF8B4
:10499000011000EB01219DF8040006EB400081812D
:1049A0009DF802109DF8032000E025E001EB0221B4
:1049B00001849DF80400401C8DF804009DF804104B
:1049C00020788142A9D3B8F80C20BBF8003001262A
:1049D00040469A4204D8028CBBF802108A420AD997
:1049E0009DF8081001F00F0101290CD9C1898181BE
:1049F000418CA8F8201065709DF8080000F08F0029
:104A000080280DD01CE0217800EB41014A89828189
:104A1000C98B018480218DF80810A8F83470EBE769
:104A2000B8F8341040460A0402D521F4004105E0EC
:104A3000A0F80C90A0F8209001F46041A8F8341080
:104A40006078F02801D984F801A03046BDE8FE8FD7
:104A50002D00002030000020B81E00206A7C0308D2
:104A60002DE9F04116460F4604460025F9F7CEFF22
:104A70002820F9F797FFFAF713F8200AF9F792FFC1
:104A8000FAF70EF8E0B2F9F78DFFFAF709F800240B
:104A900008E0385DF9F786FFFAF702F8050003D160
:104AA000641CE4B2B442F4D3F9F7D8FF2846BDE859
:104AB000F08170B505464FF400763146012005F0CF
:104AC00023FC0446014600233246284604F08AF9B6
:104AD000002805DD002121542946204600F00CF86D
:104AE0002146012005F0E2FB284603F0A5F9BDE8C8
:104AF0007040002012F0CEB82DE9F34F81B00322B0
:104B00006FA10198DBF794FC01244FF4807B38B14E
:104B100004226CA10198DBF78BFC002876D049E3D6
:104B20006AA10198DBF731FC00285FD04FF41671C1
:104B3000012005F0E9FB8046012267A1FEF766F837
:104B4000010001D06BA00CE04FF49071012005F042
:104B5000DBFB0546014660A0FEF7E8FB010003D041
:104B60006BA0F6F77DFFDAE7002605B12E6829462F
:104B7000012005F09BFB5D465946012005F0C4FB72
:104B8000074633466A4A2946F6F77AFF3846DBF786
:104B900024FC024600233946029804F057FB4FF4E8
:104BA00080652946012005F0AFFB064600946B4660
:104BB0002A4631464046FEF7E3F900233146009A83
:104BC000029804F043FB00980028F0D14046FDF71E
:104BD00065FA3946012005F069FB4146012005F0E0
:104BE00065FB3146012005F061FB98E751A1019872
:104BF000DBF7CBFB10B155A00299D9E25CA101987B
:104C0000DBF7C3FB18B162A00299D1E2D3E26BA13A
:104C10000198DBF7BAFB10B16FA00299C8E278A146
:104C20000198DBF7B2FB10B17CA00299C0E285A12C
:104C30000198DBF7AAFB10B18AA00299B8E294A10F
:104C40000198DBF7A2FB10B198A00299B0E2A1A1F4
:104C50000198DBF79AFB10B1A6A00299A8E2B0A1D7
:104C60000198DBF792FB10B1B6A00299A0E2C1A1B6
:104C70000198DBF78AFB10B1C6A0029998E2D0A197
:104C80000198DBF782FB10B1D3A0029990E2DBA17F
:104C90000198DBF77AFB10B1DFA0029988E2E8A166
:104CA0000198DBF772FB10B1ECA0029980E2F5A14C
:104CB0000198DBF76AFB10B1F8A0029978E2FFE1F6
:104CC00047455400504F53540000000047455420BE
:104CD0002F20485454502F00313A536D6172744F55
:104CE00066666963655765622F696E6465782E68CC
:104CF000746D6C004661696C656420746F206F7020
:104D0000656E2066696C653A2025640A0000000023
:104D10004661696C656420746F20676574206669FC
:104D20006C65207374617475733A2025640A000001
:104D3000B8A40308474554202F6373732F626F6F25
:104D40007473747261702E6373730000313A536D23
:104D50006172744F66666963655765622F6373732A
:104D60002F626F6F7473747261702E6373730000BF
:104D7000474554202F6A732F6A71756572792D31FA
:104D80002E31312E302E6D696E2E6A7300000000B8
:104D9000313A536D6172744F666669636557656237
:104DA0002F6A732F6A71756572792D312E31312E0C
:104DB000302E6D696E2E6A73000000004745542046
:104DC0002F6A732F626F6F7473747261702E6D69C6
:104DD0006E2E6A7300000000313A536D6172744F99
:104DE00066666963655765622F6A732F626F6F74B9
:104DF00073747261702E6D696E2E6A73000000000C
:104E0000474554202F696D616765732F6C65667423
:104E10002D7469746C652E706E670000313A536DA5
:104E20006172744F66666963655765622F696D616B
:104E30006765732F6C6566742D7469746C652E706C
:104E40006E670000474554202F696D616765732FB9
:104E5000303154656D70657261747572652E6A705B
:104E600067000000313A536D6172744F6666696382
:104E7000655765622F696D616765732F30315465C1
:104E80006D70657261747572652E6A7067000000DE
:104E9000474554202F696D616765732F303248751F
:104EA0006D69646974792E6A70670000313A536DD8
:104EB0006172744F66666963655765622F696D61DB
:104EC0006765732F303248756D69646974792E6A2D
:104ED00070670000474554202F696D616765732F27
:104EE00030334272696768746E657373732E6A70CB
:104EF00067000000313A536D6172744F66666963F2
:104F0000655765622F696D616765732F3033427233
:104F1000696768746E657373732E6A70670000004A
:104F2000474554202F696D616765732F30344C6994
:104F3000676874696E674D61737465724F6E2E6A2F
:104F400070670000313A536D6172744F6666696331
:104F5000655765622F696D616765732F30344C69E1
:104F6000676874696E674D61737465724F6E2E6AFF
:104F700070670000474554202F696D616765732F86
:104F8000303553706F746C696768744F6E2E6A7039
:104F900067000000313A536D6172744F6666696351
:104FA000655765622F696D616765732F3035537082
:104FB0006F746C696768744F6E2E6A7067000000CA
:104FC000474554202F696D616765732F3036466100
:104FD0006E4F6E2E6A706700313A536D6172744F76
:104FE00066666963655765622F696D616765732FD2
:104FF000303646616E4F6E2E6A706700474554200A
:105000002F696D616765732F3037416C61726D4F29
:105010006E2E6A7067000000313A536D6172744FF2
:1050200066666963655765622F696D616765732F91
:105030003037416C61726D4F6E2E6A7067000000F0
:10504000474554202F696D616765732F30384C6F69
:1050500052614F6E2E6A706700000000313A536D46
:105060006172744F66666963655765622F696D6129
:105070006765732F30384C6F52614F6E2E6A7067C0
:1050800000000000474554202F696D616765732F4C
:10509000616E2D6F66662E706E670000313A536D3B
:1050A0006172744F66666963655765622F696D61E9
:1050B0006765732F616E2D6F66662E706E670000D8
:1050C0004CA10198DBF761F910B150A002996FE093
:1050D00057A10198DBF759F910B15CA0029967E07C
:1050E00064A10198DBF751F910B168A002995FE063
:1050F0006FA10198DBF749F910B173A0029957E04D
:105100007AA10198DBF741F910B17EA002994FE036
:1051100085A10198DBF739F910B18AA0029947E01F
:1051200092A10198DBF731F910B198A002993FE004
:10513000A1A10198DBF729F910B1A5A0029937E0E8
:10514000ACA10198DBF721F910B1B0A002992FE0D2
:10515000B7A10198DBF719F910B1BBA0029927E0BC
:10516000C2A10198DBF711F910B1C7A002991FE0A5
:10517000CFA10198DBF709F910B1D4A0029917E08B
:10518000DCA10198DBF701F910B1DFA002990FE073
:10519000E6A10198DBF7F9F810B1EBA0029907E05E
:1051A000F3A10198DBF7F1F8002821D0F6A00299CD
:1051B00009F070FB22E3FDA10198DBF7E6F8DFF8C8
:1051C0000884DFF80894DFF808A4FF2578B12321CC
:1051D000012005F099F80646A8F80050FD48A9F806
:1051E00000502A46AAF8005004701346F4E102E287
:1051F00005E30000474554202F696D616765732FF3
:10520000616E2D6F6E2E706E67000000313A536D27
:105210006172744F66666963655765622F696D6177
:105220006765732F616E2D6F6E2E706E67000000C4
:10523000474554202F696D616765732F7367626AF4
:105240002D6F66662E706E6700000000313A536D58
:105250006172744F66666963655765622F696D6137
:105260006765732F7367626A2D6F66662E706E674F
:1052700000000000474554202F696D616765732F5A
:105280007367626A2D6F6E2E67696600313A536DDF
:105290006172744F66666963655765622F696D61F7
:1052A0006765732F7367626A2D6F6E2E676966007C
:1052B000474554202F696D616765732F7379732D8E
:1052C00062672E6A70670000313A536D6172744FE5
:1052D00066666963655765622F696D616765732FDF
:1052E0007379732D62672E6A7067000047455420FA
:1052F0002F696D616765732F7379732D73702E6AD3
:1053000070670000313A536D6172744F666669636D
:10531000655765622F696D616765732F7379732DAA
:1053200073702E6A70670000474554202F696D61C5
:105330006765732F7379732D62672D73702E6A7092
:1053400067000000313A536D6172744F666669639D
:10535000655765622F696D616765732F7379732D6A
:1053600062672D73702E6A706700000047455420F5
:105370002F696D616765732F7379732D62672D7364
:10538000702D6F66662E6A7067000000313A536DAB
:105390006172744F66666963655765622F696D61F6
:1053A0006765732F7379732D62672D73702D6F6628
:1053B000662E6A7067000000474554202F696D61B2
:1053C0006765732F6E756C6C2E706E670000000041
:1053D000313A536D6172744F6666696365576562F1
:1053E0002F696D616765732F6E756C6C2E706E67BB
:1053F00000000000474554202F696D616765732FD9
:1054000066616E2D6F6E2E706E670000313A536DBF
:105410006172744F66666963655765622F696D6175
:105420006765732F66616E2D6F6E2E706E6700005C
:10543000474554202F696D616765732F66616E2D36
:105440006F66662E706E6700313A536D6172744FED
:1054500066666963655765622F696D616765732F5D
:1054600066616E2D6F66662E706E6700474554202C
:105470002F696D616765732F62672D66616E2D6F91
:105480006E2E706E67000000313A536D6172744F7A
:1054900066666963655765622F696D616765732F1D
:1054A00062672D66616E2D6F6E2E706E6700000054
:1054B000474554202F696D616765732F62672D66BC
:1054C000616E2D6F66662E706E670000313A536D07
:1054D0006172744F66666963655765622F696D61B5
:1054E0006765732F62672D66616E2D6F66662E701D
:1054F0006E670000474554202F66617669636F6EC2
:105500002E69636F00000000313A536D6172744F71
:1055100066666963655765622F696D616765732F9C
:1055200066617669636F6E2E69636F00474554202C
:105530002F696D616765732F73706F746C6967682D
:10554000742E706E67000000313A536D6172744FB3
:1055500066666963655765622F696D616765732F5C
:1055600073706F746C696768742E706E67000000EA
:10557000474554202F6D757369632F616C61726D9F
:105580002E6D703300000000313A536D6172744F1C
:1055900066666963655765622F6D757369632F6110
:1055A0006C61726D2E6D703300000000504F5354CB
:1055B000202F434D442F4D61737465724C696768A9
:1055C000745F4F6E00000000560300205803002057
:1055D0005A030020540300208AA130460095F6F7B4
:1055E00067FA3046EFF758FA3146012004F05EFEC4
:1055F0008CA0029995E090A10198DAF7C6FE954F2C
:10560000002660B1A8F80060A9F80060AAF8006060
:105610003C7091A0EFF740FA93A0029981E097A126
:105620000198DAF7B2FEDFF86C82DFF86C92DFF8EF
:105630006CA2D8B12321012004F066FEA8F8005026
:10564000A9F80050AAF800502A463C7006461346B6
:1056500093A10095F6F72CFA3046EFF71DFA314684
:10566000012004F023FE95A002995AE098A1019828
:10567000DAF78BFE60B1A8F80060A9F80060AAF81C
:1056800000603C7098A0EFF707FA9BA0029948E0F1
:105690009EA10198DAF779FEA14DA24F38B12C6096
:1056A000A1A03C60EFF7F8F9A1A0029939E0A3A10D
:1056B0000198DAF76AFE38B12E60A5A03C60EFF7DA
:1056C000EBF9A5A002992CE0A6A10198DAF75DFEFE
:1056D000A94DAA4FDFF8A88248B12C600122594693
:1056E00040463C60F0F7D5FDA6A0029919E0A9A1BB
:1056F0000198DAF74AFE48B12E600022594640462A
:105700003C60F0F7C6FDA8A002990AE0AAA10198A2
:10571000DAF73BFE40B1AF480460F3F797FAAEA06A
:105720000299F4F723FD69E0B1A10198DAF72DFEA3
:10573000002864D00821012004F0E6FDB14F0646A0
:10574000B1A1B888C3B2020A3046F6F7B1F9082110
:10575000012004F0D9FD0546F888ABA1C3B2020AC6
:105760002846F6F7A5F9F8F7A3FC80463246A8A12B
:10577000F8F786FC2A46A9A14046F8F781FC0821E3
:10578000012004F0C1FD04463A89A7A1F6F790F97B
:105790002246A6A14046F8F773FC4046F8F7E0FC25
:1057A00007464046F8F7A8FC3146012004F07EFD8C
:1057B0002946012004F07AFD2146012004F076FDFF
:1057C0003846DAF70AFE05465946012004F09CFDEA
:1057D00004463B462A469749F6F76AF92046DAF727
:1057E000FCFD024600232146029803F02FFD2146CE
:1057F000012004F05BFD3846F6F782F90020BDE891
:10580000FE8F00004D61737465724C696768745F48
:105810004F4E26523D256426473D256426423D25B0
:10582000640000004D61737465724C696768742090
:105830004F70656E65642100504F5354202F434DC7
:10584000442F4D61737465724C696768745F4F666D
:1058500066000000640300204D61737465724C693A
:105860006768745F4F4646004D61737465724C699A
:1058700067687420436C6F7365642100504F535404
:10588000202F434D442F53706F744C696768745FC9
:105890004F6E000066030020680300206A030020AA
:1058A00053706F744C696768745F4F4E26523D2584
:1058B0006426473D256426423D25640053706F747D
:1058C0004C69676874204F70656E65642100000044
:1058D000504F5354202F434D442F53706F744C69D5
:1058E0006768745F4F66660053706F744C696768D1
:1058F000745F4F464600000053706F744C696768D0
:105900007420436C6F73656421000000504F535442
:10591000202F434D442F46616E5F4F6E0000000004
:105920003C0300204003002046414E5F4F4E0000E4
:1059300046616E204F70656E65642100504F535470
:10594000202F434D442F46616E5F4F666600000076
:1059500046414E5F4F46460046616E20436C6F7372
:1059600065642100504F5354202F434D442F416C08
:1059700061726D5F4F6E0000280300202C03002031
:1059800000140240416C61726D204F70656E656459
:1059900021000000504F5354202F434D442F416CA1
:1059A00061726D5F4F666600416C61726D20436C81
:1059B0006F73656421000000504F5354202F434DF6
:1059C000442F4D61676E657469736D4C6F636B5FD7
:1059D0004F6E00008C0300204D61676E6574697323
:1059E0006D4C6F636B204F70656E65642100000025
:1059F000504F5354202F444154412F53656E736FC1
:105A000072000000F800002025642E2564000000CC
:105A100074656D70657261747572650068756D6925
:105A20006469747900000000257500006C6967687E
:105A300074000000CCA503080A46032100F0F4B866
:105A40002DE9FE4F8A4644490446D1F8088098F86B
:105A500000000007850E142D79D36089042876D3C1
:105A600060680078002872D0082870D1486901F178
:105A70001407C0F303120E2A69D08946096800F0A2
:105A800043FA002863D12089082860D305F10E016C
:105A90000E46204606F027FC002830D02089411908
:105AA00089B2884253D84FF420720E2006F07EFC53
:105AB00006004CD0718905F10800814216D32A46B0
:105AC00041467068DAF72EFC2946304607F06AFA3C
:105AD000002806D021A3B6222EA13CA0F5F7C0FFD6
:105AE00004E02146304606F0FBFE18B1304607F0D0
:105AF00073F82CE0204607F06FF834460CE031468E
:105B0000204607F04FFA002806D014A3C72239A177
:105B10002EA0F5F7A5FF1AE029462046666806F094
:105B2000E2FBA0B960683968FF22C160D9F81010A3
:105B300001610021317071800272418101228DE882
:105B400006040A46FF233946204600F005FC20469D
:105B5000BDE8FE4F07F040B8E46900202E2E2F4D1F
:105B60006964646C6577617265732F5468697264E7
:105B70005F50617274792F4C7749502F7372632F85
:105B8000636F72652F697076342F69636D702E6351
:105B90000000000069636D705F696E7075743A2073
:105BA0006D6F76696E6720722D3E7061796C6F61E2
:105BB0006420746F2069636D70206865616465722C
:105BC000206661696C65640A0000000041737365BA
:105BD0007274696F6E2022257322206661696C657C
:105BE00064206174206C696E6520256420696E20D4
:105BF00025730A0069636D705F696E7075743A2071
:105C0000726573746F72696E67206F726967696E0F
:105C1000616C20702D3E7061796C6F6164206661EB
:105C2000696C65640A0000002DE9FF4791468846CB
:105C300006464FF420722421222006F0B7FB05000F
:105C400031D06889242806D218A34FF4B47225A154
:105C50002FA0F5F705FF6C6877681C2284F8008098
:105C600084F801904FF00008A4F80480A4F806809E
:105C7000686871680830DAF755FBF868039003A884
:105C800000F07AFD60B1A4F802800122CDF8008016
:105C9000CDE90120FF2303AA0021284600F05CFB88
:105CA000284606F099FFBDE8FF8700002E2E2F4DF5
:105CB0006964646C6577617265732F546869726496
:105CC0005F50617274792F4C7749502F7372632F34
:105CD000636F72652F697076342F69636D702E6300
:105CE00000000000636865636B207468617420665F
:105CF0006972737420706275662063616E20686FCC
:105D00006C642069636D70206D65737361676500F5
:105D1000417373657274696F6E2022257322206649
:105D200061696C6564206174206C696E652025640E
:105D300020696E2025730A000A460B21FFF774BF05
:105D400070B50E4D00244FF42006641CE4B291227D
:105D50003146286805F0C0FF28680078AA280AD0D4
:105D60001420F8F7F3FE0A2CEFD328680078AA284D
:105D700001D0012070BD002070BD0000A8000020EF
:105D8000EFF30580002800D001207047F0B50246EF
:105D90001D4BD2F80050002003EB00142668AE42E1
:105DA00007D166689768BE4203D1A468166BB442F7
:105DB00002D0401C0228EFD3022814D1002002E0B8
:105DC000401C022804D203EB00142468002CF7D1F5
:105DD00002280ED003EB0014256095686560126BF5
:105DE000A2600022A281002903EB0011898902D060
:105DF00019B10020F0BD491C01E04FF4807103EBA4
:105E00000012401C9181F0BD746B002010B54FF45E
:105E1000FA7405E02046F8F799FE2046F8F796FE5A
:105E20000020FAF7FFFE0028F4D10B4A0121FAF70F
:105E30000DFF05E02046F8F789FE2046F8F786FEBC
:105E40000120FAF7EFFE0028F4D10121BDE810404F
:105E5000014A0846FAF7FABE0401002010B50022F4
:105E600001210A2011F024F90449C86520B104A0D9
:105E7000BDE81040F5F7F4BD09A0F9E7F8000020EF
:105E80005375636365737366756C6C7920437265D3
:105E900061746564207851756575650A00000000BD
:105EA0004372656174207851756575652066616916
:105EB0006C65640A000000002DE9F0410B3020F011
:105EC0000706104D19E02068B04215D3B0420AD938
:105ED000871B201DD4F80480DAF724FAA019C0E942
:105EE0000078286004E060682860201DDAF71AFA5C
:105EF000201D2660BDE8F081251D2C68002CE2D114
:105F00000020F7E7AC050020421C12D088B191F8C0
:105F1000312092070BD54B68834208D0896800EA8C
:105F200001020B409A4202D10143491C01D00020DA
:105F300070470120704700002DE9F74F88B00446F4
:105F4000099800251426008DAF1F1438C11700EBE7
:105F50005170C0F3CF00039060680690017801F0A3
:105F60000F01052903D038460BB0BDE8F08F6189D9
:105F7000142907D25BA34FF43F7269A16FA0F5F714
:105F80006FFDF0E7C08801F0E1FFC0F30C0100F401
:105F9000005002910790208914381FFA80F88EE093
:105FA00003984FF6FF7101EAC0004146404500D911
:105FB000084604904FF4207214210E2006F0F6F9E2
:105FC0005FEA000A7ED0BAF80A00142806D245A378
:105FD0004FF4497263A159A0F5F742FD1422DAF893
:105FE00004000699DAF79EF9DAF804000590049F98
:105FF00035E06089811B8DB2B04206D239A340F2F0
:106000002D3260A14DA0F5F72BFDAF4200D23D46E9
:106010001DB3052004F028F85FEA000957D0606836
:106020004B463044CDE9000541222946002006F0C8
:1060300043FB5FEA000B50D0204606F065FF554950
:10604000C9E904145946504606F052FB781B070470
:106050003F0C06D000262468CBE724680026002FDA
:10606000C7D1701986B20998008D1438404502983E
:10607000C0F30C0001DB079909B140F4005001F0B6
:1060800065FF0599C8800498143080B201F05EFF66
:1060900005994880059800214181099851460A9A3E
:1060A00043699847504606F097FD0499A8EB010014
:1060B0001FFA80F8DDE90201084480B20290B8F1CD
:1060C000000F00E006E07FF46BAF00204CE7504685
:1060D00006F082FD4FF0FF3046E7484600F0BEFB79
:1060E000F5E700002E2E2F4D6964646C65776172B0
:1060F00065732F54686972645F50617274792F4CB4
:106100007749502F7372632F636F72652F697076B2
:10611000342F6970345F667261672E63000000007F
:106120006970345F6672616728293A20706275660B
:1061300020746F6F2073686F727400004173736511
:106140007274696F6E2022257322206661696C6506
:1061500064206174206C696E6520256420696E205E
:1061600025730A0074686973206E65656473206125
:10617000207062756620696E206F6E65207069659B
:1061800063652100702D3E6C656E203E3D20706F72
:1061900066660000356E02082DE9F047456807463F
:1061A0000E4628780421B1EB101F03D0384606F0C4
:1061B00013FD86E000074FEA9068688801F0C6FE8C
:1061C00004463889A04203D92146384606F002FE2B
:1061D00079894145EAD33889A042E7D3B8F1140F51
:1061E000E4D32969DFF83C91C1F303100E28C9F804
:1061F0001410EA68C9F8102005D0304600F096F86F
:1062000050B1344616E096F83100C00702D07068ED
:106210000028F6D1002412E099F8140000247F2809
:106220000DD04148046808E0B44205D0204600F093
:106230007DF808B11CB10BE02468002CF4D1687A19
:10624000112805D105EB08004088B0F5884F36D0FD
:10625000D9F810205AB131461046FFF755FE0028F4
:10626000A4D199F81000C0F303100E289ED0002C82
:106270009CD0E88830F0C00005D0384600F038F9EE
:1062800007001ED07D68C9F80850C9E90046297882
:1062900038460907890EA9F80C10414606F082FE1F
:1062A000687A01281AD0062813D011280CD04D4640
:1062B0002146D9F81400FFF727FEA0B120E03446AC
:1062C000D5E70020BDE8F087314638460FF000FEE4
:1062D00019E03146384609F0CBFF14E03146384624
:1062E000FFF7AEFB0FE0287DC0F303100E2807D0A8
:1062F0004146384606F056FD02213846FFF79CFB22
:10630000384606F069FC0021C9F80010C9F80410ED
:10631000C9F80810A9F80C10C9F81010C9F8141021
:10632000CFE70000E46900206C02002010B590F86F
:106330003110C9070CD0416851B1064A52698A42EE
:1063400004D001461046FFF7DFFD08B1012010BD63
:10635000002010BDE4690020FEB5DDE90954089E67
:106360001AB109B10F6807B9211D0096CDE9015492
:1063700000F002F8FEBD00002DE9F84F0546DDE90A
:106380000BA8807BDDF828B01F46164689460128F9
:1063900006D02FA34FF455723AA13DA0F5F760FB4C
:1063A0006FF00104002E35D01421284605F09BFF24
:1063B000002832D168896C68142806D224A34FF4CF
:1063C00062723DA132A0F5F74BFB277284F809A059
:1063D000306820614520207084F801B0288901F0E0
:1063E000B5FD414F60804FF0000AA4F806A0388840
:1063F00001F0ACFDA0803888401C3880B9F1000F56
:1064000005D0D9F80000E060A4F80AA00CE03748F5
:106410000068F8E76889142802D22046BDE8F88FA2
:1064200068686E4600690090B8F8280040B1298974
:10643000814205D9324641462846FFF77DFDEDE70A
:10644000D8F814304046324629469847E6E700001F
:106450002E2E2F4D6964646C6577617265732F54BD
:10646000686972645F50617274792F4C7749502F5C
:106470007372632F636F72652F697076342F697042
:10648000342E6300702D3E726566203D3D20310044
:10649000417373657274696F6E20222573222066C2
:1064A00061696C6564206174206C696E6520256487
:1064B00020696E2025730A00636865636B20746829
:1064C00061742066697273742070627566206361FE
:1064D0006E20686F6C6420737472756374206970C9
:1064E0005F68647200000000E6020020587E030826
:1064F0002DE9F05F45688346287800F00F000528F5
:106500007DD1E88801F022FDC004070C688801F005
:106510001DFD29780907890E814270D8401A1FFA9B
:1065200080F8584606F085F96A4C064620883044C3
:106530000A2809D93146284600F026FC00285ED0FA
:10654000208830440A28E8D8A14664684FF0000A41
:106550000CE06069E968884207D1A069296988422E
:1065600003D1A089A988884203D02468002CF0D1E7
:1065700006E02CB1E88801F0E9FCC0041BD025E05E
:10658000042003F071FD04000AD13146284600F0D2
:10659000FBFBB04233DB042003F066FD0400CED0E9
:1065A0002021D9F7E7FE0F20E077D9F80410216009
:1065B000C9F8044004E0E08901F0C8FCC00405D03B
:1065C0001422294604F10800D9F7ACFEA87940F35B
:1065D00040156D1C08D007EB080080B2B84263D3A9
:1065E0004FF6EB7188425FD82A465946204600F0A4
:1065F0007DF9411C58D0B9F80020324400E064E035
:10660000A9F8002035B107EB0801A183A17F41F073
:106610000101A177012845D1A08B1422143087B243
:10662000606804F10801456828462E68D9F77AFEAB
:10663000384601F08BFC6880A5F806A0A5F80AA0F2
:10664000656809E014213046776806F0ABFC3146F6
:10665000284606F04DF83E68002EF3D1D9F8041014
:106660004E468C4205D1002105E00868A04202D0C8
:1066700001460029F9D1204600F05CFA284606F0D0
:10668000D8F804463088A04206D213A340F29B22D9
:1066900020A127A0F5F7E4F93088001B30802846B8
:1066A000BDE8F09F0020FBE7606870B9D9F80400EE
:1066B000844206D008A340F2AB2227A11CA0F5F724
:1066C000CFF90021204600F035FA584606F084FA4A
:1066D000E8E70000E80200202E2E2F4D6964646C6C
:1066E0006577617265732F54686972645F50617277
:1066F00074792F4C7749502F7372632F636F7265D3
:106700002F697076342F6970345F667261672E630B
:106710000000000069705F72656173735F7062757D
:1067200066636F756E74203E3D20636C656E00007D
:10673000417373657274696F6E202225732220661F
:1067400061696C6564206174206C696E65202564E4
:1067500020696E2025730A006E6F7420666972735B
:1067600074616C74686F756768206A7573742065EE
:106770006E7175657565640070B50146144813E067
:1067800090F83120D3070FD053070DD543685BB184
:1067900084680D68234005EA04069E4216D09207DD
:1067A00002D4C268954211D000680028E8D1094897
:1067B000006850B190F83120D30706D0520704D5B5
:1067C000426812B109787F2900D1002070BD000015
:1067D0006C020020700200201022014900F002B873
:1067E0001C6B00202DE9FC430023006889466C46A1
:1067F0001E464FF00A0C01AD0090002094F8008076
:10680000B8FBFCF70CFB1787B8FBFCF884F800809A
:1068100030372F54401CC0B2B8F1000FEED106E063
:106820001F465B1C974209DA2F5C01F8017B401E72
:10683000C0B2F5D218465B1C904202DB0020BDE8D6
:10684000FC832E20761CF6B2641C01F8010B042E8A
:10685000D3D3002001F8010C4846F0E710B504003E
:1068600006D106A34FF4317213A116A0F5F7F8F87C
:106870002146BDE81040052003F0A2BB2E2E2F4D6F
:106880006964646C6577617265732F5468697264BA
:106890005F50617274792F4C7749502F7372632F58
:1068A000636F72652F697076342F6970345F66721A
:1068B00061672E63000000007020213D204E554C82
:1068C0004C000000417373657274696F6E2022255D
:1068D0007322206661696C6564206174206C696E46
:1068E0006520256420696E2025730A002DE9F05F7C
:1068F0004C68064693460F4600254FF00108608815
:1069000001F024FB21784FF0FF3A0907890E8142FC
:1069100031D8A0EB0109E08801F018FBC0047C68C5
:10692000010C0020206001EB090083B2A180E3800C
:106930008B4220D3726829E05068B0F804C06145EA
:1069400015D222606DB1B5F806C0614513D38088B9
:10695000834210D82F60A088844506D04FF00008ED
:1069600003E08088834206D877608AB12EE002D0A7
:10697000C288914202D25046BDE8F09F25B1EA8814
:10698000624501D04FF0000802680546002AD3D1C5
:1069900095B1E888A188884206D92AA34FF4DB7212
:1069A00037A13FA0F5F75CF82F60E888A1888842FE
:1069B0000CD04FF0000809E0706830B121A34FF40B
:1069C000DF7241A136A0F5F74BF87760BBF1000FFD
:1069D00002D1B07FC007CFD0B8F1000F30D07268BD
:1069E000002A2DD050688088002829D121682046AF
:1069F00029B14C68C088A1888842F7D020E0B8F15E
:106A0000000F1DD032B90FA340F2DF123CA124A029
:106A1000F5F726F870684068A04206D109A34FF444
:106A2000F07237A11EA0F5F71BF8206830B105A35E
:106A30004FF4F17236A11AA0F5F712F801209BE786
:106A4000002099E72E2E2F4D6964646C6577617282
:106A500065732F54686972645F50617274792F4C4A
:106A60007749502F7372632F636F72652F69707649
:106A7000342F6970345F667261672E630000000016
:106A8000636865636B20667261676D656E74732001
:106A9000646F6E2774206F7665726C617000000001
:106AA000417373657274696F6E20222573222066AC
:106AB00061696C6564206174206C696E6520256471
:106AC00020696E2025730A006E6F207072657669EA
:106AD0006F757320667261676D656E742C207468C3
:106AE0006973206D75737420626520746865206613
:106AF0006972737420667261676D656E742100003F
:106B000073616E69747920636865636B00000000CF
:106B100076616C69646174655F64617461677261F8
:106B20006D3A6E6578745F70627566213D4E554CA6
:106B30004C00000070B504460C480D464168A14267
:106B400002D1216841600AE0002D06D108A340F27D
:106B5000451216A11CA0F4F783FF20682860214687
:106B6000BDE87040042003F02BBA0000E8020020CA
:106B70002E2E2F4D6964646C6577617265732F5496
:106B8000686972645F50617274792F4C7749502F35
:106B90007372632F636F72652F697076342F69701B
:106BA000345F667261672E630000000073616E6976
:106BB000747920636865636B206C696E6B65642013
:106BC0006C69737400000000417373657274696FBF
:106BD0006E2022257322206661696C6564206174D1
:106BE000206C696E6520256420696E2025730A007B
:106BF0002DE9F047054600240F46A94205D12FA3F1
:106C0000AB223DA13FA0F4F72BFF002F08D038683E
:106C1000A84205D029A3AD2244A13AA0F4F720FF51
:106C20006E684FF480387068818800291AD1006836
:106C30006860142205F108017068D9F773FB01211F
:106C40003046FFF779F8304605F0F3FD044640453D
:106C500005D31AA3BC223AA12AA0F4F701FF3046BB
:106C600005F0BAFF6E6812E07068B14606684846E3
:106C700005F0DFFD0444444505D310A3CC2230A128
:106C800020A0F4F7EDFEA4B2484605F0A5FF002EC3
:106C9000EAD139462846FFF74DFF314D2888A042FA
:106CA00005D206A3D2222FA116A0F4F7D9FE288878
:106CB000001B28802046BDE8F08700002E2E2F4DB7
:106CC0006964646C6577617265732F546869726476
:106CD0005F50617274792F4C7749502F7372632F14
:106CE000636F72652F697076342F6970345F6672D6
:106CF00061672E63000000007072657620213D20E0
:106D000069707200417373657274696F6E20222519
:106D10007322206661696C6564206174206C696E01
:106D20006520256420696E2025730A0070726576DF
:106D30002D3E6E657874203D3D2069707200000024
:106D400070627566735F6672656564202B20636C84
:106D5000656E203C3D203078666666660000000067
:106D6000E802002069705F72656173735F7062751D
:106D700066636F756E74203E3D2070627566735F4A
:106D800066726565640000002DE9F0471D4F894675
:106D9000064600240022134611461546786822E074
:106DA000D0F814C0D6F80C80C4450BD1D0F818C068
:106DB000D6F81080C44505D1B0F80CC0B6F80480F0
:106DC000C44509D06D1C2AB190F81FC092F81F80ED
:106DD000C44501D802461946D0F800C0BCF1000FE6
:106DE00000D0034660460028DAD11AB11046FFF7FA
:106DF000FFFE04444C4501DA012DCBDC2046BDE802
:106E0000F0870000E802002070B5094800254468BA
:106E10000BE0E07F20B1401EE0772546246804E0C7
:106E2000204624682946FFF7E3FE002CF1D170BD0F
:106E3000E802002010B5040006D108A340F2CE22DB
:106E400015A118A0F4F70CFE606908B105F0C4FEA6
:106E50002046BDE81040FFF701BD00002E2E2F4D4B
:106E60006964646C6577617265732F5468697264D4
:106E70005F50617274792F4C7749502F7372632F72
:106E8000636F72652F697076342F6970345F667234
:106E900061672E630000000070637220213D204E68
:106EA000554C4C00417373657274696F6E202225D6
:106EB0007322206661696C6564206174206C696E60
:106EC0006520256420696E2025730A0070B50A4983
:106ED0000646002408884D8821464543204600F098
:106EE000E1FA00F013FC4FF0D84002E0A0F8806017
:106EF000641CAC42FAD370BDB81E00202DE9F0032B
:106F000018492C260A4688712B2392882A244FF48C
:106F1000F0754FF448794FF0F0084FF4A07741F640
:106F2000631C98B10F80A1F80280624503D0A2F5DE
:106F30001840063805D10E814C818B81A1F8009054
:106F40004D80BDE8F003002000F04ABAA1F80080AF
:106F50004F806245F5D10E814B818C810D80A1F867
:106F60000290EEE7B81E00202DE9FF4F8046002575
:106F70001446032082B00F46A0EB440651E0381BB4
:106F800081B208EB050A01901FFA8AF0059A00F019
:106F90009BF8781B009081B208EB04091FFA89F076
:106FA000059A00F091F807EB050B1FFA8BF11FFA19
:106FB00089F0059A00F088F807EB04091FFA89F1B7
:106FC0001FFA8AF0059A00F07FF8A8EB050A1FFA6D
:106FD00089F11FFA8AF0059A00F076F8A8EB040907
:106FE0001FFA8BF11FFA89F0059A00F06DF80198ED
:106FF000059A81B21FFA8AF000F066F80098059AA7
:1070000081B21FFA89F000F05FF86D1C002E03DAE0
:1070100006EB8506B61D04E0281B06EB8006641E01
:107020000A36A542ABDD06B0BDE8F08F2DE9FE4F74
:10703000161ACDE900104FF000085D1A47464FF0D0
:10704000FF30002E02DD4FF0010102E003D14FF0CE
:1070500000018B4602E08346C6F10006002D02DDEA
:107060004FF0010002E003D14FF00000824602E041
:107070008246C5F10005AE4201DD344600E02C46F3
:10708000601C4FF00009029019E000980C9A81B240
:10709000019880B200F018F8B0442F44A04504DDF8
:1070A0000198A8EB040858440190A74203DD00981A
:1070B0003F1B5044009009F101001FFA80F902992A
:1070C0008945E2DDBDE8FE8F10B5144600F0EAF90F
:1070D00000F01CFB4FF0D840A0F8804010BD10B568
:1070E000E22000F007FB1D2000F0F8FA022000F07B
:1070F000F5FA042000F0F2FA6420F7F727FDE0200B
:1071000000F0F8FA012000F0E9FA0A20F7F71EFD76
:10711000E02000F0EFFA032000F0E0FA0C20F7F78F
:1071200015FD012000F0E6FA0A20F7F70FFDE62032
:1071300000F0E0FA2F2000F0D1FAFF2000F0CEFAA4
:10714000FF2000F0CBFAB02000F0D4FA202000F0AD
:10715000C5FA002000F0C2FA032000F0BFFA40F2A6
:107160001F3000F0BBFA012000F0B8FA40F2DF1047
:1071700000F0B4FA002000F0B1FAB42000F0BAFA3E
:10718000042000F0ABFA40F21F4000F0A7FA002004
:1071900000F0A4FA2E2000F0A1FA002000F09EFAE0
:1071A000002000F09BFA002000F098FA002000F088
:1071B00095FAB62000F09EFA022000F08FFA4FF404
:1071C000037000F08BFA002000F088FA172000F01E
:1071D00085FA152000F082FA002000F07FFA0020E6
:1071E00000F07CFAF02000F085FA032000F076FA37
:1071F000292000F07FFAD02000F07CFA002000F077
:107200006DFABE2000F076FA052000F067FAFE2045
:1072100000F064FA012000F061FA002000F05EFA4C
:10722000002000F05BFA002000F058FAB82000F0CF
:1072300061FA032000F052FA012000F04FFABA2060
:1072400000F058FABDE81040012000F047BA0000F5
:107250002DE9F0438146A2EB09020798521C1F4614
:1072600095B20C4686B24FF0D84811E02146484608
:1072700000F018F900F04AFA0020414604E000BF8F
:10728000A1F88060401C80B2A842F9D3641CA4B26B
:10729000BC42EBD9BDE8F08310B5BF2000F02AFA5C
:1072A00000F07EF800F07CF8C0B210BD70B532205E
:1072B000F7F74CFCA12000F01DFA00F071F8364EF3
:1072C000B08000F06DF84FF6FF7404EA0020B08043
:1072D00000F066F8B18841F663150843A0F5AE41A9
:1072E000B080613905D1B580FFF7F9FE642000F068
:1072F000CDF9B0884FF02041A0F5EE42893A05D093
:10730000A0F51342413A01D0A84210D1D1F81C0196
:1073100020F00F00C1F81C01D1F81C0140F003005F
:10732000C1F81C01D1F81C0140F4407025E0A0F523
:10733000A642103A0BD0A0F5EE42963A07D0A0F53F
:10734000AA42103A03D0A0F51842063A17D1D1F854
:107350001C0120F00F00C1F81C01D1F81C0140F005
:107360000200C1F81C01D1F81C0120F47060C1F8C2
:107370001C01D1F81C0140F40070C1F81C0101206F
:10738000FFF7BCFD0122D1030448EEF782FF20463F
:10739000BDE87040FFF79ABDB81E0020000402400F
:1073A00008B50220401EFDD24FF0D840B0F8800052
:1073B000ADF80000BDF8000008BD0000074A10B598
:1073C0001388834202D952888A4201D8002010BD16
:1073D00000F068F8BDE81040FFF7E2BFB81E0020DB
:1073E00030B5204B002419469A79898841F66315F7
:1073F000012A01D01AB10CE0A94202D109E0A94248
:1074000007D1082805D2DFE800F0161812140C196D
:10741000100E082812D2DFE800F0110406080A0C4A
:107420000E1080240AE0402408E0C02406E0202456
:1074300004E0602402E0A02400E0E024362021469D
:1074400000F06EF99888A84207D0A00618885988DD
:1074500004D5884201D21980588030BD8842FAD8BC
:1074600030BD0000B81E002010B50446D12000F049
:1074700041F9FFF795FF400605D4D02000F03AF916
:10748000682000F02BF9BE2000F034F9062000F04F
:1074900025F9204600F022F9BDE81040012000F057
:1074A0001DB9000030B5234A04460D469088A0F56A
:1074B000C85163393DD110469179408941B300F0FC
:1074C00019F9200A00F00AF9E0B200F007F9108873
:1074D000401EC0F30F2000F001F91078401EC0B22A
:1074E00000F0FCF8908900F005F9280A00F0F6F8A1
:1074F000E8B200F0F3F85088401EC0F30F2000F00F
:10750000EDF89078BDE83040401EC0B200F0E6B81B
:107510001188091B491E8CB200F0ECF8002000F025
:10752000DDF8002000F0DAF8200A00F0D7F8E0B229
:10753000D6E730BDB81E00202DE9FF4F81B01E46B2
:107540000C468A46580700D0012000EBD60071088F
:1075500010FB01F0C5B2203AD7B22946022002F052
:10756000D3FE009030480C2E09D0102E0BD0182ED0
:1075700017D0202E54D10068D0F8390006E00068FA
:10758000D0F8210002E00068D0F8290017FB0501BF
:107590002A46009804F0A0FB4FF00008DFF88CB0FA
:1075A00035E00068D0F83100F0E700984FF00009AE
:1075B00010F80870380601D50F9A03E00E9828B924
:1075C0001B48026821460198FFF77EFD7806070EEA
:1075D000641CBBF80200A4B2A04221D9A4EB0A00AB
:1075E000B04209D101985446401C80B20190BBF8CA
:1075F0000010814214D906E009F1010000F0FF09F2
:10760000B9F1080FD6D308F1010000F0FF08A84532
:10761000CBD3009905B00220BDE8F04F02F046BE82
:1076200005B0BDE8F08F0000A4000020B81E0020C7
:10763000280000202DE9FC5F044600F0FF09101926
:107640000D46DDE90CB61FFA80F8581987B24FF0E5
:10765000000A13E0444503D305EB0B004C4685B20A
:10766000BD4210D20E985B46CDE900A029462046C7
:10767000FFF762FF04EB5B0084B2761C3278A2F164
:1076800020005E28E6D9BDE8FC9F000010B5024648
:10769000BE2000F02FF8052000F020F81046D9F7A2
:1076A00028FA9FED0C1B53EC112BD9F730F9D9F7C1
:1076B0002DFA80B200F012F8012000F00FF8FF2040
:1076C00000F00CF8002000F009F8BDE810400020A0
:1076D00000F004B8666666666666044001B5BDF8EB
:1076E0000000ADF80000BDF800004FF0D841A1F84F
:1076F000800008BD01B5BDF80000ADF80000BDF880
:1077000000004FF0D841A1F87E0008BD03484FF0BB
:10771000D8410089A1F87E0070470000B81E002003
:107720004FF0D84222F87E0F5180704770B5064660
:107730000D4601F11A0000F042F8044630780328A3
:1077400005D105F1140000F03AF844EA004420465F
:1077500070BDC178827842EA01214278007842EA1D
:10776000012140EA0120704710B5C17983790A0EE2
:1077700043EA0121120242EA11624379120243EA0A
:10778000012142EA11620379120243EA012142EA2D
:107790001162C378120243EA0121837842EA11623E
:1077A00043EA0121130243EA11630A024178007897
:1077B0000A43190241EA126140EA022010BD4178F1
:1077C000007840EA0120704710B504460868206040
:1077D000086AA06091F82400E071486A002220F055
:1077E000FF00C4E90402896A2046E164F9F7CEF992
:1077F000002804D12046BDE8104000F001B810BDBB
:107800002DE9F04104460068A16B056902F07EFC99
:10781000002855D1E16B0878852850D120222846D0
:1078200002F057F868784601A6F140002036B0F51E
:10783000007F44D800212046F8F78FFF00283FD171
:10784000A16B206802F062FC002839D1E16B087856
:10785000C02834D1202205F1200002F03AF895F832
:1078600023000F212C30B0FBF1F0B6EB401F26D3E4
:1078700040274FF4187800212046F8F76EFF0028C3
:107880001ED1A16B206802F041FC002818D1E16BE9
:107890000878C12813D1474503D2E819202202F005
:1078A00018F82037B742E6D347450BD8284610F0E2
:1078B00085F90446A81CFFF782FF844202D002200B
:1078C000BDE8F0810020FBE710B528B14069FBF767
:1078D00099FE08B1012010BD002010BD70B5384DD3
:1078E000044688B0354828600120002668602E8252
:1078F0008DF8006080218DF80110E1218DF80210D3
:107900008DF804608DF803608DF805606946C5E95F
:107910000510C005C5E907602846EEF76BF828B9E1
:1079200094F8310040F0040084F831000423254A23
:1079300025492348EDF7A0FF234A04238032A2F50E
:1079400080711F48EDF75EFF062084F830006869FB
:107950000121007884F82A006869407884F82B00B7
:107960006869807884F82C006869C07884F82D00F4
:107970006869007984F82E006869407984F82F00DE
:1079800040F2DC50208594F8310040F00A0084F881
:10799000310007A8079604F013FC0C491422086074
:1079A0000B4902A8D8F7BEFC214602A804F082FCCD
:1079B0000348EEF7D3F908B070BD00000080024024
:1079C000AC640020DC4C00208C34002098010020A6
:1079D000047D03082DE9F84F0020044600902C4850
:1079E000EDF787FF10B10020BDE8F88F2848818FA0
:1079F000D0F840900904090C2FD04FF4C172002038
:107A000004F0D4FC009040B32148009D40F2F45BA8
:107A1000D0F830806E89002710E000BFA4F2F45245
:107A20005242D8F77FFCD8F80C008046D0F8089076
:107A30003F1BAAF2F456002407F2F457686806EBDD
:107A4000040ADA4509EB04013844E7D83246D8F78E
:107A500069FC2D683444002DDCD10D480022016BF7
:107A600005E00B6843F000430B60C968521C836B50
:107A70009342F6D800218163006800F58050426986
:107A8000120602D58022426181600098ACE70000B6
:107A9000AC6400202DE9F05F27480D46C66A00203F
:107AA00083460446D6F808A031E0306800280CDB95
:107AB0006F894FF0000818E0A4F2F4525242D8F750
:107AC00031FCF6683068002802DA6FF0070025E024
:107AD000D6F808A0A8EB040000F2F458ABEB0400C1
:107AE000A9F2F45700F2F45B002407EB040940F21A
:107AF000F451894569680AEB04004144DCD83A46F0
:107B0000D8F710FC0BEB07002D683C448346002D92
:107B1000CBD101460848EEF7A5F9002006490968CF
:107B200001F580514A69920603D520224A6100225C
:107B30004A60BDE8F09F0000AC64002010B50A2147
:107B40000520F6F7A7F92821B0FBF1F0642800D949
:107B50006420C0F16400C0B210BD00000C4800B544
:107B6000026887B0002142F020020260006800F045
:107B700020000590802000900320CDE90101694696
:107B80000448EEF783FAF6F79BF907B000BD000052
:107B900030380240001402402DE9F04F87B04FF01A
:107BA000000815468A46ADF81080FCF775FD040004
:107BB0004FF0FF3916D005A9206802F079FC434E3A
:107BC000A0B1216801220978B2EB111F01D05F201A
:107BD00007E010F10F0F01D1162002E0F9F744FA87
:107BE00000B13060484607B0BDE8F08F059830B965
:107BF00037A340F28B2243A146A0F3F731FF0121C6
:107C00000598F6F7C9F90446401C1BD0042C06D38E
:107C10002FA34FF4257249A13EA0F3F721FF4D4851
:107C200000EB041B07F068F905990A8B8C61D243BD
:107C300017B207F089F90598406A98B1464807F0ED
:107C4000E7F90AE0059802F011FE1720C9E7059848
:107C500000221146436A7F1E9847002FF7DC3E48FA
:107C600007F0E9F9BAF1000F2DD065B3002304AA9B
:107C700006A9059802F01CFF070008D0059802F03D
:107C8000F5FD01215846FCF777F83846A6E71020A5
:107C90008DF8000002208DF80100BDF8100000F002
:107CA00055F9ADF802000698CDE90108CDF80C8031
:107CB0009DF800002968814200D928606946504635
:107CC0002A68D8F72FFB20468DE70000F00200203D
:107CD0002E2E2F4D6964646C6577617265732F5425
:107CE000686972645F50617274792F4C7749502FC4
:107CF0007372632F6170692F736F636B6574732E7A
:107D0000630000006E6577636F6E6E20213D204E2C
:107D1000554C4C00417373657274696F6E20222557
:107D20007322206661696C6564206174206C696EE1
:107D30006520256420696E2025730A00696E7661CE
:107D40006C696420736F636B657420696E64657819
:107D500000000000A469002054020020F8B5164677
:107D60000C46FCF799FC05004FF0FF3724D0304655
:107D7000124E102804D16078022801D1A0070BD040
:107D80000FA340F2E2221BA121A0F3F769FE6FF0DE
:107D90000F000DE030600FE060680090608800F038
:107DA000D5F802466946286802F0ACFC002804D0E9
:107DB000F9F75AF90028EDD13846F8BDF002002055
:107DC0002E2E2F4D6964646C6577617265732F5434
:107DD000686972645F50617274792F4C7749502FD3
:107DE0007372632F6170692F736F636B6574732E89
:107DF000630000006C7769705F62696E643A2069A5
:107E00006E76616C696420616464726573730000EE
:107E1000417373657274696F6E2022257322206628
:107E200061696C6564206174206C696E65202564ED
:107E300020696E2025730A0070B50025FCF72CFC24
:107E400004004FF0FF361CD0206840B100780121BB
:107E5000B1EB101F01D101250AE0002508E06068A0
:107E600030B10CA34FF4457217A11DA0F3F7F8FD34
:107E7000206802F0B3FF30B1F9F7F6F808B12249F3
:107E80000860304670BD29462046FBF775FF00208C
:107E900070BD00002E2E2F4D6964646C6577617291
:107EA00065732F54686972645F50617274792F4CE6
:107EB0007749502F7372632F6170692F736F636BF3
:107EC0006574732E63000000736F636B2D3E6C61ED
:107ED000737464617461203D3D204E554C4C00002C
:107EE000417373657274696F6E2022257322206658
:107EF00061696C6564206174206C696E652025641D
:107F000020696E2025730A00F002002010B5044697
:107F10004068804707F092F8094A216852688B1838
:107F20001A1AB2F1004F03D308442246054902E071
:107F3000044922461846BDE8104007F01FB900006A
:107F4000BC0200200D7F020800BA704740BA70479B
:107F500010B507F021F801F0A9FD02F07FF803F059
:107F600069FC0DF0A9FF08F077F9BDE8104007F0B3
:107F700081B9000070B50C46FCF78EFB05004FF090
:107F8000FF3619D0002C11DDFF2C00DBFF24E1B2FD
:107F9000286802F013FE00280FD029680122074C40
:107FA0000978B2EB111F03D05F2004E00024EEE754
:107FB000F9F75AF800B12060304670BDF002002099
:107FC00010B5026804466FF00501506830B11278B0
:107FD00002F0F002102A09D0202A02D008462071AF
:107FE00010BDA289A1680DF04DFEF8E7A289A16835
:107FF00007F02AFBF3E7000070B5016804466FF054
:108000000A024B684878002B4DD00B780125B5EB60
:10801000131F48D1237A032B01D0022843D0032811
:1080200041D001283CD0D80702D0084602F02DFCF0
:108030002068006A30B11DA340F2BD7228A12FA0B4
:10804000F3F70EFD216804204870206800210462C7
:10805000206800F06DF8002824D0206840780428BB
:1080600006D012A340F2C2722EA124A0F3F7F8FCAE
:108070002E4806F0E0FF206800210C3006F048FF93
:108080002A4806F0C5FF2068407800280AD0BDE8DD
:10809000704006A340F2C67222A118A0F3F7E0BC1C
:1080A000FB20207170BD227170BD00002E2E2F4D5F
:1080B0006964646C6577617265732F546869726472
:1080C0005F50617274792F4C7749502F7372632F10
:1080D0006170692F6170695F6D73672E63000000C6
:1080E000616C72656164792077726974696E67206A
:1080F0006F7220636C6F73696E6700004173736504
:108100007274696F6E2022257322206661696C6526
:1081100064206174206C696E6520256420696E207E
:1081200025730A00737461746521000054020020F5
:108130002DE9F0478A46040006D169A340F2A23235
:1081400074A178A0F3F78CFC20780121B1EB101F0B
:1081500006D063A340F2A3327CA172A0F3F780FCA7
:108160006078042806D05EA34FF469727FA16DA0E9
:10817000F3F776FC606830B959A340F2A53284A1C8
:1081800068A0F3F76DFC206A30B955A340F2A6321F
:1081900084A164A0F3F764FC206AD4F80480007A18
:1081A00000F0010900F0020703280FD0B9F1000F19
:1081B00007D098F81400052808D0062806D008280B
:1081C00004D04FB198F81A00C00605D50126002149
:1081D000404607F035FA00E0002698F81400012820
:1081E0001DD0B9F1000F07D0002140460AF082FEF1
:1081F0000021404607F03FF91FB1002140460BF037
:10820000B9FB96B100221146404609F0A7FE0021B5
:10821000404607F095FE404607F0BCFA0AE0002110
:10822000404607F028F9002EF5D13A464946404627
:108230000BF0F2FB05000ED0681C0CD1206A407ACE
:1082400020B198F8140001282FD035E01EB1404627
:1082500007F00EF90025206A0168057100202062F0
:1082600001F10C086070BDB936B16060636A1BB182
:108270000022042120469847B9F1000F05D0636A17
:108280001BB100221146204698472FB1636A1BB1EB
:108290000022022120469847BAF1000F02D0404642
:1082A00006F0E9FE0020BDE8F0870DA340F2414250
:1082B00043A11CA0F3F7D4FB1FB14A4940460BF081
:1082C00059FB01224849404609F048FE47494046CB
:1082D00007F036FE2146404607F0B2F92846E2E7AD
:1082E0002E2E2F4D6964646C6577617265732F540F
:1082F000686972645F50617274792F4C7749502FAE
:108300007372632F6170692F6170695F6D73672E7F
:1083100063000000696E76616C696420636F6E6E45
:1083200000000000417373657274696F6E2022252E
:108330007322206661696C6564206174206C696ECB
:108340006520256420696E2025730A0074686973AE
:1083500020697320666F7220746370206E65746389
:108360006F6E6E73206F6E6C79000000636F6E6EBF
:10837000206D75737420626520696E20737461745A
:1083800065204E4554434F4E4E5F434C4F5345007E
:1083900070636220616C726561647920636C6F73D5
:1083A00065640000636F6E6E2D3E63757272656E5C
:1083B000745F6D736720213D204E554C4C000000CA
:1083C000436C6F73696E672061206C697374656EAE
:1083D00020706362206D6179206E6F742066616920
:1083E0006C210000DDE90208C1D30208A10E0208D9
:1083F00070B5044600684578002D16D0007801213C
:10840000B1EB101F06D03AA340F25E4245A14AA04C
:10841000F3F726FB022D08D0032D03D12068007F3F
:10842000400702D4FB20207121E00025257120683F
:1084300002F02BFA2068416869B1027802F0F0027C
:10844000102A1AD0202A04D1CD61206840680DF08E
:1084500027FF206845602068436A43B10022114627
:1084600098472068436A13B1002202219847206888
:10847000BDE870400C3006F001BE006A30B11CA3AC
:1084800040F2944236A12CA0F3F7EAFA21680420C6
:108490004870032020722068002104622068FFF7E2
:1084A00047FE002822D020684078042806D010A378
:1084B00040F29A4231A120A0F3F7D2FA314806F0F7
:1084C000BAFD206800210C3006F022FD2D4806F090
:1084D0009FFD20684078002808D0BDE8704004A3C4
:1084E00040F29E4225A114A0F3F7BABA70BD000075
:1084F0002E2E2F4D6964646C6577617265732F54FD
:10850000686972645F50617274792F4C7749502F9B
:108510007372632F6170692F6170695F6D73672E6D
:10852000630000006E6574636F6E6E207374617417
:1085300065206572726F7200417373657274696F42
:108540006E2022257322206661696C656420617447
:10855000206C696E6520256420696E2025730A00F1
:10856000616C72656164792077726974696E6720E5
:108570006F7220636C6F73696E670000737461744F
:108580006521000054020020016849686FF00A026A
:1085900000292FD0037C0BB1096800E0496883688B
:1085A00019600021017101680B7803F0F003102BB2
:1085B00012D0202B06D010A340F27D721BA121A067
:1085C000F3F74EBA037C49680BB1498A0FE00B7C84
:1085D0005B070FD5898A0AE0037C13B14968C98A11
:1085E00005E04B68197D29B1012903D0198BC068BA
:1085F00001807047027170472E2E2F4D6964646CA4
:108600006577617265732F54686972645F50617237
:1086100074792F4C7749502F7372632F6170692FD3
:108620006170695F6D73672E63000000696E76612B
:108630006C6964206E6574636F6E6E5F74797065CB
:1086400000000000417373657274696F6E2022250B
:108650007322206661696C6564206174206C696EA8
:108660006520256420696E2025730A00F8B501682D
:1086700004466FF00A02486848B10B780125B5EB53
:10868000131F4DD14978002621B1022942D08DF81F
:10869000002041E0017D21B15FF0FA008DF800007B
:1086A0003AE0FF216A4608F03DFB050034D020681F
:1086B000103006F0A8FC38B12068103006F078FCC5
:1086C0002068103006F092FC8DF8006020681430AD
:1086D00006F099FC30B920680621143006F072FCCF
:1086E0008DF800009DF8000028B1284607F052F8E8
:1086F0002068466010E02168022048702168284602
:108700004D60216806F09CFF20680649406806F02D
:10871000B2FE01E08DF800609DF800002071F8BD08
:10872000F020BBE7E1DC0108002101710168496824
:10873000002901D104F09EBC70472DE9F0410446A8
:108740000020207120684168002915D0007801219F
:10875000B1EB101F10D1A5680F044FF6FF78BD4292
:1087600001D3404600E0284686B220683146406882
:108770000AF06AFCAD1BF2D1BDE8F08170B5054688
:10878000006802F0D0F850B92A686FF00A0150680A
:1087900020B1127802F0F002202A02D00846287197
:1087A00070BDAC68A16831B1A38904F108022168E9
:1087B0000DF02CFEF3E721680DF0CAFDEFE7000095
:1087C00010B50446006802F0AEF8002850D12068C9
:1087D00001210278B1EB121F48D142780AB1881FFB
:1087E00046E04268002A3ED041702068006A30B1FD
:1087F00020A340F223722CA132A0F3F731F9606973
:1088000030B91CA340F2247238A12EA0F3F728F946
:10881000206800210462206800F078F8002828D041
:1088200020684078012806D012A34FF4E56234A1F5
:1088300024A0F3F715F9344806F0FDFB2068002169
:108840000C3006F065FB304806F0E2FB206840780B
:1088500001280ED1BDE8104006A340F22C7228A1D9
:1088600018A0F3F7FDB86FF00A0001E06FF0050003
:10887000207110BD2E2E2F4D6964646C6577617276
:1088800065732F54686972645F50617274792F4CFC
:108890007749502F7372632F6170692F6170695F20
:1088A0006D73672E63000000616C726561647920EE
:1088B00077726974696E67206F7220636C6F736979
:1088C0006E670000417373657274696F6E202225B4
:1088D0007322206661696C6564206174206C696E26
:1088E0006520256420696E2025730A006D73672D4D
:1088F0003E6D73672E772E6C656E20213D20300013
:108900007374617465210000540200202DE9F34F57
:1089100081B004004FF0000A06D188A340F27362D0
:1089200093A197A0F3F79CF86078012806D083A361
:1089300040F274629CA192A0F3F792F8206A00289A
:1089400006D17EA340F275629FA18DA0F3F788F84F
:10895000606830B979A340F27662A2A188A0F3F7EB
:108960007FF8206A81694069814206D373A340F28F
:108970007762A2A182A0F3F773F8206A80890028A9
:1089800006D16EA340F27962ACA17DA0F3F768F83E
:10899000206A077F207F800701D4780701D5012056
:1089A00000E0002080464FF6FF7B216A4FF48039BB
:1089B0008868096902680A4400924268551A4D4560
:1089C00003D35E4647F0020700E0AEB26068B0F83D
:1089D0006400B0420ED20646B8F1000F08D04EB97E
:1089E000206A806908B100254EE06FF006054BE073
:1089F00047F002078819904206D950A340F2A362BB
:108A000098A15FA0F3F72CF85E4501D14D4506D241
:108A1000A8B2B04208D1206A8089012804D94FF059
:108A2000010947F0020701E04FF000093B463246DA
:108A3000606800990BF088FD050019D1206A8169F2
:108A400031448161206A016931440161206A826890
:108A5000526891420CD18189491E0904090C818117
:108A6000206A05D0816808318160216A0020086190
:108A7000B9F1000F02D0002D97D000E00DB1681CB5
:108A800045D1B8F1000F0FD0206A81694069814259
:108A90000AD2636A1BB10022032120469847207F37
:108AA00040F0100020770FE06068B0F86410B1F576
:108AB000866F03D3B0F86600052805D3636A1BB13F
:108AC000002203212046984715B1681C13D01EE0F0
:108AD000206A81694069814202D0B8F1000F01D05B
:108AE0004FF0010A606808F069FB011D1DD0BAF162
:108AF000000F0CD11EE0606808F060FB011D14D06F
:108B0000B8F1000F16D0206A806980B10025216A73
:108B100008680D7100212162617002990C3009B161
:108B200006F0A9FA0020BDE8FE8F0546EFE76FF0DA
:108B30000605ECE74FF0FF30F5E700002E2E2F4D35
:108B40006964646C6577617265732F5468697264D7
:108B50005F50617274792F4C7749502F7372632F75
:108B60006170692F6170695F6D73672E630000002B
:108B7000636F6E6E20213D204E554C4C000000006E
:108B8000417373657274696F6E20222573222066AB
:108B900061696C6564206174206C696E6520256470
:108BA00020696E2025730A00636F6E6E2D3E73740C
:108BB000617465203D3D204E4554434F4E4E5F57F6
:108BC0005249544500000000636F6E6E2D3E637580
:108BD0007272656E745F6D736720213D204E554C37
:108BE0004C000000636F6E6E2D3E7063622E7463E6
:108BF0007020213D204E554C4C000000636F6E6E7E
:108C00002D3E63757272656E745F6D73672D3E6D78
:108C100073672E772E6F6666736574203C20636FD2
:108C20006E6E2D3E63757272656E745F6D73672D27
:108C30003E6D73672E772E6C656E0000636F6E6EEF
:108C40002D3E63757272656E745F6D73672D3E6D38
:108C500073672E772E766563746F725F636E742010
:108C60003E2030006C7769705F6E6574636F6E6E66
:108C70005F646F5F77726974656D6F72653A2069C2
:108C80006E76616C6964206C656E677468210000A3
:108C900010B510F10F0F13D010F10E0F0DD010F111
:108CA0000D0F08D028B108A37D2214A117A0F2F758
:108CB000D7FE002010BD1F4810BD1E48401C10BD2F
:108CC0001C48801C10BD00002E2E2F4D6964646C62
:108CD0006577617265732F54686972645F50617261
:108CE00074792F4C7749502F7372632F6170692FFD
:108CF0006170695F6D73672E63000000756E686157
:108D00006E646C6564206572726F72004173736586
:108D10007274696F6E2022257322206661696C650A
:108D200064206174206C696E6520256420696E2062
:108D300025730A00447D030870B50C00054605D173
:108D40000DA3852219A11CA0F2F78AFE24488542B2
:108D500001D1F3200AE02248401C854201D1F220D3
:108D600004E01F48801C854203D1F12020700120BF
:108D700070BD002070BD00002E2E2F4D6964646C04
:108D80006577617265732F54686972645F506172B0
:108D900074792F4C7749502F7372632F6170692F4C
:108DA0006170695F6D73672E6300000065727220E9
:108DB000213D204E554C4C00417373657274696FB0
:108DC0006E2022257322206661696C6564206174BF
:108DD000206C696E6520256420696E2025730A0069
:108DE000447D03081CB500240094019400F006F9AA
:108DF0001CBD00002DE9F84F002599468B4607461B
:108E00004FF008086FF0004AB2F1004F00D352460D
:108E1000164637B943A340F29E324FA152A0F2F753
:108E20001FFE386801210078B1EB101F06D03DA36A
:108E300040F29F3256A14CA0F2F712FE5FEA097091
:108E400001D54FF00C08786808B1009021E0424647
:108E50006946386802F0E0F804000ED0002D58DCB6
:108E6000F8F702F908B1534908600F3403D04FF006
:108E7000FF30BDE8F88F0020FBE7009830B929A348
:108E800040F2C5324CA138A0F2F7EAFD00987860B4
:108E900000980489B44200DBB4B22919A94202DA6D
:108EA000AAEB05018CB20BEB05010023224603F06F
:108EB00007FE2544A64206DA1AA340F2DD3241A19C
:108EC00029A0F2F7CDFD361B5FEAC97018D10098D2
:108ED0000089A04206D213A340F2E33243A122A0AC
:108EE000F2F7BEFD00980189091B002904DD214627
:108EF00003F024FF786003E00021796003F06CFE4A
:108F000048F01408002E02DD5FEAC9709BD0002DE6
:108F100006DD5FEAC97003D12946386802F080F99E
:108F20002846A6E72E2E2F4D6964646C6577617222
:108F300065732F54686972645F50617274792F4C45
:108F40007749502F7372632F6170692F736F636B52
:108F50006574732E630000006E6F20736F636B6522
:108F60007420676976656E00417373657274696F0A
:108F70006E2022257322206661696C65642061740D
:108F8000206C696E6520256420696E2025730A00B7
:108F9000746869732073686F756C64206265206300
:108FA0006865636B656420696E7465726E616C6C74
:108FB00079000000F00200207020213D204E554C29
:108FC0004C000000696E76616C696420636F707993
:108FD0006C656E2C206C656E20776F756C642075E7
:108FE0006E646572666C6F7700000000696E766172
:108FF0006C696420636F70796C656E002DE9F04FC9
:109000008DB09B46DDE91664174689468246FBF71C
:1090100043FB05004FF0FF383FD02868012100785E
:10902000B1EB101F1AD15B463A4649462846FFF776
:10903000E1FE074676B16CB1002302AA04A92868B4
:1090400001F036FD00943346BDF8082004A92868D5
:1090500000F0DCF938460DB0BDE8F08F0020ADF827
:1090600008000890079009900BA80396CDE9050128
:10907000CDE90B970CB1206800E00020049002AB12
:1090800003AA5946CDF800A0284600F01FF830B1D9
:10909000F7F7EAFF08B10C4908604046DBE7BDF886
:1090A0000800874201D23A4600E002466FF00041D4
:1090B0008A4203D2874202D2384600E00846002C9A
:1090C000C9D004992160C6E7F00200202DE9FC5FB9
:1090D00006469068994614468A4600280DD1E068F5
:1090E00000280ADD34A340F2494240A14AA0F2F729
:1090F000B7FC6FF00F00BDE8FC9F5FEA0A7001D576
:10910000042200E000227068019080B901A9306853
:1091100001F0D8FF0028EED1019830B926A340F223
:109120005E4247A13CA0F2F79BFC01987060019859
:1091300000273D4600684FF0040BB0F8088016E0A9
:10914000A1680BEBC502A8EB07008A5880B28242E7
:1091500000D890B20090019851F835103B46006855
:10916000009A03F0ADFC00986D1C384487B2E068AB
:10917000A84201DD4745E3D323684BB1606838B1AD
:10918000201D0199009030688A89083100F03EF96D
:109190000020A061216901B160615FEACA7103D159
:1091A0007060019801F0C0F8B9F1000F01D0A9F882
:1091B000008000209FE700002E2E2F4D6964646C14
:1091C0006577617265732F54686972645F5061726C
:1091D00074792F4C7749502F7372632F6170692F08
:1091E000736F636B6574732E630000006C77697036
:1091F0005F7265637666726F6D5F7564705F7261D2
:10920000773A20696E76616C696420617267756D6A
:10921000656E747300000000417373657274696F4A
:109220006E2022257322206661696C65642061745A
:10923000206C696E6520256420696E2025730A0004
:1092400062756620213D204E554C4C002DE9FE43B1
:109250001C46164688460746FBF71EFA4FF0FF35B8
:1092600038B3016801230A780021B3EB121F09D03B
:1092700000910191234632464146384600F020F8DD
:10928000BDE8FE83022202EAD4030291042202A96D
:1092900002EA54025B1C00911343006832464146C7
:1092A00002F072F80446F7F7DFFE08B103490860E0
:1092B0000CB12846E4E70298E2E70000F002002043
:1092C0002DE9FF5FDDE90E491F4690468B46824639
:1092D000FBF7E2F905004FF0FF3653D02868012173
:1092E0000078B1EB101F08D13B4642465946504624
:1092F000FFF7ACFF04B0BDE8F09F244FB8F5803F06
:1093000001D35A2019E01FFA88F854EA090016D050
:10931000B9F1100F05D124B16078022801D1A0075E
:109320000DD01BA340F2526226A12EA0F2F798FBAB
:109330006FF00F00F7F798FE20B3386022E00021AD
:10934000019100912CB1606802906088FEF7FEFDEB
:1093500001E000200291ADF80C00424659466846F3
:1093600001F044F8040004D16946286801F004FFC4
:109370000446684600F0EAFF2046F7F775FE00B1A4
:1093800038600CB13046B5E74046B3E7F002002044
:109390002E2E2F4D6964646C6577617265732F544E
:1093A000686972645F50617274792F4C7749502FED
:1093B0007372632F6170692F736F636B6574732EA3
:1093C000630000006C7769705F73656E64746F3A58
:1093D00020696E76616C6964206164647265737380
:1093E00000000000417373657274696F6E2022255E
:1093F0007322206661696C6564206174206C696EFB
:109400006520256420696E2025730A002DE9FF413F
:109410000A9C1F4690460E004FF0000506D11DA382
:1094200040F2074228A12DA0F2F71AFB37B919A381
:109430004FF4816233A129A0F2F712FB34B915A3CE
:1094400040F2094233A125A0F2F70AFB10208DF863
:10945000000002208DF801004046FEF777FDADF8D0
:109460000200306801900020029003909DF80000F7
:109470002168814202D24FF0010501E000D920604D
:10948000694638462268D6F74DFF04B02846BDE845
:10949000F08100002E2E2F4D6964646C6577617237
:1094A00065732F54686972645F50617274792F4CD0
:1094B0007749502F7372632F6170692F736F636BDD
:1094C0006574732E6300000066726F6D6164647270
:1094D00020213D204E554C4C000000004173736527
:1094E0007274696F6E2022257322206661696C6533
:1094F00064206174206C696E6520256420696E208B
:1095000025730A0066726F6D20213D204E554C4C2C
:109510000000000066726F6D6C656E20213D204E6C
:10952000554C4C0070B5174D4FF0FF3601291BD03C
:10953000022907D0032901D016201FE0D1B2124A18
:10954000402004E0882A0DD020200F4A002101F09D
:1095500089FB04000CD00021F4F71EFD411C09D04A
:10956000A06170BD2120F0E70021074A1020EEE73E
:10957000692003E0204601F079F917202860304681
:1095800070BD0000F0020020651F0208EDF722F90F
:10959000F0F724FEEFF796FCEFF7A6FBEFF734FEAB
:1095A000EFF720FCEFF788FDEFF78CFBEFF708FEF5
:1095B000EFF756FBEFF7F2FDEFF742FEEFF75CFE39
:1095C00065A0F2F74DFA05F0BDFA022000F0B8FDF3
:1095D000012000F0B5FD6AA0F2F742FA6CA0F2F7A4
:1095E0003FFA6F480DF00CFA6EA0F2F739FA142129
:1095F000012000F089FE6A4C1421283C6060D6F7F7
:10960000B9FE4FF420463146022000F0F7FD02205B
:1096100000F026FE0A25B0FBF5F1B0FBF5F205FBE4
:109620001103208067A16068F2F742FA68A06168C0
:10963000F2F716FA6BA0F2F713FA4FF480423146B4
:10964000022000F0F3FD022000F00AFEB0FBF5F16D
:10965000B0FBF5F205FB110320805AA16068F2F718
:1096600027FA5BA06168F2F7FBF94FF48066314698
:10967000022000F049FE31462062D6F77BFE3146DB
:10968000022000F041FE31466062D6F773FE5FA013
:10969000F2F7E6F9022000F0E3FDB0FBF5F1B0FBD4
:1096A000F5F205FB1103208046A16068F2F700FA8D
:1096B00047A06168F2F7D4F90C21012000F024FEE4
:1096C0000021A0600160416081604FF40F76314657
:1096D000012000F019FE3146E060D6F74BFE31461E
:1096E000012000F011FE31462061D6F743FE4121F2
:1096F000012000F009FE41216061D6F73BFE912177
:10970000012000F001FE9121A061D6F733FED9219E
:10971000012000F0F9FDD921E061D6F72BFE47A02A
:10972000F2F79EF9012000F09BFDB0FBF5F1B0FBD4
:10973000F5F205FB1103208022A16068F2F7B8F969
:109740004BA06168F2F78CF94EA0F2F789F9EFF7B8
:1097500015FB02F02FFCFEE76D61696E2E632D2D67
:109760002D2D2D2D2D2D2D2D2D2D2D2D2D2D2D2D29
:109770002D2D2D2D2D2D2D2D2D2D3E0A00000000DF
:10978000496E69742045585352414D0A000000004B
:10979000496E6974205352414D2043434D0A0000E5
:1097A000B8000020417369676E6564204672656584
:1097B00052544F532068656170352052616E676561
:1097C0000A00000025642E253031642525000000A4
:1097D0005352414D4558202020555345443A2025A9
:1097E000730A0000416C6C6F6361746520736F6D68
:1097F0006520737061636520666F72204C57495015
:1098000020696E2045585352414D0A00416C6C6FDF
:10981000636174656420736F6D6520737472756322
:109820007420616E64207661726961626C65732078
:10983000696E2045585352414D0A0000416C6C6FCF
:10984000636174656420736F6D65207374727563F2
:109850007420616E64207661726961626C65732048
:10986000696E205352414D2043434D0A00000000D1
:109870005352414D43434D202020555345443A20F7
:1098800025730A002D2D2D2D2D2D2D2D2D2D2D2D1A
:109890002D2D2D2D2D2D2D2D2D2D2D2D2D2D2D2DF8
:1098A0002D2D2D2D2D2D7C0A0A00000001460020B3
:1098B000842900D0C81C70472DE9104010F8013BE6
:1098C00011F8014B1B1B521E01D0002BF6D018467D
:1098D00010BD002A05D011F8013B00F8013B521ED3
:1098E000F9D170472DE9F041002861D0810704D0FB
:1098F00030A340F273223BA10DE0434DA0F10804D8
:1099000029688C4203D369680C30884207D929A39F
:1099100040F27F223DA144A0F2F7A2F82FE03A489E
:10992000083005F075FB207900282ED02888201AF1
:1099300086B2208804F070FA0746608804F06CFA5A
:1099400021884FF48043002299420DD861889942C2
:109950000AD8B14202D00088B04205D16868874277
:1099600018D07888B04215D012A340F2952238A1C1
:109970002DA0F2F775F82448083005F05CFB05F0DF
:10998000BBFABDE8F04105F0DFBA0AA34FF4237239
:109990003CA1EDE72271E868844200D2EC602046E9
:1099A00003F03EFCBDE8F0411748083005F043BB2A
:1099B000BDE8F0812E2E2F4D6964646C657761726D
:1099C00065732F54686972645F50617274792F4CAB
:1099D0007749502F7372632F636F72652F6D656DBA
:1099E0002E6300006D656D5F667265653A20736178
:1099F0006E69747920636865636B20616C69676E5A
:109A00006D656E7400000000580200206D656D5F8A
:109A1000667265653A20696C6C6567616C206D657E
:109A20006D6F727900000000417373657274696F25
:109A30006E2022257322206661696C656420617442
:109A4000206C696E6520256420696E2025730A00EC
:109A50006D656D5F667265653A20696C6C656761FE
:109A60006C206D656D6F72793A206E6F6E2D6C692A
:109A70006E6B65643A20646F75626C652066726512
:109A8000650000006D656D5F667265653A20696C02
:109A90006C6567616C206D656D6F72793A20646FDB
:109AA00075626C65206672656500000070B5124CC9
:109AB00010484FF4804520600580002141800171ED
:109AC000284604F0A9F901216060017105804580F4
:109AD0002068E06004F1080005F09FFA002808D033
:109AE000BDE8704005A340F21F2210A116A0F1F7B7
:109AF000B7BF70BD00A00268580200202E2E2F4D67
:109B00006964646C6577617265732F546869726407
:109B10005F50617274792F4C7749502F7372632FA5
:109B2000636F72652F6D656D2E6300006661696CF1
:109B3000656420746F20637265617465206D656D66
:109B40005F6D757465780000417373657274696F39
:109B50006E2022257322206661696C656420617421
:109B6000206C696E6520256420696E2025730A00CB
:109B70002DE9F04700280ED0C41C4FF6FC710C40B4
:109B80004FF480490C2C01D20C2401E04C4501D843
:109B9000844202D20020BDE8F087444805F038FA3C
:109BA0004248C4F580470838824681890288891A6C
:109BB0008EB274E0304604F02FF905460079002893
:109BC0006AD12888801B0838A04265D3288804F110
:109BD0001401801B08384FF0010888421DD330194A
:109BE000083087B24F4506D131A340F287323CA1FD
:109BF00040A0F1F735FF384604F00EF9002101715D
:109C00002988018046802F8085F804800088484597
:109C100005D004F001F9478001E085F80480DAF806
:109C20000C005646854203D014E0008804F0F4F896
:109C3000017911B171688842F7D1F060716888428A
:109C400008D0007930B11AA340F2B53233A129A06F
:109C5000F1F706FF154805F0EEF92819716808308C
:109C6000884206D912A340F2B93233A121A0F1F7FC
:109C7000F7FEA8070DD00EA340F2BB323AA11DA0FB
:109C8000F1F7EEFE0AA340F2BD3243A119A0F1F7AD
:109C9000E7FE05F108007EE7DAF80000865BB742D0
:109CA00088D8024805F0C7F974E700006002002078
:109CB0002E2E2F4D6964646C6577617265732F5425
:109CC000686972645F50617274792F4C7749502FC4
:109CD0007372632F636F72652F6D656D2E63000065
:109CE000696E76616C6964206E6578742070747238
:109CF00000000000417373657274696F6E20222545
:109D00007322206661696C6564206174206C696EE1
:109D10006520256420696E2025730A006D656D5FDE
:109D20006D616C6C6F633A20216C667265652D3EC7
:109D300075736564000000006D656D5F6D616C6C2E
:109D40006F633A20616C6C6F6361746564206D654C
:109D50006D6F7279206E6F742061626F766520720C
:109D6000616D5F656E642E006D656D5F6D616C6C1D
:109D70006F633A20616C6C6F6361746564206D651C
:109D80006D6F72792070726F7065726C7920616C82
:109D900069676E65642E00006D656D5F6D616C6C4A
:109DA0006F633A2073616E69747920636865636BD1
:109DB00020616C69676E6D656E7400005FFA81F1F9
:109DC00000F8011B521EFBD17047000002490988B0
:109DD000401A80B270470000580200202DE9F05F61
:109DE0000646CC1C4FF6FC7004404FF4804A0C2C05
:109DF00001D20C2401E054452FD88C422DD3464F7C
:109E00003868864202D37868864206D343A340F27C
:109E1000D1224EA153A0F1F723FE3868864202D327
:109E200079688E4204D305F067F805F08DF819E0E3
:109E3000A6F10805BB46281A87B22888C01B083837
:109E40001FFA80F94C4506D934A34FF439724FA15B
:109E500044A0F1F705FE4C4503D94FF00000BDE8E2
:109E6000F09F01D13046FAE72B4800F1080005F0D9
:109E7000CFF8288803F0D0FF8046007900282AD048
:109E800004F11400484521D83819083084B22888D4
:109E9000504506D121A340F2163244A131A0F1F77A
:109EA000DFFD204603F0B8FFDBF80C20904201D222
:109EB000CBF80C00002101712988018047802C809B
:109EC0000088504502D003F0A7FF448012480830B4
:109ED00005F0B1F8C6E72888504506D10FA340F237
:109EE000F52232A11FA0F1F7BBFD38190830DBF8CD
:109EF0000C10B8F8009084B2414504D1204603F01C
:109F00008BFFCBF80C00204603F086FF0021017187
:109F1000A0F80090D2E70000580200202E2E2F4D0E
:109F20006964646C6577617265732F5468697264E3
:109F30005F50617274792F4C7749502F7372632F81
:109F4000636F72652F6D656D2E6300006D656D5FCB
:109F50007472696D3A206C6567616C206D656D6F18
:109F600072790000417373657274696F6E202225E7
:109F70007322206661696C6564206174206C696E6F
:109F80006520256420696E2025730A006D656D5F6C
:109F90007472696D2063616E206F6E6C79207368D6
:109FA00072696E6B206D656D6F727900696E766196
:109FB0006C6964206E657874207074720000000013
:109FC0000D2806D307A34FF4D57212A118A0F1F7FC
:109FD00047BD002904D0204A52F82000F6F76CBE95
:109FE000704700002E2E2F4D6964646C6577617296
:109FF00065732F54686972645F50617274792F4C75
:10A000007749502F7372632F636F72652F6D656D83
:10A01000702E63006D656D705F667265653A2074C1
:10A02000797065203C204D454D505F4D41580000F2
:10A03000417373657274696F6E20222573222066E6
:10A0400061696C6564206174206C696E65202564AB
:10A0500020696E2025730A00A87D03080020401C9B
:10A0600080B20D28FBD3704710B50D2808D308A384
:10A0700040F2571212A11AA0F1F7F2FC002010BD15
:10A08000214951F82000BDE81040F6F765BE0000F8
:10A090002E2E2F4D6964646C6577617265732F5441
:10A0A000686972645F50617274792F4C7749502FE0
:10A0B0007372632F636F72652F6D656D702E630011
:10A0C0006D656D705F6D616C6C6F633A2074797053
:10A0D00065203C204D454D505F4D4158000000002B
:10A0E000417373657274696F6E2022257322206636
:10A0F00061696C6564206174206C696E65202564FB
:10A1000020696E2025730A00A87D030870B50446F7
:10A11000806B0D460026A8420FD0204604F090FE2A
:10A1200006000AD1607801232A4604F13C01F6F7C3
:10A130009BFD08B1751E0126A563304670BD000069
:10A1400030B504460748084D002150F8240042006D
:10A1500005EB8400406900F0A1F80120291981F87D
:10A16000200030BD3C7C0308000000202DE9F041B8
:10A17000204E0446002530190F4690F8200010B9F3
:10A180003168204688474FF0FF3277B31A4B53F8B7
:10A190002410B7FBF1F0B7FBF1FC01FB1C7101B11E
:10A1A000401C15490C3951F82410491E20D406EBE7
:10A1B0008406776937F811C0BCF1000F05D000257F
:10A1C000854213D1002285B208E06D1CF8E700BF7C
:10A1D000776901EB020C521C27F81C508242F7D31E
:10A1E00053F824004843BDE8F08101E0491EE1D561
:10A1F0001046F8E700000020487C030810B5094A23
:10A20000094C52F8202004EB8000B1FBF2F200214F
:10A2100093B203E0446924F81130491C9142F9D308
:10A2200010BD0000487C03080000002010B50A4B58
:10A230000A4C53F8203004EB8000B2FBF3F2B1FB80
:10A24000F3F193B20A4403E0446924F81130491C45
:10A250008A42F9D810BD0000487C030800000020A5
:10A2600010B50C4B0C4C002253F82030114604EB77
:10A27000800005E0446934F8114004B1521C491CC7
:10A280008B42F7D84FF47A704243B2FBF3F080B2BE
:10A2900010BD00003C7C03080000002002E000BF6D
:10A2A00000F8011B521EFBD270470000F0B40029D9
:10A2B00023D0134B03EB80029468091B1C1894F8FD
:10A2C000204084B10F4B53F820308B4215D90D4BF1
:10A2D0000C3B53F82000B1FBF0F1506930F811301D
:10A2E0000020044607E01968F0BC084755690E18BD
:10A2F000401C25F816409842F8DBF0BC704700007F
:10A3000000000020547C030810B50446FFF72EFF20
:10A31000411C05D0034901EB84018968084410BD44
:10A32000002010BD0000002010B504000CD02068F3
:10A3300020B102F051FC0020606020602146BDE8A1
:10A3400010400620FFF73CBE10BD000010B5040011
:10A3500007D0206808B102F03FFC00206060206058
:10A3600010BDBDE8104003A381220FA115A0F1F795
:10A3700077BB00002E2E2F4D6964646C6577617287
:10A3800065732F54686972645F50617274792F4CE1
:10A390007749502F7372632F6170692F6E657462F5
:10A3A00075662E63000000006E65746275665F66F8
:10A3B0007265653A20696E76616C696420627566C3
:10A3C00000000000417373657274696F6E2022256E
:10A3D0007322206661696C6564206174206C696E0B
:10A3E0006520256420696E2025730A0070B5154626
:10A3F0000E46040014D0206808B102F0EDFB4122A3
:10A400000021362001F0D2FF2060002811D04660E4
:10A41000206805812068458120686060002070BD4B
:10A4200006A3992212A118A0F1F71AFB6FF00F00F2
:10A4300070BD00206060401E70BD00002E2E2F4DAC
:10A440006964646C6577617265732F5468697264BE
:10A450005F50617274792F4C7749502F7372632F5C
:10A460006170692F6E65746275662E63000000006E
:10A470006E65746275665F7265663A20696E7661B4
:10A480006C69642062756600417373657274696FEC
:10A490006E2022257322206661696C6564206174D8
:10A4A000206C696E6520256420696E2025730A0082
:10A4B000FEB50D0004466FF00F0615D00020286091
:10A4C000BCB1204600F02FFA8DF80000002821D101
:10A4D00004F11400074604F096FD761C002832D0E3
:10A4E000207FC1072FD10CE018A340F2E11224A174
:10A4F00003E016A340F2E31229A131A0F1F7B0FA6C
:10A5000021E0800707D501A9384604F0E4FC401C8F
:10A5100006D1C01FFEBD002201A9384604F0B9FCD7
:10A52000636A1BB1002201212046984769460198C1
:10A53000FEF702FC10B19DF90000FEBD019810B1BC
:10A5400028600020FEBD3046FEBD00002E2E2F4D9F
:10A550006964646C6577617265732F5468697264AD
:10A560005F50617274792F4C7749502F7372632F4B
:10A570006170692F6170695F6C69622E6300000011
:10A580006E6574636F6E6E5F6163636570743A20AD
:10A59000696E76616C696420706F696E74657200B3
:10A5A0006E6574636F6E6E5F6163636570743A208D
:10A5B000696E76616C696420636F6E6E00000000E6
:10A5C000417373657274696F6E2022257322206651
:10A5D00061696C6564206174206C696E6520256416
:10A5E00020696E2025730A002DE9F04107460E46CA
:10A5F0000720FFF739FD041E26D00025257227709D
:10A6000007F0F0006560102809D0202807D016A3B5
:10A6100040F2E52221A12BA0F1F722FA0FE004F18C
:10A6200010000621074604F0CDFC40B9002104F1DA
:10A630000C0004F008FD48B1384604F0B9FC21468E
:10A640000720FFF7BDFC0020BDE8F08104F11400F5
:10A6500004F0CCFC65704FF0FF30A061C4E90856EF
:10A6600025772046F0E700002E2E2F4D6964646C9C
:10A670006577617265732F54686972645F506172A7
:10A6800074792F4C7749502F7372632F6170692F43
:10A690006170695F6D73672E630000006E6574639F
:10A6A0006F6E6E5F616C6C6F633A20756E64656689
:10A6B000696E6564206E6574636F6E6E5F74797029
:10A6C00065000000417373657274696F6E20222506
:10A6D0007322206661696C6564206174206C696E08
:10A6E0006520256420696E2025730A0010B50A686C
:10A6F0000C460C320AF0D4FC002801D194F9040075
:10A7000010BD000000B589B010B100290BD00BE0DE
:10A710000AA34FF49C7216A11CA0F1F7A1F96FF0E7
:10A720000F0009B000BD234902910090ADF80C2044
:10A7300069462148FFF7DAFFF3E700002E2E2F4D80
:10A740006964646C6577617265732F5468697264BB
:10A750005F50617274792F4C7749502F7372632F59
:10A760006170692F6170695F6C69622E630000001F
:10A770006E6574636F6E6E5F62696E643A20696EB7
:10A7800076616C696420636F6E6E0000417373655F
:10A790007274696F6E2022257322206661696C6570
:10A7A00064206174206C696E6520256420696E20C8
:10A7B00025730A00587E0308C17F020800B589B0DE
:10A7C00058B100908DF8081029208DF809006946CD
:10A7D0000748FFF78BFF09B000BD06A340F24742D0
:10A7E00011A118A0F1F73CF96FF00F00F3E700009A
:10A7F000F97F02082E2E2F4D6964646C65776172B3
:10A8000065732F54686972645F50617274792F4C5C
:10A810007749502F7372632F6170692F6170695F80
:10A820006C69622E630000006E6574636F6E6E5F0C
:10A83000636C6F73653A20696E76616C696420633E
:10A840006F6E6E00417373657274696F6E2022259E
:10A850007322206661696C6564206174206C696E86
:10A860006520256420696E2025730A0070B50500F7
:10A8700004D000F0B3FA040002D004E0002070BD60
:10A88000284600F05FF8204670BD7CB504461030C5
:10A89000064604F0B8FBF0B101256946304604F0E5
:10A8A0001AFB401C11D02078B5EB101F09D101A96B
:10A8B0000098FEF741FA0028EFD1009802F08CF9D9
:10A8C000EBE70098FFF730FDE7E7304604F070FB58
:10A8D000304604F08BFB04F11400064604F093FBB1
:10A8E00000281FD000256946304604F0F4FA401CC9
:10A8F00012D001A90098FEF71FFA0028F3D1009C9E
:10A900002046FFF7C2FF606810B104F0B1FD65603A
:10A91000204600F017F8E6E7304604F049FB3046E1
:10A9200004F064FB7CBD70B5040009D004F0E4FAC7
:10A9300094F908500021217204F006FB284670BDEE
:10A94000002070BD70B504464068002806D017A3EB
:10A950004FF4477222A12EA0F1F782F804F1100003
:10A9600004F051FB002806D010A340F2233232A19C
:10A9700027A0F1F775F804F1140004F044FB002857
:10A9800006D00AA340F226323AA121A0F1F768F8D6
:10A9900004F10C00054604F053FB284604F068FB64
:10A9A0002146BDE870400720FFF70ABB2E2E2F4D31
:10A9B0006964646C6577617265732F546869726449
:10A9C0005F50617274792F4C7749502F7372632FE7
:10A9D0006170692F6170695F6D73672E630000009D
:10A9E000504342206D757374206265206465616C0C
:10A9F0006C6F6361746564206F757473696465203E
:10AA0000746869732066756E6374696F6E00000008
:10AA1000417373657274696F6E20222573222066FC
:10AA200061696C6564206174206C696E65202564C1
:10AA300020696E2025730A00726563766D626F78F7
:10AA4000206D757374206265206465616C6C6F6342
:10AA500061746564206265666F72652063616C6C09
:10AA6000696E6720746869732066756E6374696FB8
:10AA70006E0000006163636570746D626F78206DB5
:10AA8000757374206265206465616C6C6F636174BA
:10AA90006564206265666F72652063616C6C696EC7
:10AAA0006720746869732066756E6374696F6E00E1
:10AAB00010B588B06FF00F0468B189B1002A14D0C6
:10AAC000CDE9021200908DF8103069460B48FFF76F
:10AAD0000DFE08B010BD0AA34FF4897215A108E05D
:10AAE00007A340F213121BA103E005A34FF48A72DF
:10AAF00020A128A0F0F7B4FF2046EAE789850208E4
:10AB00002E2E2F4D6964646C6577617265732F54C6
:10AB1000686972645F50617274792F4C7749502F65
:10AB20007372632F6170692F6170695F6C69622E47
:10AB3000630000006E6574636F6E6E5F67657461BD
:10AB40006464723A20696E76616C696420636F6E2A
:10AB50006E0000006E6574636F6E6E5F6765746192
:10AB60006464723A20696E76616C69642061646421
:10AB7000720000006E6574636F6E6E5F676574616E
:10AB80006464723A20696E76616C696420706F72D9
:10AB900074000000417373657274696F6E20222522
:10ABA0007322206661696C6564206174206C696E33
:10ABB0006520256420696E2025730A0000B589B0E0
:10ABC00030B1009069460748FFF790FD09B000BD1D
:10ABD00005A340F2BB1211A118A0F0F741FF6FF0DE
:10ABE0000F00F3E76D8602082E2E2F4D6964646C0A
:10ABF0006577617265732F54686972645F50617222
:10AC000074792F4C7749502F7372632F6170692FBD
:10AC10006170695F6C69622E630000006E65746329
:10AC20006F6E6E5F6C697374656E3A20696E7661E3
:10AC30006C696420636F6E6E000000004173736581
:10AC40007274696F6E2022257322206661696C65BB
:10AC500064206174206C696E6520256420696E2013
:10AC600025730A0070B50D4688B01146FFF7BCFC8D
:10AC7000040042D08DF80850694621480094FFF73F
:10AC800035FD002839D06068002805D01DA3A32217
:10AC900029A132A0F0F7E4FE04F11000054604F00B
:10ACA000B2F928B917A3A42236A12CA0F0F7D8FE38
:10ACB00004F1140004F0A7F9002805D011A3A6227E
:10ACC00036A126A0F0F7CCFE04F10C00064604F0F5
:10ACD000D5F928B90BA3A92239A120A0F0F7C0FE0D
:10ACE000304604F0ADF9284604F062F92146072009
:10ACF000FFF766F9002008B070BD2046FBE70000B2
:10AD0000298702082E2E2F4D6964646C6577617265
:10AD100065732F54686972645F50617274792F4C47
:10AD20007749502F7372632F6170692F6170695F6B
:10AD30006C69622E6300000066726565696E67204B
:10AD4000636F6E6E20776974686F757420667265C4
:10AD500065696E672070636200000000417373656F
:10AD60007274696F6E2022257322206661696C659A
:10AD700064206174206C696E6520256420696E20F2
:10AD800025730A00636F6E6E20686173206E6F20FA
:10AD9000726563766D626F7800000000636F6E6E9F
:10ADA0002D3E6163636570746D626F782073686FA8
:10ADB000756C646E277420657869737400000000F8
:10ADC000636F6E6E20686173206E6F206F705F63BB
:10ADD0006F6D706C657465640000000000B589B02B
:10ADE000002807D0009029208DF809006946024804
:10ADF000FFF77CFC09B000BDF18302082DE9FC419E
:10AE000004464FF0000017460D006FF00F0600904B
:10AE100011D02860A4B104F11000804604F0F3F8CA
:10AE2000761D002814D0207F810719D4790717D404
:10AE3000C00715D112E02AA34FF4127235A103E026
:10AE400027A340F24A223BA141A0F0F709FE15E0FA
:10AE50002046FFF768FD002811D10FE0207A98B155
:10AE60006946404604F037F8401C12D12046FFF7EF
:10AE70005AFD002803D1207FC00702D03046BDE82C
:10AE8000FC816FF00600FAE700226946404604F0B4
:10AE900000F820780121B1EB101F0DD101A9009815
:10AEA000FDF74AFF30B19DF9040010F10F0FE6D114
:10AEB0000020E4E700980AE0009830B908A340F2C7
:10AEC00091222DA122A0F0F7CBFD00980068636AC3
:10AED000028913B101212046984700982860E7E7CE
:10AEE0002E2E2F4D6964646C6577617265732F54E3
:10AEF000686972645F50617274792F4C7749502F82
:10AF00007372632F6170692F6170695F6C69622E63
:10AF1000630000006E6574636F6E6E5F72656376CA
:10AF20003A20696E76616C696420706F696E746531
:10AF3000720000006E6574636F6E6E5F726563769B
:10AF40003A20696E76616C696420636F6E6E0000F2
:10AF5000417373657274696F6E20222573222066B7
:10AF600061696C6564206174206C696E652025647C
:10AF700020696E2025730A0062756620213D204EEF
:10AF8000554C4C00F0B5044689B017460D461030BC
:10AF900004F039F830B1207F010607D500F07F00BA
:10AFA000207721E06FF00A0009B0F0BD3A4629464B
:10AFB0002046FFF723FF0600F6D12D68380707D497
:10AFC0000DB1298900E001216A46204600F080F990
:10AFD0000DB13046E8E7F80606D5207F40F0800046
:10AFE00020776FF00600DFE7636A1BB100220121C2
:10AFF00020469847606830B101212046FFF7DEFB0C
:10B000006FF00E00D0E72046FFF78DFC0028CBD173
:10B010006FF00D00C8E7000010B520B103780124DF
:10B02000B4EB131F09D007A340F2253212A11BA0D5
:10B03000F0F716FD6FF00F0010BDBDE81040FFF7F0
:10B04000A1BF00002E2E2F4D6964646C657761727C
:10B0500065732F54686972645F50617274792F4C04
:10B060007749502F7372632F6170692F6170695F28
:10B070006C69622E630000006E6574636F6E6E5FB4
:10B08000726563765F7463705F706275663A20699B
:10B090006E76616C696420636F6E6E0041737365D8
:10B0A0007274696F6E2022257322206661696C6557
:10B0B00064206174206C696E6520256420696E20AF
:10B0C00025730A0010B520B103780124B4EB131FD7
:10B0D00009D107A34FF4537212A11DA0F0F7C0FCD1
:10B0E0006FF00F0010BDBDE81040FFF787BE0000F5
:10B0F0002E2E2F4D6964646C6577617265732F54D1
:10B10000686972645F50617274792F4C7749502F6F
:10B110007372632F6170692F6170695F6C69622E51
:10B12000630000006E6574636F6E6E5F72656376B8
:10B130005F7564705F7261775F6E65746275663AA1
:10B1400020696E76616C696420636F6E6E0000002A
:10B15000417373657274696F6E20222573222066B5
:10B1600061696C6564206174206C696E652025647A
:10B1700020696E2025730A0000B589B038B10291AC
:10B18000009069460748FFF7B1FA09B000BD06A371
:10B1900040F2B23211A118A0F0F762FC6FF00F007C
:10B1A000F3E700007D8702082E2E2F4D6964646C42
:10B1B0006577617265732F54686972645F5061725C
:10B1C00074792F4C7749502F7372632F6170692FF8
:10B1D0006170695F6C69622E630000006E65746364
:10B1E0006F6E6E5F73656E643A20696E76616C692E
:10B1F0006420636F6E6E0000417373657274696FD3
:10B200006E2022257322206661696C65642061745A
:10B21000206C696E6520256420696E2025730A0004
:10B2200000B589B020B102780123B3EB121F0AD018
:10B2300007A340F2B52213A11BA0F0F711FC6FF099
:10B240000F0009B000BD6A4600F042F8F9E70000BF
:10B250002E2E2F4D6964646C6577617265732F546F
:10B26000686972645F50617274792F4C7749502F0E
:10B270007372632F6170692F6170695F6C69622EF0
:10B28000630000006E6574636F6E6E5F7265637657
:10B290005F7463705F706275663A20696E76616C88
:10B2A000696420636F6E6E00417373657274696FB9
:10B2B0006E2022257322206661696C6564206174AA
:10B2C000206C696E6520256420696E2025730A0054
:10B2D00010B520B103780124B4EB131F09D009A3E2
:10B2E00040F2A72214A11DA0F0F7BAFB6FF00F00E7
:10B2F00010BD91601060BDE8104011462148FFF775
:10B30000F5B900002E2E2F4D6964646C657761726B
:10B3100065732F54686972645F50617274792F4C41
:10B320007749502F7372632F6170692F6170695F65
:10B330006C69622E630000006E6574636F6E6E5FF1
:10B34000726563765F7463705F706275663A2069D8
:10B350006E76616C696420636F6E6E004173736515
:10B360007274696F6E2022257322206661696C6594
:10B3700064206174206C696E6520256420696E20EC
:10B3800025730A003B8702083EB5069C0094CDE970
:10B390000112012201A900F001F83EBD2DE9F041A2
:10B3A00088B000280E9E0ED0047801256FF00508A5
:10B3B000B5EB141F13D02BA340F2EF3236A13FA000
:10B3C000F0F74EFB3CE027A340F2EE3245A13BA054
:10B3D000F0F746FB6FF00F0008B0BDE8F081047F86
:10B3E000A40701D45C0702D501274EB300E0002773
:10B3F0000024254608E000BF01EBC50CDCF804C0C2
:10B400006444A4451CD86D1C9542F5DBB4B1B4F17D
:10B41000004F02D3A6B16FF00044029100900020CB
:10B42000ADF80C2004908DF81C30CDE9054069463C
:10B430003348FFF75BF9050004D011E00020CBE7AB
:10B440004046C9E70EB1069830604FB90698A04251
:10B4500006D004A34FF486622AA118A0F0F700FBDF
:10B460002846B9E72E2E2F4D6964646C65776172AA
:10B4700065732F54686972645F50617274792F4CE0
:10B480007749502F7372632F6170692F6170695F04
:10B490006C69622E630000006E6574636F6E6E5F90
:10B4A00077726974653A20696E76616C69642063AD
:10B4B0006F6E6E2D3E747970650000004173736588
:10B4C0007274696F6E2022257322206661696C6533
:10B4D00064206174206C696E6520256420696E208B
:10B4E00025730A006E6574636F6E6E5F77726974A0
:10B4F000653A20696E76616C696420636F6E6E00D8
:10B50000C1870208646F5F7772697465206661693C
:10B510006C656420746F20777269746520616C6C4F
:10B5200020627974657300002DE9F0470400DDE9BD
:10B530000970089E03D03FB100290DD00DE036A35D
:10B5400040F2271241A103E033A34FF4947246A1C5
:10B550004EA0F0F785FA1EE0564902B9554A03B9E4
:10B56000544B00256560A560DFF84CC1C4F814C0D9
:10B57000E560258584F831506562C4E907564F4E71
:10B5800096F800C084F834C02061204600F0B8F975
:10B590002046B84710B10020BDE8F087AA4640F227
:10B5A0008B1840F28D1900BF94F83400FF2801D1A8
:10B5B00084F834A0002775681EE0A54205D116A3C3
:10B5C00042463FA131A0F0F74BFA7F1CFF2F05DD6B
:10B5D00011A34A463FA12DA0F0F742FA95F8340096
:10B5E00094F83410884206D1C8B2401C84F8340064
:10B5F000002DD9D102E02D68002DDED194F8340061
:10B60000FE2806D0401C30707068206020467460B0
:10B61000C2E786F800A0F7E72E2E2F4D6964646C10
:10B620006577617265732F54686972645F506172E7
:10B6300074792F4C7749502F7372632F636F726543
:10B640002F6E657469662E63000000006E65746974
:10B65000665F6164643A20696E76616C6964206E2D
:10B6600065746966000000006E657469665F6164F8
:10B67000643A204E6F20696E69742066756E63743B
:10B68000696F6E20676976656E00000041737365AF
:10B690007274696F6E2022257322206661696C6561
:10B6A00064206174206C696E6520256420696E20B9
:10B6B00025730A00587E0308F9B8020868020020C2
:10B6C0006E6574696620616C72656164792061647D
:10B6D00064656400746F6F206D616E79206E6574AF
:10B6E0006966732C206D61782E20737570706F728F
:10B6F000746564206E756D626572206973203235E1
:10B700003500000070B50C46054605F0CBFB214620
:10B710002846BDE870400AF055BD0A68C3689A42E1
:10B7200004D001B90022C260012070470020704798
:10B73000F8B515460C00064606D113A340F2CB120D
:10B740001EA122A0F0F78CF935B90FA34FF4E672D1
:10B750001AA11EA0F0F784F921687068814210D008
:10B760000091286069462846FFF7CCFF3CB120686D
:10B7700070600121304600F05FF80120F8BD002024
:10B78000F6E70020F8BD00002E2E2F4D6964646C92
:10B790006577617265732F54686972645F50617276
:10B7A00074792F4C7749502F7372632F636F7265D2
:10B7B0002F6E657469662E6300000000696E766105
:10B7C0006C696420706F696E746572004173736593
:10B7D0007274696F6E2022257322206661696C6520
:10B7E00064206174206C696E6520256420696E2078
:10B7F00025730A000A6883689A4204D001B90022BE
:10B8000082600120704700207047000001000CD0CA
:10B810000748406807E000BF90F83420521CD2B2BD
:10B820008A4203D000680028F6D10020704700004B
:10B83000680200207047000070B50D46040006D174
:10B840000DA340F26D3219A121A0F0F709F994F887
:10B85000310041070ED5C1070CD0E9070AD0616855
:10B86000002907D0000705D5211D2046BDE87040FE
:10B87000F6F7FAB870BD00002E2E2F4D6964646C87
:10B880006577617265732F54686972645F50617285
:10B8900074792F4C7749502F7372632F636F7265E1
:10B8A0002F6E657469662E63000000006E65746912
:10B8B000665F69737375655F7265706F7274733AF2
:10B8C00020696E76616C6964206E6574696600003B
:10B8D000417373657274696F6E202225732220662E
:10B8E00061696C6564206174206C696E65202564F3
:10B8F00020696E2025730A006FF00B00704700006E
:10B900002DE9F84F4FF000091D4616460C008246FF
:10B91000C84600D1114C06B9104E05B90F4DACB157
:10B92000206898B100274A4631465046FFF762FF2B
:10B93000424629465046FFF7F0FE002F04D16A46E2
:10B9400021465046FFF7F4FEBDE8F88F01276A460E
:10B9500021465046FFF7ECFEE5E70000587E03085D
:10B9600001498860704700006802002058B190F8D3
:10B970003110CA070ED001F0FE0180F8311009071E
:10B9800008D5F5F77FBB04A340F29B320FA117A0A7
:10B99000F0F766B8704700002E2E2F4D6964646C76
:10B9A0006577617265732F54686972645F50617264
:10B9B00074792F4C7749502F7372632F636F7265C0
:10B9C0002F6E657469662E63000000006E657469F1
:10B9D000665F7365745F646F776E3A20696E766137
:10B9E0006C6964206E65746966000000417373655C
:10B9F0007274696F6E2022257322206661696C65FE
:10BA000064206174206C696E6520256420696E2055
:10BA100025730A00002800D0C161704758B190F822
:10BA200031104A070ED501F0FB0180F83110C169D1
:10BA3000002907D0084704A340F206420FA118A02E
:10BA4000F0F70EB8704700002E2E2F4D6964646C1D
:10BA50006577617265732F54686972645F506172B3
:10BA600074792F4C7749502F7372632F636F72650F
:10BA70002F6E657469662E63000000006E65746940
:10BA8000665F7365745F6C696E6B5F646F776E3A47
:10BA900020696E76616C6964206E65746966000069
:10BAA000417373657274696F6E202225732220665C
:10BAB00061696C6564206174206C696E6520256421
:10BAC00020696E2025730A0010B5040015D094F883
:10BAD000310041071AD440F0040084F831002046B8
:10BAE000F3F7A8FC03212046FFF7A6FEE169002931
:10BAF0000CD02046BDE810400847BDE8104004A324
:10BB00004FF478720FA118A0EFF7AABF10BD000084
:10BB10002E2E2F4D6964646C6577617265732F54A6
:10BB2000686972645F50617274792F4C7749502F45
:10BB30007372632F636F72652F6E657469662E630F
:10BB4000000000006E657469665F7365745F6C6900
:10BB50006E6B5F75703A20696E76616C6964206EF9
:10BB60006574696600000000417373657274696FE3
:10BB70006E2022257322206661696C6564206174E1
:10BB8000206C696E6520256420696E2025730A008B
:10BB900050B190F83110CA070DD141F0010180F881
:10BBA00031100321FFF748BE03A34FF454720FA1D5
:10BBB00015A0EFF755BF70472E2E2F4D6964646CAA
:10BBC0006577617265732F54686972645F50617242
:10BBD00074792F4C7749502F7372632F636F72659E
:10BBE0002F6E657469662E63000000006E657469CF
:10BBF000665F7365745F75703A20696E76616C6913
:10BC000064206E6574696600417373657274696F50
:10BC10006E2022257322206661696C656420617440
:10BC2000206C696E6520256420696E2025730A00EA
:10BC300070B5040300F032F900F0DAF80B4E4FF45F
:10BC40008045002229463046EAF723FB202002F0F7
:10BC50004FFF204600F0B2F8012229463046EAF7AD
:10BC600018FBBDE8704000F0C3B8000000040240BB
:10BC700070B50122164E950329463046EAF709FBB6
:10BC8000012002F045FF00F04FF812490880A0F5AE
:10BC90006F4118391BD1032000F06CF80446C0072F
:10BCA00015D100F0FBF844F00201032000F04CF93C
:10BCB000002229463046EAF7ECFAB72002F018FFD6
:10BCC00029463046BDE870400122EAF7E2BA70BD6D
:10BCD00000040240780000202DE9F041DFF84480A4
:10BCE00015460C4606464FF480470022394640462A
:10BCF000EAF7CFFA032002F0FBFE204600F05EF8E0
:10BD0000002405E0FF2002F0F3FE3055641CA4B2CD
:10BD1000AC42F7D339464046BDE8F0410122EAF78C
:10BD2000B8BA00000004024070B5114E4FF48045CF
:10BD3000002229463046EAF7ACFA902002F0D8FEFD
:10BD4000002002F0D5FE002002F0D2FE002002F01A
:10BD5000CFFEFF2002F0CCFE0402FF2002F0C8FE5E
:10BD60000443012229463046EAF793FA204670BD83
:10BD70000004024070B5012803D0022803D0032834
:10BD800003D0052402E0352400E015240A4E4FF4C8
:10BD90008045002229463046EAF77BFA204602F029
:10BDA000A7FEFF2002F0A4FE0446012229463046E9
:10BDB000EAF76FFA204670BD0004024010B5044651
:10BDC0000A480088A0F56F41183902D1200E02F010
:10BDD0008FFEC4F3074002F08BFEC4F3072002F08D
:10BDE00087FEE0B2BDE8104002F082BE780000207D
:10BDF00010B50120FFF7BEFFC007FAD110BD00004B
:10BE00002DE9F05FC1F30B06DFF88C800F0BC6F550
:10BE10008054894682461546A24200D8144639030A
:10BE20008B464FF480524046FFF756FF002006E055
:10BE3000321818F80210FF2903D1401C80B2A0422A
:10BE4000F6D3A04222D23846FFF7F2FE002006E0E9
:10BE50001AF800208319401C08F8032080B2A04281
:10BE6000F6D359464FF480524FEA080000F02CF800
:10BE7000A5420FD0281BA244A144002685B24FF44E
:10BE800080547F1CA542CAD82C46C8E722464946A2
:10BE90005046EBE7BDE8F09FC61E002070B5094D87
:10BEA0004FF48044002221462846EAF7F2F90620A2
:10BEB00002F01EFE21462846BDE870400122EAF746
:10BEC000E8B90000000402402DE9F05F8046C8B2E6
:10BED000C0F580740E461546A24200D81446DFF81D
:10BEE00064A04FF480494FF4807B00BFFFF7D6FF7A
:10BEF000002249465046EAF7CCF9022002F0F8FD4C
:10BF00003046FFF75BFF002706E000BF18F8070088
:10BF100002F0EEFD7F1CBFB2A742F7D301224946D3
:10BF20005046EAF7B6F9FFF763FFA54208D0281B91
:10BF3000A044264485B25C46A542D7D82C46D5E716
:10BF4000BDE8F09F000402402DE9F0410E460128B3
:10BF500003D0022803D0032803D0012402E03124B7
:10BF600000E011240A4F4FF480450022294638464C
:10BF7000EAF78FF9204602F0BBFD304602F0B8FD2B
:10BF800029463846BDE8F0410122EAF782B90000AF
:10BF90000004024010B500B901200AF055FE00204F
:10BFA00010BD10B50BF05AFC012801D0012010BDC6
:10BFB000002010BD10B50AF039FF002010BD10B5EB
:10BFC000F9F7DEFE18B1BDE810400BF05BBCBDE830
:10BFD00010400BF051BC03C800220BF069B810B53B
:10BFE0000446F9F7CDFE08B1822010BD20460AF0C4
:10BFF00005FE002010BD00002DE9FF410D004FF0AF
:10C000000006CDE9016507461ED000240396501CAA
:10C010001FD002B11446F9F7B3FE69464FF010087D
:10C02000E8B103AA2846091D0BF0A2FA012813D093
:10C0300000960398E8B114494FF080500860BFF3B0
:10C040004F8FBFF36F8F14E0802031462A46009057
:10C0500011E04FF0FF34DEE7CDF80080E9E722463B
:10C060002846091D0BF0E8F9012808D054B14020FA
:10C0700000909DE8070087E80700BDE8FF81CDF844
:10C080000080F6E70020F3E704ED00E037B5054651
:10C0900082B000200090140000D10124F9F770FE56
:10C0A0004FF0000388B16A4603A928460BF016F941
:10C0B000012811D1009890B10A494FF080500860D2
:10C0C000BFF34F8FBFF36F8F09E0224603A92846C5
:10C0D0000BF054F8012802D0FF2005B030BD00203D
:10C0E000FBE7000004ED00E010B50446F9F748FE58
:10C0F0000028204603D0BDE810400AF014BCBDE87B
:10C1000010400AF0FEBB01200AF0C0BF38B5002481
:10C1100005460094F9F734FE90B1694628460BF0C5
:10C120003CF9012801D0FF2038BD009888B10A49A8
:10C130004FF080500860BFF34F8FBFF36F8F08E060
:10C1400000231A46194628460BF018F8012800D09B
:10C15000FF24204638BD000004ED00E038B505009E
:10C160004FF0000000900FD00024481C0ED001B109
:10C170000C46F9F705FEB8B16A46002128460BF0D7
:10C18000F7F9012816D104E0802038BD4FF0FF34C4
:10C19000EFE7009880B109494FF080500860BFF385
:10C1A0004F8FBFF36F8F07E0214628460BF02EFA22
:10C1B000012801D0FF2038BD002038BD04ED00E08B
:10C1C00010B5012901D0002010BD0322002101205B
:10C1D0000AF06EFF040004D000231A4619460AF044
:10C1E000CDFF204610BD10B50446F9F7C9FD08B1D2
:10C1F000822010BD20460AF001FD002010BD000085
:10C2000038B5002405460094F9F7BAFD90B16946A7
:10C2100028460BF0C2F8012801D0FF2038BD009855
:10C2200088B10A494FF080500860BFF34F8FBFF3C9
:10C230006F8F08E000231A46194628460AF09EFF31
:10C24000012800D0FF24204638BD000004ED00E0A6
:10C2500038B505004FF0000000900FD00024481CB6
:10C260000ED001B10C46F9F78BFDB8B16A4600213A
:10C2700028460BF07DF9012816D104E0802038BD56
:10C280004FF0FF34EFE7009880B109494FF080503C
:10C290000860BFF34F8FBFF36F8F07E0214628463A
:10C2A0000BF0B4F9012801D0FF2038BD002038BDC3
:10C2B00004ED00E03EB504460D46B0F90800FDF778
:10C2C000F5FA02A9CDE90001208A2B4682B2D4E911
:10C2D00000100BF091FA012801D000203EBD029819
:10C2E0003EBD0BF0B5BA0022AFF3008070B5A8B127
:10C2F000B1F5803F26D2002918D004898BB214FAF8
:10C3000081F5ADB29D421DD3057B2D0610D5426847
:10C31000511A00F11002914214D30CE00AA340F22A
:10C32000DF1215A117A0EFF79BFB0BE0002070BDFB
:10C3300042B14268511A4160418919444181E11872
:10C340000181F3E7012070BD2E2E2F4D6964646CCE
:10C350006577617265732F54686972645F506172AA
:10C3600074792F4C7749502F7372632F636F726506
:10C370002F706275662E63007020213D204E554C53
:10C380004C000000417373657274696F6E20222542
:10C390007322206661696C6564206174206C696E2B
:10C3A0006520256420696E2025730A002DE9FE4F63
:10C3B000054690460F461046012A11D041280FD05D
:10C3C0004FF0000AB0F5C17F10D0B2F5207F67D0E2
:10C3D0004AA340F2271255A15BA0EFF741FB8BE087
:10C3E0000246002000F010F9044682E00024A14635
:10C3F0000C20FDF739FE060036D0E81C029020F034
:10C400000300C0F51470B84200D93846834670194D
:10C410001330CDE9008A20F003015B463A463046EE
:10C4200000F0CAFC3079800706D034A34FF4807244
:10C430004FA145A0EFF714FB02989421B1EB900FA8
:10C4400006D12EA34FF4817255A13FA0EFF708FB50
:10C4500024B3C9F80060A7EB0B000704B1463F0CFA
:10C460004FF00005C4D144E002F046FD594D2E784E
:10C470000121297002F068FD56B90021564808F0E4
:10C480001DFF28B102F038FD85F800A002F05CFD28
:10C49000002C31D0204600F09FFB2DE03446DAE737
:10C4A000E81C20F00302F81C20F00301501880B2B1
:10C4B00000F1100292B281421ED891421CD810465F
:10C4C000FDF756FB040017D060191330CDE9008A40
:10C4D00020F003013B461A46204600F06DFC20790F
:10C4E000800706D005A34FF491723CA116A0EFF788
:10C4F000B7FA2046BDE8FE8F0020FBE72E2E2F4D19
:10C500006964646C6577617265732F5468697264DD
:10C510005F50617274792F4C7749502F7372632F7B
:10C52000636F72652F706275662E63007062756648
:10C530005F616C6C6F633A206572726F6E656F75C8
:10C540007320747970650000417373657274696F4C
:10C550006E2022257322206661696C6564206174F7
:10C56000206C696E6520256420696E2025730A00A1
:10C57000706275665F616C6C6F633A20706275669D
:10C5800020712D3E7061796C6F61642070726F70E4
:10C5900065726C7920616C69676E656400000000EB
:10C5A000504255465F504F4F4C5F42554653495A93
:10C5B00045206D75737420626520626967676572D6
:10C5C000207468616E204D454D5F414C49474E4D8A
:10C5D000454E54007402002071CD020870627566E9
:10C5E0005F616C6C6F633A20706275662D3E70619E
:10C5F000796C6F61642070726F7065726C79206104
:10C600006C69676E656400002DE9FC4114460E46B6
:10C610000746412A08D0012C06D00CA34FF4A5727E
:10C6200016A11BA0EFF71CFA0B20FDF71DFD05005E
:10C630004FF0000008D0CDE9004033461A46394695
:10C64000284600F0B9FB2846BDE8FC812E2E2F4D70
:10C650006964646C6577617265732F54686972648C
:10C660005F50617274792F4C7749502F7372632F2A
:10C67000636F72652F706275662E6300696E7661F6
:10C680006C696420706275665F7479706500000083
:10C69000417373657274696F6E2022257322206660
:10C6A00061696C6564206174206C696E6520256425
:10C6B00020696E2025730A007CB51C46DDE906352D
:10C6C000C01C20F003004618AE4201D900207CBDFA
:10C6D0000BB1184400E000200223CDE900230B46F3
:10C6E00001461A46204600F067FB20467CBD00004C
:10C6F00070B50D4608B1002D08D1BDE8704014A3F7
:10C7000040F259321EA12CA0EFF7AAB904460068E6
:10C7100020B121892A8911442181F7E72089618983
:10C7200088420FD00AA340F262322DA122A0EFF777
:10C7300097F9206830B106A340F2633234A11EA0FD
:10C74000EFF78EF92089298908442081256070BD82
:10C750002E2E2F4D6964646C6577617265732F545A
:10C76000686972645F50617274792F4C7749502FF9
:10C770007372632F636F72652F706275662E63002C
:10C78000286820213D204E554C4C29202626202863
:10C790007420213D204E554C4C29202870726F6723
:10C7A00072616D6D65722076696F6C61746573205E
:10C7B0004150492900000000417373657274696F2C
:10C7C0006E2022257322206661696C656420617485
:10C7D000206C696E6520256420696E2025730A002F
:10C7E000702D3E746F745F6C656E203D3D20702D22
:10C7F0003E6C656E20286F66206C617374207062D9
:10C80000756620696E20636861696E29000000000A
:10C81000702D3E6E657874203D3D204E554C4C0089
:10C8200010B50C46FFF764FF2046BDE8104000F04D
:10C830006BBB002102E0491C006889B20028FAD1D4
:10C840000846704770B5154613890A461946FFF722
:10C85000ADFD04000CD0294600F042F830B105A32C
:10C8600040F224520FA114A0EFF7FAF8204670BD51
:10C87000002070BD2E2E2F4D6964646C6577617247
:10C8800065732F54686972645F50617274792F4CBC
:10C890007749502F7372632F636F72652F706275C3
:10C8A000662E6300706275665F636F7079206661E3
:10C8B000696C656400000000417373657274696F90
:10C8C0006E2022257322206661696C656420617484
:10C8D000206C696E6520256420696E2025730A002E
:10C8E0002DE9F0474FF000070C4605003E466FF07B
:10C8F0000F0904D01CB128892189884204D232A3AF
:10C9000040F2C9323CA145E06FF0050A6889C11BBD
:10C910006089801B814201D3804600E088466068C0
:10C920004246811968683844D3F7FCFC688947445B
:10C930004644B84206D224A340F2D9323AA140A0DC
:10C94000EFF78EF86089B04206D21FA340F2DA32C8
:10C9500045A13BA0EFF784F86089B04201D8246874
:10C9600000266889B84202D12D68002765B1002CE5
:10C9700016D060892189884212D1206800280FD002
:10C9800011A340F2E93215E0002C1BD00EA34FF4A6
:10C9900079723CA12AA0EFF763F84846BDE8F0871A
:10C9A00075B16889298988420AD1286840B106A3EF
:10C9B00040F2EE3237A122A0EFF752F85046EDE7F1
:10C9C000002CA3D10020E9E72E2E2F4D6964646C62
:10C9D0006577617265732F54686972645F50617224
:10C9E00074792F4C7749502F7372632F636F726580
:10C9F0002F706275662E6300706275665F636F707C
:10CA0000793A20746172676574206E6F7420626970
:10CA10006720656E6F75676820746F20686F6C643F
:10CA200020736F75726365006F66667365745F74FB
:10CA30006F203C3D20705F746F2D3E6C656E000072
:10CA4000417373657274696F6E20222573222066AC
:10CA500061696C6564206174206C696E6520256471
:10CA600020696E2025730A006F66667365745F66C1
:10CA7000726F6D203C3D20705F66726F6D2D3E6C55
:10CA8000656E0000705F746F20213D204E554C4C48
:10CA900000000000706275665F636F70792829205E
:10CAA000646F6573206E6F7420616C6C6F7720709B
:10CAB00061636B6574207175657565732100000095
:10CAC0002DE9F047002716468946B84620B1B9F14E
:10CAD000000F06D004462CE018A340F20A4223A11E
:10CAE00003E016A340F20B4228A131A0EEF7B8FFF5
:10CAF0000020BDE8F0872BB16089984202D8181A4F
:10CB000083B215E06089C01A85B2B54200D93546B6
:10CB100060682A46C11809EB0700D3F703FC08EB4D
:10CB200005001FFA80F8781987B2701B86B20023BF
:10CB300024680EB1002CDED14046DAE72E2E2F4DB0
:10CB40006964646C6577617265732F546869726497
:10CB50005F50617274792F4C7749502F7372632F35
:10CB6000636F72652F706275662E63007062756602
:10CB70005F636F70795F7061727469616C3A20698C
:10CB80006E76616C6964206275660000706275661D
:10CB90005F636F70795F7061727469616C3A20696C
:10CBA0006E76616C696420646174617074720000F7
:10CBB000417373657274696F6E202225732220663B
:10CBC00061696C6564206174206C696E6520256400
:10CBD00020696E2025730A002DE9F041040007D07A
:10CBE0005FF0000502F088F90746A07B50B110E025
:10CBF00025A34FF4377230A132A0EEF731FF0020A9
:10CC0000BDE8F08120A340F2F12238A12DA0EEF77B
:10CC100027FFA07B401EC6B2A673384602F094F9E7
:10CC2000002E23D1207B617B266800F00F0089074E
:10CC30000CD5206930B914A340F2FF2231A121A004
:10CC4000EEF70EFF2169204688470BE002280FD03F
:10CC5000012810D0A0B10CA340F20F3232A119A0CC
:10CC6000EEF7FEFE6D1CEDB23400BBD12846C7E7DF
:10CC700021460C2001E021460B20FDF7A1F9F1E748
:10CC80002046FCF72FFEEDE72E2E2F4D6964646CD5
:10CC90006577617265732F54686972645F50617261
:10CCA00074792F4C7749502F7372632F636F7265BD
:10CCB0002F706275662E63007020213D204E554C0A
:10CCC0004C000000417373657274696F6E202225F9
:10CCD0007322206661696C6564206174206C696EE2
:10CCE0006520256420696E2025730A0070627566D0
:10CCF0005F667265653A20702D3E726566203E2043
:10CD00003000000070632D3E637573746F6D5F6655
:10CD10007265655F66756E6374696F6E20213D2074
:10CD20004E554C4C00000000696E76616C696420C1
:10CD300070627566207479706500000070B50D46EC
:10CD40000446002609E06189A9420BD82046691AE9
:10CD500024688DB20660FFF73FFF0DB1002CF2D1C1
:10CD6000204670BD2946204600F01CF9F8E7000077
:10CD700010B502F0C1F8094A0021117002F0E4F880
:10CD80000748006806E0416F19B1BDE8104003F0A4
:10CD900045BAC0680028F6D110BD0000740200201A
:10CDA000900200200122AFF30080002902DA4942FC
:10CDB00000F0F8B8FFF79ABA70B50024DDE9045620
:10CDC000C0E90041028143810573467301218173EB
:10CDD000C47370BD2DE9F0410D46040006D121A3B6
:10CDE0004FF4CC722BA131A0EEF73AFE2089A84275
:10CDF00035D9401B86B240F2AF170CE0281A85B235
:10CE00002089801B208124682CB916A33A4631A1C1
:10CE100026A0EEF725FE6089A842EFD3207B00070D
:10CE200015D16089A84212D0607B80070FD4A088FA
:10CE3000001B284481B22046FCF7D0FF040006D135
:10CE400008A340F2BD1229A118A0EEF709FE6581E2
:10CE50002581206808B1FFF7BFFE00202060BDE8F3
:10CE6000F08100002E2E2F4D6964646C657761722D
:10CE700065732F54686972645F50617274792F4CC6
:10CE80007749502F7372632F636F72652F706275CD
:10CE9000662E6300706275665F7265616C6C6F63AD
:10CEA0003A207020213D204E554C4C004173736553
:10CEB0007274696F6E2022257322206661696C6529
:10CEC00064206174206C696E6520256420696E2081
:10CED00025730A00706275665F7265616C6C6F63C2
:10CEE0003A207120213D204E554C4C006D656D5F00
:10CEF0007472696D2072657475726E65642071203C
:10CF00003D3D204E554C4C0010B5040012D001F0B0
:10CF1000F3FFA17B491CA17302F016F8A07B002847
:10CF200008D1BDE8104004A340F242320EA113A084
:10CF3000EEF796BD10BD00002E2E2F4D6964646C77
:10CF40006577617265732F54686972645F506172AE
:10CF500074792F4C7749502F7372632F636F72650A
:10CF60002F706275662E630070627566207265664A
:10CF7000206F766572666C6F770000004173736591
:10CF80007274696F6E2022257322206661696C6558
:10CF900064206174206C696E6520256420696E20B0
:10CFA00025730A0010B520B1B1F5803F06D30120EA
:10CFB00010BD0FA340F24B2219A109E000290BD0AC
:10CFC00043898AB2934209D209A340F2552217A19C
:10CFD0001EA0EEF745FDEAE7002010BD446821449D
:10CFE0004160991A41810189891A0181F4E70000A1
:10CFF0002E2E2F4D6964646C6577617265732F54B2
:10D00000686972645F50617274792F4C7749502F50
:10D010007372632F636F72652F706275662E630083
:10D020007020213D204E554C4C000000696E63720B
:10D03000656D656E745F6D61676E6974756465209A
:10D040003C3D20702D3E6C656E00000041737365A1
:10D050007274696F6E2022257322206661696C6587
:10D0600064206174206C696E6520256420696E20DF
:10D0700025730A0070B50446006800254068002842
:10D0800006D01AA340F2652225A12DA0EEF7E8FCF8
:10D090002068007800F0F000102815D0202801D07A
:10D0A000FA2020E0284609F0B4F821684860216899
:10D0B000C0B10978222901D10121017422682A49CD
:10D0C000506809F0A9F809E0284603F071FF2168CB
:10D0D0004860216830B1084601F0E8FC20684068EB
:10D0E000002801D1FF20207170BD00002E2E2F4D91
:10D0F0006964646C6577617265732F5468697264E2
:10D100005F50617274792F4C7749502F7372632F7F
:10D110006170692F6170695F6D73672E6300000035
:10D120007063625F6E65773A2070636220616C7233
:10D130006561647920616C6C6F6361746564000083
:10D14000417373657274696F6E20222573222066A5
:10D1500061696C6564206174206C696E652025646A
:10D1600020696E2025730A007DE5020810B540B1E4
:10D17000017831B10A49F6F7F3FD094909A0F6F73C
:10D18000EFFDEEF7B9FC0068D3F752FD0449F6F75E
:10D19000E7FDBDE81040024903A0F6F7E1BD00003D
:10D1A000A80500203A2000000A0000002DE9F04701
:10D1B00081460E4601F11A00FAF701FB28BB3078D0
:10D1C000012520F04000401E00EB8001DFF84C807C
:10D1D00001EBC00400274FF6FF7A00BF18F80700E4
:10D1E0003044FAF7ECFA35B1FF2C0ED229F81400CE
:10D1F0000546641C01E0504507D17F1C0D2FEDD37F
:10D200003078400607D5FF2C02D30020BDE8F08718
:10D21000002129F814100120F8E70000CCA0030831
:10D220002DE9F041304D04462868844206D22FA3F0
:10D2300040F2DF1239A13FA0EEF712FC6868844289
:10D2400006D32AA34FF4F07244A13AA0EEF708FCEB
:10D25000207930B125A340F2E11247A135A0EEF7C5
:10D26000FFFB20884FF48048404506D91FA34FF4A8
:10D27000F27248A12FA0EEF7F3FB208800F0CCFD5E
:10D280000646B44215D0307998B96868864210D005
:10D29000E868B04200D1EC6030882080308840459A
:10D2A00007D02046FCF792FD0746308800F0B4FD19
:10D2B0004780608800F0B0FDA04212D001790029BB
:10D2C0000FD1E968A14200D1E8602188018021885E
:10D2D000414506D0FCF77AFD0546208800F09CFD0C
:10D2E0004580BDE8F0810000580200202E2E2F4D11
:10D2F0006964646C6577617265732F5468697264E0
:10D300005F50617274792F4C7749502F7372632F7D
:10D31000636F72652F6D656D2E630000706C7567AD
:10D320005F686F6C65733A206D656D203E3D2072BD
:10D33000616D0000417373657274696F6E20222500
:10D340007322206661696C6564206174206C696E6B
:10D350006520256420696E2025730A00706C75674E
:10D360005F686F6C65733A206D656D203C2072615B
:10D370006D5F656E64000000706C75675F686F6C50
:10D3800065733A206D656D2D3E75736564203D3D76
:10D3900020300000706C75675F686F6C65733A20B1
:10D3A0006D656D2D3E6E657874203C3D204D454D7C
:10D3B0005F53495A455F414C49474E454400000080
:10D3C00010B5040006D11AA34FF4B57225A129A007
:10D3D000EEF746FB6078012802D0042805D00EE065
:10D3E00001212046FBF792FA09E0206A18B1417A40
:10D3F00009B1491E417201212046FAF799FE217FA9
:10D40000C80613D5606888B1B0F86420B2F5866F9D
:10D410000CD3B0F86600052808D201F0EF002077A1
:10D42000636A1BB10022022120469847002010BDEC
:10D430002E2E2F4D6964646C6577617265732F546D
:10D44000686972645F50617274792F4C7749502F0C
:10D450007372632F6170692F6170695F6D73672EDE
:10D4600063000000636F6E6E20213D204E554C4CD2
:10D4700000000000417373657274696F6E2022258D
:10D480007322206661696C6564206174206C696E2A
:10D490006520256420696E2025730A00F0B589B0E7
:10D4A0000E460746144624216846D2F763FF4FF420
:10D4B00080752168284688470596CDE9000594E8DF
:10D4C000070006AB83E80700009890B3694638462A
:10D4D00000F03CFA002638B3684609F0F1F9A2687A
:10D4E0004AB102990098491C904705001CD0284673
:10D4F000009609B0F0BD02982168401C88470500DD
:10D5000012D0DDE90110401C814201D20A4601E03F
:10D51000029A521C28460099D2F704FF02982E5412
:10D52000616800988847E2E7009810B16168884711
:10D5300000960020DDE72DE9F04185680C000FD052
:10D5400001212046F3F766FC00280AD05B21017018
:10D55000A068401CA060E068401C0026E06025E058
:10D560000020BDE8F0812146284600F0EFF90028B0
:10D57000F7D0204609F0A4F92868B0B1606908B175
:10D58000022700E00127791C2046F3F743FC00281E
:10D59000E7D02C2100F8011B616911B1202100F8AE
:10D5A000011B0670A0683844A0602D68002DDAD1F8
:10D5B00002212046F3F72EFC0028D2D05D21017015
:10D5C0004670E068401EE0600120CAE72DE9F041A6
:10D5D0002DED028B90B00E46044690ED068B002593
:10D5E0001C2106A8D2F7C6FE9FED390B2E278DED24
:10D5F000040B002E4CD018EE900A18EE101A8DED88
:10D600000E8B01B101210843334920F00040081A74
:10D61000C00F4FF0000816D118EE900A4900B1EB88
:10D62000400F02D118EE100A68B16069D3F750FAC2
:10D6300053EC182BD3F784FA0AD128A106A8626903
:10D64000EEF736FA21E026A106A8EEF731FA1CE043
:10D6500053EC182B24A106A8EEF72AFA044604AAD4
:10D6600023A106A8D2F7F4FE012808D1B0EE481A8B
:10D67000F0EE681A9DED040BF0F7BCFE30B953ECE8
:10D68000182B1CA106A8EEF713FA04461A2C05D392
:10D69000002010B0BDEC028BBDE8F081611C30466B
:10D6A000F3F7B8FB0028F4D006A92E2306E04A5D64
:10D6B000BA4201D1435500E042556D1CA542F6D354
:10D6C00000F80580B0682044B0600120E1E7000068
:10D6D00000000000000000000000F07F2564000052
:10D6E0006E756C6C0000000025312E31356700002E
:10D6F000256C670025312E31376700002DE9F04792
:10D7000085680C0003D0606920B1022603E0002088
:10D71000BDE8F0870126711C2046F3F77BFB00284B
:10D72000F6D07B2100F8011BE168491CE1606169CA
:10D730000A2701B10770A0684FF00008304409269D
:10D74000A06059E088B12046E168F3F763FB002848
:10D75000DED0002103E000BF00F8016B491CE26845
:10D760008A42F9D8A0681044A0602146286A00F0D7
:10D7700065F80028CCD0204609F0A2F8606908B10D
:10D78000022000E00120814601462046F3F742FBDB
:10D790000028BDD03A2100F8011B616901B1067073
:10D7A000A16801EB0900A0602146284600F0CEF8F0
:10D7B0000028ADD0204609F083F8606900B101204F
:10D7C000296801B1012100EB010909F1010120469D
:10D7D000F3F720FB00289BD0296811B12C2100F819
:10D7E000011B616909B100F8017B80F80080A16824
:10D7F00001EB0900A0602D686069002DA2D110B175
:10D80000E168491C00E002212046F3F703FB0028F1
:10D8100086D0616949B1002103E000BF00F8016BC7
:10D82000491CE268521E8A42F8D87D21017080F8B6
:10D830000180E068401EE060012069E72DE9F047C3
:10D840000A0005464FF0000601D01DB120E000207F
:10D85000BDE8F08703211046F3F7DCFA0028F7D083
:10D8600037A1D2F7DCFD5AE00C2927D006DC0829C5
:10D8700024D0092922D00A2906D11FE00D291DD064
:10D8800022291BD05C2919D0202900D2761D401CEA
:10D8900001780029E8D1401B8719F91C1046F3F7DD
:10D8A000B9FA041ED4D04FF022084FF0000984F8D2
:10D8B00000802EB1661C4FF05C0A28E0761CE6E77B
:10D8C0003A462946601CD2F72DFD23E01F2803D9D4
:10D8D000222801D05C2830D106F801AB2A785046C6
:10D8E0000C2A23D006DC082A1ED0092A24D00A2AB2
:10D8F00006D11DE00D2A1DD0222A12D05C2A1CD090
:10D9000010A13046EEF7D4F8361D6D1C761C287831
:10D910000028DBD1E01980F8018080F80290012016
:10D9200096E786F80080F0E7622006E0662004E0D3
:10D930006E2002E0722000E074203070E5E7000005
:10D9400022220000752530347800000070B50400F4
:10D950000E4613D096B1207B102843D008DC012856
:10D9600016D002281ED004280AD0082806D121E0AB
:10D9700020283CD040283FD0802820D0002070BDF7
:10D9800005213046F3F746FA0028F8D01DA106E03D
:10D9900006213046F3F73EFA0028F0D01BA1D2F75B
:10D9A0003EFD1DE005213046F3F734FA0028E6D0AD
:10D9B00018A1F4E72046BDE87040FFF707BE2069D4
:10D9C0000028DCD0D2F709FD401C05460146304650
:10D9D000F3F720FA0028D2D02A462169D2F7A2FC18
:10D9E000012070BD2069BDE87040FFF727BF2046C9
:10D9F000BDE87040FFF79FBD2046BDE87040FFF7CF
:10DA00007DBE00006E756C6C0000000066616C737A
:10DA10006500000074727565000000002DE9F0419A
:10DA2000184C0F460546E6682068001D08F056FFB2
:10DA300038B9206890F82C10012088402169814372
:10DA40002161681C07D137B12168BDE8F0410E485B
:10DA5000091D08F0C9BF20683544B54245602168FA
:10DA600005D2A06BBDE8F041091D08F0A5BF606BB1
:10DA7000091D08F0A1FFA06A854200D2A562BDE899
:10DA8000F0810000DC010020906900202DE9F041C8
:10DA9000054609F011F82E4CA068401CA0602068D3
:10DAA0002C4F10B1606940B32DE02560A0680128BB
:10DAB00029D1002606EB860007EB800008F06EFFF8
:10DAC000761C072EF6D323488C3008F067FF2148D8
:10DAD000A03008F063FF1F48B43008F05FFF1D4816
:10DAE000C83008F05BFF1B48DC3008F057FF1948CE
:10DAF0008C3060631430A06305E02068E96AC06A76
:10DB0000884200D82560606A401C6062E96A012092
:10DB1000226988401043206101EB810007EB8000FF
:10DB2000291D08F061FF08F0E7FF606900280CD0AC
:10DB30002068E96AC06A884207D207494FF08050DE
:10DB40000860BFF34F8FBFF36F8FBDE8F081000017
:10DB5000DC010020B468002004ED00E030B4026C69
:10DB60000B46002A0BD0C1681144C1608468A142F1
:10DB700001D30168C16030BC1846D2F7D3BB30BCBA
:10DB800070472DE9F041856B174604460026026C6C
:10DB900082B1C7B1E068D2F7C5FBE168206C091A11
:10DBA000E1602268914202D2A168081AE060022F67
:10DBB00016D017E02068A8B9A06809F0D1FE064683
:10DBC0000020A0600EE06068D2F7ACFB216C6068BA
:10DBD00008446060A168884204D32068606001E066
:10DBE00005B16D1E6D1CA5633046BDE8F08110B512
:10DBF0000446006B08F094FF2046BDE8104008F092
:10DC00008FBF0000144E154CA6F1C8074FF0805886
:10DC1000DFF84C9012E000BF08F04EFFF068C568D6
:10DC2000281D08F05BFEA068401EA0606068401ED2
:10DC3000606008F061FF2846FFF7D9FF60680028A0
:10DC4000EAD138680128F9D9C9F80080BFF34F8FAD
:10DC5000BFF36F8FF2E700007C690020DC01002039
:10DC600004ED00E02DE9F0479A46DDE9098481469C
:10DC70006FF00303206B03EB82021044089E20F038
:10DC80000707780707D0502080F31188BFF34F8F24
:10DC9000BFF36F8FFEE7002561B1002023180A5CF7
:10DCA00083F834200A5C12B1401C1028F6D384F8A3
:10DCB000435001E084F83450072E00D30626E66274
:10DCC000C4E91165201D08F074FE04F1180008F085
:10DCD00070FE2461C6F107006462A061E56484F807
:10DCE000505052464946384600F07CF92060B8F161
:10DCF000000F01D0C8F80040BDE8F08730B51149E9
:10DD000000E011460A688242FBD34B685C188442EB
:10DD100003D1406818444860084643681C18944280
:10DD200009D1084C183C2468A24209D052681A4410
:10DD300042600A6812680260814200D0086030BD0B
:10DD40000460F9E73002002010B5044608F0B4FE84
:10DD5000A06B28B15FF0000408F0CEFE204610BD95
:10DD60000124F9E70648416B096829B1416BC9688C
:10DD7000C9684968816270474FF0FF31FAE70000D7
:10DD8000DC01002008484068401C4FF0500080F340
:10DD9000118804D0BFF34F8FBFF36F8FFEE7BFF33F
:10DDA0004F8FBFF36F8FFEE7380200202DE9F0415F
:10DDB000044608F081FE94F9455004F1240609E078
:10DDC000606A48B1304609F05DFE08B108F0C0FF56
:10DDD0006D1E6DB2002DF3DC4FF0FF3684F8456008
:10DDE00008F08AFE08F068FE94F9445004F1100728
:10DDF00009E0206948B1384609F044FE08B108F04E
:10DE0000A7FF6D1E6DB2002DF3DC84F84460BDE801
:10DE1000F04108F071BE00000149096808447047EC
:10DE2000580200202DE9F047022617460D46044609
:10DE300002296FD3206AA8426CD920784FF00109DB
:10DE4000012806D0022838D0032846D0042861D102
:10DE500043E0E16A05EB550801EB58212046FCF749
:10DE600055F9060056D1C8F3080020443C3008F1AB
:10DE70000108E90704D00178FAB262F31F1100E04B
:10DE80003946017084F80390E16A204601EB58217D
:10DE9000FCF73CF906003DD1C8F3080020443C30B3
:10DEA000E90702D0C7F3071105E00178C7F30322A1
:10DEB00001F0F001114301702AE0E06A00EB152146
:10DEC0002046FCF723F9060024D1E8B204EB400019
:10DED000B9B23C3000F029FF1AE0E06A00EBD5113E
:10DEE0002046FCF713F9060014D140F2FF1000EAB7
:10DEF0008500217805193C35042905D02846F9F715
:10DF000028FC67F31B0007462846394600F0E0FE70
:10DF100084F803903046BDE8F08700002DE9F04119
:10DF2000294E054600273068B0B108F0B3FF70698C
:10DF3000054243D1F5B30835680704D005F0070062
:10DF4000C0F108000544ADB37068854236D81E485C
:10DF5000183001460C6809E0502080F31188BFF3A7
:10DF60004F8FBFF36F8FFEE720460C466168A942D2
:10DF700002D221680029F7D131688C421ED007688F
:10DF80002168016060680837411B102904D96019B5
:10DF900041606560FFF7B2FE61687068401A7060AA
:10DFA000B268904200D2B060706901430020C4E9B9
:10DFB000000100E002E0F068401CF06009F09CFD08
:10DFC0003846BDE8F08100001802002004490868C6
:10DFD00018B10868826C521C82640868704700009F
:10DFE000DC01002010B5031F4FF080741C601B1F64
:10DFF00021F001011960191F044B0B6014390A60EC
:10E00000091F6FF0020244380A6010BD85DD020866
:10E0100070B5DC4D2868D0F805100220FCF774F9C3
:10E02000D94C02E00220FCF76FF920610028286833
:10E03000D0F80510F6D02069D2F79CF92868B0F81E
:10E0400005108AB2D0F801102069FDF745FE286856
:10E05000D0F80D100220FCF757F960610028F6D0C7
:10E060002868D0F80D106069D2F784F92868B0F8F4
:10E070000D108AB2D0F809106069FDF72DFE2868EE
:10E08000D0F815100220FCF73FF9A0610028F6D067
:10E090002868D0F81510A069D2F76CF92868B0F894
:10E0A00015108AB2D0F81110A069FDF715FE286886
:10E0B000D0F81D100220FCF727F9E0610028F6D007
:10E0C0002868D0F81D10E069D2F754F92868B0F834
:10E0D0001D108AB2D0F81910E069FDF7FDFD28681F
:10E0E000D0F825100220FCF70FF920620028F6D0A6
:10E0F0002868D0F82510206AD2F73CF92868B0F8D3
:10E1000025108AB2D0F82110206AFDF7E5FD2868B5
:10E11000D0F82D100220FCF7F7F860620028F6D046
:10E120002868D0F82D10606AD2F724F92868B0F872
:10E130002D108AB2D0F82910606AFDF7CDFD28684D
:10E14000D0F835100220FCF7DFF8A0620028F6D0E6
:10E150002868D0F83510A06AD2F70CF92868B0F812
:10E1600035108AB2D0F83110A06AFDF7B5FD2868E5
:10E17000D0F83D100220FCF7C7F8E0620028F6D086
:10E180002868D0F83D10E06AD2F7F4F82868B0F8B3
:10E190003D108AB2D0F83910E06AFDF79DFD28687D
:10E1A000D0F845100220FCF7AFF820630028F6D025
:10E1B0002868D0F84510206BD2F7DCF82868B0F852
:10E1C00045108AB2D0F84110206BFDF785FD286814
:10E1D000D0F84D100220FCF797F860630028F6D0C5
:10E1E0002868D0F84D10606BD2F7C4F82868B0F8F2
:10E1F0004D108AB2D0F84910606BFDF76DFD2868AC
:10E20000D0F855100220FCF77FF8A0630028F6D064
:10E210002868D0F85510A06BD2F7ACF82868B0F891
:10E2200055108AB2D0F85110A06BFDF755FD286843
:10E23000D0F85D100220FCF767F8E0630028F6D004
:10E240002868D0F85D10E06BD2F794F82868B0F831
:10E250005D108AB2D0F85910E06BFDF73DFD2868DB
:10E26000D0F865100220FCF74FF820640028F6D0A3
:10E270002868D0F86510206CD2F77CF82868B0F8D0
:10E2800065108AB2D0F86110206CFDF725FD286872
:10E29000D0F86D100220FCF737F860640028F6D043
:10E2A0002868D0F86D10606CD2F764F82868B0F870
:10E2B0006D108AB2D0F86910606CFDF70DFD28680A
:10E2C000D0F875100220FCF71FF8A0640028F6D0E3
:10E2D0002868D0F87510A06CD2F74CF82868B0F810
:10E2E00075108AB2D0F87110A06CFDF7F5FC2868A3
:10E2F000D0F87D100220FCF707F8E0640028F6D083
:10E300002868D0F87D10E06CD2F734F82868B0F8AF
:10E310007D108AB2D0F87910E06CFDF7DDFC28683A
:10E32000D0F885100220FBF7EFFF20650028F6D01B
:10E330002868D0F88510206DD2F71CF82868B0F84E
:10E3400085108AB2D0F88110206DFDF7C5FC2868D1
:10E35000D0F88D100220FBF7D7FF60650028F6D0BB
:10E360002868D0F88D10606DD2F704F82868B0F8EE
:10E370008D108AB2D0F88910606DBDE87040FDF74D
:10E38000ABBC0000A8000020F80000202DE9F047F9
:10E3900004008A4616D054F8047CD4F800903E1F3E
:10E3A000564500D956462046EDF7AAFB0546884655
:10E3B000324621465046F7F77FFD40B1C0F8009045
:10E3C000BDE8F087BDE8F0470846EDF7D1BB44E96A
:10E3D000017955B129686A18211F8A4202D9611B47
:10E3E000091F2960C5F80480EAE7024AC2F80080E4
:10E3F000E6E70000AC0500202DE9F0411F46144679
:10E400000E00054606D126A34FF4967231A13AA01C
:10E41000EDF726FB002D06D121A340F22D1240A1DD
:10E4200035A0EDF71DFB37B11DA34FF4977244A142
:10E4300031A0EDF715FB002D13D06868B04206D06F
:10E4400017A340F2351244A12BA0EDF709FB05F10B
:10E450001000074600F0D7FD38B17CB12146248971
:10E460000EE06FF00500BDE8F081B4B121893046BF
:10E4700004F0EAFD2046FEF7AFFB0EE03E49002423
:10E48000384600F0B6FD10B14FF0FF30EBE76B6A95
:10E490001BB122460021284698470020E3E70000F0
:10E4A0002E2E2F4D6964646C6577617265732F54ED
:10E4B000686972645F50617274792F4C7749502F8C
:10E4C0007372632F6170692F6170695F6D73672E5E
:10E4D00063000000726563765F746370206D75730E
:10E4E00074206861766520612070636220617267C4
:10E4F000756D656E74000000417373657274696FA9
:10E500006E2022257322206661696C656420617427
:10E51000206C696E6520256420696E2025730A00D1
:10E52000726563765F746370206D757374206861C3
:10E53000766520616E20617267756D656E7400008E
:10E5400065727220213D204552525F4F4B20756EFF
:10E5500068616E646C656400726563765F74637095
:10E560003A207265637620666F722077726F6E67ED
:10E570002070636221000000467D03082DE9F0470A
:10E58000DDF820801F4616460C00054605D124A361
:10E59000E52230A138A0EDF763FA002D28D0686895
:10E5A000A04205D01EA3EE223DA133A0EDF758FAFC
:10E5B00005F11000814600F026FD00281ED006203F
:10E5C000FBF752FD040019D026606660002F1AD0B8
:10E5D0003868A060A4F80C8036892146484600F0CF
:10E5E00008FD002811D02046BDE8F047FBF79CBE8F
:10E5F0000BA3E62232A120A0EDF732FA3046BDE8A7
:10E60000F047FEF7E9BA0020E3E76B6A002B05D07C
:10E6100032462846BDE8F04700211847BDE8F0879C
:10E620002E2E2F4D6964646C6577617265732F546B
:10E63000686972645F50617274792F4C7749502F0A
:10E640007372632F6170692F6170695F6D73672EDC
:10E6500063000000726563765F756470206D75738A
:10E660007420686176652061207063622061726742
:10E67000756D656E74000000417373657274696F27
:10E680006E2022257322206661696C6564206174A6
:10E69000206C696E6520256420696E2025730A0050
:10E6A000726563765F7564703A2072656376206682
:10E6B0006F722077726F6E672070636221000000B6
:10E6C000726563765F756470206D75737420686120
:10E6D000766520616E20617267756D656E740000ED
:10E6E0002DE9F0478A460568904607460E46D14612
:10E6F000022938D3286AB04235D9B8F1000F0DD0BD
:10E700002878042802D1F879022807D04FF0FF3288
:10E7100041462846FFF786FB002825D1314638467A
:10E72000F5F77CFE040036D0012C1CD0601C1DD0F7
:10E730002878042806D0002231462846FFF772FBCD
:10E74000002811D1D5E90701891E884205D2401C55
:10E75000E861287940F00100287109F10100A04228
:10E7600006D1A14613E00220BDE8F0870120FBE7B7
:10E770002878042809D1A9EB0A025146002328462B
:10E78000521CEFF707FD0028EED1A146CA46286AC1
:10E790002646B042C2D82878042811D1B8F1000F1B
:10E7A00003D0F879032802D00AE0002007E0B86817
:10E7B000404505D8B9690144414501D30220F871AB
:10E7C0000020D1E72DE9FF5F054631489346894691
:10E7D0000468E81705EB507A05F00700012707FAEF
:10E7E00000F651E0E06908BB62690020FAB1DDF88B
:10E7F0000CE0A36918E000BF02EBC001D1F800C033
:10E80000AC4510D1B9F1000F04D091F804C05FEA13
:10E81000CC7C33D1BBF1000F02D0097989072DD40C
:10E820005FEA0E012AD1401C8342E5D82BE0B9F102
:10E83000000F09D0A16839B1042D05D201EBEA011E
:10E840000978314200D00120BBF1000F0AD048B94D
:10E85000E16839B1042D05D201EBEA0109783142B2
:10E8600000D00120039941B140B9206958B1042D6D
:10E8700009D200EBEA000078304020B104F120001A
:10E88000E76100F0F8FB2468002CABD1BDE8FF9FE6
:10E89000440200202DE9F8430D4606464FF4167158
:10E8A0000120FBF731FD804601223146F4F7AEF935
:10E8B000020003D0314632A0EDF7D2F84FF4907148
:10E8C0000120FBF721FD044601463046F4F72EFDFA
:10E8D000020003D0314633A0EDF7C2F8002704B19F
:10E8E000276821460120FBF7E1FC4FF480710120ED
:10E8F000FBF70AFD044634A13046D1F746FDF5F793
:10E900001BFC02463B4631492046EDF7D1F8204634
:10E91000D1F763FD0246002321462846FAF796FC0C
:10E920004FF4806739460120FBF7EEFC06460120D4
:10E9300000906B463A4631464046F4F721FB0023EF
:10E9400031462846009AFAF781FC002803DC20A013
:10E95000FEF70CFC02E000980028EAD14046F3F7ED
:10E960009DFB21460120FBF7A1FC41460120FBF75E
:10E970009DFC31460120FBF799FCBDE8F8830000BF
:10E980004661696C656420746F206F70656E2066E7
:10E99000696C653A25732072657475726E3A2564E8
:10E9A0000A0000004661696C656420746F20676529
:10E9B000742066696C653A2573207374617475738D
:10E9C0003A2025640A0000002E00000038A5030844
:10E9D00073656E64206661696C65640070B5154688
:10E9E000040005D0607801280AD004280DD010E07A
:10E9F00013A340F293121FA122A0EDF731F81DE0FE
:10EA000001212046F9F782FF03E001212046F9F7B2
:10EA10008FFB606890B1B0F86410B1F5866F0DD3CC
:10EA2000B0F86600052809D2207F00F0EF002077BB
:10EA3000636A1BB12A46022120469847002070BD18
:10EA40002E2E2F4D6964646C6577617265732F5447
:10EA5000686972645F50617274792F4C7749502FE6
:10EA60007372632F6170692F6170695F6D73672EB8
:10EA700063000000636F6E6E20213D204E554C4CAC
:10EA800000000000417373657274696F6E20222567
:10EA90007322206661696C6564206174206C696E04
:10EAA0006520256420696E2025730A0010B544682E
:10EAB0000146204600F0C4FD0949204604F01AFA38
:10EAC0000849204604F056FF02220749204603F079
:10EAD00045FA2046BDE81040044901F031BA000073
:10EAE000F9E30208DDE90208C1D30208A10E020819
:10EAF00001B582B04FF47A700090012301AA02A9F7
:10EB00000248E8F70FFF9DF804000EBD38660020AC
:10EB10000B4910B50A68136823F0400313600A68B4
:10EB200013684FF6C774234013600A68136843EAFA
:10EB3000C00010600868016841F04001016010BD2C
:10EB4000386600202DE9F04350488DB0002401685C
:10EB500041F040010160016801F040010C91016841
:10EB600041F008010160016801F008010C910168A1
:10EB700041F008010160016801F008010C9143496E
:10EB800008310A6842F001020A60096801F00101D7
:10EB90000C91016841F008010160016801F0080171
:10EBA0000C91016841F010010160016801F0100151
:10EBB0000C91016841F020010160016801F0200121
:10EBC0000C91016841F0400101600068022500F0ED
:10EBD00040000C904FF4806001278DE8A1000C20CC
:10EBE000CDE90350DFF8A89069464846E7F74EFAAA
:10EBF0002020DFF8A080009069464046E7F746FAFB
:10EC00001026694640460096E7F740FA4FF6037033
:10EC10008DE8A100694640460395E7F737FA4FF6BD
:10EC20008370009069461C48E7F730FA4FF23F00C6
:10EC3000009069461948E7F729FA3F200090694695
:10EC40004846E7F723FA16484FF0204105AA01602D
:10EC5000144941600421C0E90214C0E904468461FA
:10EC60008902C461C0E90941C462046344638463E6
:10EC70000820CDE9064005950894114608480B94F4
:10EC8000E8F741FF0DB0BDE8F083000030380240E6
:10EC900000180240000C0240001002400014024024
:10ECA000E0320020040100A070B50C46064615466F
:10ECB00091B204F11A0000F038F83078032806D138
:10ECC000290C04F11400BDE8704000F02EB870BDAE
:10ECD0000170090A4170090A8170090AC170704700
:10ECE00010B5110A027041EA036141701A0A090A5B
:10ECF00041EA02618170120A090A41EA0261C170A7
:10ED0000120A090A41EA02610171120A090A41EA7A
:10ED100002614171120A090A41EA0261120A817113
:10ED2000090A41EA0261C17110BD0170090A41700E
:10ED300070472DE9F041054600680669304608F045
:10ED40003DFF0146B01CFFF7F0FF777828467F1C97
:10ED5000E96CF1F71BFF04464FF0010815E0A96BC1
:10ED60002868FBF7D3F9040011D120223146E86B63
:10ED7000FAF7AFFD29687F1E81F803800CD00021CF
:10ED800028462036F1F7E9FC0446002CE7D0012C98
:10ED900002D00220BDE8F0812046FBE701460020BA
:10EDA0000B22430803EBC01011F8013B521E18441C
:10EDB000C0B2F6D17047000070B5044600F040F8CC
:10EDC000050036D1207803282CD12079012829D1BB
:10EDD000420204F13C0000210646FAF7EFFF4AF632
:10EDE000552104F23A20FFF7A0FF13493046FFF700
:10EDF0006FFF124904F50870FFF76AFF04F5097008
:10EE0000E169FFF765FF04F50A70A169FFF760FF8C
:10EE1000A26A0123521CA26360783146F1F73EFFDB
:10EE200000202071002260781146F1F70FFF00B139
:10EE30000125284670BD0000525261417272416145
:10EE40002DE9F0410446C0780027F8B1A56B04F124
:10EE50003C01607801232A468846F1F71FFF08B17C
:10EE6000012713E00020E070E06A616A281A8842F6
:10EE70000CD2A67808E0606A0123054460782A462F
:10EE80004146F1F70BFF761E022EF4D23846BDE85C
:10EE9000F0812DE9FE4317460D460646FDF78FF833
:10EEA000316804464FF0FF387FB13A466846FDF7B7
:10EEB000A3F8DDE90010102902D04046BDE8FE832A
:10EEC0002860FDF77CF8001BF8E742466846FDF72E
:10EED00093F80198F4E73EB50C46016800226846B5
:10EEE000FDF78AF8DDE90010102902D04FF0FF305D
:10EEF0003EBD206000203EBD044810B54FF0FF31FC
:10EF00000068FDF72BF9012010BD0000F40200207D
:10EF10002DE9F0410F460546FDF751F804464FF044
:10EF2000FF363FB139462868FDF792F940B13046C7
:10EF3000BDE8F08131462868FDF78AF90028F9D14B
:10EF4000FDF73DF8001BF3E701480068FDF7DEB868
:10EF5000F40200202DE9F04100F070F80D4C054658
:10EF60004FF000472168002911D048682A1ABA4298
:10EF70000DD20A682260D1E90262606090460A20E0
:10EF8000FBF71EF8002EEDD04046B047EAE7BDE89B
:10EF9000F0810000BC02002010B50348FDF7B3F873
:10EFA0000249086010BD0000607E0308F4020020E2
:10EFB00010B504460068FDF797F82068BDE81040DA
:10EFC000FDF70DB81CB5044607488068CDE9001070
:10EFD00000216846FCF7FFFF206008B100201CBD3F
:10EFE0004FF0FF301CBD0000607E0308002101606F
:10EFF000704710B500680022FDF748F8002801D0DE
:10F000004FF0FF3010BD0068002800D0012070478D
:10F0100000684FF0FF31FDF7A1B838B50446002075
:10F0200000906846FDF76FF8206008B1002038BDF9
:10F030004FF0FF3038BD0068FDF768B8E7F72EB92C
:10F040000068FDF7D0B838B5054600200C460090A2
:10F0500001216846FDF7B4F8286008B11CB105E04D
:10F060004FF0FF3038BD0021FDF7F2F8002038BD29
:10F070000021016070470068FDF7C2B800680028F1
:10F0800000D0012070472DE9F04186B00F460646BA
:10F090001D469046142168460C9CD1F76BF9CDE9CA
:10F0A0000067ADF80840414668460495FDF702F94F
:10F0B00006B0BDE8F081000070B515460E46044666
:10F0C000B0F1804F06D308A340F2291213A121A06A
:10F0D000ECF7C6FCFFF7B2FF20442A463146BDE8F4
:10F0E000704000F04BB800002E2E2F4D6964646C08
:10F0F0006577617265732F54686972645F506172DD
:10F1000074792F4C7749502F7372632F636F726538
:10F110002F74696D656F7574732E630054696D6526
:10F120006F75742074696D6520746F6F206C6F6EDD
:10F13000672C206D6178206973204C5749505F55CA
:10F14000494E5433325F4D41582F34206D736563FF
:10F1500073000000417373657274696F6E2022251D
:10F160007322206661696C6564206174206C696E2D
:10F170006520256420696E2025730A0070B5044659
:10F1800015460E460A20FAF76FFF78B10021C560D8
:10F19000104A80E85200116831B14B68E51A4FF00F
:10F1A00000439D4212D30160106070BDBDE8704005
:10F1B00009A3BE2215A125A0ECF752BC5568651B1A
:10F1C0009D4202D30260086070BD11460A68002AA1
:10F1D000F8D0F3E7BC0200202E2E2F4D6964646C3A
:10F1E0006577617265732F54686972645F506172EC
:10F1F00074792F4C7749502F7372632F636F726548
:10F200002F74696D656F7574732E63007379735F06
:10F2100074696D656F75743A2074696D656F757486
:10F2200020213D204E554C4C2C20706F6F6C204D92
:10F23000454D505F5359535F54494D454F555420E8
:10F24000697320656D707479000000004173736507
:10F250007274696F6E2022257322206661696C6565
:10F2600064206174206C696E6520256420696E20BD
:10F2700025730A0070B5074D012400BF05EBC402D9
:10F2800055F834000449FFF717FF641C052CF5D32B
:10F2900070BD0000307E03080D7F020810B5084CD9
:10F2A000206848B1FFF7CAFE21684968081AB0F122
:10F2B000004F00D3002010BD4FF0FF3010BD000004
:10F2C000BC0200202DE9FF5F8946040003D0207DA9
:10F2D00001280AD010E004B03AA3BDE8F05F40F284
:10F2E0003D2244A14AA0ECF7BBBB36A34FF41072F9
:10F2F00051A147A0ECF7B4FB207D0A283ED0216D38
:10F3000003910025DFF86481D4F824B0D4F810A06C
:10F31000D4F890602F4680B34D46E78A214608F125
:10F32000180002F053FD012188F80010206F08B189
:10F3300004F03AFAE06E08B104F036FA606F08B1F2
:10F3400004F032FA55B1208B211D0091CDE90170F6
:10F3500023465A461846039904F038F9204600F02F
:10F3600077FE002E2CD004B05046B446BDE8F04FD6
:10F370006FF00C015DF804EB60470AE03B48214662
:10F380001C3002F023FD04B02046BDE8F05F00F021
:10F390005FBEE08A0028C9D0D8F81000A0420AD188
:10F3A000C068C8F8100008E0C168A14202D1E16855
:10F3B000C16002E008460028F6D10020E060B5E711
:10F3C000BDE8FF9F2E2E2F4D6964646C65776172D6
:10F3D00065732F54686972645F50617274792F4C41
:10F3E0007749502F7372632F636F72652F74637048
:10F3F0002E6300007463705F6162616E646F6E3AC9
:10F4000020696E76616C69642070636200000000A0
:10F41000417373657274696F6E20222573222066B2
:10F4200061696C6564206174206C696E6520256477
:10F4300020696E2025730A00646F6E277420636153
:10F440006C6C207463705F61626F72742F74637090
:10F450005F6162616E646F6E20666F72206C6973AB
:10F4600074656E2D706362730000000078020020E6
:10F470000121FFF727BF002803D0027D012A00D118
:10F480008161704710B50C0006D106A340F20F321F
:10F4900010A118A0ECF7E4FA2046FFF7E9FF6FF09F
:10F4A0000C0010BD2E2E2F4D6964646C657761725F
:10F4B00065732F54686972645F50617274792F4C60
:10F4C0007749502F7372632F636F72652F74637067
:10F4D0002E6300007463705F6163636570745F6EB8
:10F4E000756C6C3A20696E76616C69642070636239
:10F4F00000000000417373657274696F6E202225ED
:10F500007322206661696C6564206174206C696E89
:10F510006520256420696E2025730A002DE9F041DD
:10F5200006460120FAF7A0FD424D04005BD1A86910
:10F5300009E0418BC4680A0704D521F00801418322
:10F5400000F066FA20460028F3D100221146EC684C
:10F55000E86906E0036AE31A934201D31A460146BA
:10F56000C0680028F6D111B10846FFF781FF0120DD
:10F57000FAF77AFD040036D1092001F071FA012072
:10F58000FAF772FD04002ED1082001F069FA01207B
:10F59000FAF76AFD040026D17F2E01D97F2001E011
:10F5A00030001BD0401EC1B200231A46EC68A86987
:10F5B0000EE0477D8F4206D309D1D0F820C0A4EBDE
:10F5C0000C0C9C4503D3016A0246631A3946C06895
:10F5D0000028EED112B11046FFF74AFF0120FAF7DA
:10F5E00043FD040023D09C21D0F7C4FE4FF4866075
:10F5F0006675A4F86400410061852185FF21E172F0
:10F60000411061860621A4F84010E187C91F2186B8
:10F610000121A4F84810E9682162A978A177A4F82B
:10F620004A000548C4F884000448C4F89400204601
:10F63000BDE8F08178020020992F030800DD6D00FD
:10F64000002800D0016170472DE9F0410D0004460B
:10F650004FF0040300D1264D002C0DD0207D002852
:10F6600014D024A340F2AB222EA138A0ECF7F8F975
:10F670006FF00500BDE8F0811EA340F2A9223DA174
:10F6800032A0ECF7EDF96FF00F00F3E732B13F4E27
:10F69000002100BF56F82100006817E001F08CFC43
:10F6A000020018D1801EE5E7C78A97420DD148B104
:10F6B00007683FB135B1D5F800C0BCF1000F01D0EB
:10F6C000674502D16FF00700D4E7C0680028EBD18E
:10F6D000491C9942DEDB15B1286800B120602C4836
:10F6E000E2820169E160046104F002FE0020C1E7EA
:10F6F000587E03082E2E2F4D6964646C6577617205
:10F7000065732F54686972645F50617274792F4C0D
:10F710007749502F7372632F636F72652F74637014
:10F720002E6300007463705F62696E643A206361E7
:10F730006E206F6E6C792062696E6420696E207332
:10F740007461746520434C4F5345440041737365A5
:10F750007274696F6E2022257322206661696C6560
:10F7600064206174206C696E6520256420696E20B8
:10F7700025730A007463705F62696E643A20696E73
:10F7800076616C696420706362000000207E03086B
:10F790007802002010B558B1017D012903D0418BBA
:10F7A00041F010014183BDE81040012100F042B852
:10F7B00004A34FF4F4720FA114A0ECF751F96FF009
:10F7C0000F0010BD2E2E2F4D6964646C6577617239
:10F7D00065732F54686972645F50617274792F4C3D
:10F7E0007749502F7372632F636F72652F74637044
:10F7F0002E6300007463705F636C6F73653A2069F9
:10F800006E76616C69642070636200004173736599
:10F810007274696F6E2022257322206661696C659F
:10F8200064206174206C696E6520256420696E20F7
:10F8300025730A00FEB50D46040006D145A34FF41A
:10F84000AF7250A157A0ECF70BF928005F4D4FF0B5
:10F8500000064FF001073ED0207D042801D0072884
:10F8600039D1A06F18B9208DB0F5066F33D0A07EC6
:10F87000C00606D437A34FF4B27255A149A0ECF7E5
:10F88000EFF8228BE18A201D8DE8070023461846F9
:10F89000626A216D03F09AFE204602F031FAA869EF
:10F8A000A04209D1C068A86108E0C168A14202D1A4
:10F8B000E168C16002E008460028F6D14B48E660E6
:10F8C0002F700068A04202D104F0BCFD38E0204651
:10F8D00000F0BEFB34E0207D40B101281AD00228A0
:10F8E00030D02046BDE8FE4000F092B8E08A002803
:10F8F000EDD02869A04209D1C068286108E0C1683C
:10F90000A14202D1E168C16002E008460028F6D1B8
:10F91000E660DCE7204601F001F92C48214614306E
:10F9200002F054FA207D012806D1314BDF2231A1AB
:10F9300003F14400ECF794F821460220FAF740FB6B
:10F940000020FEBD21482146183002F03FFA2F70FA
:10F95000BDE700002E2E2F4D6964646C65776172DF
:10F9600065732F54686972645F50617274792F4CAB
:10F970007749502F7372632F636F72652F746370B2
:10F980002E6300007463705F636C6F73655F7368F0
:10F990007574646F776E3A20696E76616C69642065
:10F9A00070636200417373657274696F6E20222503
:10F9B0007322206661696C6564206174206C696ED5
:10F9C0006520256420696E2025730A0078020020D6
:10F9D0007063622D3E666C61677320262054465F1B
:10F9E0005258434C4F53454400000000B8020020D9
:10F9F000740003087463705F667265655F6C697399
:10FA000074656E3A20214C495354454E0000000065
:10FA100070B5050006D116A34FF4CE7220A123A025
:10FA2000ECF71EF8287D0526032804D0042802D010
:10FA3000072816D106E0284603F036FF040006D159
:10FA40002E7509E0284603F02FFF040002D0601C49
:10FA500009D004E009202875284601F0AFFB2046B4
:10FA600070BD002070BD688B40F008006883F8E727
:10FA70002E2E2F4D6964646C6577617265732F5407
:10FA8000686972645F50617274792F4C7749502FA6
:10FA90007372632F636F72652F7463702E6300003F
:10FAA00070636220213D204E554C4C0041737365BC
:10FAB0007274696F6E2022257322206661696C65FD
:10FAC00064206174206C696E6520256420696E2055
:10FAD00025730A002DE9F047DDF820809A4691460B
:10FAE0000D46070005D12DA3A32239A140A0EBF7B5
:10FAF000B7FF002D05D129A3A42247A13CA0EBF715
:10FB0000AFFF5FEAC87001D0042600E000260320A2
:10FB1000FAF7AAFA04001CD084F80A804FF0000813
:10FB2000C4E900852889B04205D21CA3B02243A1B4
:10FB30002FA0EBF795FF28891421801B20812846F0
:10FB4000FCF7D1FB48B1204603F020FE0020BDE8C1
:10FB5000F0872846FDF740F8F8E760684068E06005
:10FB6000F88AF8F7F3F9E1680880388BF8F7EEF9CE
:10FB7000E16848805046F8F7E7F9E1684860B00866
:10FB8000000300F5A04040EA0900F8F7DFF9E1685A
:10FB90008881E1682046A1F81280D8E72E2E2F4DEB
:10FBA0006964646C6577617265732F546869726407
:10FBB0005F50617274792F4C7749502F7372632FA5
:10FBC000636F72652F7463705F6F75742E630000CE
:10FBD0007463705F6372656174655F7365676D659B
:10FBE0006E743A20696E76616C696420706362009D
:10FBF000417373657274696F6E20222573222066CB
:10FC000061696C6564206174206C696E652025648F
:10FC100020696E2025730A007463705F63726561EA
:10FC200074655F7365676D656E743A20696E7661A1
:10FC30006C6964207062756600000000702D3E746F
:10FC40006F745F6C656E203E3D206F70746C656EE6
:10FC50000000000070B50C460546002A06D10BA333
:10FC600040F6C50215A11FA0EBF7FAFE5CB1218D8D
:10FC700049B1282902D928398CB200E00024A542D4
:10FC800000D22C462546284670BD00002E2E2F4D52
:10FC90006964646C6577617265732F546869726416
:10FCA0005F50617274792F4C7749502F7372632FB4
:10FCB000636F72652F7463702E6300007463705FEE
:10FCC0006566665F73656E645F6D73735F6E6574A2
:10FCD00069663A20696E76616C6964206473745F4A
:10FCE00069700000417373657274696F6E2022251C
:10FCF0007322206661696C6564206174206C696E92
:10FD00006520256420696E2025730A002DE9F843DB
:10FD1000044600250E46880706D13FA340F2114253
:10FD20004A494BA0EBF79CFE002C06D13AA340F2C7
:10FD3000134251A146A0EBF793FEB00700D5012571
:10FD4000E80700D00420804601464FF42072362098
:10FD5000FCF72CFB07004FF0FF3929D0798941458A
:10FD600006D22DA340F239424BA139A0EBF778FE21
:10FD70000095324639462046E36DFFF7ABFE05009D
:10FD800016D0287B800706D023A340F2424251A11F
:10FD90002FA0EBF765FE2889002806D01EA340F2AD
:10FDA000434252A12AA0EBF75BFEE06E38B109E0B6
:10FDB000608B40F0800060834846BDE8F883E566CC
:10FDC00004E0084601680029FBD105600020A4F882
:10FDD0006800B00702D0E06D401CE065F00703D07A
:10FDE000608B40F0200060836868FCF722FDB4F867
:10FDF000661008440004000CA4F866000AD0206FC6
:10FE000040B9E06E30B904A340F2654242A110A0AF
:10FE1000EBF726FE0020D0E72E2E2F4D6964646C90
:10FE20006577617265732F54686972645F5061729F
:10FE300074792F4C7749502F7372632F636F7265FB
:10FE40002F7463705F6F75742E63000018A703082A
:10FE5000417373657274696F6E2022257322206668
:10FE600061696C6564206174206C696E652025642D
:10FE700020696E2025730A007463705F656E71756A
:10FE80006575655F666C6167733A20696E76616C53
:10FE900069642070636200007463705F656E7175E1
:10FEA0006575655F666C6167733A20636865636B4F
:10FEB000207468617420666972737420706275665C
:10FEC0002063616E20686F6C64206F70746C656E67
:10FED000000000007365672D3E74637068647220D3
:10FEE0006E6F7420616C69676E6564007463705F27
:10FEF000656E71756575655F666C6167733A2069DB
:10FF00006E76616C6964207365676D656E74206CD4
:10FF1000656E6774680000007463705F656E71756C
:10FF20006575655F666C6167733A20696E76616CB2
:10FF30006964207175657565206C656E677468000D
:10FF400070B50D4604000BD0207D012806D105A315
:10FF500040F60D020FA119A0EBF782FDC4F89050F6
:10FF600070BD00002E2E2F4D6964646C6577617240
:10FF700065732F54686972645F50617274792F4C95
:10FF80007749502F7372632F636F72652F7463709C
:10FF90002E630000696E76616C696420736F636B19
:10FFA000657420737461746520666F722065727267
:10FFB0002063616C6C6261636B0000004173736568
:10FFC0007274696F6E2022257322206661696C65E8
:10FFD00064206174206C696E6520256420696E2040
:10FFE00025730A0070B5194DA878401CA870AC693B
:10FFF00028E0A17FA878814223D0A077608BC10739
:020000040803EF
:1000000009D040F002006083204601F0D7F8608BF1
:1000100020F00300608380B2010705D520F00800BE
:1000200060832046FFF7F4FCE668A06F38B100203B
:100030002870204602F05AFA28780028D7D1344692
:1000400000E0E468002CD4D170BD000078020020EC
:1000500010B50446007D012805D106A3D42211A1C4
:1000600015A0EBF7FDFC2146BDE810400120F9F793
:10007000A7BF00002E2E2F4D6964646C65776172F6
:1000800065732F54686972645F50617274792F4C84
:100090007749502F7372632F636F72652F7463708B
:1000A0002E6300007463705F667265653A204C4988
:1000B0005354454E00000000417373657274696FBC
:1000C0006E2022257322206661696C65642061744C
:1000D000206C696E6520256420696E2025730A00F6
:1000E0002DE9F04799460C460646224F2AE0254660
:1000F000D5E90040FCF79DFBB6F866108046414507
:1001000006D21DA340F2574228A132A0EBF7A8FC6B
:1001100036F8661FA1EB0800308028893989084429
:100120003881284603F032FB36F86609002809D0EA
:1001300054EA090006D110A340F261422FA125A084
:10014000EBF78EFC94B1E0684068F7F7FDFE0546DA
:10015000E0688089F7F7FAFE800700D00120218946
:1001600028440844B969401A0028C0DD2046BDE88B
:10017000F0870000980200202E2E2F4D6964646CD9
:100180006577617265732F54686972645F5061723C
:1001900074792F4C7749502F7372632F636F726598
:1001A0002F7463705F696E2E630000007063622DB0
:1001B0003E736E645F71756575656C656E203E3D5E
:1001C00020706275665F636C656E286E6578742D4D
:1001D0003E702900417373657274696F6E20222529
:1001E0007322206661696C6564206174206C696E9D
:1001F0006520256420696E2025730A007463705F92
:10020000726563656976653A2076616C6964207110
:1002100075657565206C656E6774680010B5044679
:10022000406F002803D003F0BFFA0020606710BDC4
:100230000849C888421CCA800A6912B18B88984252
:1002400003D2C9681431085C7047C01AC0B2105C90
:10025000704700009802002010B5D0F751F803490C
:10026000C0F30D0000F54040888010BD78020020EA
:100270002DE9FE4F040005D1DEA38322EAA1F0A000
:10028000EBF7EEFBF84D6068E860608914287DD3D9
:10029000F64E31687069F5F737FE002876D1307D6B
:1002A000B046C0F303100E2870D0E8688089F7F7D5
:1002B0004DFE000B81001429E9D320898842E6D342
:1002C000A1F1140080B268804FF0000AC5F810A0B8
:1002D00062898A4204D3A8802046FCF763FE32E09C
:1002E000206828B9C3A3C222E1A1D5A0EBF7B8FBCF
:1002F00014212046FCF756FE6189A9806888401ABF
:1003000086B22046FCF74EFE20684189B142BED33A
:10031000416829613146FCF745FE2089801B208118
:10032000608928B1B3A3DF22D5A1C5A0EBF798FB64
:10033000216820890989884205D0AEA3E022D3A193
:10034000BFA0EBF78DFBE8680088F7F7FFFD0146DB
:10035000E86801804088F7F7F9FD0146E8684180C8
:100360004068F7F7F1FD0146E8684160696180681F
:10037000F7F7EAFD0146E8688160A961C089F7F7EF
:10038000E5FD0146E868C181808900E08CE0F7F76F
:10039000DDFD00F03F01297020896881890704D0C4
:1003A000411C89B2698188427ED8DFF8009300271A
:1003B000D9F8006083E0307D28B98EA3FB22BCA170
:1003C0009FA0EBF74DFB307D0A2805D189A3FC22C5
:1003D000C1A19BA0EBF744FB307D012805D185A38B
:1003E000FD22C8A196A0EBF73BFB307A38B1D8F8D4
:1003F000041091F83410491CC9B288425DD1E868F4
:10040000318B0288914258D1F18A4088814254D17F
:100410007168D8F8102091424FD13168D8F8140093
:1004200081424AD1F068B04206D172A340F20D1267
:10043000BEA183A0EBF714FB37B1F068F860D9F8E0
:100440000010F160C9F80060F068B04206D169A3FD
:1004500040F21512C0A17AA0EBF702FB96B3DFF8C9
:1004600024835746C8F800A02189A8F80810C8F8C6
:100470000440E968C8F80C10C5F81CA085F801A074
:10048000A5F808A02878000703D5607B40F001009C
:100490006073B06F002878D0304602F027F80D3036
:1004A00007D0B06F002800E0F5E16ED06889002821
:1004B0006BD0708D002864D0CCE13746F668002EF2
:1004C0007FF479AFB04840F21F194646076827E02D
:1004D000387D0A2805D047A34A46ACA158A0EBF7BF
:1004E000BFFA387A30B1716891F83410491CC9B23A
:1004F000884214D1E8683A8B01888A420FD1F98A80
:10050000408881420BD178683169884207D13868C8
:100510007169884203D1384603F004FFBBE1FF68EC
:10052000002FD5D1A54B0021EF681868D6F80490AC
:100530000246D6F8148016E0067A3EB199F834C027
:100540000CF1010C0CF0FF0C66450AD1C68AB7F815
:1005500002C0664505D10668464507D0002804D08C
:1005600036B10146C0680028E6D17FE100283FD0BF
:1005700019B1C568CD60C260186000F007FB8AE160
:1005800003E0304603F01AF964E130462E6201F0D0
:100590004BFD0D3011D068782C4600070ED5D6F8EB
:1005A00090201AB16FF00D013069904731463F48F5
:1005B00001F00CFC3046FFF74BFD4BE1228942B1C4
:1005C000D6F8803023B13146306998470D300CD0D1
:1005D0002781304600F074F938B9E06930B1B06F66
:1005E00028B104A34FF4F372EAE033E10EE1ECE04A
:1005F0003CE100002E2E2F4D6964646C65776172BA
:1006000065732F54686972645F50617274792F4CFE
:100610007749502F7372632F636F72652F74637005
:100620005F696E2E630000007463705F696E7075A1
:10063000743A20696E76616C696420706275660038
:10064000417373657274696F6E2022257322206670
:1006500061696C6564206174206C696E6520256435
:1006600020696E2025730A0098020020E4690020AA
:10067000702D3E6E65787420213D204E554C4C0007
:10068000702D3E6C656E203D3D203000702D3E7417
:100690006F745F6C656E203D3D20702D3E6E6578F9
:1006A000742D3E746F745F6C656E000090020020C4
:1006B0007463705F696E7075743A206163746976F3
:1006C00065207063622D3E737461746520213D2046
:1006D000434C4F53454400007463705F696E7075FE
:1006E000743A20616374697665207063622D3E738D
:1006F0007461746520213D2054494D452D57414971
:10070000540000007463705F696E7075743A206104
:100710006374697665207063622D3E7374617465DD
:1007200020213D204C495354454E00007463705FB6
:10073000696E7075743A207063622D3E6E657874D0
:1007400020213D2070636220286265666F726520FB
:1007500063616368652900007463705F696E70751A
:10076000743A207063622D3E6E65787420213D20BE
:1007700070636220286166746572206361636865D6
:1007800029000000FC690020940200207463705F5F
:10079000696E7075743A2054494D452D574149543E
:1007A000207063622D3E7374617465203D3D20545A
:1007B000494D452D57414954000000008C0200204E
:1007C00037A1AFF28410EBF74BF9B07EC00606D527
:1007D000E069FCF701FA3046FEF74AFE3AE0D6F847
:1007E00084C0BCF1000F05D0002330693146E269B6
:1007F000E04705E0002331461846E26902F0CCFBF1
:1008000010F10D0F26D008B1E069B067607880065E
:1008100018D5B06F20B1417B41F02001417311E048
:10082000308DB0F5066F01D0401C3085D6F884C0FD
:10083000BCF1000F06D000231A4631463069E0476C
:100840000D3007D03046276200F03AF810B9304634
:1008500000F0B4FC2F62EF61D8F804004446002891
:1008600002D0FCF7B9F96760BDE8FE8FB889F7F7E9
:100870006DFB40070FD4E868104A104B0188408890
:100880000092CDE90101698968691B1D42180020A9
:10089000A96902F09BFE2046BDE8FE4FFCF79CB91B
:1008A0007063622D3E726566757365645F64617422
:1008B00061203D3D204E554C4C000000F469002065
:1008C00010B5040006D110A340F25A221BA125A0A6
:1008D000EBF7C6F82D484078C00612D5A07EC006BA
:1008E00006D4D4F890201AB16FF00E012069904719
:1008F0002146274801F06AFA2046FFF7A9FB0120AC
:1009000010BD002010BD00002E2E2F4D6964646CB8
:100910006577617265732F54686972645F506172A4
:1009200074792F4C7749502F7372632F636F726500
:100930002F7463705F696E2E630000007463705FD4
:10094000696E7075745F64656C617965645F636C12
:100950006F73653A20696E76616C696420706362BA
:1009600000000000417373657274696F6E20222568
:100970007322206661696C6564206174206C696E05
:100980006520256420696E2025730A0098020020E6
:100990009002002070B504004FF0000606D112A3AB
:1009A00040F624021DA124A0EBF75AF8206D401E4A
:1009B000F7F7CAFA034600223146204600F06EFDE2
:1009C00005000DD0014633460022204600F0C4FE4B
:1009D0002246231D2946BDE87040104600F04CBE5B
:1009E0004FF0FF3070BD00002E2E2F4D6964646CF7
:1009F0006577617265732F54686972645F506172C4
:100A000074792F4C7749502F7372632F636F72651F
:100A10002F7463705F6F75742E6300007463705F72
:100A20006B656570616C6976653A20696E76616C9C
:100A30006964207063620000417373657274696F4A
:100A40006E2022257322206661696C6564206174C2
:100A5000206C696E6520256420696E2025730A006C
:100A600070B50446082808D0092C06D010A340F21F
:100A7000DD621BA11EA0EAF7F3FF274B0021084609
:100A80009A69DB6809E0157DA54205D1156A5D1BF1
:100A90008D4201D329461046D268002AF3D100289E
:100AA00004D0BDE870400021FEF70CBC70BD000012
:100AB0002E2E2F4D6964646C6577617265732F54B7
:100AC000686972645F50617274792F4C7749502F56
:100AD0007372632F636F72652F7463702E630000EF
:100AE000696E76616C6964207374617465000000DE
:100AF000417373657274696F6E20222573222066BC
:100B000061696C6564206174206C696E6520256480
:100B100020696E2025730A007802002070B5050058
:100B200007D10F4B40F211120EA103F14400EAF776
:100B300097FF287D012807D0094B4FF489720CA13B
:100B400003F14400EAF78CFF0F4E0124294656F8C2
:100B50002400006802F0F8FA641C042CF6D370BD7F
:100B60007400030870636220213D204E554C4C00F8
:100B70007063622D3E7374617465203D3D204C4965
:100B80005354454E00000000207E0308FEB5424E3F
:100B90000546307840071BD4002D06D13FA340F214
:100BA00081224BA152A0EAF75BFF3078C10610D535
:100BB000F068594A584B018840880092CDE90101FC
:100BC000718970691B1D42182846B16902F0FEFC4C
:100BD000FEBD8007FCD5687DFEF7A0FC04004AD06E
:100BE0004D4810384169216000696060E88AE08200
:100BF000F06800882083032020757069401C6062C3
:100C0000E062204600F008FAA06520656064E065B7
:100C10007069401E60652869E5672061687A00F0A8
:100C20000C006072287A20723C480168E160046020
:100C300003F05EFB3A4901200870204600F03AFFBD
:100C4000F068C089A4F86000A4F86200201DF5F7E0
:100C500093FD0146608E221DFEF7FCFF6086122187
:100C60002046FFF753F888B103B02046BDE8F040B6
:100C70000021FEF727BBAB69002BA9D0286903B080
:100C80004FF0FF32BDE8F040002118472046BDE894
:100C9000FE4000F093BA0000980200202E2E2F4D47
:100CA0006964646C6577617265732F5468697264F6
:100CB0005F50617274792F4C7749502F7372632F94
:100CC000636F72652F7463705F696E2E630000003E
:100CD0007463705F6C697374656E5F696E70757450
:100CE0003A20696E76616C6964207063620000006E
:100CF000417373657274696F6E20222573222066BA
:100D000061696C6564206174206C696E652025647E
:100D100020696E2025730A00F469002090020020EB
:100D20007802002070B5164605004FF000040CD084
:100D3000287D002813D029A340F25A3233A141A0C4
:100D4000EAF78EFE6FF00E0043E024A340F2593222
:100D500046A13CA0EAF784FE6FF00F0039E00220C4
:100D6000F9F782F904001AD028692061E88AE08244
:100D700001202075687D6075687A60720022227299
:100D8000E87AE072A87AA07228682060E88A98B1B0
:100D900042490869A8420CD1C06808610BE04FF0D5
:100DA000FF3016E0C168A94202D1E968C16002E0E3
:100DB00008460028F6D1EA602846FFF749F9384886
:100DC000A061364814300168E160046003F090FAD5
:100DD000002006B13070204670BD00002E2E2F4D31
:100DE0006964646C6577617265732F5468697264B5
:100DF0005F50617274792F4C7749502F7372632F53
:100E0000636F72652F7463702E6300007463705F8C
:100E10006C697374656E5F776974685F6261636B38
:100E20006C6F675F616E645F6572723A20706362B7
:100E300020616C726561647920636F6E6E656374A6
:100E400065640000417373657274696F6E202225BA
:100E50007322206661696C6564206174206C696E20
:100E60006520256420696E2025730A007463705F15
:100E70006C697374656E5F776974685F6261636BD8
:100E80006C6F675F616E645F6572723A20696E763F
:100E9000616C6964207063620000000078020020C9
:100EA00085F4020870B50D4604001DD020680028A6
:100EB0001AD00E4E2046B16900F01AF8204631696A
:100EC00000F016F8002D0FD0286800280CD006F18D
:100ED0001400026806E010682168884201D1286881
:100EE0001060D268002AF6D170BD000078020020A0
:100EF00070B505000C4612D10AA34FF4106215A17B
:100F000021A0EAF7ADFD0AE020682968884205D1F2
:100F10002046E668FEF7ACFA344600E0E468002CB0
:100F2000F2D170BD2E2E2F4D6964646C65776172AD
:100F300065732F54686972645F50617274792F4CC5
:100F40007749502F7372632F636F72652F746370CC
:100F50002E6300007463705F6E657469665F69700C
:100F60005F616464725F6368616E6765645F70632C
:100F7000626C6973743A20696E76616C6964206F83
:100F80006C645F6164647200417373657274696F4D
:100F90006E2022257322206661696C65642061746D
:100FA000206C696E6520256420696E2025730A0017
:100FB0004020FEF7B3BA0000F0B5154D154A0023E6
:100FC0004FF6FF764FF440474FF4804E9088401C18
:100FD00080B29080B04200D19780B2F804400020E7
:100FE00055F8201009680AE0B1F816C0A44505D1EB
:100FF0005B1C9BB27345E9D30020F0BDC968002992
:10100000F2D1401CC0B20428EAD3A0B2F0BD000067
:10101000207E03087802002010B5002806D106A320
:1010200040F6AF0210A117A0EAF71AFD1F49D1E957
:1010300002021044886010BD2E2E2F4D6964646C2E
:101040006577617265732F54686972645F5061726D
:1010500074792F4C7749502F7372632F636F7265C9
:101060002F7463702E6300007463705F6E65787414
:101070005F6973733A20696E76616C69642070638E
:1010800062000000417373657274696F6E202225DF
:101090007322206661696C6564206174206C696EDE
:1010A0006520256420696E2025730A0078020020DF
:1010B00070B50C46050006D11EA340F21F422AA1BE
:1010C00033A0EAF7CDFCE8688089F6F73FFF3A4E97
:1010D000C00715D0204602F067FB002427E0808976
:1010E000F6F734FFC00707D00120F6F72FFF0146BF
:1010F000E8688289114381812046246802F046FB1A
:10110000ACB1E0682289736941680A4429891944AD
:10111000891AE4D52989CA18E1684968521A002A4F
:1011200005DDC81A81B229816868FBF753FE2C607F
:1011300070BD00002E2E2F4D6964646C657761725E
:1011400065732F54686972645F50617274792F4CB3
:101150007749502F7372632F636F72652F746370BA
:101160005F696E2E630000007463705F6F6F735F62
:10117000696E736572745F7365676D656E743A202E
:10118000696E76616C6964206373656700000000B6
:10119000417373657274696F6E2022257322206615
:1011A00061696C6564206174206C696E65202564DA
:1011B00020696E2025730A00980200202DE9F05F57
:1011C000040006D187A340F2E14293A198A0EAF778
:1011D00047FC207D012806D182A340F2E3429EA174
:1011E00093A0EAF73DFCA6480068A04202D1002087
:1011F000BDE8F09FB4F86010B4F84800814200D216
:101200000846E56E81466DB12146221D084602F072
:10121000D5F95FEA000A6FF003012ED054B12068BF
:1012200040B10CE0A07E80076FD52046BDE8F05F9E
:1012300002F0C4BA1AF104001FD000682060E86808
:101240004068F6F781FE616C401A29894218002037
:101250004A4514D9B4F860204A45E3D1216F0029EA
:10126000E0D194F899100029DCD184F8980001218C
:1012700084F8991084F89A00D4E70846B8E784F80F
:101280009900266F83460EB998E00646306800281C
:10129000FBD192E0E8688089F6F758FE400706D552
:1012A00050A340F2365277A161A0EAF7D9FB206F34
:1012B000A8B1618B11F0440F11D1E06E28B1026822
:1012C0006AB90089628E904209D2B4F8640030B1E4
:1012D000B4F86600092802D211F0A00F79D0207D61
:1012E000022807D01020F6F731FE0146E86882890F
:1012F0001143818152462146284600F099FA28B1CF
:10130000618B41F08001618372E766E02868E066E6
:10131000207D022803D0608B20F003006083E86802
:101320004068F6F711FE0746E8688089F6F70EFE7A
:10133000800700D00120298938440844216D091A0A
:1013400000D52065E8688089F6F700FE800700D0A8
:1013500001202989C8422CD0C5F800B0206F68B19F
:10136000E8684068F6F7F0FD0746F0684068F6F771
:10137000EBFD381A1AD504F1700003E0256716E07A
:10138000D8F800008046006850B1C0684068F6F7A1
:10139000DBFD0746E8684068F6F7D6FD381AEFD45B
:1013A000D8F800002860C8F8005005E035602E46E7
:1013B00002E0284602F0EAF9E56E55B1E8684068B7
:1013C000F6F7C2FD616C401A2989014449457FF650
:1013D00061AFE06E08B9A4F868B0608B20F08000BF
:1013E000608304E72E2E2F4D6964646C657761720B
:1013F00065732F54686972645F50617274792F4C01
:101400007749502F7372632F636F72652F74637007
:101410005F6F75742E6300007463705F6F75747016
:1014200075743A20696E76616C696420706362003D
:10143000417373657274696F6E2022257322206672
:1014400061696C6564206174206C696E6520256437
:1014500020696E2025730A00646F6E277420636113
:101460006C6C207463705F6F757470757420666F38
:1014700072206C697374656E2D7063627300000076
:10148000B8020020525354206E6F74206578706546
:101490006374656420686572652100002DE9FF4171
:1014A0001D4616460F46040006D10EA340F24272B6
:1014B00019A123A0EAF7D4FAE08A638D1022218BC8
:1014C0008DE80F002B4632463946606A00F04CF832
:1014D000002803D0628D616A1144E16204B0BDE866
:1014E000F08100002E2E2F4D6964646C6577617267
:1014F00065732F54686972645F50617274792F4C00
:101500007749502F7372632F636F72652F74637006
:101510005F6F75742E6300007463705F6F75747015
:1015200075745F616C6C6F635F6865616465723A66
:1015300020696E76616C696420706362000000004F
:10154000417373657274696F6E2022257322206661
:1015500061696C6564206174206C696E6520256426
:1015600020696E2025730A002DE9F05F83468818F4
:101570000E46DDE90B98143081B21F464FF42072FD
:101580002220DDF828A0FAF711FF05002AD069898A
:1015900006F11400814206D214A340F2237220A166
:1015A0002BA0EAF75DFA50466C68F6F7CFFC208076
:1015B0004846F6F7CBFC608067605846F6F7C4FCF7
:1015C000A060B008000300F5A04080B240EA080027
:1015D000F6F7BCFCA0810D98F6F7B8FCE08100207E
:1015E000208260822846BDE8F09F00002E2E2F4DFD
:1015F0006964646C6577617265732F54686972649D
:101600005F50617274792F4C7749502F7372632F3A
:10161000636F72652F7463705F6F75742E63000063
:10162000636865636B2074686174206669727374A3
:1016300020706275662063616E20686F6C64207331
:101640007472756374207463705F68647200000064
:10165000417373657274696F6E2022257322206650
:1016600061696C6564206174206C696E6520256415
:1016700020696E2025730A00FEB51E4617460D0030
:10168000044606D112A340F287721EA128A0EAF7F1
:10169000E7F932463946204601F090FF18B12CB1E7
:1016A000E37AA17A04E06FF003040BE0FF2300214A
:1016B00000910622CDE90120324639462846F4F74A
:1016C0004BFE04462846FBF787FA2046FEBD000085
:1016D0002E2E2F4D6964646C6577617265732F548B
:1016E000686972645F50617274792F4C7749502F2A
:1016F0007372632F636F72652F7463705F6F75749D
:101700002E6300007463705F6F75747075745F632F
:101710006F6E74726F6C5F7365676D656E743A207F
:10172000696E76616C696420706275660000000005
:10173000417373657274696F6E202225732220666F
:1017400061696C6564206174206C696E6520256434
:1017500020696E2025730A0070B515460C0006D16D
:101760000DA340F2567219A122A0EAF779F9606838
:10177000EA0700F1140100D004221044143088421A
:1017800008D0BDE8704004A340F2757223A119A0EF
:10179000EAF766B970BD00002E2E2F4D6964646CA7
:1017A0006577617265732F54686972645F50617206
:1017B00074792F4C7749502F7372632F636F726562
:1017C0002F7463705F6F75742E6300007463705FB5
:1017D0006F75747075745F66696C6C5F6F70746937
:1017E0006F6E733A20696E76616C69642070627501
:1017F00066000000417373657274696F6E20222564
:101800007322206661696C6564206174206C696E66
:101810006520256420696E2025730A006F70746945
:101820006F6E73206E6F742066696C6C6564000067
:101830002DE9FE4317460C46050006D13DA34FF4A3
:10184000B76249A150A0EAF70BF9002C06D139A3E1
:1018500040F2B95256A14CA0EAF702F9002F06D186
:1018600034A340F2BA525AA147A0EAF7F9F8284641
:1018700000F0CCF810B10020BDE8FE83606AF6F7F6
:1018800063FBE9688860608DF6F760FBE968C881F2
:10189000618D606A0844E062EE68A87A1436C00779
:1018A0000AD0221D39464FF40670FEF7D3F940F0F6
:1018B0000170F6F749FB01C6B4F930004FF000089B
:1018C000002801DAA4F83080606B38B94948006814
:1018D0006063E8684068F6F737FBA0636968A88929
:1018E0008A88801A4A89121A4A8169680A89101AF4
:1018F00008816968E8684860E968A1F81080A87AFA
:10190000E968C00700D0042014300844B04206D073
:1019100008A340F21C6238A11BA0EAF7A1F8A07A44
:1019200006218DE88300E37A221D21466868F4F7DA
:1019300013FDA1E72E2E2F4D6964646C65776172EB
:1019400065732F54686972645F50617274792F4CAB
:101950007749502F7372632F636F72652F746370B2
:101960005F6F75742E6300007463705F6F757470C1
:1019700075745F7365676D656E743A20696E766124
:101980006C69642073656700417373657274696F75
:101990006E2022257322206661696C656420617463
:1019A000206C696E6520256420696E2025730A000D
:1019B0007463705F6F75747075745F7365676D6560
:1019C0006E743A20696E76616C696420706362009F
:1019D0007463705F6F75747075745F7365676D6540
:1019E0006E743A20696E76616C6964206E65746904
:1019F00066000000840200206F7074696F6E7320AF
:101A00006E6F742066696C6C6564000010B504002C
:101A100006D107A340F29A5212A11CA0EAF720F8BF
:101A20006068807B012801D0012010BD002010BD1E
:101A30002E2E2F4D6964646C6577617265732F5427
:101A4000686972645F50617274792F4C7749502FC6
:101A50007372632F636F72652F7463705F6F757439
:101A60002E6300007463705F6F75747075745F73BC
:101A700065676D656E745F627573793A20696E761D
:101A8000616C6964207365670000000041737365D1
:101A90007274696F6E2022257322206661696C65FD
:101AA00064206174206C696E6520256420696E2055
:101AB00025730A002DE9F041060006D11DA340F26E
:101AC0007D7229A12FA0E9F7CBFF384C6088002850
:101AD00018D00020E0804FF406750FE0FEF7A8FB59
:101AE00000280FD0012809D002280DD0FEF7A0FB56
:101AF000022807D3E1880844801EE080E0886188DE
:101B00008842EBD3BDE8F081FEF792FB0428F9D1BF
:101B1000E0886188801C8842F4D8FEF789FB0702C0
:101B2000FEF786FB3843A84200D800B928467086E5
:101B3000E4E700002E2E2F4D6964646C65776172B6
:101B400065732F54686972645F50617274792F4CA9
:101B50007749502F7372632F636F72652F746370B0
:101B60005F696E2E630000007463705F7061727352
:101B7000656F70743A20696E76616C696420706379
:101B800062000000417373657274696F6E202225D4
:101B90007322206661696C6564206174206C696ED3
:101BA0006520256420696E2025730A0098020020B4
:101BB0002DE9F05F83460AA85FEA030890E8400633
:101BC00015460C460F4605D120A3E8222CA135A0CE
:101BD000E9F746FF002E05D11CA3E9223BA131A065
:101BE000E9F73EFFAC4214D25FEA897009D4B07EB7
:101BF00040060ED4BAF1000F03D0F06E08B9306F72
:101C000038B104F21B2020F00300A84200D805469A
:101C1000AFB24FF4207239465846FAF7C7FB0500B9
:101C200011D0286830B109A340F20B122FA11DA0DA
:101C3000E9F716FF6889001BA8F800002C816C8169
:101C40002846BDE8F09F0020FBE700002E2E2F4D18
:101C50006964646C6577617265732F546869726436
:101C60005F50617274792F4C7749502F7372632FD4
:101C7000636F72652F7463705F6F75742E630000FD
:101C80007463705F706275665F707265616C6C6FB3
:101C9000633A20696E76616C6964206F7665727351
:101CA000697A6500417373657274696F6E202225CD
:101CB0007322206661696C6564206174206C696EB2
:101CC0006520256420696E2025730A007463705FA7
:101CD000706275665F707265616C6C6F633A2069E3
:101CE0006E76616C69642070636200006E65656485
:101CF00020756E636861696E656420706275660048
:101D000070B504001FD0207D00281BD00A2819D0F0
:101D1000012817D0A06F002510B1FAF75DFFA56765
:101D2000606F10B12046FEF779FA4FF0FF30208641
:101D3000E06E01F039FD206F01F036FDE5662567A4
:101D4000A4F8685070BDBDE8704003A340F651028E
:101D50000DA114A0E9F784BE2E2E2F4D6964646C8A
:101D60006577617265732F54686972645F50617240
:101D700074792F4C7749502F7372632F636F72659C
:101D80002F7463702E6300007463705F7063625F12
:101D900070757267653A20696E76616C696420704F
:101DA00063620000417373657274696F6E2022254F
:101DB0007322206661696C6564206174206C696EB1
:101DC0006520256420696E2025730A0070B50C001B
:101DD000054606D129A340F6830234A13AA0E9F7CB
:101DE0003FFE002D06D125A340F6840240A136A077
:101DF000E9F736FE2868A04209D1C068286008E0EB
:101E0000C168A14202D1E168C16002E00846002831
:101E1000F6D100252046E560FFF772FF207D0A28F5
:101E20000DD0012826D0608BC10708D040F00200F9
:101E300060832046FFF7C2F9207D01281AD0E06EAA
:101E400030B10EA340F6930231A11FA0E9F708FEBE
:101E5000206F30B109A340F6940233A11AA0E9F72C
:101E6000FFFD606F30B105A340F6960235A116A0C4
:101E7000E9F7F6FD2575E58270BD00002E2E2F4D89
:101E80006964646C6577617265732F546869726404
:101E90005F50617274792F4C7749502F7372632FA2
:101EA000636F72652F7463702E6300007463705FDC
:101EB0007063625F72656D6F76653A20696E7661F8
:101EC0006C69642070636200417373657274696F3A
:101ED0006E2022257322206661696C65642061741E
:101EE000206C696E6520256420696E2025730A00C8
:101EF0007463705F7063625F72656D6F76653A20C0
:101F0000696E76616C6964207063626C69737400D9
:101F1000756E73656E74207365676D656E7473207E
:101F20006C65616B696E6700756E61636B656420DB
:101F30007365676D656E7473206C65616B696E6740
:101F4000000000006F6F736571207365676D656ECB
:101F50007473206C65616B696E67000070B515461F
:101F60000E46040003D0207D012809D00FE0BDE813
:101F7000704009A340F63D0213A119A0E9F770BD16
:101F800005A340F63E0220A115A0E9F769FDC4F8BB
:101F90008C60657770BD00002E2E2F4D6964646CD7
:101FA0006577617265732F54686972645F506172FE
:101FB00074792F4C7749502F7372632F636F72655A
:101FC0002F7463702E6300007463705F706F6C6CAD
:101FD0003A20696E76616C6964207063620000006B
:101FE000417373657274696F6E20222573222066B7
:101FF00061696C6564206174206C696E652025647C
:1020000020696E2025730A00696E76616C69642010
:10201000736F636B657420737461746520666F728F
:1020200020706F6C6C0000002DE9FE4F040006D19B
:10203000DDA34FF44772E9A1EFA0E9F711FDF84DD8
:10204000287841072CD5217D022905D0626A68696C
:10205000824206D189B117E0206DA969884213D068
:1020600041E2811AFCD4218D1144401A0028F7DC8A
:10207000608B40F00200608335E2CBA34FF44E72D8
:10208000E8A1DDA0E9F7ECFC687840F00800687092
:10209000608B20F0010060836FF00D00BDE8FE8FC3
:1020A000800704D5207D022801D00328E0D1A07E3E
:1020B000C00602D4E348006820624FF0000884F8AC
:1020C0009B8084F89A802046FFF7F4FCDE4B227D4B
:1020D00003F110000421DFF874A3DD4FDD4E921EE2
:1020E00014334FF001094FF00A0B082AB8D2DFE889
:1020F00002F00487F2F6EFF2EEED2A78D606AFD5BD
:10210000920767D5626CAE69521CB24262D16869AF
:10211000421C62626664E262EA68401ED289A4F8E8
:102120006020A4F8622060652175201DF4F724FB6F
:102130000146608E221DFDF78DFD41F21C11608667
:10214000B1EB400F01D2420000E00A46B2EB800F33
:1021500001D9810003E0B1EB400F00D24100A4F8A7
:102160004810B4F8660030B98FA34FF45B72BAA17F
:10217000A1A0E9F775FCB4F86600401EA4F866005B
:10218000256FBDB128682067284601F0FFFA206F4F
:10219000E0B1A4F8308084F8428000BFD4F88830E1
:1021A000002B3FF465AF00222146206998470D308F
:1021B0004DD05DE7E56E35B97BA34FF45D72ACA100
:1021C0008DA0E9F74DFC2868E066DDE74FF0FF30B1
:1021D0002086E3E7E9680A8849888DE8070069896D
:1021E000686942182046A96901F0F0F994F84200A4
:1021F000062804D2A4F83080204601F0BBF872E132
:102200002A78D60657D5626CAE69B21A012A45D42F
:10221000226DB21A002A41DC2175E06FA0B18069FD
:1022200048B961A34FF46A7296A173A0E9F718FC4C
:10223000E06F806940B1E16F206900228B6921461F
:10224000984738B10D3002D02046FDF711F96FF0F4
:102250000C0023E7204600F0CBF9288908B1401E86
:102260002881618E41F21C10B0EB410F01D24A006F
:1022700000E00246B2EB810F01D9880003E0B0EB29
:10228000410F00D24800A4F848006878800611D5B4
:10229000608B40F002006083072057E0E9680A88FD
:1022A00049888DE8070069896869421831462046E7
:1022B00001F08CF917E1900707D5606A6969401E43
:1022C000884202D1204600F06BFF0CE1FBE057E0B2
:1022D0003EE004E0FFE7204600F08AF9D5E720461B
:1022E00000F086F96878800628784FEAC06024D527
:1022F000002805DA206DA969884201D1E06E28B175
:10230000608B40F00200608308201FE0608B40F08B
:10231000020060832046FFF7F3FC3068A04209D139
:10232000C0683060C5E0C168A14202D1E168C16007
:10233000BFE008460028F6D1BBE0002833DA206D64
:10234000A96988422FD1E06E68BB06202075CAE0DB
:10235000204600F04DF96878800624D5608B40F067
:10236000020060832046FFF7CBFC3068A042D7D044
:1023700003E0C168A142D9D008460028F9D198E00D
:10238000204600F035F92878C0060CD5206DA969E3
:10239000884208D1E06E30B92046FFF7B1FC3068C2
:1023A000A042BDD083E09EE02E2E2F4D6964646C68
:1023B0006577617265732F54686972645F506172EA
:1023C00074792F4C7749502F7372632F636F726546
:1023D0002F7463705F696E2E630000007463705F1A
:1023E00070726F636573733A20696E76616C6964AD
:1023F0002070636200000000417373657274696F3E
:102400006E2022257322206661696C6564206174E8
:10241000206C696E6520256420696E2025730A0092
:10242000980200207463705F696E7075743A207052
:1024300063622D3E737461746520213D20434C4FCF
:102440005345440084020020E46900207802002003
:1024500094020020900200207063622D3E736E642F
:102460005F71756575656C656E203E2030000000FB
:102470006E6F207365676D656E7420746F20667271
:10248000656500007063622D3E6C697374656E65EE
:10249000722D3E61636365707420213D204E554C62
:1024A0004C000000C168A1423FF440AF084600283C
:1024B000F8D18AF8009084F814B03868E0603C6085
:1024C00001F016FF0FE0204600F092F82878C006D1
:1024D00009D5206DA969884205D1E06E18B96878E0
:1024E00040F0100068700020D8E500002DE9F041B0
:1024F00004000DD0A56F00206E7BA067D4F8847017
:10250000002F10D000232A4621462069B84710E04A
:1025100017A340F2096222A12BA0E9F7A1FA6FF0FC
:102520000F00BDE8F08100232A462146184600F03E
:1025300033FD6FF00C0728B10D3017D06FF0040099
:10254000A567EEE7B0060FD5208DB0F5066F01D078
:10255000401C2085D4F8845035B100231A4621460A
:102560002069A8470D3001D00020DAE73846D8E7C7
:102570002E2E2F4D6964646C6577617265732F54DC
:10258000686972645F50617274792F4C7749502F7B
:102590007372632F636F72652F7463702E63000014
:1025A0007463705F70726F636573735F7265667575
:1025B0007365645F646174613A20696E76616C6909
:1025C0006420706362000000417373657274696F08
:1025D0006E2022257322206661696C656420617417
:1025E000206C696E6520256420696E2025730A00C1
:1025F0002DE9F047040006D1E1A340F27B42EDA1B2
:10260000F3A0E9F72DFA207D042806D2DCA340F2DE
:102610007C42F9A1EEA0E9F723FAFE4D4FF6FF77D1
:102620004FF000062878C0067ED5B4F86020A16D72
:10263000636D686902EB0108B3EB000C0BD48342B5
:1026400002D1AB69CB1A06D4AB69994210D1E968C3
:10265000C98991420CD9E968C989A4F86010B4F815
:1026600062208A4201D2A4F862106065A869A06560
:10267000626CA869811A00292EDC698949BBB4F80B
:102680006030A16D1944414523D1B4F930100029BF
:102690001FDB82421DD194F84300411CC9B2814224
:1026A00001D984F8431094F8430003280CD9B4F8F6
:1026B0004810608E084480B2884202D3A4F84800D3
:1026C00003E0A4F8487000E002D3204600F0DEFDED
:1026D0008EE084F843608BE0012977D4226D821A62
:1026E000002A73DC628B530708D522F00402628350
:1026F000B4F84A20A4F84820A4F86A6084F842603C
:10270000E28FB4F93C3089B202EBE302A4F8402036
:1027100084F843606064207D042831D3B4F8480015
:10272000B4F84A20904200E082E015D2628B120594
:1027300001D5012200E00222638E53439AB28A42FD
:1027400000D81146014489B2814202D3A4F848104E
:1027500016E0A4F8487013E0B4F86A20114489B276
:10276000914202D3A4F86A1001E0A4F86A70B4F8A8
:102770006A10814204D3091AA4F86A10618EE1E755
:10278000D4E91B31A4A22046FDF7AAFC206703462A
:10279000A3A22046E16EFDF7A3FCE066216F19B10C
:1027A0002686267720B105E04FF0FF322286F8E733
:1027B000A4F86860B4F864202B891A44A4F8642053
:1027C000628B120514D511B1C86802E00DE038B172
:1027D000C0684068F5F7B8FBE16C081A002807DC10
:1027E000608B20F40060608302E0204600F0E6FF8A
:1027F000606BE8B1A16BAA69891A19D58A49098861
:10280000081AB4F93C10A0EBE10000B2014409B28F
:10281000A187002801DA404200B2B4F93E20A0EBC3
:10282000A2001044E08700EBE100A4F840006663DA
:10283000B5F80AC0BCF1000F7ED0207D07287BD2FE
:10284000616A6A69DFF8E4A1881AA946012849D4B7
:1028500002EB0C054D1B6D1C002D43DCDAF8045017
:10286000804635B946A340F2945271A158A0E9F7C9
:10287000F7F8B84506D342A340F2955270A154A090
:10288000E9F7EEF8DAF804001FFA88F7D046008975
:10289000B84206D23AA340F297526DA14CA0E9F794
:1028A000DFF8B8F80810C91BA8F80810D8F8040019
:1028B0000089C01B81B204E029816E81381A2D681D
:1028C00087B26889B842F7D339462846FAF76AFBD7
:1028D000606AC9F81400D8F80C104860616A401AA0
:1028E00007D593E2501A04D5608B40F00200608354
:1028F0008CE2208D0A460144D9F814004F46411A53
:10290000491C0029EDDC824238D1DAF80C0055462A
:102910008089F5F71BFB800700D001202989B84684
:10292000084480B27881218D814228D2E86880896C
:10293000F5F70CFBC00700E06DE20ED0E868808977
:10294000F5F704FBC0F344004000F5F7FFFAE9682F
:102950008A8922F47C5210438881208D2881E8687E
:102960008089F5F7F3FA800702D52889401E28816F
:1029700029896868FAF72EFAE86871E08DE18BE042
:102980002E2E2F4D6964646C6577617265732F54C8
:10299000686972645F50617274792F4C7749502F67
:1029A0007372632F636F72652F7463705F696E2E2D
:1029B000630000007463705F726563656976653AF1
:1029C00020696E76616C69642070636200000000AB
:1029D000417373657274696F6E20222573222066BD
:1029E00061696C6564206174206C696E6520256482
:1029F00020696E2025730A007463705F72656365D9
:102A00006976653A2077726F6E67207374617465BA
:102A10000000000098020020756E61636B65640021
:102A2000756E73656E74000084020020FC690020DE
:102A3000696E7365672E7020213D204E554C4C0009
:102A4000696E73616E65206F666673657421000040
:102A50007062756620746F6F2073686F72742100E6
:102A60008089F5F773FA800700D00120298908448E
:102A700081B2A8F80A10238D626AD8F814001A44AB
:102A80000844904208D0AFF2081340F2CB52E9A1BB
:102A9000AFF2C400E8F7E4FF606F002873D0E86885
:102AA0008089F5F753FAC00704D107E00168616730
:102AB00000F06CFE606F0028F8D164E0676F1EE0E4
:102AC0008889F5F743FAC00715D0E8688089F5F7DB
:102AD0003DFA80070FD40120F5F738FAE9688A89B2
:102AE00010438881F5F732FA800700D00120298948
:102AF0000844A8F80A0038463F6800F047FEDFB3F4
:102B0000F9683A89D8F8143048680244B8F80A00DD
:102B10001844801AD4D5B8F80A20D8F814108B18A5
:102B2000FA6852689B1A002B2CDD501A2881E8683D
:102B30008089F5F70BFA800702D52889401E288185
:102B400029896868FAF746F9E8688089F5F7FEF997
:102B5000800700D001202989084481B2A8F80A1012
:102B6000D8F814000844F968496888420AD0AFF2DE
:102B7000F01340F2FC5200E004E0BCA1AFF2B01050
:102B8000E8F76EFF6767B8F80A00D8F814104746F0
:102B900001446162218D814208D2AFF21C2340F2D0
:102BA0000762C1A1AFF2D810E8F75AFF208D7989EA
:102BB000401A2085204601F04DFC6868018909B162
:102BC000F8616E60E8688089F5F7C0F9C00752D0F7
:102BD000787840F0200078704DE079618089F5F7D1
:102BE000B5F9800700D001202A89616A11440844A0
:102BF0006062E8688089F5F7A9F9800700D00120B4
:102C000029890844218D884208D9AFF28C2340F2EB
:102C10002B62ADA1AFF24820E8F722FFE868808977
:102C2000F5F794F9800700D0012029890844218D07
:102C3000081A2085204601F00DFC6968088930B12A
:102C4000F86910B1F9F754FD00E0F9616E60E868C9
:102C50008089F5F77BF9C00708D0787840F020002C
:102C60007870207D042801D10720207528686067CE
:102C7000284600F08BFD656F25B1E868626A4168FF
:102C80009142AAD0608BC10702D020F00100CEE0B3
:102C900040F001006083BDE8F087656F9DB10026BC
:102CA000C846E9684968814212D1BAF80800298902
:102CB00088420CD98E4800F013FD002807D08EB34F
:102CC0003060294625E08A4800F00AFD60679DE0F3
:102CD00016B3F2685268821A012A25D4421A521C8D
:102CE000002A21DC824800F0FBFC070013D0F068CA
:102CF000318940684218D8F81410521A002A05DDAC
:102D0000081A81B231817068FAF764F829463846AA
:102D10003760FEF7CDF979E0421A05D5744800F026
:102D2000DFFCE8B36067CCE72A682E46CABB411ACD
:102D3000002968DDE8688089F5F708F9C00765D1E2
:102D40006B4800F0CDFC286050B3E8684646416807
:102D500028890A18D8F81400121A002A05DD401A2A
:102D600081B229816868FAF735F8218D606A726945
:102D7000084471891144081A002847DD2868C06892
:102D80008089F5F7E3F8C00713D02868C068808908
:102D9000F5F7DCF8C0F344004000F5F7D7F801E0A0
:102DA00030E030E02968C9688A8922F47C521043F7
:102DB0008881A08C218D0844B18A401A81B228688C
:102DC000018128684068FAF705F82868C06880899A
:102DD000F5F7BCF8800700D001202968098908446C
:102DE00080B27081228D616A1144726910448842F8
:102DF0000CD0AFF274434FF4DF620EA1AFF230405B
:102E0000E8F72EFE02E015007FF44BAF2046BDE848
:102E1000F04700F0D3BC606A69690A1A06D4228DB3
:102E20001044081A401C00287FF735AF608B40F033
:102E300002002FE77463705F726563656976653AB7
:102E4000207365676D656E74206E6F74207472698F
:102E50006D6D656420636F72726563746C79207444
:102E60006F207263765F776E640A00007463705F30
:102E7000726563656976653A207365676D656E7422
:102E8000206E6F74207472696D6D656420636F725B
:102E9000726563746C7920746F206F6F7365712035
:102EA00071756575650A00007463705F72656365AE
:102EB0006976653A207463706C656E203E2072639B
:102EC000765F776E640A00007463705F7265636595
:102ED0006976653A206F6F736571207463706C65F5
:102EE0006E203E207263765F776E640A00000000F9
:102EF000FC69002070B50D4604000BD0207D012830
:102F000006D105A340F2DF720FA119A0E8F7A8FDD2
:102F1000C4F8845070BD00002E2E2F4D6964646C7F
:102F20006577617265732F54686972645F5061726E
:102F300074792F4C7749502F7372632F636F7265CA
:102F40002F7463702E630000696E76616C69642073
:102F5000736F636B657420737461746520666F7240
:102F600020726563762063616C6C6261636B000044
:102F7000417373657274696F6E2022257322206617
:102F800061696C6564206174206C696E65202564DC
:102F900020696E2025730A0010B51446080008D079
:102FA000002C10D0218900F04FF82046F9F714FECC
:102FB0000AE008A34FF4D36212A119A0E8F750FD6C
:102FC0006FF00F0010BD0BB1002010BDBDE8104028
:102FD000FCF7E0BB2E2E2F4D6964646C657761723F
:102FE00065732F54686972645F50617274792F4CF5
:102FF0007749502F7372632F636F72652F746370FC
:103000002E6300007463705F726563765F6E756C2B
:103010006C3A20696E76616C6964207063620000AE
:10302000417373657274696F6E2022257322206666
:1030300061696C6564206174206C696E652025642B
:1030400020696E2025730A0070B50D46040003D078
:10305000207D012809D00FE0BDE8704014A340F2A4
:10306000CF321FA124A0E8F7FBBC11A340F2D2325B
:103070002BA121A0E8F7F4FC218D4FF4066248193A
:1030800080B2904201D8814201D9228500E020859A
:10309000204601F0DFF9B0F5067F08D3608B40F0E1
:1030A000020060832046BDE87040FEF787B870BD1F
:1030B0002E2E2F4D6964646C6577617265732F5491
:1030C000686972645F50617274792F4C7749502F30
:1030D0007372632F636F72652F7463702E630000C9
:1030E0007463705F7265637665643A20696E7661B9
:1030F0006C69642070636200417373657274696FF8
:103100006E2022257322206661696C6564206174DB
:10311000206C696E6520256420696E2025730A0085
:10312000646F6E27742063616C6C207463705F72CF
:10313000656376656420666F72206C697374656E72
:103140002D7063627300000070B50D00044606D157
:10315000084BFF2208A103F14400E8F781FC00209E
:1031600004E0E16FA94200D1E067E468002CF8D1E7
:1031700070BD0000740003087463705F72656D6F4A
:1031800076655F6C697374656E65723A20696E76F8
:10319000616C6964206C697374656E65720000000F
:1031A0002DE9F041040006D11BA340F2C16227A122
:1031B0002CA0E8F755FC256F6FF005061DB12846D9
:1031C000FEF724FC10B13046BDE8F081286804F118
:1031D0006C06206700E03668306850B1C06840680F
:1031E000F4F7B2FE0746E8684068F4F7ADFE381A17
:1031F000F1D43068286035602868002108B9A4F847
:10320000681094F84200FF2802D2401C84F8420063
:1032100000206163D8E700002E2E2F4D6964646C96
:103220006577617265732F54686972645F5061726B
:1032300074792F4C7749502F7372632F636F7265C7
:103240002F7463705F6F75742E6300007463705F1A
:103250007265786D69743A20696E76616C69642074
:1032600070636200417373657274696F6E2022250A
:103270007322206661696C6564206174206C696EDC
:103280006520256420696E2025730A0010B50400AE
:1032900006D119A340F2F96224A12CA0E8F7E0FBC3
:1032A000206F002827D0A07E400724D42046FFF7B7
:1032B00077FF00281FD1B4F84810B4F860008142AD
:1032C00000D208464108A4F84A10608EB1EB400FC6
:1032D00005D24FF6FF7101EA4001A4F84A1089B205
:1032E00000EB40000844A4F84800608B40F0040064
:1032F00060830020208610BD2E2E2F4D6964646CE3
:103300006577617265732F54686972645F5061728A
:1033100074792F4C7749502F7372632F636F7265E6
:103320002F7463705F6F75742E6300007463705F39
:103330007265786D69745F666173743A20696E7640
:10334000616C696420706362000000004173736502
:103350007274696F6E2022257322206661696C6524
:1033600064206174206C696E6520256420696E207C
:1033700025730A0010B5040006D109A340F2AD621E
:1033800014A11BA0E8F76CFB204600F09BF8002876
:1033900004D12046BDE8104000F03EB810BD00004A
:1033A0002E2E2F4D6964646C6577617265732F549E
:1033B000686972645F50617274792F4C7749502F3D
:1033C0007372632F636F72652F7463705F6F7574B0
:1033D0002E6300007463705F7265786D69745F724C
:1033E000746F3A20696E76616C6964207063620064
:1033F000417373657274696F6E2022257322206693
:1034000061696C6564206174206C696E6520256457
:1034100020696E2025730A0010B5040006D109A3A7
:103420004FF4D36214A11DA0E8F71AFB94F84200F0
:10343000FF2802D2401C84F842002046BDE810401C
:10344000FDF7BCBE2E2E2F4D6964646C65776172EA
:1034500065732F54686972645F50617274792F4C80
:103460007749502F7372632F636F72652F74637087
:103470005F6F75742E6300007463705F7265786DA2
:1034800069745F72746F5F636F6D6D69743A206900
:103490006E76616C696420706362000041737365CD
:1034A0007274696F6E2022257322206661696C65D3
:1034B00064206174206C696E6520256420696E202B
:1034C00025730A002DE9F041040006D11BA340F248
:1034D000636227A12FA0E8F7C3FA256F6FF00506F6
:1034E0005DB103E0FEF792FA38B92D68286800282C
:1034F0002846F7D1FEF78AFA10B13046BDE8F081D0
:10350000E06E28600026206FC4E91B06608B40F443
:1035100000606083E8684068F4F716FD0746E868D5
:103520008089F4F713FD800700D0012029893844F1
:1035300008446663E0640020E0E700002E2E2F4D73
:103540006964646C6577617265732F54686972642D
:103550005F50617274792F4C7749502F7372632FCB
:10356000636F72652F7463705F6F75742E630000F4
:103570007463705F7265786D69745F72746F5F7089
:103580007265706172653A20696E76616C6964205B
:1035900070636200417373657274696F6E202225D7
:1035A0007322206661696C6564206174206C696EA9
:1035B0006520256420696E2025730A0018B1007A01
:1035C00008B1F8F723B91046F3F7D6B82DE9FF4F45
:1035D00085B01E00DDE91279DDF8508093468A46F9
:1035E00006D11AA340F2C47225A12CA0E8F738FA3C
:1035F000002F06D115A340F2C57232A127A0E8F72B
:103600002FFA002546F208045046F4F79DFC1422D8
:10361000CDE90224CDE90098034600222946584608
:10362000FDF7A2FF04000ED001462B4600220598AC
:10363000FEF792F8059809B03B4632462146BDE8B0
:10364000F04FFEF719B809B0BDE8F08F2E2E2F4DC0
:103650006964646C6577617265732F54686972641C
:103660005F50617274792F4C7749502F7372632FBA
:10367000636F72652F7463705F6F75742E630000E3
:103680007463705F7273743A20696E76616C6964FA
:10369000206C6F63616C5F6970000000417373653B
:1036A0007274696F6E2022257322206661696C65D1
:1036B00064206174206C696E6520256420696E2029
:1036C00025730A007463705F7273743A20696E76B2
:1036D000616C69642072656D6F74655F697000006C
:1036E00070B5050006D10CA340F2826216A11DA0A0
:1036F000E8F7B6F90320F6F7B7FC04000AD004CDCA
:1037000095E80B0004C484E80B00241FF9F7FCFBC8
:10371000204670BD002070BD2E2E2F4D6964646C54
:103720006577617265732F54686972645F50617266
:1037300074792F4C7749502F7372632F636F7265C2
:103740002F7463702E6300007463705F7365675F2E
:10375000636F70793A20696E76616C696420736575
:1037600067000000417373657274696F6E202225D3
:103770007322206661696C6564206174206C696ED7
:103780006520256420696E2025730A0010B50400A9
:1037900009D0606808B1F9F71FFA2146BDE810406A
:1037A0000320F6F70DBC10BD10B503E00468FFF769
:1037B000EDFF20460028F9D110BD00002DE9F041B1
:1037C0004FF0000704003E4606D118A340F2EA720B
:1037D00023A12BA0E8F744F90025206DF4F7B4FBF2
:1037E0000346002229462046FDF758FE050010D06A
:1037F000014633463A462046FDF7AEFF2246231DDA
:1038000029461046FDF738FF618B50B141F00301A6
:1038100009E0608B40F0030060836FF00100BDE8B9
:10382000F08121F003016183F9E700002E2E2F4D76
:103830006964646C6577617265732F54686972643A
:103840005F50617274792F4C7749502F7372632FD8
:10385000636F72652F7463705F6F75742E63000001
:103860007463705F73656E645F656D7074795F61BA
:10387000636B3A20696E76616C69642070636200E4
:10388000417373657274696F6E20222573222066FE
:1038900061696C6564206174206C696E65202564C3
:1038A00020696E2025730A0070B5050006D113A3A8
:1038B00040F2EB321EA125A0E8F7D2F8EC6E0CB96D
:1038C00009E0044620680028FBD1E0688089F4F70D
:1038D0003DFB400705D02846BDE870400121FCF7BC
:1038E00015BA0120F4F732FBE1688A891043888118
:1038F000688B40F020006883002070BD2E2E2F4D75
:103900006964646C6577617265732F546869726469
:103910005F50617274792F4C7749502F7372632F07
:10392000636F72652F7463705F6F75742E63000030
:103930007463705F73656E645F66696E3A20696E6A
:1039400076616C6964207063620000004173736586
:103950007274696F6E2022257322206661696C651E
:1039600064206174206C696E6520256420696E2076
:1039700025730A0070B50D4604000BD0207D012888
:1039800006D105A340F2F3720FA119A0E8F768F879
:10399000C4F8805070BD00002E2E2F4D6964646CF9
:1039A0006577617265732F54686972645F506172E4
:1039B00074792F4C7749502F7372632F636F726540
:1039C0002F7463702E630000696E76616C696420E9
:1039D000736F636B657420737461746520666F72B6
:1039E0002073656E742063616C6C6261636B0000B0
:1039F000417373657274696F6E202225732220668D
:103A000061696C6564206174206C696E6520256451
:103A100020696E2025730A0010B504000ED0207DA9
:103A20006FF00A03012821D0002918D0608B002AEA
:103A300040F0100060830BD001211AE010A340F287
:103A400007221BA121A0E8F70BF86FF00F0010BDB3
:103A5000A06F98B1F9F7C0F80020A0670EE06AB136
:103A6000032805D0042803D0072801D0184610BD2C
:103A700000212046BDE81040FBF7DCBE002010BD51
:103A80002E2E2F4D6964646C6577617265732F54B7
:103A9000686972645F50617274792F4C7749502F56
:103AA0007372632F636F72652F7463702E630000EF
:103AB0007463705F73687574646F776E3A20696EB3
:103AC00076616C6964207063620000004173736505
:103AD0007274696F6E2022257322206661696C659D
:103AE00064206174206C696E6520256420696E20F5
:103AF00025730A002DE9FE4FCA4D47F6FF7B4FF4B0
:103B0000FA7AE8684FF00008401CE860A878401C8A
:103B1000A8700027AC6977E1207D002806D1C2A3F8
:103B200040F2BE42CCA1D7A0E7F79AFF207D012842
:103B300006D1BDA340F2BF42DCA1D2A0E7F790FFBF
:103B4000207D0A2806D1B8A34FF49862E2A1CDA047
:103B5000E7F786FFA17FA878814202D12746E46873
:103B600052E1A0770026207DB146022805D194F8C5
:103B70004200062801D301269FE094F842000C2859
:103B80001BD294F89900002841D0206F002806D05D
:103B9000A5A340F2D442DCA1BAA0E7F761FFE06E32
:103BA000002806D1A0A340F2D542E4A1B5A0E7F7D2
:103BB00057FF94F89A000C2801D3012671E094F87D
:103BC0009910EC48095C94F89800884202D2401C95
:103BD00084F89800C0B2884263D3B4F860102046DD
:103BE00019B100F06FFA20B107E001F0C3F8E8BBAB
:103BF00003E02046FDF7E2FAC0B384F8988094F819
:103C0000990007284DD2401C84F8990049E0B4F986
:103C10003000584501D2401C2086B4F93000B4F978
:103C2000401088423DDB2046FFF74CFC18B1206F66
:103C3000E0B9E06ED0B1207D022813D094F84200A4
:103C40000C2800D30C20B4F93E10B4F93C2001EB51
:103C5000E202C949085C02FA00F0584500DB584608
:103C6000A4F840004046A4F8308000E019E0B4F821
:103C70004820B4F860108A4200D211464A08A4F8DD
:103C80004A20618E4FF6FF7303EA41039A4201D244
:103C9000A4F84A30A4F84810A4F86A002046FFF7B8
:103CA000BBFB207D062808D1A07EC00605D5206A72
:103CB000E968081A282800D9761C607A000728D5F8
:103CC000207D042801D0072823D1AC48D4F89410D3
:103CD000EB680844B0FBFAF2206A181A824203D259
:103CE0004FF00109761C14E094F89B2042F29F43A8
:103CF00012FB03F201EBC201B1FBFAF1814208D2DF
:103D00002046FCF747FE20B994F89B00401C84F83D
:103D10009B00606F60B1206AE968081AB4F940102E
:103D200001EB4101B0EB410F02D32046FCF776FADC
:103D3000207D032802D0092807D00BE0206AE9681B
:103D4000081A282806D9761C04E0206AE968081AAF
:103D5000F028F8D8002E3DD02046D4F89060FDF72A
:103D6000CFFFA8695FB1844206D12FA340F26D5204
:103D700083A144A0E7F774FEE068F8600AE0A0427F
:103D800006D029A340F2715288A13EA0E7F768FE51
:103D9000E068A861B9F1000F0AD0228BE18A201DEA
:103DA0008DE8070023461846626A216DFFF70EFC76
:103DB0002046D4F81090E468FCF74AF985F80080B2
:103DC00016B36FF00C014846B047287800287FF4FE
:103DD000A0AE19E02746E468387F401CC0B23877AF
:103DE000797F884210D387F81C8085F80080D7F847
:103DF0008C2032B139463869904729780029E6D1BC
:103E000010B93846FDF7DAF9002C7FF485AE0026AC
:103E1000EC6912E1207D0A2803D003A340F2A152ED
:103E2000DAE0DEE0780200202E2E2F4D6964646C0B
:103E30006577617265732F54686972645F5061724F
:103E400074792F4C7749502F7372632F636F7265AB
:103E50002F7463702E6300007463705F736C6F77F0
:103E6000746D723A20616374697665207063622DA7
:103E70003E737461746520213D20434C4F5345448B
:103E80000A000000417373657274696F6E20222509
:103E90007322206661696C6564206174206C696EB0
:103EA0006520256420696E2025730A007463705FA5
:103EB000736C6F77746D723A2061637469766520F4
:103EC0007063622D3E737461746520213D204C49FE
:103ED0005354454E0A0000007463705F736C6F7733
:103EE000746D723A20616374697665207063622D27
:103EF0003E737461746520213D2054494D452D5712
:103F00004149540A000000007463705F736C6F775E
:103F100074696D723A207065727369737420746984
:103F2000636B696E67207769746820696E2D666CB3
:103F30006967687420646174610000007463705F75
:103F4000736C6F7774696D723A2070657273697300
:103F500074207469636B696E672077697468206583
:103F60006D7074792073656E642062756666657223
:103F700000000000DB7D0308107E0308B84C0A0037
:103F80007463705F736C6F77746D723A206D6964DF
:103F9000646C652074637020213D207463705F61E0
:103FA00063746976655F7063627300007463705F49
:103FB000736C6F77746D723A2066697273742070D7
:103FC0006362203D3D207463705F61637469766550
:103FD0005F706362730000001AA1AFF25810E7F738
:103FE0003FFD216AE868401AF02812D92046FDF703
:103FF00087FEE86986B1844208D1AFF2D41340F25B
:10400000AF521CA1AFF28410E7F72AFDE068F06020
:104010000FE02646E46810E0A04208D0AFF2F813A3
:1040200040F2B3521DA1AFF2A410E7F719FDE0680A
:10403000E8612046E468FCF70BF8002C7FF4EAAE58
:10404000BDE8FE8F7463705F736C6F77746D723A46
:104050002054494D452D57414954207063622D3EEF
:104060007374617465203D3D2054494D452D574181
:10407000495400007463705F736C6F77746D723AAB
:10408000206D6964646C652074637020213D207428
:1040900063705F74775F7063627300007463705F56
:1040A000736C6F77746D723A2066697273742070E6
:1040B0006362203D3D207463705F74775F7063625C
:1040C000730000002DE9F84F0F46050006D157A3F5
:1040D00040F24B3262A16BA0E7F7C2FCEC6E002C01
:1040E0007ED0002F10D02089B8427AD9688EB8428D
:1040F00006D24EA340F25B326CA162A0E7F7B0FC9F
:10410000208900280BD011E048A340F253326BA164
:104110005CA0E7F7A5FC6FF00500BDE8F88F43A3AE
:104120004FF457726EA157A0E7F79AFC94F80AB0C3
:104130005FEACB7001D0042600E0002620894FF40E
:104140002072C01B1FFA80F808EB060081B23620EF
:10415000F8F72CF95FEA000A65D0606822890189C6
:10416000891A39448BB2DAF8041042463144F8F720
:10417000A7FC404554D1E0688089F3F7E7FE00F0E2
:104180003F064FF00009300703D526F008064FF030
:104190000809F00703D026F0010649F00109E0689C
:1041A0004068F3F7D1FEC3194A4651462846CDF878
:1041B00000B0FBF78FFC070032D06068F8F739FBDE
:1041C00035F8661F081A288060680289A2EB08018A
:1041D00089B2F8F7FFFD2189A1EB0800208101E0F9
:1041E00021E01BE03046F3F7B1FEE1688A89104315
:1041F00088816068F8F71DFB298808442880786862
:10420000F8F717FB2988084425F866092068386004
:104210002760386810B90020A5F8680000207CE706
:104220005046F8F7D9FC4FF0FF3076E72E2E2F4D91
:104230006964646C6577617265732F546869726430
:104240005F50617274792F4C7749502F7372632FCE
:10425000636F72652F7463705F6F75742E630000F7
:104260007463705F73706C69745F756E73656E7480
:104270005F7365673A20696E76616C69642070636C
:1042800062000000417373657274696F6E202225AD
:104290007322206661696C6564206174206C696EAC
:1042A0006520256420696E2025730A0073706C698F
:1042B00074203C3D206D73730000000043616E2745
:1042C000742073706C6974207365676D656E7420FB
:1042D000696E746F206C656E677468203000000032
:1042E000757365672D3E6C656E203E2030000000C2
:1042F0000848816800290CD10749084A09681268F2
:10430000114306D00121816000220549FA20FAF705
:10431000D3BE7047BC02002090020020940200200F
:10432000C15003083EB51D4C05462078400722D4F5
:10433000002D06D11AA340F2EE2226A12DA0E7F708
:104340008FFB2078810717D5696A6069421A18D4F3
:104350002A8D1144411A002913DCE1682F4B0A8889
:1043600049880093CDE9011261891B1D4218284636
:10437000A169FFF72BF93EBDC00702D028480068AD
:10438000286260890028F6D0688B40F002006883BC
:104390002846BDE83E40FCF711BF0000980200200F
:1043A0002E2E2F4D6964646C6577617265732F548E
:1043B000686972645F50617274792F4C7749502F2D
:1043C0007372632F636F72652F7463705F696E2EF3
:1043D000630000007463705F74696D657761697470
:1043E0005F696E7075743A20696E76616C696420DD
:1043F00070636200417373657274696F6E20222569
:104400007322206661696C6564206174206C696E3A
:104410006520256420696E2025730A00F469002058
:104420008402002010B5FBF7DDFD05484178491CEA
:104430004170C80703D0BDE81040FFF75BBB10BD5B
:10444000780200200248417841F010014170704725
:104450009802002070B5040006D115A340F2A632E0
:104460001FA128A0E7F7FCFA258D626A638E511917
:104470004FF48666E06AB34200D933460344CB1A50
:1044800002D46585081A70BD111A002902DD0020CA
:1044900060850BE0851AB5F5803F06D304A340F292
:1044A000B63222A117A0E7F7DBFA6585002070BDC0
:1044B0002E2E2F4D6964646C6577617265732F547D
:1044C000686972645F50617274792F4C7749502F1C
:1044D0007372632F636F72652F7463702E630000B5
:1044E0007463705F7570646174655F7263765F6139
:1044F0006E6E5F776E643A20696E76616C696420D7
:1045000070636200417373657274696F6E20222557
:104510007322206661696C6564206174206C696E29
:104520006520256420696E2025730A006E65775F1B
:104530007263765F616E6E5F776E64203C3D203003
:1045400078666666660000002DE9FF4F4FF0000BAD
:104550008DB01746CDF80CB0CDF818B005005C460C
:104560005E46CDF824B0CDF82CB0ADF820B0D946D9
:104570006FF00F08CDF828B007D0688EB5F862103C
:10458000B0EB510F06D2014605E0EEA34FF4CF7217
:10459000F9A147E0490801B1084605900E980028A6
:1045A0003CD01146284600F02BFB00283ED1B5F840
:1045B00066A00490E86E00287ED0044600680028BB
:1045C000FBD1A07AC00700D004208046218905983D
:1045D0004144814206D9DBA34FF4F372ECA1F2A06F
:1045E000E7F73EFA218905984144401A1FFA80F8FE
:1045F000B5F86800ADF8200000282FD0404506D956
:10460000D0A34FF4FC72F2A1E7A0E7F729FA0394D4
:10461000BDF82010B9420CD20A460BE0C9A340F203
:10462000AD12F3A1E0A0E7F71BFA404611B0BDE8D8
:10463000F08F3A464046424504D8B94201D2084676
:1046400000E03846814606EB090086B2A1EB09007E
:10465000ADF82000A8EB09001FFA80F8BDF8200093
:1046600040B1BE4206D0B7A34FF40072EDA1CEA078
:10467000E7F7F6F9BE4263D2B8F1000F60D02089A7
:104680000028FBD0B81B4146404500DD084680B2FB
:10469000079010980394C00718D001211098009536
:1046A000CDE9010108AB424600200799FDF780FAE9
:1046B0005FEA000B6CD000E037E00E98079A811992
:1046C000DBF80400CBF72EFE584626E0606800E0D9
:1046D000084601680029FBD1017B890910D1416896
:1046E000408901440E9881420AD136B195A340F227
:1046F0003122D4A1ACA0E7F7B3F907980A9011E0F2
:10470000012200200799F7F751FE5FEA000BD1D094
:104710000E9881195846CBF80410F8F78AF85044DF
:104720001FFA80FA0798304495E0B5F86800002831
:10473000A4D084A340F24A22CDA19BA0E7F790F930
:104740008AE0B81B81B2DDE90420801A80B2814280
:1047500000D2084680461098C0072AD00998002841
:1047600025D0002110980095CDE9010108EB020049
:1047700081B208AB3620059AFDF71AFA019000289D
:1047800098D04189414508D26EA340F2662200E0EC
:1047900006E2C3A184A0E7F763F90E988119019896
:1047A0004268049810444246CBF7BCFD22E0012148
:1047B000D8E7BDF8200030B162A340F27122C8A151
:1047C00079A0E7F74DF9012241463620F7F7EEFDD3
:1047D000009000289BD00E984FF420728119009809
:1047E000416036200499F7F7E1FD019078B1009916
:1047F000F7F77EFF0198F8F71CF850441FFA80FA8B
:10480000BAF1090F05D90198F8F7E6F9C8E100985F
:10481000FAE70B980090E86D002283192846019969
:10482000FBF758F903900028F0D0099810B10698CA
:1048300018B109E00398099009E042A340F2AB22C5
:10484000ABA159A0E7F70CF906980399016003980A
:10485000069006EB080086B2BE42FFF472AFB9F1D3
:10486000000F19D0666811E0318901EB0900308131
:10487000306850B9718970684A4608440E99CBF780
:1048800051FD718901EB090070813668002EEBD172
:10489000218901EB09002081BDF82000A5F86800FE
:1048A000BBF1000F0FD034B926A34FF4387295A195
:1048B0003DA0E7F7D5F859466068F7F719FF218959
:1048C000BBF808001FE00A98F8B10CB1606830B975
:1048D0001CA340F2E62299A133A0E7F7C1F8606873
:1048E00004E003890A9A1A440281084601680029F3
:1048F000F7D102890A991144018142890A99114428
:10490000418121890A9808442081099884B1206056
:10491000E86D3844E865B5F86400C01BA5F864008C
:104920005FEA0A00A5F8660001D0286F10B126E101
:10493000E866EDE7E86E18B902A340F2123219E119
:104940001DE100002E2E2F4D6964646C6577617245
:1049500065732F54686972645F50617274792F4C6B
:104960007749502F7372632F636F72652F74637072
:104970005F6F75742E6300007463705F7772697483
:10498000653A20696E76616C69642070636200002C
:104990006D73735F6C6F63616C20697320746F6FEC
:1049A00020736D616C6C0000417373657274696F84
:1049B0006E2022257322206661696C656420617413
:1049C000206C696E6520256420696E2025730A00BD
:1049D000696E636F6E73697374656E74206F76654C
:1049E0007273697A652076732E2073706163650037
:1049F0007463705F77726974653A20617267203DF5
:104A00003D204E554C4C202870726F6772616D6D61
:104A100065722076696F6C61746573204150492915
:104A200000000000696E636F6E73697374656E7465
:104A3000206F76657273697A652076732E206C65B7
:104A40006E0000007463705F77726974653A20527B
:104A50004F4D2070627566732063616E6E6F7420B7
:104A60006265206F76657273697A65640000000084
:104A7000756E73656E745F6F76657273697A6520A3
:104A80006D69736D6174636820287063622D3E7573
:104A90006E73656E74206973204E554C4C2900006E
:104AA0007463705F77726974653A20636865636BDD
:104AB0002074686174206669727374207062756610
:104AC0002063616E20686F6C642074686520636F7A
:104AD0006D706C657465207365676C656E000000B1
:104AE0006F76657273697A65203D3D203000000065
:104AF000707265765F73656720213D204E554C4C82
:104B0000000000007463705F77726974653A206317
:104B1000616E6E6F7420636F6E636174656E617435
:104B200065207768656E207063622D3E756E7365D3
:104B30006E7420697320656D707479007463705FA2
:104B400077726974653A20657874656E73696F6E03
:104B5000206F66207265666572656E63652072659A
:104B6000717569726573207265666572656E6365DD
:104B7000000000001AA1AFF2D010E6F771FF039811
:104B800060B1C06850B11098800707D40820F3F7CF
:104B9000DDF90399C9688A8910438881002045E5B9
:104BA000688B40F080006883BBF1000001D0F8F70B
:104BB00013F8099808B1FEF7F7FDB5F8660060B183
:104BC000286F50B9E86E40B9AFF2882340F227321F
:104BD00003A1AFF22C20E6F743FF4FF0FF3025E5AD
:104BE0007463705F77726974653A2076616C69648A
:104BF000207175657565206C656E677468000000CE
:104C000070B50D46040006D11FA340F233122BA14C
:104C100032A0E6F725FF207D042808D0072806D01B
:104C2000022804D0032802D06FF00A0070BD002DC6
:104C300027D0B4F864004FF0FF31A84203D3B4F892
:104C40006600092805D3608B40F080006083084629
:104C500070BD0028206F09D0002812D1E06E002816
:104C60000FD109A340F2551226A107E010B9E06E5A
:104C7000002806D004A34FF4AC7231A117A0E6F7C8
:104C8000EFFE002070BD00002E2E2F4D6964646C75
:104C90006577617265732F54686972645F506172E1
:104CA00074792F4C7749502F7372632F636F72653D
:104CB0002F7463705F6F75742E6300007463705F90
:104CC00077726974655F636865636B733A20696EB8
:104CD00076616C69642070636200000041737365E3
:104CE0007274696F6E2022257322206661696C657B
:104CF00064206174206C696E6520256420696E20D3
:104D000025730A007463705F77726974653A207066
:104D100062756673206F6E207175657565203D3E06
:104D2000206174206C65617374206F6E65207175ED
:104D3000657565206E6F6E2D656D7074790000006D
:104D40007463705F77726974653A206E6F20706269
:104D5000756673206F6E207175657565203D3E2008
:104D6000626F74682071756575657320656D707408
:104D7000790000002DE9F04704004FF0000906D14A
:104D80002CA340F64F0238A140A0E6F769FEE56E7D
:104D900035B394F89A00FF2802D2401C84F89A0098
:104DA000E8688089F3F7D2F8C00701D02889D0B12C
:104DB00000260122E868494643682046FCF76EFB5E
:104DC0005FEA000812D0D8F804100F468EB1112007
:104DD000F3F7BCF8B98921F47C510843B88111E09C
:104DE0000020BDE8F08701260022E3E74FF0FF3006
:104DF000F7E768682B8914310289D21A93B201222D
:104E0000F7F75EFEE8684068F3F79EF8216D401CF6
:104E1000091A00D520654B46002241462046FCF782
:104E20009BFC2246231D4146BDE8F0471046FCF797
:104E300023BC00002E2E2F4D6964646C657761726F
:104E400065732F54686972645F50617274792F4C76
:104E50007749502F7372632F636F72652F7463707D
:104E60005F6F75742E6300007463705F7A65726F94
:104E70005F77696E646F775F70726F62653A206901
:104E80006E76616C696420706362000041737365C3
:104E90007274696F6E2022257322206661696C65C9
:104EA00064206174206C696E6520256420696E2021
:104EB00025730A0038B50D460446F3F749F8134840
:104EC0000621C0E900450830FAF77CF8002806D032
:104ED0000FA340F261221AA122A0E6F7C1FD0B4800
:104EE0000C30FAF79AF8002806D009A340F26522A0
:104EF00026A11CA0E6F7B4FD032000904FF48063C8
:104F000000222B492BA0FAF7BEF838BD480200203A
:104F10002E2E2F4D6964646C6577617265732F5412
:104F2000686972645F50617274792F4C7749502FB1
:104F30007372632F6170692F74637069702E6300E0
:104F40006661696C656420746F2063726561746565
:104F50002074637069705F746872656164206D624B
:104F60006F780000417373657274696F6E2022253B
:104F70007322206661696C6564206174206C696EBF
:104F80006520256420696E2025730A006661696CBE
:104F9000656420746F20637265617465206C6F6353
:104FA0006B5F74637069705F636F7265000000000F
:104FB000F950030874637069705F746872656164A6
:104FC000000000002DE9F041064690460D461248CB
:104FD000FAF719F828B911A3FC221CA11FA0E6F7C3
:104FE0003FFD0920F5F740F804004FF0FF370FD0E0
:104FF00000202070C4F80C80C4E9016521460648F1
:10500000F9F7F7FF002804D021460920F4F7D8FF6C
:105010003846BDE8F0810000500200202E2E2F4DB2
:105020006964646C6577617265732F546869726432
:105030005F50617274792F4C7749502F7372632FD0
:105040006170692F74637069702E6300496E7661B8
:105050006C6964206D626F780000000041737365B5
:105060007274696F6E2022257322206661696C65F7
:1050700064206174206C696E6520256420696E204F
:1050800025730A0091F8312012F0180F01D0024A5E
:1050900000E0024AFFF796BF111C0208996102085E
:1050A00070B504460D460548F9F7B2FF2846A047FB
:1050B0000248F9F7C0FF002070BD00005402002034
:1050C00010B5FFF7AFF908480849006809680843B8
:1050D00006D00022BDE810400549FA20F9F7ECBFE0
:1050E00004490020886010BD900200209402002036
:1050F000C1500308BC02002008B51E48F9F788FF1C
:105100001C480C38016809B140688847194E4FEABD
:105110000D05361FFAF7C2F80446401C0FD0F4B153
:105120001448F9F788FF224629463046F9F7B1FEC0
:1051300004461048F9F76CFF641C10D00AE00D48D3
:10514000F9F779FF002229463046F9F7A2FE09480F
:10515000F9F75EFF009828B100F04AF8D6E7F9F7B2
:10516000F9FED7E704A391220FA117A0E6F778FC78
:10517000CCE70000540200202E2E2F4D6964646C91
:105180006577617265732F54686972645F506172EC
:1051900074792F4C7749502F7372632F6170692F88
:1051A00074637069702E630074637069705F7468F3
:1051B000726561643A20696E76616C6964206D6520
:1051C0007373616765000000417373657274696F82
:1051D0006E2022257322206661696C6564206174EB
:1051E000206C696E6520256420696E2025730A0095
:1051F00010B50446007800280BD0012813D00228EF
:105200001AD0BDE810400FA3CF221AA121A0E6F7C3
:1052100027BC201D07C8904710B16068F7F7DCFC79
:105220002146092004E0D4E90110884721460820DE
:10523000BDE81040F4F7C4BED4E90110BDE8104049
:10524000084700002E2E2F4D6964646C65776172EB
:1052500065732F54686972645F50617274792F4C62
:105260007749502F7372632F6170692F746370696F
:10527000702E630074637069705F74687265616436
:105280003A20696E76616C6964206D65737361673D
:1052900065000000417373657274696F6E2022258A
:1052A0007322206661696C6564206174206C696E8C
:1052B0006520256420696E2025730A002DE9F041E0
:1052C00006460D461148F9F79EFE30B910A340F28C
:1052D0005D121BA11EA0E6F7C3FB0820F4F7C4FE75
:1052E00004004FF0FF370DD001202070C4E90165A4
:1052F00021460648F9F77DFE002804D02146082003
:10530000F4F75EFE3846BDE8F08100005002002050
:105310002E2E2F4D6964646C6577617265732F540E
:10532000686972645F50617274792F4C7749502FAD
:105330007372632F6170692F74637069702E6300DC
:10534000496E76616C6964206D626F7800000000C0
:10535000417373657274696F6E2022257322206613
:1053600061696C6564206174206C696E65202564D8
:1053700020696E2025730A002DE9F04F00252DEDE0
:105380000A8B4FF6FF7B89B02E465846F1F79EFDFB
:10539000C14810274FF4784400680097CDE9010414
:1053A00028216423A0220846F2F744F9142122465A
:1053B000084600F025FAB94C00204FF00108A086FD
:1053C0009FEDB7AB9FEDB8CB9FEDB9BBDFF8E8928F
:1053D0004FF47A7A616801208847A08EB8EB903F3D
:1053E0004FD120F48040A08604A8A18920F8251080
:1053F00000EB85006D1C0026218CEDB24180062D4E
:105400003FD2DFE805F03E031020314C14215A460C
:10541000084600F0F5F9B9F800004FF47842143866
:1054200080B214212BE0B9F800005A46143880B23B
:10543000142100F0E5F9B9F802004FF4784214386D
:1054400081B214201BE0B9F802005A46143881B228
:10545000142000F0D5F9B9F80200143881B2B9F877
:105460000000143880B208E05846F1F72FFDB9F873
:105470000210B9F80000490840084FF4784200F0E3
:10548000BFF90A20E9F762FB761CB6B25645A1D9EE
:1054900000F0F6F909B0BDEC0A8BBDE8F08FBDF85D
:1054A0001400BDF81010401A00B20390BDF81C00A3
:1054B000BDF81810401A00B20290BDF81E00BDF8E9
:1054C0001610401A00B20190BDF81A00BDF8121073
:1054D000401A00B200900298CBF7FAFA41EC180B90
:1054E0000398CBF7F5FA53EC182BCBF782FA41EC83
:1054F000180B0098CBF7ECFA41EC190B0198CBF79D
:10550000E7FA53EC192BCBF774FA41EC190B53EC77
:105510001A2B51EC180BCBF713FB05D251EC180BDF
:1055200081F0004141EC180BB0EE4A0AF0EE6A0A35
:1055300053EC102B51EC190BCBF702FB05D251ECBD
:10554000190B81F0004141EC190B53EC1C2B51EC71
:10555000180BCBF7F5FA73D353EC1B2B51EC180B4C
:10556000CBF706FB7CD3B0EE4C0AF0EE6C0A53ECA2
:10557000102B51EC190BCBF7E3FA71D3B0EE4B0AB9
:10558000F0EE6B0A53EC102B51EC190BCBF7F0FA41
:1055900066D3039941F6FE7001F6FF7181425FD830
:1055A000019901F6FF7181425AD8029901F6FF7103
:1055B000814255D8009901F6FF71814250D8039875
:1055C000F0B30198E0B30298D0B30098C0B3B9F833
:1055D00000004D464000503800EE100ADDE9021090
:1055E000F8EEC00A084400EE100AB8EEC00A80EED9
:1055F000201A84ED0E1AB9F802004000503800EE6F
:10560000100ADDE90010F8EEC00A084400EE100AA6
:10561000B8EEC00A80EE201A84ED0F1ABDF8200003
:10562000A4F84000BDF82200A4F842005C465846A9
:10563000F1F74CFC1F2021A10097CDE9011000E0FB
:105640000EE06B882A886E212320F1F7F3FF504685
:10565000E9F77CFA00F090FA2046F1F737FC19E7F9
:10566000B9F80210B9F800000025490840085A4668
:1056700000F0C6F814214FF47842084600F0C0F854
:10568000B0EE491AF0EE691AB0EE480AF0EE680A78
:1056900004A800F01FF89DE6807C0308300000207D
:1056A0000000000000000000666666666666EE3F69
:1056B000CDCCCCCCCCCCF03FB81E0020546F756361
:1056C000682053637265656E2041646A7573742047
:1056D0004F4B21002DE9F04F2DED048B89B0B0EE3A
:1056E000418A3C4DF0EE618AB0EE409AF0EE609A4D
:1056F000074600240DF10C094FF478484FF0100ACA
:105700004FF0A00B37F82430621C33A103A8E6F752
:10571000CFF9CDF800A0CDE9019804EB84010BEBA3
:1057200081066B882A8831462820F1F783FF07EB32
:105730008400621C43882AA103A8E6F7B9F9CDF8D2
:1057400000A0CDE901986B882A8831467820F1F7CE
:1057500071FF641CE4B2052CD4D34FF6FF700090A7
:10576000288804EB8401401E82B20BEB81041023D5
:1057700021462820F1F76CFD53EC192B1AA103A840
:10578000E6F796F94FF0000B8DF813B0CDF800A0B6
:10579000CDE9019846464F466B882A882146282045
:1057A000F1F748FF53EC182B12A103A8E6F780F994
:1057B0008DF813B0CDF800A0CDE901766B882A886A
:1057C00021467820F1F736FF09B0BDEC048BBDE827
:1057D000F08F0000B81E00207825643A2564000090
:1057E0007925643A2564000070783A25302E3266B7
:1057F0000000000070793A25302E3266000000006B
:105800002DE9F843054616460D30009282B2A5F107
:105810000C000C4680B20B46F1F708FC04F10D00B9
:1058200083B2193881B22A4610460096F1F7FEFB82
:10583000671C05F10109B9B21FFA89F03246F1F788
:1058400043FCA5F10108B9B21FFA88F03246F1F71E
:105850003BFC671EB9B21FFA89F03246F1F734FCFF
:10586000B9B21FFA88F03246F1F72EFC01B0334688
:1058700021462846BDE8F0430622F1F775BB00003B
:1058800010B503490C222820DFF7F4F9002010BDE1
:105890006800002070B5324E304C324DB07900F0C7
:1058A000010084F84400B088A0F5EE41963902D199
:1058B000EEF744FF68B3B088A0F5AA41103926D0AE
:1058C000A0F51841063922D0A0F5864142391ED0F4
:1058D000A0F5864184391AD0A0F58051183916D028
:1058E000A0F5C85163391CD0A0F5E041843918D027
:1058F000A0F5E041163914D018492031A1F1140067
:1059000000F0E6F8FFF7BCFFD8B1002070BDEEF75D
:1059100015FF656094F8440040F0800084F844006E
:10592000F3E7EEF747FA48B1EEF708FFC4F8045082
:1059300014F8440F40F080002070E6E70A486060E9
:10594000F6E74FF6FF70F1F7C1FAFFF715FD00F02B
:1059500013F9FFF795FF012070BD00003000002013
:10596000B81E00207D4802081D3F02082DE9F05FA7
:10597000DFF8EC8005460024224601214046E0F78E
:1059800088FCDFF8E0904FF4006700223946484673
:10599000E0F77FFC4FF4005B002259463248E0F705
:1059A00078FCBA4600264746280601D5012200E0C9
:1059B000002251464846E0F76CFC6806050E0022BE
:1059C00001213846E0F765FC0120E9F7C5F801221E
:1059D00011463846E0F75DFC761CF6B2082EE3D39C
:1059E0000620E9F7B9F8002201213E463846E0F7E3
:1059F00050FC0120E9F7B0F8012211463046E0F7EB
:105A000048FC0120E9F7A8F8002201213046E0F720
:105A100040FC00254FF6FF7707EA440400220121ED
:105A20003046E0F736FC0120E9F796F801221146EE
:105A30003046E0F72EFC04213046E0F71DFC08B1AB
:105A4000641CA4B26D1CEDB2102DE5D32409012213
:105A500059460548E0F71DFC2046BDE8F09F0000D0
:105A6000000402400014024000080240FEB5064651
:105A700000256C463046FFF779FF24F815006D1CB1
:105A8000ADB2052DF6D30020431C99B20CE000BF47
:105A900034F8102034F81150AA4203D924F81050D9
:105AA00024F81120491C89B20529F1D398B20428A1
:105AB000EAD300215FF0010034F81020401C1144AB
:105AC00080B289B20428F7D30320B1FBF0F0FEBD09
:105AD00070B506460A480D4690F84400C00705D048
:105AE0009020FFF7C3FF0446D02004E0D020FFF74A
:105AF000BDFF04469020FFF7B9FF3480288070BDB9
:105B0000300000207FB50C460546694602A8FFF725
:105B1000DFFF01A903A8FFF7DBFFBDF80C30BDF8DC
:105B20000820934203D803F13200824205D39A42FF
:105B30001FD802F1320083421BD2BDF80410BDF819
:105B40000000814203D801F13206B04204D38842FA
:105B50000FD8323081420CD2D01840082880BDF8CE
:105B60000000BDF80410084440082080012004B063
:105B700070BD0020FBE700000C2202492820DFF75F
:105B80008DB800006800002070B50546022130483D
:105B9000E0F772FB2F4C30B1A08E01044ED520F4FB
:105BA0000040A08651E02B4800F120010C3015B1D7
:105BB000FFF7A8FF37E0FFF7A5FFA0B3A089B4F86F
:105BC000401094ED0E1A401A00B200EE100A22485E
:105BD000B8EEC00A01884908C0EE010A00EE101AAA
:105BE000B8EE400A30EE800ABCEEC00A10EE101A81
:105BF000A181218CB4F8422094ED0F1A891A09B2C0
:105C000000EE101A4088B8EEC00A4008C0EE010A43
:105C100000EE100AB8EE400A30EE800ABCEEC00A70
:105C200010EE100A2084A08E00040ED44FF44040E1
:105C3000A086A089E083208C608606E00020E083B7
:105C400060864FF6FF70A0812084002070BD0000A8
:105C50000004024030000020B81E002010B500F003
:105C600007F810B10168002900D1002010BD000024
:105C7000042801D300207047014901EB0010704750
:105C8000A46900202DE9F05F01B92D4920B12D4C08
:105C9000002663681D460FE02BA340F2B73236A101
:105CA0003BA0E5F7DDFE6FF00F00BDE8F09FA842D6
:105CB00001D1012602E0ED68002DF8D16FF007094F
:105CC00072BB00254FF6FF784FF4404A4FF4804BEB
:105CD0002288571C2780424501D1A4F800A01A460B
:105CE000278809E0B2F812C0BC4504D16D1CADB2E2
:105CF0005D45EDD31CE0D268002AF3D13A04120CC2
:105D000016D00FE098420AD05D8A954207D11F68ED
:105D10000D68AF420CD059B155B14BB147B1DB68FA
:105D2000002BEFD101B109680160428216B104E095
:105D30004846BAE76168C16060600020B5E70000CE
:105D4000587E0308C80200202E2E2F4D6964646C13
:105D50006577617265732F54686972645F50617210
:105D600074792F4C7749502F7372632F636F72656C
:105D70002F7564702E6300007564705F62696E64D5
:105D80003A20696E76616C6964207063620000007D
:105D9000417373657274696F6E20222573222066C9
:105DA00061696C6564206174206C696E652025648E
:105DB00020696E2025730A002DE9F04116460D4634
:105DC00004006FF00F0704D045B1628A002A0FD09B
:105DD00013E014A340F235421EA103E011A340F2E8
:105DE000364223A129A0E5F73BFE3846BDE8F08105
:105DF0000146FFF747FF0028F8D128686060A682B7
:105E0000207C2C4A40F0040020745068014604E0D5
:105E1000844201D10020E9E7C0680028F8D1E160A0
:105E20005460F7E72E2E2F4D6964646C65776172BC
:105E300065732F54686972645F50617274792F4C76
:105E40007749502F7372632F636F72652F7564707B
:105E50002E6300007564705F636F6E6E6563743AE5
:105E600020696E76616C69642070636200000000D6
:105E70007564705F636F6E6E6563743A20696E76E9
:105E8000616C696420697061646472004173736558
:105E90007274696F6E2022257322206661696C65B9
:105EA00064206174206C696E6520256420696E2011
:105EB00025730A00C802002010B5CAF721FA034969
:105EC000C0F30D0000F54040088010BDC80200205E
:105ED0002DE9F04F87B08946070005D14AA3CF22AC
:105EE00055A15BA0E5F7BCFDB9F1000F05D146A3B4
:105EF000D02261A156A0E5F7B3FD788908287CD3AC
:105F0000644D7C6829686869EFF7FEFF029020887D
:105F1000F2F71CF800906088F2F718F8DFF878B113
:105F200000268246B046DBF8044032E0618A5145E3
:105F30002DD149462046029A00F0BEF838B3207CA5
:105F4000400711D4B8F1000F0DD0029860B1686914
:105F5000401C09D1D8F80010D9F80400814203D0C0
:105F60002168814200D1A046A18A009881420ED1C9
:105F7000606810B12969884209D136B1E068F060E3
:105F8000DBF80410E160CBF8044024B10BE02646B6
:105F9000E468002CCAD15FEA080404D1D9F80400EF
:105FA0006969884229D108213846F6F7FBFF38B1E4
:105FB00015A34FF4B87239A125A0E5F751FD1CE0F7
:105FC00054B1A569CDB1334B3A4610332146E0694F
:105FD000A84707B0BDE8F08F029870B9287DC0F3DC
:105FE00003100E2809D0A889083001B23846F6F708
:105FF000D9FE03213846EFF71FFD07B03846BDE84C
:10600000F04FF6F7E9BD00002E2E2F4D6964646C49
:106010006577617265732F54686972645F5061724D
:1060200074792F4C7749502F7372632F636F7265A9
:106030002F7564702E6300007564705F696E7075F3
:10604000743A20696E76616C6964207062756600CE
:10605000417373657274696F6E2022257322206606
:1060600061696C6564206174206C696E65202564CB
:1060700020696E2025730A007564705F696E707503
:10608000743A20696E76616C6964206E6574696625
:1060900000000000E4690020C802002070627566FC
:1060A0005F72656D6F76655F6865616465722066B5
:1060B00061696C65640A000070B516460D460400FF
:1060C00005D116A3872221A129A0E5F7C9FC002D3F
:1060D00005D112A3882230A125A0E5F7C1FC217AC1
:1060E000374831B1426892F83420521CD2B2914202
:1060F00012D14EB174B1216861B14069421C09D01E
:10610000AA681140104003E024B1216811B1406930
:10611000814201D1012070BD002070BD2E2E2F4D77
:106120006964646C6577617265732F546869726421
:106130005F50617274792F4C7749502F7372632FBF
:10614000636F72652F7564702E6300007564705FF5
:10615000696E7075745F6C6F63616C5F6D617463A1
:10616000683A20696E76616C696420706362000031
:10617000417373657274696F6E20222573222066E5
:1061800061696C6564206174206C696E65202564AA
:1061900020696E2025730A007564705F696E7075E2
:1061A000745F6C6F63616C5F6D617463683A2069E2
:1061B0006E76616C6964206E65746966000000002B
:1061C000E469002010B5002813D00268002A10D01E
:1061D00000290ED00A68002A0BD0064A526806E051
:1061E00013680468A34201D10B681360D268002AC7
:1061F000F6D110BDC802002010B50020F3F734FF1F
:10620000040004D02021CAF7B5F8FF20E072204630
:1062100010BDFFF7F1BF000010B1C0E906127047D2
:1062200003A340F28A420EA113A0E5F719BC0000B7
:106230002E2E2F4D6964646C6577617265732F54DF
:10624000686972645F50617274792F4C7749502F7E
:106250007372632F636F72652F7564702E63000015
:106260007564705F726563763A20696E76616C69F9
:106270006420706362000000417373657274696F1B
:106280006E2022257322206661696C65642061742A
:10629000206C696E6520256420696E2025730A00D4
:1062A00030B10E494A68824211D1D2684A6010E08A
:1062B0000BA340F2A14216A11BA0E5F7D1BBD16808
:1062C00021B1814202D1C168D16002E00A46002AB0
:1062D000F5D101460020F3F773BE0000C80200208C
:1062E0002E2E2F4D6964646C6577617265732F542F
:1062F000686972645F50617274792F4C7749502FCE
:106300007372632F636F72652F7564702E63000064
:106310007564705F72656D6F76653A20696E76613F
:106320006C69642070636200417373657274696F95
:106330006E2022257322206661696C656420617479
:10634000206C696E6520256420696E2025730A0023
:1063500010B56FF00F0430B151B1838ABDE8104021
:10636000021D00F053B807A340F2D51211A103E0BB
:1063700004A34FF4EB7215A11AA0E5F771FB2046B8
:1063800010BD00002E2E2F4D6964646C657761721C
:1063900065732F54686972645F50617274792F4C11
:1063A0007749502F7372632F636F72652F75647016
:1063B0002E6300007564705F73656E643A20696EC9
:1063C00076616C6964207063620000007564705FC0
:1063D00073656E643A20696E76616C6964207062E0
:1063E00075660000417373657274696F6E202225B3
:1063F0007322206661696C6564206174206C696E2B
:106400006520256420696E2025730A002DE9F84374
:1064100098460E46040015466FF00F0708D066B187
:10642000002D0FD0207A002816D0F5F7EFF916E0EE
:1064300011A34FF406721CA108E00FA340F2192229
:106440001FA103E00CA340F21A2224A12AA0E5F721
:1064500007FB3846BDE8F8831046F0F78DF938B1F0
:10646000009043462A463146204600F059F8F1E7AD
:106470006FF00300EEE700002E2E2F4D6964646C70
:106480006577617265732F54686972645F506172D9
:1064900074792F4C7749502F7372632F636F726535
:1064A0002F7564702E6300007564705F73656E6491
:1064B000746F3A20696E76616C6964207063620063
:1064C0007564705F73656E64746F3A20696E76618F
:1064D0006C69642070627566000000007564705F0E
:1064E00073656E64746F3A20696E76616C696420BE
:1064F0006473745F69700000417373657274696FCF
:106500006E2022257322206661696C6564206174A7
:10651000206C696E6520256420696E2025730A0051
:106520007CB5069C6FF00F0588B1A9B1002A18D080
:10653000002C1BD00568002D21D0C5F303160E2EAC
:106540001DD06668B5421CD06FF003007CBD10A35F
:106550004FF420721AA10DE00DA340F281221FA179
:1065600008E00BA340F2822223A103E008A340F23B
:10657000832229A130A0E5F773FA28467CBD251DAA
:1065800000E00546CDE9004500F06AF87CBD00005A
:106590002E2E2F4D6964646C6577617265732F547C
:1065A000686972645F50617274792F4C7749502F1B
:1065B0007372632F636F72652F7564702E630000B2
:1065C0007564705F73656E64746F5F69663A2069A5
:1065D0006E76616C69642070636200007564705F40
:1065E00073656E64746F5F69663A20696E76616C7C
:1065F00069642070627566007564705F73656E64AF
:10660000746F5F69663A20696E76616C69642064B4
:1066100073745F69700000007564705F73656E6409
:10662000746F5F69663A20696E76616C6964206E8A
:106630006574696600000000417373657274696F68
:106640006E2022257322206661696C656420617466
:10665000206C696E6520256420696E2025730A0010
:106660002DE9FE4FDDE90C899B4692460D4606005A
:106670006FF00F040DD08DB1BAF1000F13D05FEAA7
:10668000090015D05FEA080017D0728A002A1ED0D0
:1066900023E038A340F2D12242A112E035A340F218
:1066A000D22248A10DE033A340F2D3224DA108E04D
:1066B00030A34FF4357254A103E02EA340F2D5224B
:1066C0005AA163A0E5F7CCF92046BDE8FE8F31461C
:1066D0000846FFF7D7FA0028F7D128894FF0FF378F
:1066E00000F1080189B2814213D308212846F5F749
:1066F000FAFD80B14FF4207208212220F5F756FEF2
:10670000040006D0288938B129462046F6F788F8D3
:1067100002E03846D9E72C466089082806D215A33E
:1067200040F20D3254A14AA0E5F79AF9708A6768E1
:10673000F1F70CFC38805846F1F708FC788000200F
:10674000F8802089F1F702FCB880F37AB27A112040
:10675000CDE90020CDF80880524649462046EFF7A3
:106760000BFE0646AC4202D02046F6F735FA30461C
:10677000ABE700002E2E2F4D6964646C6577617263
:1067800065732F54686972645F50617274792F4C1D
:106790007749502F7372632F636F72652F75647022
:1067A0002E6300007564705F73656E64746F5F695B
:1067B000665F7372633A20696E76616C69642070FB
:1067C000636200007564705F73656E64746F5F6907
:1067D000665F7372633A20696E76616C69642070DB
:1067E000627566007564705F73656E64746F5F696F
:1067F000665F7372633A20696E76616C69642064C7
:1068000073745F69700000007564705F73656E6417
:10681000746F5F69665F7372633A20696E76616C4C
:106820006964207372635F69700000007564705F53
:1068300073656E64746F5F69665F7372633A206933
:106840006E76616C6964206E657469660000000094
:10685000417373657274696F6E20222573222066FE
:1068600061696C6564206174206C696E65202564C3
:1068700020696E2025730A00636865636B20746865
:10688000617420666972737420706275662063613A
:106890006E20686F6C642073747275637420756405
:1068A000705F686472000000002808D00C2906D0D0
:1068B0000B2904D00F2902D04069ECF7A1BE704724
:1068C00010B5040009D02068002806D0A16808444B
:1068D000C9F783FDA1680844A06010BDD0E901326A
:1068E00001699A60D0E901235A604A68824201D165
:1068F00082684A60002202610868401E08600868D9
:10690000704710B5040006D000F0D6F8A46B00F074
:10691000F3F8204610BD502080F31188BFF34F8F4D
:10692000BFF36F8FFEE708B1806B7047502080F394
:106930001188BFF34F8FBFF36F8FFEE738B54FF469
:106940007A740F4991F83100C00714D0486800905C
:106950006846EFF741FF70B16846EFF73DFF01462B
:106960000848C9F75CFD074907A0E5F779F800205A
:1069700000F090F938BD204600F066F9E1E700002C
:10698000D4330020102F0020455448206970206126
:106990006464726573733A25730A000000F108019C
:1069A0004FF0FF32C0E90112C160016100210160B6
:1069B000704700210161704730B50B685A1C02D046
:1069C00000F1080202E0026904E0224654682568EA
:1069D0009D42FAD953684B6099608A6051600861A2
:1069E0000168491C016030BD42684A6093688B6051
:1069F00093685960916008610168491C01607047A3
:106A0000F0B52C4A00242546116839B1502080F396
:106A10001188BFF34F8FBFF36F8FFEE7014600264B
:106A20002DE009680F465FEA417C04D0F91D21F092
:106A30000701CF1BDB1B5DB1176857B3B9420BD8F9
:106A4000502080F31188BFF34F8FBFF36F8FFEE7A5
:106A5000184F1837C7E900160B44083B23F007030B
:106A6000176813605E60A3EB010C1E60C1E9003C77
:106A700007B1396049686D1C0C4400EBC5014B68D7
:106A8000002BCED1946054605CB14FF00040506157
:106A9000F0BD502080F31188BFF34F8FBFF36F8F8D
:106AA000FEE7502080F31188BFF34F8FBFF36F8F45
:106AB000FEE7000018020020502080F31188BFF389
:106AC0004F8FBFF36F8F0A494868401C4860012808
:106AD0000CD10848006810F0FF0F07D0502080F359
:106AE0001188BFF34F8FBFF36F8FFEE77047000031
:106AF0003802002004ED00E00849486828B1401E33
:106B0000486001D180F311887047502080F31188CC
:106B1000BFF34F8FBFF36F8FFEE7000038020020F6
:106B200070B500282AD0164DA0F108046068696984
:106B3000084207D1502080F31188BFF34F8FBFF375
:106B40006F8FFEE722683AB1502080F31188BFF3BF
:106B50004F8FBFF36F8FFEE78843606000F09AF9B4
:106B600060686968084468602046F7F7C7F82869D4
:106B7000401C2861BDE8704000F0BEBF70BD000041
:106B8000180200204FF0E0200021016181610549D9
:106B90004FF47A720968B1FBF2F1491E4161072195
:106BA00001617047D801002010B5C9F753FB1149A6
:106BB00010280ED300F1E02090F8F0030A789042FC
:106BC00007D2502080F31188BFF34F8FBFF36F8F30
:106BD000FEE709480068896800F4E060884207D948
:106BE000502080F31188BFF34F8FBFF36F8FFEE704
:106BF00010BD0000380200200CED00E010B50400CC
:106C000006D000F00DF82046BDE81040FFF788BF21
:106C1000502080F31188BFF34F8FBFF36F8FFEE7D3
:106C2000084A002102EBC1035B68834206D10020C1
:106C300042F8310002EBC10148607047491C082945
:106C4000F0D370477468002010B5020014D00F48CC
:106C5000006B38B1502080F31188BFF34F8FBFF322
:106C60006F8FFEE700F016F900211046F6F7D6FE0A
:106C700000F042FF002807D105494FF0805008601E
:106C8000BFF34F8FBFF36F8F10BD0000DC010020FA
:106C900004ED00E070B50546FFF70EFF254C05B981
:106CA0002568281DFFF71AFE58B9E86A224A00EB4A
:106CB000800152F8211021B90121814020698843C7
:106CC0002061A86A18B105F11800FFF707FE606A95
:106CD000401C60622068854208D11748291DC830D1
:106CE000FFF782FE6068401C606007E0A068401EFD
:106CF000A0602846F6F77BFFF7F734F8FFF7FCFEB5
:106D00006069002814D02068854211D1206B38B109
:106D1000502080F31188BFF34F8FBFF36F8FFEE7D2
:106D200006494FF080500860BFF34F8FBFF36F8F5D
:106D300070BD0000DC010020B468002004ED00E01C
:106D400002490A6A0260C96841607047DC0100209C
:106D500001490120C8617047DC01002010B50C46D4
:106D600050B1094909681831FFF726FE2046BDE8F1
:106D700010400121F6F752BE502080F31188BFF376
:106D80004F8FBFF36F8FFEE7DC01002070B504006A
:106D900047D0A26CA2B1606C884200D30146E06A81
:106DA00088423ED0012A3CD11E4D2A6894420FD120
:106DB000502080F31188BFF34F8FBFF36F8FFEE732
:106DC000502080F31188BFF34F8FBFF36F8FFEE722
:106DD000E162A269002A02DBC1F10701A161124E42
:106DE00000EB8000616906EB8000814219D1201D13
:106DF000FFF774FD012130B994F82C002A6901FADB
:106E000000F082432A61E06A2A69814011432961C6
:106E100000EB800006EB8000211DBDE87040FFF70D
:106E2000E3BD70BDDC010020B46800201CB515482E
:106E30000024CDE900402346802213A1144800F02D
:106E4000DBFC012809D0401C1AD1502080F31188A6
:106E5000BFF34F8FBFF36F8FFEE7502080F3118891
:106E6000BFF34F8FBFF36F8F06484FF0FF312C38C1
:106E7000816201214161C460BDE81C4000F08CB812
:106E80001CBD00000802002049444C4500000000E1
:106E900005DC02080248016B491C016370470000D1
:106EA000DC0100201448016B11B10121C161704760
:106EB0000021C1610169B1FA81F1C1F11F0101EB4A
:106EC00081020E4951F822306BB101EB820101F1D0
:106ED00008034A6852684A609A4201D152684A607F
:106EE000D16801607047502080F31188BFF34F8F45
:106EF000BFF36F8FFEE70000DC010020B4680020C4
:106F000070B50E4604004FF0090519D02068B8B1DD
:106F10000178A9B1A188C288914211D1F0F7D4FCBF
:106F200068B120684078E9F7ADFEC00704D00021C1
:106F30002068FFF7B9FC03E00025206801E00F2579
:106F400000203060284670BD70B50E4D00244FF40F
:106F5000E006641CE4B2D92231462868F4F7BCFE8E
:106F600028680078AA280AD01420E7F7EFFD0A2C39
:106F7000EFD328680078AA2801D0012070BD002036
:106F800070BD0000AC00002001460220F3F78EB96E
:106F900001460220F3F7B8B91CB537480168374AF3
:106FA000914207D1502080F31188BFF34F8FBFF378
:106FB0006F8FFEE700683149491E884207D1502093
:106FC00080F31188BFF34F8FBFF36F8FFEE72C491B
:106FD00008780190FF20087008788DF800009DF86F
:106FE00000009DF8002000F0F000904207D05020F3
:106FF00080F31188BFF34F8FBFF36F8FFEE79DF8CB
:107000000000204C00F0500020700720A06005E038
:107010009DF8002052008DF80020401E9DF80020B1
:107020001206F5D4A060032807D0502080F3118801
:10703000BFF34F8FBFF36F8FFEE74FF44070A06038
:10704000019808700C482030016841F4700101601B
:10705000016841F070410160FFF794FD002060601D
:10706000C9F7C0F80848016841F040410160C9F71C
:10707000A5F800201CBD000000ED00E071C20F412A
:1070800000E400E03802002034EF00E010B50246D2
:107090000021012000F00CF8041E07D000218160BF
:1070A00001600B460A46C16000F068F8204610BD3A
:1070B00070B50E46050012D005FB06F04830F6F715
:1070C0002DFF040009D004F1480120467EB1016083
:1070D000C0E90F56012100F00DF8204670BD502088
:1070E00080F31188BFF34F8FBFF36F8FFEE700600F
:1070F000EEE7000070B50D46040025D0FFF7DCFC7C
:10710000D4E90F20216802FB0011A1600021A163D6
:10711000216861600A46D4E90F01401E00FB01218D
:10712000E16021464FF0FF3001F8440F487004F150
:1071300010008DB1FFF732FC04F12400FFF72EFCA4
:10714000FFF7DAFC012070BD502080F31188BFF3F7
:107150004F8FBFF36F8FFEE721690029F0D000F059
:1071600091FC0028ECD004494FF080500860BFF338
:107170004F8FBFF36F8FE3E704ED00E02DE9FF478A
:1071800082B01D468A464FF00008040003D0BAF1D1
:10719000000F08D011E0502080F31188BFF34F8F0B
:1071A000BFF36F8FFEE7206C38B1502080F3118859
:1071B000BFF34F8FBFF36F8FFEE7022D0AD1E06B55
:1071C000012807D0502080F31188BFF34F8FBFF301
:1071D0006F8FFEE700F042FB3F4F4FF000094FF08A
:1071E000805648B9049838B1502080F31188BFF315
:1071F0004F8FBFF36F8FFEE7FFF75EFCA06BE16B75
:10720000884207D3022D05D00498D0B1B8F1000F01
:107210001AD01EE02A4651462046F6F7B2FC616AB3
:1072200019B104F1240000F02DFC20B13E60BFF341
:107230004F8FBFF36F8FFFF75FFC012006B0BDE8F3
:10724000F087FFF759FC22E06846FFF779FD4FF021
:107250000108FFF751FCFFF71DFEFFF72DFC94F925
:107260004400401C01D184F8449094F94500401C2E
:1072700001D184F84590FFF73FFC04A9684600F06F
:1072800081FA30B12046F6F791FD00F035FC002080
:10729000D4E7FFF711FCA06BE16B884213D1FFF735
:1072A0002BFC04F110000499FFF758FD2046F6F777
:1072B0007DFD00F021FC00289ED13E60BFF34F8F82
:1072C000BFF36F8F98E7FFF717FC2046F6F76EFDC8
:1072D00000F012FC90E7000004ED00E02DE9F0471B
:1072E0001F4690468946040003D0B9F1000F08D02C
:1072F00011E0502080F31188BFF34F8FBFF36F8FE1
:10730000FEE7206C38B1502080F31188BFF34F8F17
:10731000BFF36F8FFEE7022F0AD1E06B012807D081
:10732000502080F31188BFF34F8FBFF36F8FFEE7BC
:10733000FFF73AFC5020EFF3118680F31188BFF37A
:107340004F8FBFF36F8FA06BE16B884206D3022F84
:1073500004D0002086F31188BDE8F08794F94550E9
:10736000A06B3A4649462046F6F70BFC681C04D051
:107370006D1C84F845500120ECE7606A0028FAD0C3
:1073800004F1240000F07EFB0028F4D0B8F1000FD7
:10739000F1D00121C8F80010EDE770B50E460400E9
:1073A00009D0206C78B1502080F31188BFF34F8F43
:1073B000BFF36F8FFEE7502080F31188BFF34F8F2C
:1073C000BFF36F8FFEE7206848B9A06838B150203E
:1073D00080F31188BFF34F8FBFF36F8FFEE7FFF786
:1073E000E3FB5020EFF3118580F31188BFF34F8F3B
:1073F000BFF36F8FA16BE06B884218D994F94500F9
:10740000491CA163411C04D0401C84F845000120A4
:107410000EE0606A0028FAD004F1240000F032FB8C
:107420000028F4D0002EF2D001203060EFE70020D9
:1074300085F3118870BD00002DE9F747002683B061
:107440008A46040003D0BAF1000F08D011E05020A2
:1074500080F31188BFF34F8FBFF36F8FFEE7206C6F
:1074600038B1502080F31188BFF34F8FBFF36F8F77
:10747000FEE700F0F3F9DFF8F4804FF000094FF079
:10748000805748B9059838B1502080F31188BFF370
:107490004F8FBFF36F8FFEE7FFF70EFBA56BC5B1F4
:1074A00051462046F6F75AFB6D1EA563206950B180
:1074B00004F1100000F0E6FA28B1C8F80070BFF33C
:1074C0004F8FBFF36F8FFFF717FB012006B0BDE8AA
:1074D000F087059808B11EB106E0FFF70DFB27E025
:1074E0006846FFF72DFC0126FFF706FBFFF7D2FCED
:1074F000FFF7E2FA94F94400401C01D184F844906B
:1075000094F94500401C01D184F84590FFF7F4FA46
:1075100005A9684600F036F9002820460AD0F6F79B
:1075200045FC00F0E9FA2046F6F70EFC0028B3D03F
:107530000020CBE7F6F708FC90B104F12400059990
:10754000FFF70CFC2046F6F731FC00F0D5FA0028D6
:10755000A2D1C8F80070BFF34F8FBFF36F8F9BE7C6
:107560002046F6F723FC00F0C7FA95E704ED00E0AB
:107570002DE9F04790468946040003D0B9F1000F89
:1075800008D011E0502080F31188BFF34F8FBFF374
:107590006F8FFEE7206C38B1502080F31188BFF365
:1075A0004F8FBFF36F8FFEE7FFF7FEFA5020EFF328
:1075B000118680F31188BFF34F8FBFF36F8FA76BD6
:1075C000F7B194F9445049462046F6F7C7FA7F1EB2
:1075D000A763681C04D06D1C84F84450012010E09F
:1075E00020690028FAD004F1100000F04BFA0028BE
:1075F000F4D0B8F1000FF1D00121C8F80010EDE788
:10760000002086F31188BDE8F08700002DE9F343E0
:10761000002683B00400354609D0206C78B1502094
:1076200080F31188BFF34F8FBFF36F8FFEE75020B9
:1076300080F31188BFF34F8FBFF36F8FFEE700F029
:107640000DF9DFF83C814FF000094FF0805748B941
:10765000049838B1502080F31188BFF34F8FBFF3E7
:107660006F8FFEE7FFF728FAA06BC8B1401EA0633A
:10767000206810B9F6F7AAFCA060206950B104F1A7
:10768000100000F0FFF928B1C8F80070BFF34F8F69
:10769000BFF36F8FFFF730FA012005B0BDE8F0832C
:1076A000049808B166B10FE03DB1502080F3118815
:1076B000BFF34F8FBFF36F8FFEE7FFF71DFA5DE05B
:1076C0006846FFF73DFB0126FFF716FAFFF7E2FBDE
:1076D000FFF7F2F994F94400401C01D184F844907A
:1076E00094F94500401C01D184F84590FFF704FA55
:1076F00004A9684600F046F80028204612D0F6F7A4
:1077000055FB00F0F9F92046F6F71EFB0028A9D03A
:107710009DB3FFF7D1F9606A50B3206B0068C0F1E8
:10772000070126E0F6F710FBE0B1206838B9FFF753
:10773000C3F9A06800F060F90546FFF7DDF904F130
:1077400024000499FFF70AFB2046F6F72FFB00F010
:10775000D3F9002886D1C8F80070BFF34F8FBFF36C
:107760006F8F7FE72046F6F721FB00F0C5F979E738
:107770000021A068FFF70AFB9FE7FFE700208CE7E6
:1077800004ED00E02DE9F0410C46050011D0C4B134
:10779000FFF792F9174BDA686E682068911B471C57
:1077A00017D02F681B6A9F4219D0964217D8012420
:1077B00010E0502080F31188BFF34F8FBFF36F8F1D
:1077C000FEE7502080F31188BFF34F8FBFF36F8F18
:1077D000FEE70024FFF790F92046BDE8F0818842DB
:1077E00005D9401A20602846FFF7AAFAF1E70020E1
:1077F0002060DCE7DC0100202DE9FF5F8346DDE946
:107800000E87994616468A469000F6F787FB0500D4
:107810001AD05420F6F782FB040012D02563002111
:10782000CDE90241CDE900874B46324651465846E4
:10783000F6F718FA2046F6F729F9012004B0BDE85A
:10784000F09F2846FFF76CF94FF0FF30F6E7000095
:107850000148006870470000DC01002005484169CC
:1078600019B1006B18B10020704701207047022049
:1078700070470000DC0100200148C068704700002C
:10788000DC01002010B5FFF78FF90148C06810BD7A
:10789000DC0100202DE9F0412F4C0026206B28B19F
:1078A000A069401CA0613046BDE8F081E5686D1C10
:1078B000E56013D1606B006838B1502080F3118807
:1078C000BFF34F8FBFF36F8FFEE7606BA16B6163F8
:1078D000A063206A401C2062F6F744FAA06ADFF831
:1078E0007C80854209D3606B0068A0B1606BC06882
:1078F000C7687868854211D2A0622068C06A00EB30
:10790000800158F82100012800D90126E0690028EB
:10791000C9D00126C7E74FF0FF30EDE7381DFEF76D
:10792000DDFFB86A18B107F11800FEF7D7FFF96A52
:107930000120226988401043206101EB810108EB9E
:107940008100391DFFF750F8F86A2168C96A88423A
:10795000C9D30126C7E70000DC010020B46800207D
:1079600070B504004FF0000140D0214D28688442DA
:1079700007D0502080F31188BFF34F8FBFF36F8F74
:10798000FEE7A06C38B1401EA064636CE26A9A42C4
:107990002CD040B12AE0502080F31188BFF34F8FE4
:1079A000BFF36F8FFEE7201DFEF798FF114A0121FC
:1079B00050B9E06A00EB800352F8233023B92B69F9
:1079C00001FA00F083432B61606CE062C0F10700B4
:1079D000A061E06A2B6981401943296100EB8000B6
:1079E00002EB8000211DFEF7FFFF0121084670BD5C
:1079F000DC010020B468002070B504004FF00000E6
:107A000034D01E4DE16A2A68D26A91422FD2A06911
:107A1000002804DB2868C06AC0F10700A061184E86
:107A200001EB8101606906EB810188421AD1201DBA
:107A3000FEF754FF012130B994F82C002A6901FAAD
:107A400000F082432A612868C06AE0622A698140A6
:107A50001143296100EB800006EB8000211DFEF739
:107A6000C3FF02E02868C06AE062012070BD616C5B
:107A70002A68D26A9142F8D370BD0000DC01002070
:107A8000B46800202DE9F041C068C468ACB104F1CD
:107A900018000746FEF722FF154D286B0126A0B1FE
:107AA00039461448FEF7A0FFE06A2968C96A88428F
:107AB0001CD90120EE61BDE8F081502080F31188CF
:107AC000BFF34F8FBFF36F8FFEE7201DFEF706FF5A
:107AD000E16A2A6906FA01F01043286101EB81008E
:107AE0000449B43901EB8000211DDBE70020E2E707
:107AF000DC010020686900202DE9F0472C4D0024AE
:107B00002746286B38B1FEF7D7FF286B401E286345
:107B1000286B40B146E0502080F31188BFF34F8FAF
:107B2000BFF36F8FFEE7A968224E0120D1B3A6F103
:107B3000B40980463068E8B1F068C46804F1180000
:107B4000FEF7CCFE201DFEF7C9FEE06A2A6908FA9E
:107B500000F11143296100EB800109EB8100211D37
:107B6000FEF742FFE06A2968C96A8842E2D3C5F895
:107B70001C80DFE70CB1F6F7F5F8AC6944B1464676
:107B8000FFF788FE00B1EE61641EF9D10020A86104
:107B9000E86938B10849012738070860BFF34F8FFB
:107BA000BFF36F8FFEF7A8FF3846BDE8F0870000EF
:107BB000DC0100206869002004ED00E030B50346D8
:107BC00040784FF4004442010020014620320AE090
:107BD00002290BD0C50700D0254605EB50005D5C9F
:107BE000284480B2491C9142F2D330BD0321F9E709
:107BF00070B5054600244FF4004611E0EBF70CFD8C
:107C0000E10700D0314601EB5401C2B2114489B200
:107C1000CA0700D0324602EB510101EB102084B2BA
:107C200035F8020B0028E9D1204670BDCA0701D003
:107C30004FF0004202EB510108447047800C0000F5
:107C400080070000606900002000000020000000A4
:107C5000200000000090010000F00000002C0D004A
:107C6000030009000F0015001B005081588160813E
:107C700068817081788180818881908198810000FD
:107C80003CA40308659E01089D9F0108FD9E010814
:107C9000A19F0108AD9E01080A000000020000003B
:107CA000C0A50308E5AD01080200000000000000C7
:107CB00000010000B8A503084DA301080100000061
:107CC0000000000080000000B4A503083D87010803
:107CD000000000000000000080000000B0A50308C4
:107CE000754E0108FFFF00000000000000020000C8
:107CF00090A603086D1E02080000000000000000AE
:107D00000001000098A60308351E020803000000C9
:107D1000000000005E0100000006101600061016AC
:107D2000000000000000000001020304060708092B
:107D30000000000001020304FFFFFFFFFFFF00003F
:107D40000000000000000000000000000C00000027
:107D5000690000000B0000007100000073000000CB
:107D6000160000000B00000062000000720000001E
:107D70006A0000006B000000FFFFFFFF67000000CB
:107D8000680000006B0000000500000020009C005F
:107D90001C00100020001800100028001000100027
:107DA00010001000600200008C7D03088E7D030827
:107DB000907D0308927D0308947D0308967D030857
:107DC000987D03089A7D03089C7D03089E7D030827
:107DD000A07D0308A27D0308A47D030803060C18F8
:107DE00030607800C4A60308ECA603080CA70308BB
:107DF000CCA60308B8A60308A0A60308ACA60308EF
:107E000000A70308D8A60308E0A60308F4A6030801
:107E1000010203040506070707070707070000001C
:107E20008C02002088020020900200209402002092
:107E3000FA00000025440308E8030000096E020868
:107E4000E8030000951A020860EA0000E5ED010869
:107E5000F4010000B1F2010800000000FFFFFFFF85
:107E6000000000000000000004000000000000000E
:107E7000E1B3010829B5010833B5010825B80108A7
:107E800015B90108B5B9010837BA0108A3B9010845
:107E900089B80108D9B8010879B801081FB90108E3
:107EA00000000000000000000008000000060000C4
:107EB00000030000000180000001C00000008020DD
:107EC000000080700FFFFFF80001800000018000BB
:107ED000000180000001800000018000000180009E
:107EE000000180000001818007FFFFC002018000C7
:107EF000000180000001800000018000000180007E
:107F00000001800000018000000180100001803825
:107F10003FFFFFFC00000000000000000000000028
:107F200000000000000000000006000000038000C8
:107F300000018000000180301FFFFFF800000000FA
:107F40000080020000FFFF0000C0020000C002002D
:107F500000C0020000FFFE0000C0020000000000A0
:107F6000080000100FFFFFF81800001C1800002088
:107F700038200040003FFC0000301800003018009E
:107F80000030180000201808006018080060180C65
:107F900001C01C1E07000FFC38000000000000009C
:107FA00000000000000000000040400000E0300041
:107FB00000C0180000C018000180181001BFFFF8B1
:107FC0000100000003000000020000600787FFF0CE
:107FD000070000000F0000000B000000130000600D
:107FE000230FFFF023000000030000000304002023
:107FF0000307FFF00306006003060060030600604D
:108000000306006003060060030600600307FFE04C
:10801000030600600306006002000000000000008C
:108020000000000000000000000100000001C0008E
:1080300000018000020180000181818000C18380F5
:1080400000618300007186000031860000318400E9
:1080500000018810000190303FFFFFF80018300049
:1080600000183000001830000018300000183000F0
:1080700000103000003030000030300800203008A0
:10808000006030080040300800C030080100300CAB
:1080900006003FFC18001FF8600000000000000010
:1080A00000000000000000000000001000000018A8
:1080B000000040101FFFE01000600010006008107A
:1080C0000060061000C0041000C1041000FF8410FE
:1080D000018184100183041003030410028304103F
:1080E00006C304100466041008660410106C041023
:1080F000204C041000180410001804100030041064
:108100000060081000C0001001800010030004305F
:108110000C0003F0100000F0200000400000000000
:108120000000000000000000000400000006000045
:10813000000E0000000C000000180080001FFFE08F
:10814000003001C0002003800060030000F0060042
:10815000019C0C00030C1800040470000800E000EF
:108160000001C00000030000001E0040001FFFF0DF
:108170000078006001D80060031800601C180060DF
:1081800020180060001800600018006000180060EF
:10819000001FFFE000180060001000000000000059
:1081A00000000000000000000000000008000020A7
:1081B0000FFFFFF00C0000300C0000300C0000300E
:1081C0000C0000300C0000300C2008300C1FFC307C
:1081D0000C1008300C1008300C1008300C1008304F
:1081E0000C1008300C1008300C1008300C1FF83040
:1081F0000C1008300C100C300C2000300C0000303B
:108200000C0000300C0000300C0000300FFFFFF0BD
:108210000C0000300C0000300C00000000000000DA
:1082200000000000000000000002000000018000CB
:1082300000018000000180100FFFFFF808000038E7
:108240001806042018030E4000331C0000313800CB
:10825000013070800230C060063384300E3704383D
:108260000C3C041000700600039FFE003C00000060
:108270000001000000018000030180C0030180C0F4
:1082800003018080030180800301808003018080DE
:1082900003FFFF800000008000000080000000005D
:1082A000000000000000000000400100006000C06D
:1082B000004000800084008007FE008006040080EB
:1082C00006040080060400800604009807FDFFFCF9
:1082D00006040080060400800604008007FC00807D
:1082E0000604608006043080060438807FFC3880F5
:1082F000006410800064008000C40080018400805D
:1083000001840080030400800604008008040080CB
:10831000107C1F80201C0780000803000000000064
:10832000000000000000000000000000000000202D
:1083300003FFFFF0030000300300003003000030B3
:1083400003FFFFF0020000300204020002060700F3
:10835000020306000203040002010860027FFFF02E
:1083600006020600060206000602060006020600D5
:108370000602063005FFFFF8040206000C020600A4
:108380000806060008060600100C06001008060085
:10839000203006002060060001800400000000007C
:1083A0000000000000000000000100000000C0000C
:1083B0000000E0100400403807FFFFFC0604040042
:1083C00006070700060606000606063007FFFFF848
:1083D0000606060006060600060606000606060055
:1083E0000607FE000606060004000100043FFF80A9
:1083F0000C0403800C0207000C03060008010C00AB
:108400000800D800180070001000F80010039E004B
:10841000200E07F8207000F84780001000000000D0
:108420000000000000000000000200000003000047
:108430000004010000FFFFC000C0018000C00180F7
:1084400000C0018000FFFF8000C0018000C00180EB
:1084500000C0018000FFFF8000C0018000C00180DB
:1084600000C0018000C0018000FFFF8000C00180CB
:10847000000300000021C0000038C000023042604C
:1084800006300238063002180C30021C1C3003087B
:10849000003FFF00001FFE00000000000000000081
:1084A000000000000000000000010000000180004A
:1084B0000000C0000200804003FFFFF003000060E6
:1084C000030000600300006003FFFFE003000060A2
:1084D000030000000301002003FFFFF003018020E0
:1084E000030180200221882002318E200619862077
:1084F0000611862006018060040781A004198620E9
:108500000C71FC2009C1B02018818020100180204E
:10851000101F83E0200700E0400200400000000040
:1085200000000000000000000100000001C1FFC0C9
:10853000018180C0018180C0018180C0018180C033
:10854000019980C07FFD80C001818F80018183807F
:108550000181800001818020018DFFF001F1A06088
:1085600003C1A0400F8190C03D8190C031818980BE
:108570000181898001818700018186000181870056
:1085800001818D80018198E00181B0780181C03C3A
:108590001F81800007018000020000000000000031
:1085A0000000000000000000010000000180300019
:1085B0000100180001000800010008300107FFF861
:1085C000011101803FF881800100C30001006200B9
:1085D00001004218011FFFFC0100200001203800AB
:1085E00001C07000070060003D006008393FFFFCDB
:1085F0002100C1800101818001010300010303000A
:108600000101E60001001E0001001B80010030E0B6
:108610001F00C0780707001800780008000000005D
:10862000000000000000000000000040000000E02A
:108630000FFFFFF00001000000010000000100003A
:10864000000300000003000000030000000300100E
:10865000000300383FFFFFFC0003600000036000E0
:108660000002600000066000000660000006600076
:10867000000C6000000C6000001860080018600822
:10868000003060080060600800C060080180600C75
:10869000060077FC18003FF86000000000000000B2
:1086A0000000000000000000000200000003800045
:1086B0000003000000070010000600383FFFFFFC29
:1086C000000C0000000C0000001800000030010049
:1086D000003FFF800060010000E0010001E00100B8
:1086E00003600100067FFF000C60010010600100C4
:1086F0002060010000600100007FFF0000600100B9
:1087000000600100006001000060010000600100E5
:1087100000603F0000600700004002000000000011
:108720000000000000000000000000000C080080B5
:10873000060FFFC0030C0080030C0080002C00809B
:10874000004C0080004FFF80004C0080304C0080C7
:10875000188C00800C8C0080088FFF80010C00803A
:10876000010800000100000003200020023FFFF08C
:1087700002318C6006318C603E318C600E318C6031
:108780000C318C600C318C600C318C600C318C6045
:108790000C318C6C0DFFFFFC00000000000000009D
:1087A00000000000000000000000000008080000B9
:1087B000060FFFE0070C0060030C0060030C006074
:1087C000002C0060004FFFE0604C0060304C006007
:1087D0001C8C00600C8C00600C8FFFE0010C84602E
:1087E0000108C6000300C6000200C6180620C61C09
:1087F0000610C6307C18C6600C0CC6400C0CC68037
:108800000C0CC7000C04C6001C00C6001C00C600EF
:108810001C00C6080CFFFFFC000000000000000068
:1088200000000000000000000100000001800000C6
:10883000018000180187FFFC01800600018006000E
:10884000019806000998060009B0060011E006002C
:10885000118006003180060031800600218006006C
:10886000018006000180060001800600010006006C
:1088700001800600036006000330060002180600AF
:1088800002180600040806000C00060008010C008F
:108890001000FC0020003C00000018000000000058
:1088A0000000000000000000000000000018002090
:1088B0003FFFFFF003000060030000600300604022
:1088C0000200C0400600C0400600C0C00400C0C096
:1088D0000C20C0C00FF0C0C00C2080C01C208088BD
:1088E0001C21FFFC2C2080082C2000084C200008B4
:1088F0000C2000180C2001980C27FFD80C20001821
:108900000FE000180C2000180C3000100C00043090
:108910000C0003F0000000E0000000400000000038
:1089200000000000000000000000200000383800B7
:1089300001FC30001F806000018060000180400861
:108940000180FFFC01808018019180303FFD0420F0
:1089500001830640018204000384040003E0440014
:1089600003B064800798C480058CC4400D898420BE
:108970000981843011810418118304182182041C98
:108980004184040C0188040801880400018004006B
:1089900001807C0001801C00010018000000000024
:1089A00000000000000000000000200001803000F6
:1089B00001C02300018021C0030020C0030020402B
:1089C00006182060041820700C302FF8083FF000C3
:1089D000106030003FC0300010803038018033FC20
:1089E0000303FC00021C3040060030600C3830F0FD
:1089F0003FC011C01E001B8008001F0000001E00A9
:108A0000000C1C0801F03E083F00E708380183987D
:108A1000000601F8003800F80000003C00000000EB
:108A200000000000000000000100400001C06000E4
:108A30000300C0000300C0000200C0400401FFE0CA
:108A4000042140C0083340C010624180304621807C
:108A50003FC413000188160001000C0002001E0034
:108A600006003300040061E008F1807C1F070078F5
:108A70001819FFE0000180400001804000018040A3
:108A800000718040078180403C0180403001FFC080
:108A90000001804000018040000100000000000053
:108AA000000000000000000000000000080000209E
:108AB0000FFFFFF80C0000300C0000300C000030FD
:108AC0000C0C02300D0F07300C8C86300C484630F1
:108AD0000C7824300C303C300C3018300C381C3002
:108AE0000C2C1E300C6C16300C4623300C86633078
:108AF0000C8443B00D0081300E0101300C000030B9
:108B00000C0000300C0000300C0000300C0003F0B2
:108B10000C0000E008000040000000000000000021
:108B2000000000000000000000102000001C3800C1
:108B3000001830201FF830F00018338000183C0077
:108B400000183008003830081FD830083C183FFCA7
:108B500010181FF8001800000000018000FFFFC07F
:108B600000C0018000C0018000C0018000FFFF80C4
:108B700000C0018000C0018000C0018000FFFF80B4
:108B800000C0018000C0018000C0018000C00180E1
:108B900000C03F8000C0070000800200000000000D
:108BA0000000000000000000000100000001800043
:108BB00000010000000100600FFFFFF00001000055
:108BC000000100000001018003FFFFC00001000060
:108BD0000001000000010010000100383FFFFFFC11
:108BE00000070000000680C0000C81E00018430070
:108BF000003066000070280001B03000033018001B
:108C00000C300C0030300700003083C0003701FE0C
:108C1000007C0078007800100020000000000000B8
:108C2000000000000000000001080800018C0C009A
:108C3000018C88003FFFD808058C1FFC07111840E5
:108C400007FFA8C00C1328C01BFB45801233070088
:108C500003F303000232078000020CF0001E303CD8
:108C6000000DC008000080103FFFFFF80000020068
:108C700001FFFF000000010001FFFF0000000000F5
:108C80000000020001FFFF000180030001800300DB
:108C900001FFFF0001800300010000000000000050
:108CA000000000000000000000000040060003E09B
:108CB0000305FE0003860000018600000106000097
:108CC00000060000000600400007FFE0000600C0AC
:108CD000010600C03F860180010781800104430036
:108CE00001043300010C0E00010C070001080D8087
:108CF000011818E00110307001204030012180304F
:108D000001060000028800000C6000003818000214
:108D1000300FFFFC0001FFF0000000000000000029
:108D200000000000000000000000200000003000F3
:108D30000C006000060060000700C030033FFFF831
:108D40000200C000000180000001800000031C0040
:108D5000010318003F861800030E1840031FFFE0B0
:108D6000030C180003001800030018000300181873
:108D7000033FFFFC03001800030018000300180065
:108D8000030018000CC0180018601800301E000600
:108D9000100FFFF80000FFF00000000000000000CE
:108DA00000000000000000000200080003800E0028
:108DB00003020C3003018C300610CC6007F8CC4065
:108DC00004004C800C004D0008010C200811FFF03D
:108DD0001FF980203301802023018C2043018E2045
:108DE00003018C2003118C203FF98C2003018C207F
:108DF00003018C2003018C2003018C20030908004F
:108E000003301A000360118003C0307003806038A3
:108E10000101801C000E000C007000040000000026
:108E200000000000000000000100000000C0000081
:108E3000006000200071FFF000300060042000603E
:108E40000700006006000060060000600600006089
:108E5000060000600600006006000060060000607A
:108E6000060000600600006006000060060000606A
:108E7000060000600600006006000060060000605A
:108E800006000060060000600600006006000C603E
:108E9000060003E0060000E0040000C0000000003F
:108EA00000000000000000000000000000000000C2
:108EB0000200010003FFFF80030001000300010026
:108EC000030001000300310003003900032071009A
:108ED00003106100030841000304C1000302810084
:108EE00003018100030381000302C10002066180C7
:108EF000020C71800208398006101984062018843B
:108F0000044008C4048000E4090000640800003C38
:108F10001000001C2000000C4000000000000000B9
:108F200020200400A07E030820200400207F0308E6
:108F300020200400A07F03082020040020800308D4
:108F400020200400A08003082020040020810308C2
:108F500020200400A08103082020040020820308B0
:108F600020200400A082030820200400208303089E
:108F700020200400A083030820200400208403088C
:108F800020200400A084030820200400208503087A
:108F900020200400A0850308202004002086030868
:108FA00020200400A0860308202004002087030856
:108FB00020200400A0870308202004002088030844
:108FC00020200400A0880308202004002089030832
:108FD00020200400A089030820200400208A030820
:108FE00020200400A08A030820200400208B03080E
:108FF00020200400A08B030820200400208C0308FC
:1090000020200400A08C030820200400208D0308E9
:1090100020200400A08D030820200400208E0308D7
:1090200020200400A08E0308CE98CE98209003083C
:1090300000000000E895E8951890030828900308C0
:10904000019501951090030834900308DE8FDE8FA0
:109050000890030840900308D48FD48F0090030831
:109060004C900308668B668BF88F030858900308B2
:1090700068886888F08F030864900308CC80CC80EF
:10908000E88F030870900308517F517FE08F030839
:109090007C900308DC7EDC7ED88F03088890030870
:1090A000BF7EBF7ED08F030894900308F079F079DB
:1090B000C88F0308A090030801780178C08F0308C7
:1090C000AC9003086F706F70B88F0308B8900308F6
:1090D0007F6E7F6EB08F0308C4900308296E296EDF
:1090E000A88F0308D090030809670967A08F0308B9
:1090F000DC900308E065E065988F0308E8900308BA
:10910000A563A563908F0308F4900308A562A56288
:10911000888F03080091030847624762808F030825
:109120000C9103086F606F60788F03081891030833
:10913000A65EA65E708F0308249103084F5C4F5C07
:10914000688F030830910308045C045C608F030897
:109150003C910308C65BC65B588F0308489103081F
:10916000DE56DE56508F0308549103080D540D54FB
:10917000488F03086091030817521752408F030865
:109180006C91030849514951388F030878910308BD
:10919000E14FE14F308F030884910308AE4EAE4E8D
:1091A000288F0308909103083B4E3B4E208F030805
:1091B0009C910308092500080D260008592600087F
:1091C00061260008000000000000000021210101CC
:1091D000A89103081C0F160005AE0008F8A70308A5
:1091E0000008000000002003E00100000000000073
:1091F0000000000071A8000800A803080108000092
:1092000000002003200000006400000000000000B7
:109210003D14000828A803080308F401C8009600BC
:109220009600000000000000000000003D1400084F
:1092300028A8030805089600C800960096000000BC
:109240000000000000000000424DCE0100000000C0
:1092500000003E0000002800000032000000320044
:109260000000010001000000000090010000120B4E
:109270000000120B00000000000000000000FFFFD3
:10928000FF0000000000FFFFFFFFFFFFC000C21053
:10929000842108424000A1084210842140009084AB
:1092A00021084210C0008842108421084000842117
:1092B000084210844000C210842108424000A108E6
:1092C000421084214000908421084210C00088424E
:1092D0001084210840008421084210844000C210FC
:1092E000842108424000A10842108421400090845B
:1092F00021084210C00088421084210840008421C7
:10930000084210844000C210842108424000A10895
:10931000421084214000908421084210C0008842FD
:109320001084210840008421084210844000C210AB
:10933000842108424000A10842108421400090840A
:1093400021084210C0008842108421084000842176
:10935000084210844000C210842108424000A10845
:10936000421084214000908421084210C0008842AD
:109370001084210840008421084210844000C2105B
:10938000842108424000A1084210842140009084BA
:1093900021084210C0008842108421084000842126
:1093A000084210844000C210842108424000A108F5
:1093B000421084214000908421084210C00088425D
:1093C0001084210840008421084210844000C2100B
:1093D000842108424000A10842108421400090846A
:1093E00021084210C00088421084210840008421D6
:1093F000084210844000C210842108424000A108A5
:10940000421084214000908421084210C000FFFFD8
:10941000FFFFFFFFC000000005AE000810A8030812
:109420000008000000002003E00100000000000030
:109430000000000071A8000800A80308010800004F
:109440000000200320000000640000000000000075
:10945000F58C000808A8030802089600C800C80098
:10946000C800000000000000000000003D140008DB
:1094700028A803080408F401C8009600960000001C
:10948000000000000000000071A8000800A8030808
:109490000508F301960096001E000000640000001D
:1094A0000000000005AE00081CA80308000800002A
:1094B00000002003E00100000000000000000000A8
:1094C00071A8000800A8030801080000000020039C
:1094D0002000000064000000000000003D140008AF
:1094E00028A803080308F401C800960096000000AD
:1094F00000000000000000003D14000828A8030838
:1095000005089600C80096009600000000000000C4
:1095100000000000424DCE010000000000003E00AF
:1095200000002800000032000000320000000100AE
:1095300001000000000090010000120B0000120B5F
:1095400000000000000000000000FFFFFF0000001E
:109550000000FFFFFFFFFFFFC000C2108421084290
:109560004000A1084210842140009084210842104C
:10957000C0008842108421084000842108421084E1
:109580004000C210842108424000A10842108421FA
:109590004000908421084210C000884210842108B5
:1095A00040008421084210844000C21084210842F7
:1095B0004000A108421084214000908421084210FC
:1095C000C000884210842108400084210842108491
:1095D0004000C210842108424000A10842108421AA
:1095E0004000908421084210C00088421084210865
:1095F00040008421084210844000C21084210842A7
:109600004000A108421084214000908421084210AB
:10961000C000884210842108400084210842108440
:109620004000C210842108424000A1084210842159
:109630004000908421084210C00088421084210814
:1096400040008421084210844000C2108421084256
:109650004000A1084210842140009084210842105B
:10966000C0008842108421084000842108421084F0
:109670004000C210842108424000A1084210842109
:109680004000908421084210C000884210842108C4
:1096900040008421084210844000C2108421084206
:1096A0004000A1084210842140009084210842100B
:1096B000C0008842108421084000842108421084A0
:1096C0004000C210842108424000A10842108421B9
:1096D0004000908421084210C000FFFFFFFFFFFF01
:1096E000C000000005AE000820A803080008000024
:1096F00000002003E0010000000000000000000066
:1097000071A8000800A80308010800000000200359
:10971000200000006400000000000000F58C00083C
:1097200008A8030802089600C800C800C800000086
:1097300000000000000000003D14000828A80308F5
:109740000308F401C8009600960000000000000025
:109750000000000071A8000800A803080408F30135
:10976000960096001E00000064000000000000004B
:1097700005AE000840A80308000800000000200310
:10978000E0010000000000000000000071A80008D7
:1097900000A80308010800000000200320000000CA
:1097A00064000000000000003D14000828A8030821
:1097B0000208F401C80096009600000000000000B6
:1097C000000000003D14000828A8030803089600C4
:1097D000C800960096000000000000000000000095
:1097E0006DA1000838A803080408AA003200E001AF
:1097F0001400000000000000000000006DA100083F
:1098000038A803080508AA006400E001140000005D
:1098100000000000000000006DA1000838A8030847
:109820000608AA009600E0011400000000000000F5
:109830000000000071A8000834A80308070896007B
:109840003400500014000000000000000000000080
:1098500071A8000830A803080808960066005000A8
:1098600014000000000000000000000071A80008C3
:109870002CA8030809089600980050001400000066
:10988000000000000000000005AE000850A803081A
:109890000008000000002003E001000000000000BC
:1098A0000000000071A8000800A8030801080000DB
:1098B0000000200320000000640000000000000001
:1098C0003D14000828A803080208F401C800960007
:1098D0009600000000000000000000003D14000899
:1098E00028A8030803089600C80096009600000008
:1098F00000000000000000006DA1000838A8030867
:109900000408AA003200E00114000000000000007A
:10991000000000006DA1000838A803080508AA008F
:109920006400E001140000000000000000000000DE
:109930006DA1000838A803080608AA009600E001F7
:1099400014000000000000000000000071A80008E2
:1099500034A80308070896003400500014000000E3
:10996000000000000000000071A8000830A80308F3
:109970000808960066005000140000000000000077
:109980000000000071A800082CA803080908960030
:1099900098005000140000000000000000000000CB
:1099A000424DCE010000000000003E0000002800F3
:1099B0000000320000003200000001000100000041
:1099C000000090010000120B0000120B00000000CC
:1099D000000000000000FFFFFF0000000000FFFF8C
:1099E000FFFFFFFFC000C210842108424000A10811
:1099F000421084214000908421084210C000884217
:109A00001084210840008421084210844000C210C4
:109A1000842108424000A108421084214000908423
:109A200021084210C000884210842108400084218F
:109A3000084210844000C210842108424000A1085E
:109A4000421084214000908421084210C0008842C6
:109A50001084210840008421084210844000C21074
:109A6000842108424000A1084210842140009084D3
:109A700021084210C000884210842108400084213F
:109A8000084210844000C210842108424000A1080E
:109A9000421084214000908421084210C000884276
:109AA0001084210840008421084210844000C21024
:109AB000842108424000A108421084214000908483
:109AC00021084210C00088421084210840008421EF
:109AD000084210844000C210842108424000A108BE
:109AE000421084214000908421084210C000884226
:109AF0001084210840008421084210844000C210D4
:109B0000842108424000A108421084214000908432
:109B100021084210C000884210842108400084219E
:109B2000084210844000C210842108424000A1086D
:109B3000421084214000908421084210C0008842D5
:109B40001084210840008421084210844000C21083
:109B5000842108424000A1084210842140009084E2
:109B600021084210C000FFFFFFFFFFFFC000000000
:109B700005AE00085CA803080008000000002003F0
:109B8000E0010000000000000000000071A80008D3
:109B900000A80308010800000000200320000000C6
:109BA0006400000000000000F58C000808A803080D
:109BB00002089600C800C800C800000000000000AD
:109BC000000000003D14000828A803080408F40160
:109BD000C800960096000000000000000000000091
:109BE00071A8000800A803080508F3019600960074
:109BF0001E000000640000000000000005AE000828
:109C000070A803080008000000002003E001000025
:109C100000000000000000006DA1000838A8030843
:109C2000010832006400BC022800000000000000AF
:109C3000000000003D14000828A803080208F401F1
:109C4000C800960096000000000000000000000020
:109C500071A800086CA803080308140069005000EC
:109C600020000000640000000000000071A800084F
:109C700068A803080408F8026900500020000000EA
:109C8000640000000000000071A8000800A803089C
:109C90000508000000002003200000006400000010
:109CA0000000000071A8000800A8030806080000D2
:109CB0002A002003200000006400000000000000D3
:109CC0003D14000828A8030807089600C80096005D
:109CD00096000000000000000000000071A80008CD
:109CE00000A8030808089600400196002000000024
:109CF000640000000000000005AE000884A803080E
:109D00000008020001002003E00100000000000044
:109D1000040000003D14000828A8030801082800DA
:109D20003C009600960000000000000000000000CB
:109D30003D14000828A803080208E6003C0096002D
:109D400096000000000000000000000071A800085C
:109D500000A803080A082800D2009600200000008E
:109D6000640000000000000071A8000800A80308BB
:109D70000B08E600D20096002000000064000000FE
:109D8000000000003D14000878A803080C0800003B
:109D9000BB014200250000000000000000000000A0
:109DA00005AE000884A80308000800000000200396
:109DB000E001000000000000040000003D14000865
:109DC00028A80308010828003C009600960000001F
:109DD00000000000000000003D14000828A803084F
:109DE0000308E6003C00960096000000000000001A
:109DF000000000003D14000828A803080408A4017E
:109E00003C009600960000000000000000000000EA
:109E10003D14000828A80308050862023C009600CB
:109E20009600000000000000000000003D14000843
:109E300028A80308060828000E01960096000000D6
:109E400000000000000000003D14000828A80308DE
:109E50000708E6000E0196009600000000000000D2
:109E6000000000003D14000828A803080808A40109
:109E70000E019600960000000000000000000000A7
:109E80003D14000828A80308090862020E01960084
:109E900096000000000000000000000071A800080B
:109EA00000A803080A082800D2009600200000003D
:109EB000640000000000000071A8000800A803086A
:109EC0000B08E600D20096002000000064000000AD
:109ED0000000000071A8000800A803080C08A401F5
:109EE000D200960020000000640000000000000086
:109EF00071A8000800A803080D086202D2009600AD
:109F000020000000640000000000000071A80008AC
:109F100000A803080E082800A401960020000000F5
:109F2000640000000000000071A8000800A80308F9
:109F30000F08E600A4019600200000006400000065
:109F40000000000071A8000800A803081008A40180
:109F5000A401960020000000640000000000000042
:109F600071A8000800A8030811086202A401960065
:109F70002000000064000000000000003D14000804
:109F80008CA803081208DE02BB0142002500000075
:109F9000000000000000000005AE0008F8A703085C
:109FA0000008000000002003E001000000000000A5
:109FB0000000000071A8000800A8030801080000C4
:109FC00000002003200000006400000000000000EA
:109FD0003D14000828A803080308F401C8009600EF
:109FE0009600000000000000000000003D14000882
:109FF00028A8030805089600C800960096000000EF
:10A00000000000000000000005AE000884A803085E
:10A010000008000000002003E00100000000000034
:10A020000000000071A80008A8A8030802080000AA
:10A0300000002003200000000000000000000000DD
:10A0400071A80008A4A803080308E600A0006400A3
:10A0500020000000000000000000000071A80008BF
:10A06000A4A803080808E600E60064002000000039
:10A07000000000000000000071A8000894A8030878
:10A080000B084A01A000C8002000000000000000EA
:10A090000000000071A800089CA803080C084A01F1
:10A0A000E600C800200000000000000000000000E2
:10A0B0003D140008B0A803080D080E0281009600A8
:10A0C00096000000000000000000000001030507EA
:10A0D000090E10121416181C1E222A2B2C2E3A3B85
:10A0E0003C3D3E3F5B5D7C7F0000010004001000B2
:10A0F000400000010002000001000200040008000E
:10A1000010002000000061001A03E0001703F800AF
:10A110000703FF0001007801000130013201060150
:10A12000390110014A012E017901060180014D001B
:10A130004302810182018201840184018601870139
:10A14000870189018A018B018B018D018E018F01AD
:10A1500090019101910193019401F60196019701FB
:10A16000980198013D029B019C019D0120029F01E5
:10A17000A001A001A201A201A401A401A601A701BE
:10A18000A701A901AA01AB01AC01AC01AE01AF016D
:10A19000AF01B101B201B301B301B501B501B7011E
:10A1A000B801B801BA01BB01BC01BC01BE01F70195
:10A1B000C001C101C201C301C401C501C401C7017D
:10A1C000C801C701CA01CB01CA01CD011001DD01DF
:10A1D00001008E01DE011201F3010300F101F4011F
:10A1E000F401F8012801220212013A020900652C4B
:10A1F0003B023B023D02662C3F024002410241020B
:10A2000046020A015302400081018601550289017C
:10A210008A0158028F015A0290015C025D025E02BF
:10A220005F029301610262029401640265026602A8
:10A230006702970196016A02622C6C026D026E023F
:10A240009C01700271029D01730274029F017602EB
:10A250007702780279027A027B027C02642C7E0209
:10A260007F02A60181028202A90184028502860280
:10A270008702AE014402B101B20145028D028E0295
:10A280008F0290029102B7017B030300FD03FE03DE
:10A29000FF03AC0304008603880389038A03B10328
:10A2A0001103C2030200A303A303C4030803CC03E6
:10A2B00003008C038E038F03D8031801F2030A00F6
:10A2C000F903F303F403F503F603F703F703F903C4
:10A2D000FA03FA033004200350041007600422013B
:10A2E0008A043601C1040E01CF040100C004D00469
:10A2F00044016105260400007D1D0100632C001E41
:10A300009601A01E5A01001F0806101F0606201FF6
:10A310000806301F0806401F0606511F0700591F78
:10A32000521F5B1F541F5D1F561F5F1F601F0806D3
:10A33000701F0E00BA1FBB1FC81FC91FCA1FCB1F2B
:10A34000DA1FDB1FF81FF91FEA1FEB1FFA1FFB1FA5
:10A35000801F0806901F0806A01F0806B01F0400F3
:10A36000B81FB91FB21FBC1FCC1F0100C31FD01FD5
:10A370000206E01F0206E51F0100EC1FF21F0100AC
:10A38000FC1F4E21010032217021100284210100A6
:10A390008321D0241A05302C2F04602C0201672C55
:10A3A0000601752C0201802C6401002D260841FF56
:10A3B0001A030000004040404040404040404141BE
:10A3C000414141404040404040404040404040408A
:10A3D0004040404040050202020202020202020224
:10A3E0000202020202202020202020202020200221
:10A3F00002020202020290909090909010101010B1
:10A40000101010101010101010101010101010104C
:10A4100002020202020288888888888808080808E0
:10A4200008080808080808080808080808080808AC
:10A430000202020240000000B5A30308506C6561EF
:10A4400073652075736520746865207374796C7505
:10A450007320636C69636B207468652063726F732B
:10A4600073206F6E207468652073637265656E2E4D
:10A470005468652063726F73732077696C6C206118
:10A480006C77617973206D6F766520756E74696C79
:10A49000207468652073637265656E2061646A75F7
:10A4A00073746D656E7420697320636F6D706C6575
:10A4B0007465642E00000000485454502F312E3132
:10A4C00020323030204F4B0D0A436F6E74656E742E
:10A4D0002D547970653A20746578742F68746D6CAA
:10A4E0000D0A436F6E74656E742D4C656E677468EB
:10A4F0003A2025640D0A436F6E6E656374696F6E52
:10A500003A206B6565702D616C6976650D0A436153
:10A510006368652D436F6E74726F6C3A207075625C
:10A520006C69632C206D61782D6167653D38363428
:10A5300030300D0A0D0A0000485454502F312E318E
:10A5400020323030204F4B0D0A436F6E74656E74AD
:10A550002D547970653A2025730D0A436F6E74652A
:10A560006E742D4C656E6774683A2025640D0A433D
:10A570006F6E6E656374696F6E3A206B6565702DE2
:10A58000616C6976650D0A43616368652D436F6E82
:10A5900074726F6C3A207075626C69632C206D6107
:10A5A000782D6167653D38363430300D0A0D0A006C
:10A5B00047554900494F5400546F756368000000C7
:10A5C00057656253657276657200000048545450B6
:10A5D0002F312E3120323030204F4B0D0A436F6E19
:10A5E00074656E742D547970653A206170706C6971
:10A5F000636174696F6E2F6A736F6E0D0A436F6EBD
:10A6000074656E742D4C656E6774683A2025640D10
:10A610000A436F6E6E656374696F6E3A20636C6F88
:10A6200073650D0A4163636573732D436F6E7472B6
:10A630006F6C2D416C6C6F772D4F726967696E3A44
:10A64000202A0D0A0D0A25730000000048545450BA
:10A650002F312E3120323030204F4B0D0A436F6E98
:10A6600074656E742D547970653A20746578742F12
:10A67000706C61696E0D0A436F6E6E656374696F0D
:10A680006E3A20636C6F73650D0A0D0A2573000026
:10A690004C696E6B5468720045746849660000002E
:10A6A00046494E5F574149545F31000046494E5F6D
:10A6B000574149545F32000045535441424C49537D
:10A6C00048454400434C4F534544000053594E5FA6
:10A6D0005243564400000000434C4F53494E47003C
:10A6E0004C4153545F41434B000000004C495354CC
:10A6F000454E000054494D455F5741495400000004
:10A70000434C4F53455F57414954000053594E5FE6
:10A7100053454E54000000007463705F656E7175A0
:10A720006575655F666C6167733A206E6565642068
:10A73000656974686572205443505F53594E206FA9
:10A7400072205443505F46494E20696E20666C610A
:10A750006773202870726F6772616D6D6572207605
:10A76000696F6C61746573204150492900000000D5
:10A77000646863705F6F7074696F6E3A206F707495
:10A78000696F6E735F6F75745F6C656E202B20321E
:10A79000202B206F7074696F6E5F6C656E203C3D7E
:10A7A00020444843505F4F5054494F4E535F4C45EF
:10A7B0004E0000006E657469662D3E6877616464C2
:10A7C000725F6C656E206D757374206265207468AD
:10A7D000652073616D65206173204554485F48575B
:10A7E000414444525F4C454E20666F722065746848
:10A7F0006172702100000000416C61726D00000008
:10A800005465787400000000496D616765000000C0
:10A810004272696768746E657373730046616E0097
:10A8200048756D6964697479000000004200000099
:10A830004700000052000000536C6964657200001C
:10A840004C69676874696E674D6173746572000066
:10A8500053706F746C6967687400000054656D70A4
:10A860006572617475726500480000004C0000005C
:10A870005475726E4F66660050726576696F7573B7
:10A880000000000057696E646F7700004E657874B1
:10A89000000000005465787433000000546578743B
:10A8A0003400000049503A006E6574776F726B0097
:10A8B000427574746F6E000079EA0008A997000869
:10A8C000D11E01080100000049E9000855210108D6
:10A8D00071920008C59200085345474745522065CC
:10A8E0006D57696E20560000950E0108A997000863
:10A8F00000000000B8A8030825FA00084D970008DA
:10A9000000000000E0DC0308C11901080D1A01086D
:10A910002DE9000865120108092500080D26000828
:10A920005926000861260008000000000000000011
:10A93000141401013CA90308100A0D0020007E0038
:10A9400048A903080000000005050100D4B8030869
:10A9500006060100C0B8030806060100ACB80308EB
:10A960000A0A020084B803080A0A02005CB8030855
:10A970001010020034B803080C0C02000CB80308D5
:10A9800003030100F8B7030806060100E4B7030853
:10A9900006060100D0B7030807070100BCB703088B
:10A9A0000B0B020094B703080505010080B70308EC
:10A9B000060601006CB703080505010058B7030837
:10A9C0000505010044B703080A0A02001CB7030882
:10A9D0000A0A0200F4B603080A0A0200CCB6030809
:10A9E0000A0A0200A4B603080A0A02007CB6030899
:10A9F0000A0A020054B603080A0A02002CB6030829
:10AA00000A0A020004B603080A0A0200DCB50308B9
:10AA10000A0A0200B4B5030805050100A0B5030841
:10AA2000050501008CB503080B0B020064B5030893
:10AA30000B0B02003CB503080B0B020014B5030816
:10AA40000A0A0200ECB4030812120300B0B40308AF
:10AA50000B0B020088B403080C0C020060B403085E
:10AA60000D0D020038B403080D0D020010B40308E8
:10AA70000C0C0200E8B303080B0B0200C0B3030880
:10AA80000E0E020098B303080D0D020070B3030808
:10AA9000040401005CB303080909020034B303088D
:10AAA0000C0C02000CB303080A0A0200E4B203080B
:10AAB0000F0F0200BCB203080D0D020094B2030890
:10AAC0000E0E02006CB203080C0C020044B2030824
:10AAD0000E0E02001CB203080D0D0200F4B10308B3
:10AAE0000C0C0200CCB103080C0C0200A4B103084A
:10AAF0000D0D02007CB103080B0B020054B10308DA
:10AB00001111030018B103080B0B0200F0B0030889
:10AB10000C0C0200C8B003080B0B0200A0B0030825
:10AB2000050501008CB003080505010078B0030895
:10AB30000505010064B003080707010050B00308D1
:10AB40000A0A020028B003080606010014B0030830
:10AB50000A0A0200ECAF03080A0A0200C4AF0308A5
:10AB6000090902009CAF03080A0A020074AF030837
:10AB70000A0A02004CAF03080505010038AF0308BC
:10AB80000A0A020010AF03080A0A0200E8AE03082E
:10AB900004040100D4AE030804040100C0AE03089D
:10ABA0000909020098AE03080404010084AE0308FA
:10ABB0000E0E02005CAE03080A0A020034AE03085F
:10ABC0000A0A02000CAE03080A0A0200E4AD0308F8
:10ABD0000A0A0200BCAD030806060100A8AD03087E
:10ABE0000909020080AD0308050501006CAD0308EA
:10ABF0000A0A020044AD0308090902001CAD03085B
:10AC00000D0D0200F4AC030808080100E0AC0308D5
:10AC100009090200B8AC030808080100A4AC030845
:10AC20000606010090AC0308060601007CAC030890
:10AC30000606010068AC03080B0B020040AC0308D9
:10AC40000000000000000000000000000000000004
:10AC50007000FC408FC00380000000000000000076
:10AC60000000000000000000000000E0F030303084
:10AC700030381C1C383030303030F0E0000000300C
:10AC800030303030303030303030303030303030C4
:10AC90000000001C3C3030303070E0E0703030306C
:10ACA00030303C1C000000000000FFFF070E1C3885
:10ACB00070E0FFFF00000000000000000000000046
:10ACC00000000000C180C1806300630033003600D3
:10ACD0001E001E000C000C000C0018007800700014
:10ACE000000000000000C366663C18183C6666C39E
:10ACF0000000000000000000000000000000000054
:10AD0000C218C718C71865306DB06DB028A038E0FC
:10AD100038E018C000000000000000000000000043
:10AD20000000000000000000C180C18063006300DB
:10AD30006300360036001C001C0008000000000004
:10AD40000000000000000000000000000000000003
:10AD500061806180618061806180618061806380E9
:10AD60007F803D80000000000000000000000060C7
:10AD70006060F0F060606060606070700000000013
:10AD80000000000000000000000000003E007F0006
:10AD9000630070003C000E00070063007F003E006F
:10ADA00000000000000000000000000000006C7CBB
:10ADB0007060606060606060000000000000000083
:10ADC00000000000000000001D803F807380618053
:10ADD00061806180618073803F801D80018001807F
:10ADE0000180018000000000000000000000000061
:10ADF0006E007F00738061806180618061807380FC
:10AE00007F006E00600060006000600000000000D5
:10AE100000000000000000001E003F007380618001
:10AE200061806180618073803F001E00000000002F
:10AE30000000000000000000000000000000000012
:10AE40006F007F807180618061806180618061803E
:10AE50006180618000000000000000000000000030
:10AE600000000000000000006E707EF87398631808
:10AE700063186318631863186318631800000000F0
:10AE80000000000000000060606060606060606062
:10AE900060606060000000000000000000006000D2
:10AEA00060006000638067006E0078007C006C00CA
:10AEB0006600660063006380000000000000000080
:10AEC0000000006060006060606060606060606002
:10AED0006060E0C000000060600060606060606012
:10AEE0006060606000000000000000000000600082
:10AEF000600060006F007F80718061806180618090
:10AF000061806180618061800000000000000000BD
:10AF10000000000000000000000000001D803F80D5
:10AF20007380618061806180618073803F801D805B
:10AF3000018063807F003E00000000387860F8F8F0
:10AF40006060606060606060000000000000000001
:10AF500000000000000000001E003F007300618040
:10AF60007F807F80600071803F001E000000000035
:10AF7000000000000000000000000180018001804E
:10AF80001D803F80738061806180618061807380FB
:10AF90003F801D8000000000000000000000000055
:10AFA00000000000000000001E003F007300600071
:10AFB00060006000600073003F001E0000000000A1
:10AFC0000000000000000000000060006000600061
:10AFD0006E007F007380618061806180618073801A
:10AFE0007F006E0000000000000000000000000074
:10AFF00000000000000000001F003F80618007800B
:10B000003F807980618063807F803D800000000008
:10B0100000000000000000603000000000000000A0
:10B020000000000000000000000000000000000020
:10B030000000000000000000000000000000000010
:10B04000000000000000000000000000FFC0FFC082
:10B050000000001038286C6C44C60000000000009E
:10B0600000000000000000F0F030303030303030B0
:10B07000303030303030F0F0000000C0C060606030
:10B080003030301818180808000000000000007860
:10B090007860606060606060606060606060787868
:10B0A0000000000000007FC07FC001800300070097
:10B0B00006000C001800380030006000FFC0FFC020
:10B0C0000000000000000000000000000000E07030
:10B0D000606030C039C019800F000F000600060004
:10B0E0000600060006000600000000000000000048
:10B0F00000000000000071C031801B001B000E002A
:10B100000E000E001B001B003B80318060C0E0E0A1
:10B11000000000000000000000000000000000002F
:10B1200000C1C180C1C180636300636300636300C9
:10B130006363006623003636003636003636003646
:10B1400036001C1C001C1C00000000000000000059
:10B1500000000000000000000000C060C06060C08F
:10B1600060C060C03180318031801B001B001B003B
:10B170000E000E00000000000000000000000000B3
:10B1800000006030603060306030603060306030CF
:10B1900060306030603070703FE00F800000000071
:10B1A000000000000000000000007FE07FE00600DB
:10B1B000060006000600060006000600060006005F
:10B1C0000600060000000000000000000000000073
:10B1D00000000F803FC070E0606060003C001F8096
:10B1E00003C00060606070E03FC01F80000000008E
:10B1F000000000000000000000007FC07FE06070E1
:10B20000603060707FE07FC0618061C060E060603E
:10B2100060706038000000000000000000000000C6
:10B2200000000FC01FE038703038601860186018D8
:10B230006018601831B038E01FE00FB8000000005F
:10B24000000000000000000000007F807FC060E080
:10B250006060606060E07FC07F80600060006000D0
:10B26000600060000000000000000000000000001E
:10B27000000007C01FE03870303060186018601898
:10B2800060186018303038701FE007800000000040
:10B2900000000000000000000000603070307830D6
:10B2A00078306C3066306730633061B060F060F0E9
:10B2B000607060300000000000000000000000002E
:10B2C0000000701C783C783C783C6C6C6C6C6C6C4E
:10B2D000644C66CC66CC66CC638C638C000000004A
:10B2E000000000000000000000006000600060003E
:10B2F000600060006000600060006000600060004E
:10B300007F807F800000000000000000000000003F
:10B31000000060E061C0638067006E007C007E001A
:10B3200077006380618061C060E0607000000000B1
:10B330000000000000000000000003000300030004
:10B340000300030003000300030003006300630025
:10B350007E003C00000000000000000000000060D3
:10B36000606060606060606060606060000000005D
:10B3700000000000000060306030603060306030FD
:10B380007FF07FF06030603060306030603060307F
:10B39000000000000000000000000000000007C0E6
:10B3A0001FF0383030186000600061F861F86018F4
:10B3B000301838381FF007C00000000000000000FF
:10B3C0000000000000007FC07FC0600060006000DF
:10B3D0007F807F806000600060006000600060002F
:10B3E00000000000000000000000000000007FE0FE
:10B3F0007FE06000600060007FC07FC06000600090
:10B40000600060007FE07FE00000000000000000BE
:10B410000000000000007F807FC060E0607060304E
:10B420006030603060306030607060E07FC07F808E
:10B4300000000000000000000000000000000F807D
:10B440001FE0387030306000600060006000600015
:10B45000303038601FE0078000000000000000006E
:10B460000000000000007F807FC06060606060605E
:10B470007FC07FC060606060606060E07FC07F8090
:10B4800000000000000000000000000000000E00AE
:10B490000E001B001B001B00318031803F807FC0ED
:10B4A00060C060C0C060C06000000000000000001C
:10B4B00000000000000000000001F80007FE000E80
:10B4C000070018EF8031FDC03338C06718C0661818
:10B4D000C06610C066318067338073FF0033BC00E4
:10B4E0003801C01E03800FFF0003FC0000000000B5
:10B4F00000001E003F007380618001800300060091
:10B500000C001800180000001800180000000000CF
:10B5100000000000000000000000000000004000EB
:10B5200070003E00078000C007803E0070004000B1
:10B53000000000000000000000000000000000000B
:10B5400000000000000000007FC07FC0000000007D
:10B550007FC07FC00000000000000000000000006D
:10B56000000000000000000000000000000000409B
:10B5700001C00F803C0060003C000F8001C0004013
:10B5800000000000000000000000000000000000BB
:10B5900000003030000000000000303010200000BB
:10B5A00000000000000030300000000000003030DB
:10B5B000000000000000000000001E003F0061804D
:10B5C0006180618063803F801D8001800180630015
:10B5D0003F001E000000000000000000000000000E
:10B5E00000001E003F006180618061803F003F00DD
:10B5F00061806180618061803F001E00000000006A
:10B60000000000000000000000007F807F8001003B
:10B610000300060006000C000C000C000C001800D3
:10B6200018001800000000000000000000000000EA
:10B6300000001E003F003180600060006E007F004F
:10B6400071806180618031803F001E000000000039
:10B65000000000000000000000003F003F0030003C
:10B6600060006E007F0061800180018061806180E8
:10B670003F001E000000000000000000000000006D
:10B68000000006000E000E001E00360036006600A8
:10B69000C600FF80FF8006000600060000000000D4
:10B6A000000000000000000000001C003F006300DC
:10B6B000030003000E000F000180018061806180A3
:10B6C0003F001E000000000000000000000000001D
:10B6D00000001E003F007380618001800180030034
:10B6E00006000C00180030007F807F800000000002
:10B6F0000000000000000000000006000E001E0018
:10B7000036002600060006000600060006000600B9
:10B71000060006000000000000000000000000001D
:10B7200000001E003F007380618061806180618045
:10B7300061806180618073803F001E000000000016
:10B7400000000000000000080818181830303060B1
:10B750006060C0C0000000000000000000000000A9
:10B760000000000000003030000000000000000079
:10B77000000000000000F8F80000000000000000D9
:10B780000000000000000000000000000000303059
:10B790001020000000000000000000000000060073
:10B7A0000600060006007FE07FE0060006000600B7
:10B7B0000600000000000000000000000000001073
:10B7C0007C1028280000000000000000000000009D
:10B7D0000000008040203030181818181818183051
:10B7E000302040800000000408103030606060604D
:10B7F0006060603030100804000000C0C0C0C0C0ED
:10B800000000000000000000000000000000000038
:10B8100000000F001F80198019801B000E003E00E1
:10B820003660636061C071C03FE01E300000000000
:10B83000000000000000000000003C306660666010
:10B8400066C066C067C03DBC01E603660366066667
:10B8500006660C3C00000000000000000000000034
:10B8600004001F003F8064C0640074003E000F802D
:10B8700007C004C064C075C03F801F0004000400FE
:10B88000000000000000000000000CC00CC0198087
:10B89000FFC0FFC019803B803300FFC0FFC03300F2
:10B8A0006600660000000000000000000000006C60
:10B8B0006C6C6C6C000000000000000000000000D8
:10B8C0000000003030303030303030303000303038
:10B8D0000000000000000000000000000000000068
:10B8E0000000000000000000092500080D260008E7
:10B8F0005926000861260008000000000000000032
:10B90000202001010CB903081A0F140020007E004A
:10B9100018B90308000000000808010010D503084A
:10B9200008080100F0D403080A0A0200B0D4030892
:10B930000F0F020070D403080F0F020030D4030869
:10B9400018180300D0D303081212030070D30308A1
:10B950000505010050D303080909020010D30308AC
:10B9600009090200D0D203080B0B020090D2030891
:10B970001010020050D203080808010030D203085A
:10B9800009090200F0D1030808080100D0D103081A
:10B9900008080100B0D103080F0F020070D103089E
:10B9A0000F0F020030D103080F0F0200F0D0030880
:10B9B0000F0F0200B0D003080F0F020070D0030871
:10B9C0000F0F020030D003080F0F0200F0CF030862
:10B9D0000F0F0200B0CF03080F0F020070CF030853
:10B9E0000F0F020030CF03080808010010CF030832
:10B9F00008080100F0CE030810100200B0CE0308C2
:10BA00001010020070CE03081010020030CE0308A0
:10BA10000F0F0200F0CD03081B1B040070CD0308BC
:10BA20001212030010CD030812120300B0CC030859
:10BA30001414030050CC030814140300F0CB0308C3
:10BA40001212030090CB03081111030030CB03083E
:10BA500015150300D0CA03081313030070CA0308A6
:10BA60000808010050CA03080D0D020010CA03089F
:10BA700012120300B0C903080F0F020070C90308B7
:10BA80001717030010C9030813130300B0C80308F5
:10BA90001515030050C8030811110300F0C703086F
:10BAA0001515030090C703081414030030C70308DA
:10BAB00012120300D0C603081010020090C603083B
:10BAC0001313030030C6030811110300D0C5030887
:10BAD0001C1C040050C5030811110300F0C4030826
:10BAE0001212030090C403081111030030C40308AC
:10BAF0000808010010C4030808080100F0C3030887
:10BB000008080100D0C303080C0C020090C303080E
:10BB10000F0F020050C303080909020010C30308F5
:10BB20000F0F0200D0C203080F0F020090C20308DB
:10BB30000E0E020050C203080F0F020010C20308CD
:10BB40000F0F0200D0C1030807070100B0C10308AE
:10BB50000F0F020070C103080F0F020030C103086D
:10BB60000606010010C1030806060100F0C0030824
:10BB70000E0E0200B0C003080606010090C00308C4
:10BB80001616030030C003080F0F0200F0BF0308B1
:10BB90000F0F0200B0BF03080F0F020070BF0308B1
:10BBA0000F0F020030BF030809090200F0BE0308AE
:10BBB0000E0E0200B0BE03080808010090BE030884
:10BBC0000F0F020050BE03080D0D020010BE030847
:10BBD00013130300B0BD03080C0C020070BD030872
:10BBE0000E0E020030BD03080D0D0200F0BC03086C
:10BBF00009090200B0BC03080606010090BC030856
:10BC00000909020050BC03081010020010BC030810
:10BC10000000000000000000000000000000000024
:10BC20000000000000000000000000001E007FC6B1
:10BC300061FE4078000000000000000000000000ED
:10BC400000000000000000000000000000000000F4
:10BC5000000000000000000000000000E000F00014
:10BC60001800180018001800180018001800180014
:10BC700018000C00070007000C001800180018003E
:10BC800018001800180018001800F000E00000006C
:10BC900000000000000030303030303030303030C4
:10BCA00030303030303030303030303030303000C4
:10BCB000000000000000000000000000038007807A
:10BCC0000E000C000C000C000C000C000C000C0012
:10BCD0000C0018007000700018000C000C000C0024
:10BCE0000C000C000C000C000C000780038000000E
:10BCF0000000000000000000000000000000000044
:10BD00000000000000007FF07FF0007000E001C044
:10BD10000380070007000E001C0038007000E000E0
:10BD2000FFF0FFF000000000000000000000000035
:10BD30000000000000000000000000000000000003
:10BD400000000000000060186018303030303830DB
:10BD5000186018600C600CC00CC006C0078007801B
:10BD6000038003000300060006003C0038000000CA
:10BD700000000000000000000000000000000000C3
:10BD8000000000000000E030606030E038C0198042
:10BD90000F800F0006000F000F00198039C030C05F
:10BDA0006060E07000000000000000000000000083
:10BDB0000000000000000000000000000000000083
:10BDC0000000000000000000000000000000000073
:10BDD00000C04060C0E060C0E06060A0C061B0C072
:10BDE00061B1C031B180311180331B801B1B001B3E
:10BDF0001B000A0A000E0E000E0E000404000000D4
:10BE00000000000000000000000000000000000032
:10BE10000000000000000000000000000000000022
:10BE2000000000000000C018C01860306030707062
:10BE30003060386018C018C01D800D800D8007006C
:10BE400007000200000000000000000000000000E9
:10BE500000000000000000000000000000000000E2
:10BE6000000000000000301830183018301830186A
:10BE700030183018301830183018301830383878FA
:10BE80001FD80F9800000000000000000000000014
:10BE90000000000000001030303030FEFE30303046
:10BEA00030303030303030303E1E000000000000B6
:10BEB0000000000000000000000000000000000082
:10BEC0000000000000000F803FE0707060306000F4
:10BED00078003F801FF003F0003860187018383089
:10BEE0001FF00FC000000000000000000000000074
:10BEF0000000000000000000000000000000000042
:10BF000000000000000037803F803800380030001B
:10BF100030003000300030003000300030003000A1
:10BF200030003000000000000000000000000000B1
:10BF30000000000000000000000000000000000001
:10BF400000000000000007981FD8387830386018CB
:10BF500060186018601860186018701830383878E9
:10BF60001FD80798001800180018001800180000C3
:10BF700000000000000000000000000000000000C1
:10BF800000000000000033C037F03C383818300C97
:10BF9000300C300C300C300C300C300C38183C3875
:10BFA00037F033C030003000300030003000000087
:10BFB0000000000000000000000000000000000081
:10BFC00000000000000007C01FF038383018701C57
:10BFD000600C600C600C600C600C701C3018383801
:10BFE0001FF007C00000000000000000000000007B
:10BFF0000000000000000000000000000000000041
:10C0000000000000000033E03FF03C3838183018E2
:10C0100030183018301830183018301830183018E0
:10C020003018301800000000000000000000000080
:10C030000000000000000000000000000000000000
:10C0400000000000000000000000000000000000F0
:10C050000033C3C037EFE03C7C70383830303030CC
:10C0600030303030303030303030303030303030D0
:10C070003030303030303030303030303030000020
:10C0800000000000000000000000000000000000B0
:10C0900000000000000030303030303030303030C0
:10C0A00030303030303030303030000000000000B0
:10C0B0000000000000000000000000003000300020
:10C0C000300030003000301C3038307030E031C08B
:10C0D00037803F803F8039C030E030E03070303012
:10C0E0003038301C0000000000000000000000009C
:10C0F00000000000000030300000003030303030F0
:10C1000030303030303030303030303030E0E000FF
:10C1100000000000000030300000003030303030CF
:10C12000303030303030303030300000000000002F
:10C13000000000000000000000000000300030009F
:10C1400030003000300033E03FF03C383818301811
:10C15000301830183018301830183018301830189F
:10C16000301830180000000000000000000000003F
:10C1700000000000000000000000000000000000BF
:10C1800000000000000007981FD838783038601889
:10C1900060186018601860186018601830383878B7
:10C1A0001FD807986018603870703FE00FC000001B
:10C1B0000000000000001E3E303030FEFE30303007
:10C1C000303030303030303030300000000000008F
:10C1D000000000000000000000000000000000005F
:10C1E00000000000000007C01FF038383018600C55
:10C1F000600C7FFC7FFC600060007000300C3C38FD
:10C200001FF007E000000000000000000000000038
:10C2100000000000000000000000000000180018EE
:10C2200000180018001807981FD8387830386018A0
:10C230006018601860186018601870183038387806
:10C240001FF8079800000000000000000000000038
:10C2500000000000000000000000000000000000DE
:10C2600000000000000007C01FE038703038601880
:10C270006000600060006000601860183030387046
:10C280001FE007C0000000000000000000000000E8
:10C29000000000000000000000000000300030003E
:10C2A00030003000300033C037F03C383818300CE4
:10C2B000300C300C300C300C300C301C38183C3842
:10C2C0003FF033C00000000000000000000000004C
:10C2D000000000000000000000000000000000005E
:10C2E0000000000000000FE03FF030386018001838
:10C2F00000F80FF83F98301860186018603870F830
:10C300003FD81F8C0000000000000000000000006B
:10C310000000000000000000000000007000380075
:10C3200018000C00000000000000000000000000E9
:10C3300000000000000000000000000000000000FD
:10C3400000000000000000000000000000000000ED
:10C3500000000000000000000000000000000000DD
:10C3600000000000000000000000000000000000CD
:10C3700000000000000000000000000000000000BD
:10C3800000000000000000000000FFFEFFFE0000B3
:10C3900000000000000000000000000006000F0088
:10C3A0000F0019801980198030C030C030C0606023
:10C3B000000000000000000000000000000000007D
:10C3C000000000000000000000000000000000006D
:10C3D0000000000000007C7C0C0C0C0C0C0C0C0C05
:10C3E0000C0C0C0C0C0C0C0C0C0C0C0C0C7C7C00B9
:10C3F000000000000000C0C06060603030303818BD
:10C4000018180C0C0C0606060703000000000000BC
:10C410000000000000003E3E303030303030303020
:10C42000303030303030303030303030303E3E0020
:10C4300000000000000000000000000000000000FC
:10C4400000007FFF007FFF00000600000C000018C6
:10C450000000380000700000600000C00001C00053
:10C460000380000300000600000C00001C000038E0
:10C470000000300000600000FFFF00FFFF00000030
:10C4800000000000000000000000000000000000AC
:10C49000000000000000000000000000000000009C
:10C4A0000000600380300700180600180E000C0C16
:10C4B000000E1C0007380003300003300001E000CC
:10C4C00001E00000C00000C00000C00000C000008B
:10C4D000C00000C00000C00000C00000C00000009C
:10C4E000000000000000000000000000000000004C
:10C4F000000000000000000000000000000000003C
:10C500000000700700380E00180C001C1C000E38CC
:10C510000007700007700003600001C00001C00048
:10C5200001C0000360000770000E38000E38001CC8
:10C530001C00380E00380600700700E00380000081
:10C5400000000000000000000000000000000000EB
:10C5500000000000000000000000000000000000DB
:10C560000000000000000000C00E0060C00E00606F
:10C57000601B00C0601B00C0601B00C0603180C039
:10C5800030318180303181803060C1803860C3803B
:10C590001860C30018E0630018C063001CC0660088
:10C5A0000DC076000D8036000D80360007803C00FF
:10C5B00007001C0007001C00000000000000000035
:10C5C000000000000000000000000000000000006B
:10C5D000000000000000000000000000000000005B
:10C5E0000000C00180E0038060030060030070076A
:10C5F00000300600300600180C00180C001C1C004F
:10C600000C18000C18000E380006300006700003ED
:10C61000600003600003E00001C00001C0000000F2
:10C62000000000000000000000000000000000000A
:10C6300000000000000000000000000000000000FA
:10C6400000003001803001803001803001803001F5
:10C6500080300180300180300180300180300180E5
:10C66000300180300180300180300180300180381D
:10C6700003801803001E0F000FFE0003F8000000E7
:10C6800000000000000000000000000000000000AA
:10C690000000000000000000000000007FFE7FFEA0
:10C6A0000180018001800180018001800180018082
:10C6B0000180018001800180018001800180018072
:10C6C0000180018000000000000000000000000068
:10C6D000000000000000000000000000000000005A
:10C6E000000003F8000FFE001C0F003803003001AB
:10C6F000803001803800001C00001FE0000FFC00AB
:10C7000000FF00000F000003806001806001807066
:10C7100001803803001C07000FFE0003F800000032
:10C720000000000000000000000000000000000009
:10C7300000000000000000000000000000000000F9
:10C7400000003FFE003FFF003003803001C030009A
:10C75000C03000C03000C03001C03003803FFF0057
:10C760003FFC00303800301800300C00300E003034
:10C7700007003003003001803001C03000C00000ED
:10C7800000000000000000000000000000000000A9
:10C790000000000000000000000000000000000099
:10C7A000000001FC0007FF000F07801C01C03800DB
:10C7B000E0300060300060600030600030600030C9
:10C7C0006000306000306000303000703000603851
:10C7D0001CE01C1FC00F07C007FFE001FC70000039
:10C7E0003000000000000000000000000000000019
:10C7F0000000000000000000000000000000000039
:10C8000000003FF8003FFC00300E0030070030030E
:10C8100000300300300300300300300700300E000A
:10C820003FFC003FF00030000030000030000030DE
:10C830000000300000300000300000300000000038
:10C8400000000000000000000000000000000000E8
:10C8500000000000000000000000000000000000D8
:10C86000000001FC0007FF000F07801C01C038001A
:10C87000E0300060700070600030600030600030B8
:10C880006000306000306000307000703000603850
:10C8900000E01C01C00F078007FF0001FC00000042
:10C8A0000000000000000000000000000000000088
:10C8B0000000000000000000000000000000000078
:10C8C00000003801803801803C01803C0180360145
:10C8D0008033018033018031818030C18030C1805C
:10C8E0003061803061803031803019803019803083
:10C8F0000D803007803007803003803003800000D7
:10C900000000000000000000000000000000000027
:10C910000000000000000000000000000000000017
:10C9200000001C00701E00F01E00F01E00F01B0135
:10C93000B01B01B01B01B01983301983301983304B
:10C9400018C63018C63018C63018EE30186C3018BB
:10C950006C30186C30183830183830183830000007
:10C9600000000000000000000000000000000000C7
:10C970000000000000000000000000003000300057
:10C980003000300030003000300030003000300027
:10C990003000300030003000300030003000300017
:10C9A0003FFC3FFC00000000000000000000000011
:10C9B0000000000000000000000000000000000077
:10C9C0000000300380300700300E00301C0030388B
:10C9D0000030700030E00031C00033C00037C000CC
:10C9E0003EE0003C7000387000303800301C0030F1
:10C9F0000E003006003007003003803001C0000018
:10CA00000000000000000000000000000000000026
:10CA10000000000000000000000000000060006056
:10CA20000060006000600060006000600060006006
:10CA3000006000600060006060606060606030C046
:10CA40003FC01F00000000000000000000000000C8
:10CA500000000000000018181818181818181818E6
:10CA600018181818181818181818000000000000D6
:10CA700000000000000000000000000000000000B6
:10CA800000003001803001803001803001803001B1
:10CA9000803001803001803001803001803FFF8094
:10CAA0003FFF8030018030018030018030018030D4
:10CAB0000180300180300180300180300180000031
:10CAC0000000000000000000000000000000000066
:10CAD0000000000000000000000000000000000056
:10CAE000000001FC0007FF000F03801C01C038009C
:10CAF000C030006030000060000060000060000096
:10CB0000601FE0601FE0600060700060300060380F
:10CB100000601C00E00F03C007FF8001FC00000064
:10CB20000000000000000000000000000000000005
:10CB300000000000000000000000000000000000F5
:10CB400000003FFF003FFF003000003000003000D9
:10CB5000003000003000003000003000003FFC00DA
:10CB60003FFC00300000300000300000300000309A
:10CB700000003000003000003000003000000000F5
:10CB800000000000000000000000000000000000A5
:10CB90000000000000000000000000000000000095
:10CBA00000003FFF803FFF80300000300000300079
:10CBB000003000003000003000003000003FFF0077
:10CBC0003FFF003000003000003000003000003037
:10CBD00000003000003000003FFF803FFF80000079
:10CBE0000000000000000000000000000000000045
:10CBF0000000000000000000000000000000000035
:10CC000000003FFC003FFE00300780300180300014
:10CC1000C03000C030006030006030006030006024
:10CC20003000603000603000603000603000C030A4
:10CC300000C03001803007803FFE003FF800000058
:10CC400000000000000000000000000000000000E4
:10CC500000000000000000000000000000000000D4
:10CC6000000001FC0007FF000F03801C01C038001A
:10CC7000E0300060700000600000600000600000B4
:10CC80006000006000006000003000603000E038AC
:10CC900000C01C01C00E078007FF0001FC0000005F
:10CCA0000000000000000000000000000000000084
:10CCB0000000000000000000000000000000000074
:10CCC00000003FF8003FFC00300E0030070030034A
:10CCD00000300300300300300700300E003FFC003E
:10CCE0003FFE00300700300380300180300180308B
:10CCF00001803003803007003FFE003FF800000055
:10CD00000000000000000000000000000000000023
:10CD10000000000000000000000000000000000013
:10CD2000000001C00001C000036000036000077044
:10CD3000000630000630000E38000C18000C1800F9
:10CD4000180C00180C001FFC003FFE00300600709D
:10CD50000700600300600300C00180C00180000084
:10CD600000000000000000000000000000000000C3
:10CD700000000000000000000000000000000000B3
:10CD80000000000000000000003FC00000FFF000B5
:10CD900003C0780007001C000E000E001C3C67005A
:10CDA00018FF630031C3E3803181C1803300C1804B
:10CDB0006300C1806600C1806600C1806600C380D8
:10CDC000660183006601870063038600738F9C0001
:10CDD00031FDF80038F8F000180000C01C00018098
:10CDE0000F00070007C01E0001FFF800003FE00031
:10CDF00000000000000000000000000007C01FF05D
:10CE00003838301C600C600C000C001C001800301E
:10CE1000006000C001C001800180018000000000AE
:10CE20000180018000000000000000000000000000
:10CE300000000000000000000000000000000000F2
:10CE400000000000200038001E00078000E00038CD
:10CE5000000C003800E007801E00380020000000B1
:10CE600000000000000000000000000000000000C2
:10CE700000000000000000000000000000000000B2
:10CE800000000000000000007FFC7FFC00000000AC
:10CE9000000000007FFC7FFC00000000000000009C
:10CEA0000000000000000000000000000000000082
:10CEB0000000000000000000000000000000000072
:10CEC000000000000004001C007801E007001C00C6
:10CED00030001C00070001E00078001C0004000086
:10CEE0000000000000000000000000000000000042
:10CEF0000000000000000000000000181800000002
:10CF000000000000000000001818080818100000B9
:10CF100000000000000000000000001818000000E1
:10CF200000000000000000001818000000000000D1
:10CF300000000000000000000000000007C01FE02B
:10CF4000383030186008600C600C600C600C301CCD
:10CF5000383C1FEC078C000C0018601870183870F3
:10CF60001FE00F8000000000000000000000000033
:10CF700000000000000000000000000007C01FF0DB
:10CF80001830301830183018301818300FE01FF0F3
:10CF900038383018600C600C600C600C3018383871
:10CFA0001FF007C0000000000000000000000000AB
:10CFB0000000000000000000000000007FF87FF883
:10CFC000001000300060004000C0018001800300BC
:10CFD0000300030006000600060006000C000C001B
:10CFE0000C000C0000000000000000000000000029
:10CFF00000000000000000000000000003E00FF04F
:10D000001C38381C300C3000600067C06FF0783876
:10D010007018600C600C600C600C300C3018183804
:10D020000FF007C00000000000000000000000003A
:10D030000000000000000000000000001FF81FF8C2
:10D04000380030003000300027C07FF0783860189A
:10D05000000C000C000C000C000C600C7018383830
:10D060001FF00FC0000000000000000000000000E2
:10D070000000000000000000000000000030007010
:10D0800000F000F001B00330073006300C301C30E7
:10D090001830303070307FFC7FFC003000300030C2
:10D0A0000030003000000000000000000000000020
:10D0B0000000000000000000000000000FC01FE0A2
:10D0C00038707018601800180018007003E003F042
:10D0D0000038001C000C000C000C600C7018383874
:10D0E0001FF007C00000000000000000000000006A
:10D0F0000000000000000000000000000FC01FE062
:10D1000038706038601800180018001800300030BF
:10D11000006000C00180030006000C001800300011
:10D120007FF87FF800000000000000000000000011
:10D1300000000000000000000000000000C000C06F
:10D1400001C003C00FC01EC018C000C000C000C096
:10D1500000C000C000C000C000C000C000C000C0CF
:10D1600000C000C00000000000000000000000003F
:10D1700000000000000000000000000007C01FF0D9
:10D18000383830183018600C600C600C600C600C83
:10D19000600C600C600C600C600C30183018383873
:10D1A0001FF007C0000000000000000000000000A9
:10D1B00000000000000003030606060C0C0C1C18FF
:10D1C0001818303030606060E0C0000000000000DF
:10D1D000000000000000000000000000000000004F
:10D1E00000000000000000003030000000000000DF
:10D1F000000000000000000000000000000000002F
:10D20000000000000000000000000000000000001E
:10D21000000000007F007F00000000000000000010
:10D2200000000000000000000000000000000000FE
:10D2300000000000000000000000000000000000EE
:10D24000000000000000000030301010302000000E
:10D2500000000000000000000000000000000000CE
:10D2600000000000030003000300030003007FF838
:10D270007FF8030003000300030003000000000028
:10D28000000000000000000000000000000000009E
:10D290000000000000000000000000000600060082
:10D2A00026407FE00F800F001980188000000000EA
:10D2B000000000000000000000000000000000006E
:10D2C000000000000000000000000000000000005E
:10D2D00000000000000000000000000060003000BE
:10D2E0003000180018000C000C000C0006000600AE
:10D2F00006000600060006000600060006000C00F8
:10D300000C000C0018001800300030006000000015
:10D310000000000000000000000000000300060004
:10D3200006000C000C001800180018003000300037
:10D330003000300030003000300030003000180085
:10D34000180018000C000C00060006000300000086
:10D35000000000000000606060606060600000002D
:10D3600000000000000000000000000000000000BD
:10D3700000000000000000000000000000000000AD
:10D38000000003E0000FF0000C3800181800181817
:10D39000001818000C30000E700007E00007800035
:10D3A0001F800038C200706700607600603E006039
:10D3B0001C00701E00387F001FF3800FC3000000A8
:10D3C000000000000000000000000000000000005D
:10D3D000000000000000000000000000000000004D
:10D3E00000000F00C01F81C039C18030C38030C32E
:10D3F0000030C70030C60039CC001F8C000F180069
:10D400000018F00031F800339C00630C00630C003E
:10D41000C30C00C30C01839C0181F80300F00000E1
:10D4200000000000000000000000000000000000FC
:10D430000000000000000000000001000FC01FF00D
:10D440003938711C610C6100610031003F000FE050
:10D4500003F00138011C010C610C610C311C3938DE
:10D460001FF007C0010001000000000000000000E4
:10D470000000000000000000000000000618061870
:10D480000E300C300C300C30FFFCFFFC18601860C4
:10D49000186018601860FFFCFFFC30C030C071C01D
:10D4A00061806180000000000000000000000000BA
:10D4B00000000000000000000000000063006300A6
:10D4C000630063006300630063000000000000006D
:10D4D000000000000000000000000000000000004C
:10D4E000000000000000000000000000000000003C
:10D4F000000000000000181818181818181818183C
:10D50000181818181818000018180000000000005B
:10D51000000000000000000000000000000000000B
:10D5200000000000000000000000000000000000FB
:10D5300069230008B1240008C9240008D124000888
:10D5400000000000000000000809010178D5030870
:10D550000705070069230008B1240008C924000852
:10D56000D1240008000000000000000008080101AC
:10D5700078D503080705070054D7030854D70308D4
:10D580008CD5030820007E00060601009000FF00F5
:10D5900094D503089D00FFFF9E00FFFF9F00FFFF43
:10D5A000A000FFFFA100FFFFA200FFFFFFFFFFFFA2
:10D5B000FFFFFFFFFFFFFFFFFFFFFFFFFFFFFFFF7B
:10D5C000FFFFFFFFFFFFFFFFFFFFFFFFFFFFFFFF6B
:10D5D000FFFFFFFF7E00FFFF7600FFFF7F00FFFFE2
:10D5E0008000FFFF8100FFFF8200FFFF8300FFFF3D
:10D5F0008400FFFF8500FFFF8600FFFF8700FFFF1D
:10D600008800FFFF8900FFFF8A00FFFF8B00FFFFFC
:10D610008C00FFFF8D00FFFF8E00FFFF8F00FFFFDC
:10D620009000FFFF9100FFFF9200FFFF9300FFFFBC
:10D630009400FFFF7D00FFFF9500FFFF9600FFFFB6
:10D640009700FFFF9800FFFF9900FFFF9A00FFFF80
:10D650007700FFFF700079007000780070007A009A
:10D6600070007C0070007B006600FFFF6800FFFF19
:10D6700023007D00710079007100780071007A004C
:10D6800071007B00720079007200780072007A00ED
:10D6900072007B006900FFFF75007C007300790059
:10D6A0007300780073007A0073007C0073007B00C5
:10D6B0009B00FFFF6E00FFFF74007900740078008C
:10D6C00074007A0074007B00390078006A00FFFF64
:10D6D0006500FFFF4100600041005F004100610004
:10D6E00041006300410062006700FFFF6B00FFFF25
:10D6F00043007D004500600045005F00450061007B
:10D70000450062006400600064005F006400610026
:10D71000640062006C00FFFF4E0063004F00600079
:10D720004F005F004F0061004F0063004F00620038
:10D730009C00FFFF6F00FFFF5500600055005F0079
:10D74000550061005500620059005F006D00FFFF49
:10D75000590062000000000000000000202020208E
:10D760002000200048484800000000005050F850B9
:10D77000F85050002078A07028F02000C0C8102079
:10D78000409818006090A040A89068006020400079
:10D7900000000000102040404020100040201010E9
:10D7A00010204000005020F820500000002020F8F9
:10D7B000202000000000000000602040000000F871
:10D7C0000000000000000000006060000008102061
:10D7D00040800000708898A8C888700020602020D1
:10D7E00020207000708808304080F8007088083071
:10D7F0000888700010305090F8101000F880F00881
:10D8000008887000304080F088887000F808102088
:10D8100040404000708888708888700070888878E0
:10D820000810600000606000606000000000606040
:10D830000060204010204080402010000000F800D0
:10D84000F800000080402010204080007088081000
:10D850002000200070880868A8A87000708888F8E8
:10D8600088888800F08888F08888F0007088808038
:10D8700080887000E09088888890E000F88080F0D0
:10D880008080F800F88080F0808080007088808040
:10D8900098887800888888F88888880070202020F8
:10D8A0002020700038101010109060008890A0C0E8
:10D8B000A0908800808080808080F80088D8A8A808
:10D8C000888888008888C8A8988888007088888890
:10D8D00088887000F08888F0808080007088888850
:10D8E000A8906800F08888F0A09088007088807008
:10D8F00008887000F8202020202020008888888850
:10D90000888870008888888888502000888888A83F
:10D91000A8A850008888502050888800888888509F
:10D9200020202000F80810204080F800704040407F
:10D93000404070000080402010080000701010105F
:10D94000101070002050880000000000000000004F
:10D95000000000F8402010000000000000007008E7
:10D96000788878008080B0C88888F00000007080D7
:10D97000808870000808689888887800000070889F
:10D98000F8807000304840E0404040000000788857
:10D99000887808708080B0C888888800200060205F
:10D9A000202070001000301010109060808090A037
:10D9B000C0A0900060202020202070000000D0A88F
:10D9C000888888000000B0C88888880000007088B7
:10D9D000888870000000F08888F0808000007888D7
:10D9E000887808080000B0C8808080000000788037
:10D9F0007008F0004040E040404830000000888857
:10DA00008898680000008888885020000000888876
:10DA1000A8A8500000008850205088000000888886
:10DA2000887808700000F8102040F800102020408E
:10DA30002020100020202020202020004020201026
:10DA40002020400068900000000000001820000026
:10DA500000000000C02000000000000070880000EE
:10DA6000000000005000000000000000689000006E
:10DA7000000000000000006020207000006090F0B6
:10DA80008888B08020007088F8888800200070089E
:10DA9000788878003860A0B8E0A0B800704848E8FE
:10DAA00048487000E0407048487040E00000D028CE
:10DAB00078A05800A040A01078887000602030281E
:10DAC00030207000708898A8C88870000000709896
:10DAD000A8C8700000007088F88888000000F880EE
:10DAE000E080F800000070202020700000007088A6
:10DAF000888870000000888888887000000088C8C6
:10DB0000A89888002000202020202000200020400D
:10DB1000808870001820000000000000C020000075
:10DB20000000000020500000000000005000000035
:10DB300000000000689000000000000000000000ED
:10DB4000000000200000000000000000002070A085
:10DB5000A0A87020304040E04048B000000088702D
:10DB6000507088008850F820F820200020202000E5
:10DB700020202000304820502090600088000000C5
:10DB800000000000F888A8B8A888F8007008788815
:10DB900070000000002850A050280000000000F88D
:10DBA000080800000000007000000000F888A88845
:10DBB00098A8F800F80000000000000020502000A5
:10DBC00000000000002070200070000060902040E5
:10DBD000F0000000E0106010E000000018200000DD
:10DBE000000000000000888888C8B0807898987885
:10DBF00018181800000000303000000040C04040FD
:10DC0000E0000000708888887000000000A05028A4
:10DC100050A000008890A050B05078108890A0408C
:10DC2000B8081038C040C048D828380800885020AC
:10DC300050880000002000F800200000103070FC28
:10DC400070301000203038FC38302000002070F890
:10DC500020200000002020F8702000000008286824
:10DC6000F860200000040408089050200400000020
:10DC700051FA0008350F0108A11001082514010808
:10DC8000D91E0108FD3A0108ED3B0108E93A0108F7
:10DC9000951B0108B51B0108751B0108591F0108D8
:10DCA000000000000100000002000000030000006E
:10DCB000040000000500000006000000070000004E
:10DCC00008000000090000000A0000000B0000002E
:10DCD0000C0000000D0000000E0000000F0000000E
:10DCE00049EA00084D970008C11E01080100000024
:10DCF000A5E90008BD21010875EA00088197000820
:10DD0000C91E010800000000DDE900081122010819
:10DD1000091A0108311A010845E90008AD12010885
:10DD200000000001010101020202020303030304D7
:10DD30000404040505050506060606070707070887
:10DD4000080808090909090A0A0A0A0B0B0B0B0C37
:10DD50000C0C0C0D0D0D0D0E0E0E0E0F0F0F0F10E7
:10DD60001010101111111112121212131313131497
:10DD7000141414151515151516161616171717174A
:10DD800018181818191919191A1A1A1A1B1B1B1BFB
:10DD90001C1C1C1C1D1D1D1D1E1E1E1E1F1F1F1FAB
:10DDA000202020202121212122222222232323235B
:10DDB000242424242525252526262626272727270B
:10DDC00028282828292929292A2A2A2A2A2B2B2BBC
:10DDD0002B2C2C2C2C2D2D2D2D2E2E2E2E2F2F2F6F
:10DDE0002F3030303031313131323232323333331F
:10DDF00033343434343535353536363636373737CF
:10DE00003738383838393939393A3A3A3A3B3B3B7E
:10DE10003B3C3C3C3C3D3D3D3D3E3E3E3E3F3F3F2E
:10DE200000000000000101010101010101020202E4
:10DE300002020202020303030303030303040404B4
:10DE40000404040404050505050505050505060685
:10DE50000606060606060707070707070707080856
:10DE60000808080808080909090909090909090A27
:10DE70000A0A0A0A0A0A0A0B0B0B0B0B0B0B0B0CF8
:10DE80000C0C0C0C0C0C0C0D0D0D0D0D0D0D0D0DC9
:10DE90000E0E0E0E0E0E0E0E0F0F0F0F0F0F0F0F9A
:10DEA000101010101010101011111111111111116A
:10DEB000121212121212121212131313131313133B
:10DEC000131414141414141414151515151515150C
:10DED00015161616161616161616171717171717DD
:10DEE00017171818181818181818191919191919AE
:10DEF00019191A1A1A1A1A1A1A1A1B1B1B1B1B1B7E
:10DF00001B1B1B1C1C1C1C1C1C1C1C1D1D1D1D1D4F
:10DF10001D1D1D1E1E1E1E1E1E1E1E1F1F1F1F1F1F
:10DF200000000000000000000001010101010101EA
:10DF300001010101010101010101020202020202CB
:10DF400002020202020202020202020303030303AC
:10DF5000030303030303030303030303040404048D
:10DF6000040404040404040404040404040505056E
:10DF7000050505050505050505050505050506064F
:10DF80000606060606060606060606060606060730
:10DF90000707070707070707070707070707070711
:10DFA00008080808080808080808080808080808F1
:10DFB00008090909090909090909090909090909D2
:10DFC00009090A0A0A0A0A0A0A0A0A0A0A0A0A0AB3
:10DFD0000A0A0A0B0B0B0B0B0B0B0B0B0B0B0B0B94
:10DFE0000B0B0B0B0C0C0C0C0C0C0C0C0C0C0C0C75
:10DFF0000C0C0C0C0C0D0D0D0D0D0D0D0D0D0D0D56
:10E000000D0D0D0D0D0D0E0E0E0E0E0E0E0E0E0E36
:10E010000E0E0E0E0E0E0E0F0F0F0F0F0F0F0F0F17
:10E020000004080C1014181C2024282D3135393D0B
:10E030004145494D5155595D6165696D7175797DF0
:10E0400082868A8E92969A9EA2A6AAAEB2B6BABED0
:10E05000C2C6CACED2D7DBDFE3E7EBEFF3F7FBFFB5
:10E06000000810192129313A424A525B636B737BD5
:10E07000848C949CA5ADB5BDC5CED6DEE6EFF7FF8A
:10E0800000112233445566778899AABBCCDDEEFF98
:10E09000813A010881390108B93A0108008040C07D
:10E0A00020A060E0109050D030B070F0088848C8D0
:10E0B00028A868E8189858D838B878F8048444C470
:10E0C00024A464E4149454D434B474F40C8C4CCC70
:10E0D0002CAC6CEC1C9C5CDC3CBC7CFC028242C228
:10E0E00022A262E2129252D232B272F20A8A4ACA70
:10E0F0002AAA6AEA1A9A5ADA3ABA7AFA068646C610
:10E1000026A666E6169656D636B676F60E8E4ECE0F
:10E110002EAE6EEE1E9E5EDE3EBE7EFE018141C1D3
:10E1200021A161E1119151D131B171F1098949C93F
:10E1300029A969E9199959D939B979F9058545C5DF
:10E1400025A565E5159555D535B575F50D8D4DCDDF
:10E150002DAD6DED1D9D5DDD3DBD7DFD038343C397
:10E1600023A363E3139353D333B373F30B8B4BCBDF
:10E170002BAB6BEB1B9B5BDB3BBB7BFB078747C77F
:10E1800027A767E7179757D737B777F70F8F4FCF7F
:10E190002FAF6FEF1F9F5FDF3FBF7FFF0925000895
:10E1A0000D2600085926000861260008000000001E
:10E1B000000000000D0D0101C0E103080B0608007E
:10E1C000A000FF00CCE1030834EC030803030100C6
:10E1D00010EB03080404010000EB0308060601002D
:10E1E000F0EA030806060100E0EA0308060601005B
:10E1F000D0EA030806060100C0EA0308040401008F
:10E20000B0EA030806060100A0EA030806060100BA
:10E2100090EA03080A0A020074EA030805050100EF
:10E2200064EA03080606010054EA0308080801002E
:10E2300044EA03080404010034EA03080A0A02005D
:10E2400018EA03080606010008EA030805050100AC
:10E25000F8E9030808080100E8E9030805050100DA
:10E26000D8E9030805050100C8E90308060601000E
:10E27000B8E9030806060100A8E90308060601003C
:10E2800098E903080303010088E903080606010072
:10E2900078E903080505010068E9030805050100A0
:10E2A00058E903080606010048E903080B0B0200C1
:10E2B0002CE903080B0B020010E903080B0B02000A
:10E2C000F4E8030805050100E4E803080707010076
:10E2D000D4E8030807070100C4E8030807070100A2
:10E2E000B4E8030807070100A4E8030807070100D2
:10E2F00094E803080707010084E803080A0A0200FB
:10E3000068E803080707010058E80308060601004B
:10E3100048E803080606010038E80308060601007D
:10E3200028E803080606010018E8030804040100B1
:10E3300008E8030804040100F8E7030804040100E6
:10E34000E8E7030804040100D8E70308080801000F
:10E35000C8E7030807070100B8E703080808010039
:10E36000A8E703080808010098E703080808010067
:10E3700088E703080808010078E703080808010097
:10E3800068E703080808010058E7030808080100C7
:10E3900048E703080707010038E7030807070100FB
:10E3A00028E703080707010018E70308070701002B
:10E3B00008E7030806060100F8E603080606010060
:10E3C000E8E6030806060100D8E603080606010091
:10E3D000C8E6030806060100B8E6030806060100C1
:10E3E000A8E603080606010098E6030806060100F1
:10E3F00088E603080606010078E603080A0A020018
:10E400005CE60308050501004CE60308060601006A
:10E410003CE60308060601002CE603080606010098
:10E420001CE60308060601000CE6030803030100CE
:10E43000FCE5030803030100ECE503080303010006
:10E44000DCE5030803030100CCE503080606010030
:10E45000BCE5030806060100ACE50308060601005A
:10E460009CE50308060601008CE50308060601008A
:10E470007CE50308060601006CE5030806060100BA
:10E480005CE50308080801004CE5030806060100E6
:10E490003CE50308060601002CE50308060601001A
:10E4A0001CE50308060601000CE50308060601004A
:10E4B000FCE4030806060100ECE40308060601007C
:10E4C000DCE4030806060100CCE403080000005069
:10E4D00000888850502020404000000000008080CC
:10E4E00080F088888888F08080000000000010207C
:10E4F000008888505020204040000000000000505C
:10E500000088888888887800000000000000304873
:10E5100000888888888878000000000000001020AB
:10E52000008888888888780000000000000040206B
:10E5300000888888888878000000000000000000BB
:10E54000087098A8A8C870800000000000000000B3
:10E55000101000FE0010100000000000000000502D
:10E5600000708888888870000000000000006858EB
:10E570000070888888887000000000000000304823
:10E58000007088888888700000000000000010205B
:10E59000007088888888700000000000000040201B
:10E5A00000708888888870000000000000006858AB
:10E5B00000F0888888888800000000000000003093
:10E5C000500878888888700000000000000000A0D3
:10E5D000004040404040400000000000000040A0DB
:10E5E000004040404040400000000000000020404B
:10E5F00000404040404040000000000000008040DB
:10E60000004040404040400000000000000000503A
:10E61000007088F88088700000000000000030481A
:10E62000007088F880887000000000000000102052
:10E63000007088F880887000000000000000402012
:10E64000007088F880887000000000000000000062
:10E650000070808080807020C000000000000000FA
:10E66000000000000000770008807F8088008C8018
:10E670007300000000000000003048483070087847
:10E6800088887800000000000000005000700878C2
:10E690008888780000000000000068580070087842
:10E6A000888878000000000000003048007008787A
:10E6B00088887800000000000000102000700878B2
:10E6C00088887800000000000000201000700878A2
:10E6D00088887800000000000000708888B0888872
:10E6E0008888B000000000000000008080F088886A
:10E6F000F08080000000000010200088885050202A
:10E7000020202000000000000048008484848484CD
:10E71000848478000000000030480084848484846D
:10E7200084847800000000001020008484848484A5
:10E730008484780000000000201000848484848495
:10E7400084847800000000000000003A448A92921D
:10E75000A244B800000000000000000000221408DD
:10E760001422000000000000002800384482828249
:10E770008244380000000000342C00384482828239
:10E78000824438000000000018240038448282824D
:10E790008244380000000000081000384482828261
:10E7A0008244380000000000201000384482828239
:10E7B0008244380000000000685800C4C4A4A49437
:10E7C000948C8C0000000000000000784442F2426B
:10E7D000424478000000000000A000E040404040BB
:10E7E0004040E00000000000609000E040404040F9
:10E7F0004040E00000000000204000E04040404079
:10E800004040E00000000000804000E04040404008
:10E810004040E00000000000005000F88080F080E0
:10E820008080F80000000000304800F88080F08010
:10E830008080F80000000000102000F88080F08048
:10E840008080F80000000000201000F88080F08038
:10E850008080F800000000000000003C40808080C4
:10E8600080403C08300000000000000000003F80B5
:10E87000280048004F007800880088008F80000042
:10E88000000000003048483030484848FC8484008C
:10E89000000000000048003030484848FC848400F4
:10E8A000000000006858003030484848FC8484006C
:10E8B000000000003048003030484848FC848400A4
:10E8C000000000001020003030484848FC848400DC
:10E8D000000000002010003030484848FC848400CC
:10E8E0000000000000000020002020408080700018
:10E8F0000000000000000000000071000A0032006B
:10E900000C8075800A800BC01080000000000000A1
:10E910000000000000002100620022002580244049
:10E920000840088011C00000000000000000000046
:10E930000000210062002200248025800A800BC094
:10E9400010800000000000000000000000A050281F
:10E9500050A0000000000000000000609090906057
:10E960000000000000000000000000206020207077
:10E970000000000000000000000000000000000097
:10E9800000000008300000000000000000004040CF
:10E99000000000000000000000000078E8E8E868DF
:10E9A0002828282828000000000000000088888807
:10E9B0008898E8808000000000001020000000001F
:10E9C0000000000000000000000000601020106047
:10E9D0000000000000000000000000601010207027
:10E9E0000000000000000000000000101010FE10E9
:10E9F00010FE000000000000000000609090600029
:10EA0000000000000000000000FC0000000000000A
:10EA100000000000000000000000000000003E00B8
:10EA200041009C8092809C809480928041003E00B6
:10EA30000000000000000000000000E000000000F6
:10EA400000000000000000000000007E0202020042
:10EA50000000000000000000002850A05028000026
:10EA600000000000000000E0107090700000000046
:10EA7000000000000000000000003E0041009C80FB
:10EA8000A080A080A0809C8041003E00000000008B
:10EA90000000005000000000000000000000000026
:10EAA000000000788080708888700808F0000000FE
:10EAB0000000404040400000404040404000000016
:10EAC0000000008850502020F820200000000000A6
:10EAD00000000000008870507088000000000000F6
:10EAE00000000038404040F04040F80000000000C6
:10EAF000000000202078A0A0A0A078202000000026
:10EB00000000004000404040404040000000000045
:10EB100000000000000000000000000000000000F5
:10EB20000400000085040108450F01088511010853
:10EB300091150108191F0108753B0108713C010876
:10EB4000F53A0108A51B0108CD1B0108851B01082A
:10EB5000911F0108000000000100000002000000F9
:10EB60000300000004000000050000000600000093
:10EB70000700000008000000090000000A00000073
:10EB80000B0000000C0000000D0000000E00000053
:10EB90000F000000DC040020BC0400209C040020C6
:10EBA0007C0400205D0E0108B9200108D520010871
:10EBB000F1E9000825220108751E01080000000087
:10EBC000000000000000000000006400C8002901EF
:10EBD0008801E30139028A02D40218035303870330
:10EBE000B203D403EC03FB0300040000000029007F
:10EBF00051007900A000C500EA000D012E014E0170
:10EC00006C018901A301BD01D501EB0100020000E7
:10EC1000092500080D26000859260008612600086D
:10EC200000000000000000000D0D010134EC03089D
:10EC30000B06080020007E0040EC030800000000E6
:10EC4000030301003CF50308040401002CF503084C
:10EC5000040401001CF50308080801000CF5030872
:10EC600006060100FCF403080B0B0200E0F40308A5
:10EC700007070100D0F4030802020100C0F40308F2
:10EC800004040100B0F4030804040100A0F4030824
:10EC90000606010090F403080808010080F4030848
:10ECA0000404010070F403080404010060F4030884
:10ECB0000404010050F403080404010040F40308B4
:10ECC0000606010030F403080606010020F40308DC
:10ECD0000606010010F403080606010000F403080C
:10ECE00006060100F0F3030806060100E0F303083E
:10ECF00006060100D0F3030806060100C0F303086E
:10ED000006060100B0F3030806060100A0F303089D
:10ED10000404010090F303080404010080F30308D5
:10ED20000808010070F303080808010060F30308F5
:10ED30000808010050F303080505010040F303082B
:10ED40000A0A020024F303080707010014F303086A
:10ED50000606010004F3030807070100F4F20308A4
:10ED600007070100E4F2030806060100D4F20308D5
:10ED700006060100C4F2030807070100B4F2030805
:10ED800007070100A4F203080404010094F2030839
:10ED90000505010084F203080606010074F2030869
:10EDA0000505010064F203080808010054F2030895
:10EDB0000707010044F203080808010034F20308C1
:10EDC0000606010024F203080808010014F20308F3
:10EDD0000707010004F2030806060100F4F1030826
:10EDE00006060100E4F1030807070100D4F1030857
:10EDF00006060100C4F103080A0A0200A8F103088C
:10EE00000606010098F103080606010088F10308D0
:10EE10000606010078F103080404010068F1030804
:10EE20000404010058F103080404010048F1030838
:10EE30000808010038F103080606010028F103085C
:10EE40000606010018F103080606010008F1030890
:10EE500006060100F8F0030805050100E8F00308C4
:10EE600006060100D8F0030806060100C8F00308F2
:10EE700004040100B8F0030806060100A8F0030826
:10EE80000606010098F003080202010088F003085A
:10EE90000303010078F003080505010068F003088A
:10EEA0000202010058F003080808010048F00308B6
:10EEB0000606010038F003080606010028F00308E2
:10EEC0000606010018F003080606010008F0030812
:10EED00004040100F8EF030805050100E8EF03084A
:10EEE00004040100D8EF030806060100C8EF030878
:10EEF00006060100B8EF030808080100A8EF0308A0
:10EF00000606010098EF03080606010088EF0308D3
:10EF10000505010078EF03080505010068EF030807
:10EF20000404010058EF03080505010048EF030839
:10EF30000808010038EF030800000000000062929A
:10EF40008C00000000000000000080404040403085
:10EF500040404040800000000000404040404040B1
:10EF6000404040404000000000001020202020C011
:10EF700020202020100000000000000000F01020E1
:10EF80004080F00000000000000000000088885071
:10EF90005020204040000000000000000088502069
:10EFA000205088000000000000000000009292AA9B
:10EFB000AA444400000000000000000000888850BF
:10EFC0005020200000000000000000000088888819
:10EFD00088887800000000000000008080E08080C9
:10EFE000808060000000000000000000007080C011
:10EFF0003010E000000000000000000000A0C08011
:10F0000080808000000000000000000000788888F8
:10F0100088887808080000000000000000F0888858
:10F020008888F08080000000000000000070888860
:10F0300088887000000000000000000000F0888850
:10F0400088888800000000000000000000EC929218
:10F0500092929200000000000000808080808080FA
:10F060008080800000000000000080808090A0C0B0
:10F07000A0908800000000000000004000C0404058
:10F080004040404080000000000000800080808000
:10F0900080808000000000000000808080F0888870
:10F0A0008888880000000000000000000078888840
:10F0B00088887808700000000000608080E0808010
:10F0C000808080000000000000000000007088F8D0
:10F0D0008088700000000000000008080878888818
:10F0E0008888780000000000000000000070808028
:10F0F00080807000000000000000808080F0888820
:10F100008888F0000000000000000000007008780F
:10F110008888780000000000000040200000000007
:10F1200000000000000000000000000000000000DF
:10F1300000000000FC0000000000001028448200D5
:10F1400000000000000000000000E020202020203F
:10F1500020202020E000000000008080804040400F
:10F1600040402020200000000000E080808080805F
:10F1700080808080E0000000000000F8081020205F
:10F180004080F800000000000000008888505020F7
:10F19000202020000000000000000088885020206F
:10F1A00050888800000000000000000000008880F7
:10F1B00088808880550055005500220022000000FC
:10F1C0000000000000000088888850505020200077
:10F1D000000000000000008484848484848478001B
:10F1E00000000000000000F8202020202020200047
:10F1F0000000000000000078808070080808F0001F
:10F2000000000000000000F0888888F090888400EA
:10F2100000000000000000384482828282443808E6
:10F2200006000000000000F0888888F080808000E0
:10F2300000000000000000384482828282443800CE
:10F2400000000000000000C4C4A4A494948C8C00AE
:10F2500000000000000000C6C6AAAA9292828200A6
:10F260000000000000000080808080808080F0002E
:10F27000000000000000008890A0C0C0A09088009E
:10F280000000000000000070101010101010E000CE
:10F2900000000000000000E0404040404040E0002E
:10F2A00000000000000000848484FC8484848400C6
:10F2B000000000000000003C4080809C84443C0032
:10F2C00000000000000000F88080F880808080004E
:10F2D00000000000000000F88080F0808080F800CE
:10F2E00000000000000000F0888484848488F0001E
:10F2F000000000000000003C4080808080403C0016
:10F3000000000000000000F08888F0888888F00085
:10F31000000000000000003030484848FC848400B1
:10F32000000000000000000000003E0041009C8042
:10F33000A480A480A4809F0040003C000000000046
:10F34000000000E0101020404000400000000000DD
:10F350000000000040300C020C30400000000000B3
:10F36000000000000000FE00FE00000000000000A1
:10F3700000000000020C3040300C020000000000D1
:10F3800000000000004040000040404080000000BD
:10F39000000000000040400000404000000000006D
:10F3A0000000007088888878081060000000000065
:10F3B0000000007088887088888870000000000055
:10F3C000000000F80810102020404000000000005D
:10F3D000000000304080F088888870000000000045
:10F3E000000000F88080F00808887000000000002D
:10F3F00000000010305090F81010100000000000C5
:10F4000000000070880830080888700000000000C4
:10F4100000000070880810204080F8000000000004
:10F42000000000206020202020207000000000004C
:10F4300000000070888888888888700000000000BC
:10F44000000020202040404040408080800000009C
:10F45000000000000000000000404000000000002C
:10F4600000000000000000E00000000000000000BC
:10F47000000000000000000000404040800000004C
:10F4800000000000101010FE10101000000000001E
:10F49000000020A870A8200000000000000000006C
:10F4A00000008040402020202020404080000000BC
:10F4B000000020404080808080804040200000008C
:10F4C00000008080800000000000000000000000BC
:10F4D0000000006090906494888C7200000000002E
:10F4E00000000000000062009200940064000980A7
:10F4F0000A4012401180000000000000000020209F
:10F5000078A0A0702828F02020000000000000143F
:10F51000147E2828FC505000000000000000A0A02D
:10F52000A0000000000000000000000000000040FB
:10F53000404040404000400000000000000000004B
:10F54000000000000000000000000000ED70000856
:10F55000797000081D71000800000000BD19010845
:10F5600095710008010000002D10010869100108C4
:10F57000C10E0108FD0E010800000000000000009F
:10F5800000000000B4F5030800000020B8050000EA
:10F5900076120008B4F5030800000068009001002E
:10F5A000D0BB0108ACF70308B8050020686F000065
:10F5B000D0BB0108300941A1020861A202083268EB
:10F5C0002210150268B80512201AF00C2B2C0F140B
:10F5D0005133FFFF2205280C95580308895B030867
:10F5E000795303340139A317EF1E71BB01080104DD
:10F5F0003B8DE38801271302680212A00213011E4B
:10F600004DAA0108AB041A7F041AAF041A5704016B
:10F61000A4981C010141542B434950535441525466
:10F620003D302C22554450222C223235352E0448B0
:10F6300009222C383038300D0AFC8210036124F482
:10F640001AAA01013D22C003476E19194C51042C1E
:10F6500001031C021302026B010B1CFFFF7013ADB0
:10F66000961F0854D50308FF2913C46B1A200839C4
:10F670000132051808B52C0108AAAAAA4412FF9461
:10F68000D3D3D394404040179CE103083915730845
:10F690000E1370042A20703CC0C0C00481132DA238
:10F6A0001B08FC1C293049985BFF0F0811180E013C
:10F6B0002A01086D270108C526010805044009A58F
:10F6C0000F0108582E585813446D2A20045AA004DC
:10F6D0004A043414FF25031B0879041B90E05019D9
:10F6E0007119E739181B9D2D4012EA1408E403151F
:10F6F00020ADB2B514FCFCFCFCF4F4F40429483C45
:10F700007070702014DFDFDF14F3F3F33CECECECEB
:10F710000C3CD0D0D020143C7FB10C1746D8FB2035
:10F72000142C628B149EB0BA1498D1EF14E5F4FC3B
:10F730003CC4E5F60C3C68B3DB201E252E0108DD39
:10F740008C1A08F8692C292829203C959595541481
:10F75000C0C0C0544040405A0304699814F2F2F209
:10F760000C1BBCBCBC2C100B64F50308B5230108B2
:10F77000BD8514082186100C08C91F0108351A011F
:10F7800008ED8E2508FFFFFF002018070D13191F35
:10F79000262E3946576D87A7CFFF9D2A0108992845
:0CF7A0000108192701086126010800007B
:040000050800018965
:00000001FF
