:020000040800F2
:1000000000C901209D010008F735000849320008A9
:10001000F53500083B0500084D46000800000000CB
:10002000000000000000000000000000494100083E
:10003000F905000800000000F93500084B410008F0
:10004000B7010008B7010008B7010008B7010008B0
:10005000B7010008B7010008B7010008B7010008A0
:10006000FB0500080106000807060008B7010008A4
:10007000B7010008B7010008B7010008B701000880
:10008000B7010008B7010008B7010008B701000870
:10009000B7010008B7010008B7010008B701000860
:1000A000B7010008B7010008B7010008B701000850
:1000B000B7010008B7010008E9410008B7010008CE
:1000C000B7010008B7010008B7010008B701000830
:1000D000B701000841460008B7010008B701000851
:1000E000B7010008B7010008B7010008B701000810
:1000F000B7010008B7010008B7010008B701000800
:10010000B70100082D360008B7010008B701000844
:10011000B7010008B7010008B7010008B7010008DF
:10012000B7010008B7010008B70100083D05000845
:10013000B7010008B7010008B7010008B7010008BF
:10014000B7010008B7010008B7010008B7010008AF
:10015000B701000849050008B7010008B701000809
:10016000B7010008B7010008B7010008B70100088F
:10017000B7010008B7010008B7010008000000003F
:10018000B7010008B7010008DFF80CD000F098F9BB
:1001900000480047FD9B000800C901200648804731
:1001A00006480047FEE7FEE7FEE7FEE7FEE7FEE75C
:1001B000FEE7FEE7FEE7FEE7D941000889010008F7
:1001C0002DE9F05F0546002092469B46884606468C
:1001D000814640241BE0284641464746224600F01F
:1001E00002F953465A46C01A914110D31146184697
:1001F000224600F0E9F82D1A67EB01084F46224627
:100200000120002100F0E0F817EB00094E41201E0C
:10021000A4F10104DFDC484631462A464346BDE8E6
:10022000F09F40EA01039B0703D009E008C9121FB1
:1002300008C0042AFAD203E011F8013B00F8013BA0
:10024000521EF9D27047D2B201E000F8012B491ECC
:10025000FBD270470022F6E710B513460A46044663
:100260001946FFF7F0FF204610BDCAB2401E10F835
:10027000011F8A4202D00029F9D10020704730B511
:1002800004460020034600E05B1C934203D2E05C7E
:10029000CD5C401BF8D030BD2DE9FE4F81EA030450
:1002A00004F0004421F0004100944FF0000B23F0D3
:1002B000004350EA01045ED052EA03045BD0C3F36A
:1002C0000A54C1F30A552C44A4F2F3340194A0FB60
:1002D0000254C1F3130141F48011C3F3130343F437
:1002E000801301FB024400FB034E840A970A44EA90
:1002F000815447EA8357A4FB076802958D0A05FBE2
:1003000007854FEA932C04FB0C542705029D4FEA06
:10031000065847EA1637B5EB08056EEB070C870E53
:10032000920E47EA811742EA8312A7FB0201B6EB5D
:100330000B0164EB00042B0D43EA0C335E1844EB15
:100340001C50DA465146E7FB0201C5F313044FEA9D
:100350000B3343EA14534FEA0432019C43EA060389
:10036000A4F10C040294009CCDE900B400F05AF80A
:1003700003B0BDE8F08F00200146F9E70EB540F26A
:10038000334102910021CDE900110A460B4600F0ED
:1003900049F803B000BDC1F30A5210B5C1F313010F
:1003A00040F2FF3341F480119A4201DA002010BD7F
:1003B00040F233439A42A2F2334203DC524200F04D
:1003C00012F810BD904010BD202A04DB203A00FA3C
:1003D00002F1002070479140C2F1200320FA03F39C
:1003E000194390407047202A04DB203A21FA02F09A
:1003F0000021704721FA02F3D040C2F1200291405F
:1004000008431946704710B5141E73F1000408DA4A
:10041000401C41F1000192185B411A4301D120F0C8
:10042000010010BD2DE9F04D92469B4611B1B1FA85
:1004300081F202E0B0FA80F220329046FFF7C4FF6A
:1004400004460F4640EA0A0041EA0B0153465A4669
:10045000084313D0114653EA010019D0C8F14002F5
:100460005046FFF7C0FF05460E46504659464246E5
:10047000FFF7AAFF084305D0012004E020463946D3
:10048000BDE8F08D0020054346EAE0762C43374373
:100490000A986305E40AA0EB08000022FD0A44EA7A
:1004A00047540A3002D500200146E9E7010510193A
:1004B0006941DDE9084500196941BDE8F04DA2E751
:1004C000064C074D06E0E06840F0010394E80700A1
:1004D00098471034AC42F6D3FFF75AFEE4A0030865
:1004E00004A1030870B58C1810F8015B15F0070320
:1004F00001D110F8013B2A1106D110F8012B03E0BD
:1005000010F8016B01F8016B5B1EF9D12B0705D4C4
:100510000023521E0DD401F8013BFAE710F8013B0D
:10052000CB1A921C03E013F8015B01F8015B521E29
:10053000F9D5A142D8D3002070BDFEE7014800F0F4
:100540002FB9000010C10120014800F029B90000B6
:1005500070C1012001681823CAB2103AB2FBF3F24D
:10056000054B6FF30901032A9B5CC36500D9091D84
:1005700081650846704700009CF0000810B50146F0
:1005800000208B698A6A4FF0C07453B1B3F5005FE5
:1005900015D072B1012A0CD0022A0AD0032A09D13F
:1005A00004E01AB1012A06D0022A03D1C96AC9019E
:1005B00000D5012010BDC96AA142FAD010BD002AA1
:1005C000F7D0012AF2D0022AF3D0032AF3D010BDCB
:1005D00030B50468256825F48025256004686360CB
:1005E0008368402B036803D099600068C26030BD07
:1005F0009A600068C16030BD7047042000F0EEBC16
:10060000082000F0EBBC102000F0E8BC70470000B0
:1006100070B5B3F5804F05D06FF0704140F82210EF
:10062000002070BD50F82240084B8E891C40D1E953
:10063000003543EA05138D6889692D0245EA0645B0
:100640002B430B43234340F82230E9E70000F0CF6F
:10065000F0B50C6850F82430114A1340D1E9012557
:10066000D1E903672A433E4332434E6932438E69E0
:100670003243CE6932430E6A32434E6A32438E6A47
:100680003243CE6A3243CE6B096B32430A431A437C
:10069000082D01D142F0400240F824200020F0BD96
:1006A0008000F0FF30B500EB820250688D8900F0C9
:1006B0004043D1E9000440EA04108C68240244EA73
:1006C000054420430C8A074D05EB045420430C7D60
:1006D0006D0105EB046489692043084318435060A9
:1006E000002030BD0000F0FF2DE9F0410446876D89
:1006F00000F084FD064694F835000025022806D057
:100700008020606584F834500120BDE8F0812068C5
:10071000016821F0160101602068416921F0800123
:100720004161206C08B9A06C20B12068016821F0FB
:10073000080101602068016821F0010101600BE0FF
:1007400000F05CFD801B052806D92020606504F8B8
:10075000345F03206070D8E720680068C007EFD1DD
:1007600094F85C103F208840B86004F8345F0120A2
:1007700060700020C9E790F83510022903D080216D
:10078000416501207047052180F835100068016837
:1007900021F00101016000207047406D70470000AA
:1007A0002DE9F84304464FF00009CDF80090634866
:1007B0004FF41651A56D0068B0FBF1F72E6894F860
:1007C0005C10082000FA01F131420FD021680A685C
:1007D00052070BD50A6822F004020A6094F85C10F4
:1007E0008840A860606D40F00100606594F85C107E
:1007F0004FF0010808FA01F0304208D02168496939
:10080000090604D5A860606D40F00200606594F8A8
:100810005C1004208840304208D0216809688907AC
:1008200004D5A860606D40F00400606594F85C1029
:1008300010208840304218D021680968090714D573
:10084000A86020680168490304D50068000308D542
:10085000A16C07E00168C90503D4016821F0080113
:100860000160216C09B12046884794F85C10202073
:100870008840304231D021680968C9062DD5A8606A
:1008800094F8350005282068016806D0490347D54B
:10089000006800031DD4616C1CE021F016010160AA
:1008A0002068416921F080014161206C08B9A06C89
:1008B00020B12068016821F00801016094F85C1003
:1008C0003F208840A86084F8349084F83580216DFA
:1008D0001FE0E16B09B120468847606D00282BD0EE
:1008E000606DC00714D0052084F8350020680168C9
:1008F00021F0010101600098401C0090B84203D82B
:1009000020680068C007F6D184F8349084F83580F8
:10091000E16C002910D001B02046BDE8F043084743
:100920000168C905D5D4016821F01001016084F87F
:10093000349084F83580CCE7BDE8F883800200204D
:100940002DE9F041044600F059FC06465CB1002553
:1009500084F83450022084F835002068016821F0C2
:10096000010101600DE00120BDE8F08100F046FCCE
:10097000801B052805D920206065032084F83500F8
:10098000F2E720680068C007F0D1226811682048AB
:100990000140D4E901031843D4E903363343184333
:1009A00063691843A3691843E3691843236A18432A
:1009B0000843616A042903D1D4E90B13194308439E
:1009C000106020684069666A20F0070130460E43D7
:1009D000012704280CD1A06A0643E06A40B12046F2
:1009E000FFF7CCFD20B14020606584F83570BAE790
:1009F000206846612046FFF7ADFD94F85C203F215A
:100A000091408160656584F835700020ACE7000096
:100A10003F8010F02DE9F0410446866D90F83400D7
:100A2000002501280DD0012084F8340094F8357099
:100A30000020012F07D084F8340002252846BDE8A5
:100A4000F0810220FBE7022784F8357060652046BC
:100A5000FFF7BEFD94F85C103F208840B06020682E
:100A6000016841F016010160206C20B12068016826
:100A700041F0080101602068016841F00101016056
:100A8000DCE780B204F082BA2DE9F04387B014218C
:100A90006846FFF7DFFB2F480168002956D1012780
:100AA00007602D488846016841F001010160006837
:100AB000022400F0010005904FF231008DE8910012
:100AC00003250C26DFF89490CDE903566946484685
:100AD00000F090FA0E208DE81101CDE90356694629
:100AE000484600F087FA41F23B408DE89100DFF87C
:100AF0007090CDE903566946484600F07BFA4FF600
:100B000083708DE89100CDE903566946154800F0E1
:100B100071FA4CF633708DE89100134FCDE903560E
:100B20006946384600F066FA28038DE81101CDE9E0
:100B300003566946384600F05DFA04208DE811013D
:100B4000CDE903566946484600F054FA07B0BDE8BF
:100B5000F083000068020020383802400014024090
:100B60000018024000100240000C02402DE9FE4334
:100B700080460A20FFF785FF10258F4C1F264FF473
:100B80008777B8F1040F7DD0B8F1080F7BD0B8F1AA
:100B9000100F79D189A003F05BFD8EA003F058FD02
:100BA0000027012367711A4604F11C018E4801F0E9
:100BB00043FC20B18DA00BE00120FFF762FF6079BC
:100BC0000028F9D0884800F0C9FF0428F4D191A08A
:100BD00003F03EFD95A003F03BFD0123A7711A46EB
:100BE0009749814801F0B4FADFF8549220B195A0FA
:100BF00023E00120FFF745FFA0790028F9D09BA052
:100C000003F026FD277199F80000C84628B118F8AE
:100C10000710781C20719BA006E0A0A003F018FD2F
:100C200004E0401C2071A2A003F012FD94F904001E
:100C300018F800100029F4D165A003F009FDB846AA
:100C400027714F4694F90400395C9AA003F000FD27
:100C50002079401C40B220711028F3DB5CA003F027
:100C6000F7FC84F8048000BF94F90400395C92A07A
:100C700003F0EEFC2079401C40B220711028F3DB19
:100C800053A002E046E012E093E003F0E1FC8BA009
:100C9000CDE900501023C822E62102961E2008F05C
:100CA0003CFE1023D122E621E12002967DE08AA0BD
:100CB00003F0CEFC8FA003F0CBFC6148E16810226A
:100CC0001038643909F09CFE90A003F0C1FC96A096
:100CD00003F0BEFC5A48E16810221038643909F06C
:100CE000FBFD574996A0103903F0B2FC9BA0CDE95B
:100CF00000501023E622FA2102961E2008F00DFE75
:100D00004F4810231038CDE90050D122FA21029625
:100D100038464CE099A003F09BFC4FF4006120782A
:100D200009F076FD206180B194F90120511C6170B9
:100D300098A103F09DFC20691023CDE90050D12239
:100D4000394602961E2008F0E8FD98A19B482269CA
:100D500003F08EFC994F1023CDE90057D1224FF4B8
:100D600091711E20029608F0D8FD95A0CDE90050A3
:100D70004FF49B781023C822414602961E2008F0AB
:100D8000CCFD002009F0F0FC0A21B0FBF1F201FBE0
:100D90001203B0FBF1F220818DA1384603F068FC0C
:100DA0001023C82241468E200296CDE9005708F054
:100DB000B4FDBDE8FE830000340000204B657930AF
:100DC0002070726573732C20546573742053442112
:100DD0000A00000073746172742077726974652070
:100DE000534421200A0000008CC00120577269740E
:100DF00065206661696C65642C20736F6D6574682D
:100E0000696E67206572726F72206F6363757265B9
:100E100064210A0057726974652053442073756316
:100E200063657373656421200A0000007374617246
:100E300074207265616420534421200A0000000080
:100E400050BD012052656164206661696C65642C47
:100E500020736F6D657468696E67206572726F725A
:100E6000206F636375726564210A000052656164D6
:100E70002053442073756363657373656421200A8E
:100E8000000000007265616420736F6D65746869AD
:100E90006E67206C696B653A20256300726561643A
:100EA00020736F6D65207A65726F730A0000000011
:100EB0002563000025642000256320005344207230
:100EC00065616420736F6D657468696E67206C6915
:100ED0006B653A20000000004B6579312070726527
:100EE00073732C2054657374206E6F72666C61731B
:100EF00068210A00537461727420777269746520E6
:100F00005732355131323821200A00007772697426
:100F10006520573235513132382066696E69736801
:100F2000656421200A0000005374617274207265A8
:100F300061642057323551313238210A00000000F7
:100F40007265616420736F6D657468696E67206C8B
:100F5000696B653A2025730A000000004E6F7266C7
:100F60006C617368207265616420736F6D6574686D
:100F7000696E67206C696B653A2000005352414DE1
:100F8000207374617274206D616C6C6F6321200A30
:100F9000000000004D656D6F7279204D616C6C6FC3
:100FA000632054657374253033640000502041641D
:100FB00064723A30582530385800000050BF012084
:100FC0005352414D494E202020555345443A00008C
:100FD00025642E253031642525000000044910B514
:100FE0000A68024202D00860FFF7C0FD10BD000091
:100FF000143C01402DE9F84FDFF8B8A1002201258B
:101000000AF1040B03264FF00F090BF1040E00BF89
:101010000B6805FA02F42340A3426FD10F7907F061
:101020000307012F01D0022F16D187684FEA42082B
:1010300006FA08FC27EA0C07D1F80CC00CFA08FCE9
:101040004CEA070CC0F808C04768A7430C79C4F302
:10105000001494403C4344600C79E443A4070AD054
:10106000C4684FEA420C06FA0CF7BC438F6807FAD3
:101070000CF72743C7600C7904F00304022C12D14B
:10108000D40800EB840CDCF820405707FF0E09FA67
:1010900007F824EA0804D1F8108008FA07F848EAAB
:1010A0000408CCF8208004684FEA420C06FA0CF7DA
:1010B000BC430F7907F0030707FA0CF727430760D3
:1010C0004C68E40070D53C4C276847F480472760A3
:1010D000246822F0030704F480440094374C07EBA3
:1010E000040CDCF8084897074FEA177809FA08F764
:1010F000BC43334FB84202D1002724E054E0314FC3
:10110000B84201D101271EE02F4FB84201D102277A
:1011100019E02E4FB84201D1032714E02C4FB842FA
:1011200001D104270FE02B4FB84201D105270AE077
:10113000294FB84201D1062705E0284FB84201D116
:10114000072700E0082707FA08F72743CCF80878B4
:10115000DAF800405746D1F804C09C435FEACC3C23
:1011600000D51C433C60DBF800405F46D1F804C06A
:101170009C435FEA8C3C00D51C433C60DEF8004099
:101180007746D1F804C09C435FEACC2C00D51C43C1
:101190003C60084F0C373C68D1F804C09C435FEAC0
:1011A0008C2C00D51C433C60521C102AFFF430AF3D
:1011B000BDE8F88F003C0140443802400030014057
:1011C000000002400004024000080240000C0240FF
:1011D000001002400014024000180240001C0240AF
:1011E000426921EA02030A4043EA024181617047F1
:1011F0000AB1816170470904FBE70000014880687B
:10120000704700007402002002488168027811448F
:1012100081607047740200200B4810B5016841F4EA
:1012200000710160016841F480610160016841F46E
:1012300080710160032000F071F8002000F006F8D2
:1012400000F024F8002010BD003C024070B50D4DA8
:1012500004464FF47A712878B1FBF0F00A49096826
:10126000B1FBF0F001F028FB48B9102C07D20022A6
:101270002146501E00F032F800206C6070BD012045
:1012800070BD000074020020800200200B4882B074
:10129000016841F480410160006800F480400090E2
:1012A0000648001F016841F080510160006800F0AD
:1012B00080500090052002B000F030B84438024061
:1012C000002809DB00F01F02012191404009800045
:1012D00000F1E020C0F8001170470000F0B40E4BA0
:1012E0001B680C46C3F30223C3F10705042D00D984
:1012F0000425191D072901D2002300E0DB1E012669
:1013000006FA05F1491E214099409E40761E16407E
:101310003143F0BC03F0C0B90CED00E0064900F029
:10132000070208684FF6FF03184040EA0220034A0C
:1013300010430860704700000CED00E00000FA0563
:101340002DE9F0470E46050065D0DFF81481D8F886
:101350000000F7B200F00700B04207D288F8007032
:10136000D8F8000000F00700B04254D128683D4C86
:10137000810712D5400703D5206840F4E050206073
:101380002878000703D5206840F46040206020687A
:10139000A96820F0F000084320602878C0072DD00D
:1013A000304968680839012812D0022813D0032870
:1013B00011D00968890700292DDA216821F003017D
:1013C00001432160FFF71AFF814641F2883A0EE09F
:1013D00009688903EFE709688901ECE7FFF70EFF69
:1013E000A0EB0901514502D90320BDE8F087206830
:1013F000696800F00C00B0EB810FEFD1D8F8001055
:10140000404601F00701B14207D90770006800F0BB
:101410000700B04201D00120E7E72878400705D552
:101420002068E96820F4E05008432060287800072D
:1014300006D52068296920F4604040EAC100206098
:1014400000F038F82168084AC1F30311515CC84024
:101450000649086006480068FFF7F8FE0020C4E768
:10146000003C024008380240A4F00008800200203E
:10147000780200200448054900680968044AC1F35D
:101480008221515CC8407047800200200838024029
:10149000B4F000080448054900680968044AC1F32B
:1014A0004231515CC8407047800200200838024039
:1014B000B4F00008154810B5006810F00C0214488C
:1014C00013D04110042A0FD0082A0ED10F4C241F2C
:1014D0002268236802F03F025B0207D52068C0F350
:1014E0008810A0FB010106E0084610BD2168C1F389
:1014F0008811A1FB00010023FEF762FE2168C1F301
:101500000141491C4900B0FBF1F010BD0838024010
:101510000024F4002DE9F84F04006ED02078DFF8A5
:101520004C93C007A9F104054AD009F104000168F1
:10153000C1F38101012908D00068C0F381000228AD
:101540000AD1D9F80000400206D52868800337D5B3
:1015500060680028E1D033E06068B0F5803F10D0CB
:10156000B0F5A02F286810D020F4803028602868BB
:1015700020F4802028606068A8B1FFF73FFE06468F
:101580000DE0286840F48030F4E740F480202860C3
:10159000F7E700BFFFF732FE801B642873D8286886
:1015A0008003F7D50CE0FFF729FE064605E000BFF3
:1015B000FFF724FE801B6428F0D828688003F7D446
:1015C0002078DFF8AC8280074FF0000A3ED5A748AC
:1015D000001D016811F00C0F08D00068C0F38100F5
:1015E00002280BD1D9F80000400207D428688007F0
:1015F00016D5E068012800D112E033E1E068B8B107
:101600000120C8F80000FFF7F9FD064605E000BF1D
:10161000FFF7F4FD801B0228C0D828688007F7D5A3
:101620002868216920F0F80040EAC10028600DE038
:10163000C8F800A0FFF7E2FD064604E0FFF7DEFD74
:10164000801B02281FD828688007F7D4207800075D
:1016500022D5864F87486169703771B101210160D9
:10166000FFF7CCFD064604E0FFF7C8FD801B02280B
:1016700009D838688007F7D50EE0C0F800A0FFF75A
:10168000BDFD064605E082E0FFF7B8FD801B02289D
:101690007DD838688007F7D42078400768D5DFF810
:1016A000CCB100270BF13C0BDBF80000C0000BD4E1
:1016B000DBF8001041F08051CBF80010DBF800009F
:1016C000012700F0805000906B4E3068C00510D4A8
:1016D000306840F480703060FFF790FD009005E0C6
:1016E000FFF78CFD0099401A022850D83068C005D9
:1016F000F6D55E4EA0686C3601280FD005283068FC
:1017000010D020F001003060306820F0040030601C
:10171000A068B8B1FFF772FD00900FE0306840F0AC
:101720000100F4E740F004003060F7E7FFF766FDE2
:101730000099411A41F28830814266D830688007AA
:10174000F4D50EE0FFF75AFD009007E0FFF756FDD5
:101750000099411A41F28830814256D8306880079A
:10176000F4D42FB1DBF8001021F08051CBF8001039
:10177000A069C8B33D49091D0968C1F38101022967
:101780004AD00228504607D0C8F8600000E03CE08C
:10179000FFF734FD04463BE04746C8F86000FFF71A
:1017A0002DFD064605E000BFFFF728FD801B02283F
:1017B0002BD828688001F7D4D4E907010843A16A2F
:1017C0002E4A490802EB0141626A41EA821108434C
:1017D00094F82C1040EA0161C9F800100120386625
:1017E000FFF70CFD044606E03EE000BFFFF706FDF4
:1017F000001B022809D828688001F7D534E000BF13
:10180000FFF7FCFC001B022802D90320BDE8F88F7B
:1018100028688001F4D427E00128F7D0D9F8000027
:10182000E26900F4800191421CD1226A00F03F017C
:10183000914217D147F6C071626A0140B1EB821F35
:1018400010D1A26A4FF0FF3300F4403103EB520293
:10185000B1EB024F06D194F82C1000F07060B0EBA1
:10186000016F01D00120D1E70020CFE7043802400A
:1018700000004742800E4742007000400000FFFF1A
:10188000704700002DE9FE430446002603200D4664
:1018900084F83400606C03285ED0B5F5805F5BD0BF
:1018A0004FF4006700204FF08068BD421FD1814691
:1018B000009001900021206801F0B5FE800113D452
:1018C0006946204602F07AFA07000DD101984003DC
:1018D00034D5B4F850000104206801F0DFFE0700A1
:1018E00002D10221206823E0A06B384328E01DB11B
:1018F000A06B40F0006023E0814600900190002141
:10190000206801F090FE8001EED46946204602F086
:1019100055FA0700E8D10198C0030FD5B4F850007C
:101920000104206801F0BAFE0700DDD10021206823
:1019300001F001FF0700D7D14F46D5E74746D3E76F
:10194000A063A06B144F4FF0010848B12068876373
:1019500084F8348001260EE0A06B40F08050EFE761
:10196000211DD4E9050C0EC9CDE90050CDF808C001
:10197000206801F061FE4FF40071206801F0C2FEA2
:1019800028B121688F63A16B0143A163012684F80C
:1019900034803046BDE8FE83FF05400070470000FC
:1019A000F0B5426E920F0A70426EC2F383624A70C3
:1019B000426EC2F301628A70426E120CCA70B0F8B5
:1019C0006420120A0A7190F864204A71826E120D26
:1019D000CA80826EC2F303420A72B0F86820C2F372
:1019E000C0324A72B0F86820C2F380328A72B0F80E
:1019F0006820C2F34032CA72B0F86820C2F30032E5
:101A00000A7300264E73426C4FF40075012462B1D4
:101A1000012A3AD0026847499163816B41F08051B5
:101A2000816380F834400120F0BDB0F86820C36EB7
:101A30009205120D42EA93720A61C26EC2F3C2624B
:101A40000A75C26EC2F302624A75C26EC2F3425296
:101A50008A75C26EC2F38242CA75C26EC2F3C232C6
:101A60000A760A69521C42650B7E03F007039B1C31
:101A70009A4042650B7A03F00F0704FA07F3836577
:101A80005B0A5A43C0E917250EE090F86820C36E40
:101A90009206920A42EA13420A610A69521C9202B1
:101AA0004265C0E91652056630F86C2FC2F38032E9
:101AB00001F8192F0288C2F3C6124A70027802F0A8
:101AC0007F028A704268D20FCA704268C2F34172C4
:101AD0000A714268C2F382624A714268C2F3835259
:101AE0008A714268C2F34052CA710E724268C2F3F0
:101AF00000424A728288C2F3C0328A728288C2F37C
:101B00008032CA728288C2F340320A738288C2F37A
:101B100000324A738288C2F381228A738288C2F3B8
:101B20000122CA730079C0F3460008744C74002087
:101B3000F0BD0000FF054000426C0A60826C4A6004
:101B4000C26C8A60026DCA60426D0A61826D4A6130
:101B5000C26D8A61006EC8610020704770B504468E
:101B6000B0F8500000250104206801F0EEFE18B125
:101B7000A16B0143A16304E00021206801F053FD43
:101B80000546C5F3432070BDF8B5056B04460068F3
:101B9000416B09041BD5290719D5D4E90A56002E33
:101BA00014D00027206801F061FD05F8010B010A3F
:101BB00005F8011B010C05F8021B000E361F7F1CE7
:101BC00005F8010C082FEDD3C4E90A56F8BD416BA6
:101BD0004FF00006C9054FF0010744D53902816373
:101BE0002068C16B4CF23A329143C1632068C16AEC
:101BF00021F00101C16228071DD515F0220F09D07F
:101C0000206801F0D3FE28B1A16B0143A1632046F7
:101C1000FFF7C4FE216840F23A50886384F83470BC
:101C20002663A80703D0204600F024FBF8BD204619
:101C300000F026FBF8BD2806FCD5A80609D52068CB
:101C400001F0B4FE28B1A16B0143A1632046FFF768
:101C5000A5FEA807EED12068C16A21F00801C16283
:101C600084F83470E3E7416B490424D5290722D571
:101C7000D4E90856002EDDD05FF0000715F8010BFF
:101C8000009015F8011B361F40EA0120009015F85E
:101C9000021B40EA0140009015F8011C40EA016077
:101CA00000906946206801F0F4FC7F1C082FE5D302
:101CB000C4E90856F8BD416B40F23A221142F9D00E
:101CC000416B890703D5A16B41F00201A163416B10
:101CD000090703D5A16B41F00801A163416B890697
:101CE00003D5A16B41F02001A163416BC90603D567
:101CF000A16B41F01001A163416B890503D5A16B74
:101D000041F00801A16340F23A7181632068C16B20
:101D100040F23A329143C163206801F047FEA16B63
:101D20000843A063280706D584F83470266320464C
:101D3000FFF734FEF8BD2806FCD515F0300F0CD0A7
:101D4000E16B11480865E06BFEF715FD0028F1D046
:101D5000E06BBDE8F84002F00FB8A8070CD0216C8A
:101D60000A480865206CFEF706FD0028E2D0206CCA
:101D7000BDE8F84001F0D7BFA66384F8347026634D
:101D80002046FFF77DFDF8BD793D0008273D00089E
:101D900070B504000ED094F83400002518B92577EA
:101DA000204600F04BF8032084F83400204600F071
:101DB0000BF808B1012070BDA5632563012084F8EC
:101DC0003400002070BD0000FEB5002504467620DA
:101DD0000095CDE9015029460B460A46206801F0DE
:101DE0002BFC28BB134E46F8A05F206801F036FCA0
:101DF00001253560204602F0C5F828B184F834503A
:101E0000A16B0143A16313E0204602F044F80028CF
:101E1000F4D14FF40071206801F074FC002808D060
:101E2000226805499163A16B0143A16384F8345092
:101E30000120FEBD00802542FF0540002DE9F04F46
:101E400087B0054614216846FEF704FA444928681D
:101E500088427DD143480068424940F400600860F0
:101E6000086800F4006005903E48143800683D4959
:101E700040F0040014390860086800F00400059080
:101E8000086840F0080008600868022400F00800B4
:101E900005904FF4F8504FF001098DE81102032628
:101EA0004FF00C08CDE9036869462F48FFF7A2F808
:101EB0000427CDE90074CDF80890CDE903686946A0
:101EC0002A48FFF797F82B4C29484FF00068E4E8C0
:101ED0000208002001C44FF480694FF4805BA4E83D
:101EE000010A4FF0200A64E8060A2062C4E9097674
:101EF0007E05B7101F48C4E90B67FEF721FD08B146
:101F0000FEF784FB2C64A5631A4C194860344830F2
:101F1000E4E80208402001C40020A4E8010A64E8C3
:101F2000060A04F12801206204206062032081E88F
:101F3000C10010486030FEF703FD08B1FEF766FBF4
:101F4000EC63002201213120A563FFF7C7F900E00F
:101F500002E03120FFF7B4F907B0BDE8F08F0000D0
:101F6000002C01404438024000080240000C0240AE
:101F70005864024010C101202DE9F04F87B09B4604
:101F800016460D460446FFF739F900903DB194F826
:101F90003400012807D0A06B40F000500DE0A06B8A
:101FA00040F0006009E00020A063E26D06EB0B0149
:101FB000914204D9A06B40F00070A06386E0032139
:101FC00084F834102168C862616C012900D076025F
:101FD0004FF0FF3101914FEA4B2102914FF0010880
:101FE00003AA902102278146CDF8188082E8820258
:101FF00001A9206801F001FBBBF1010F05D927639E
:102000003146206801F012FC05E0C4F8308031460A
:10201000206801F024FCDFF834A130B12268C2F856
:1020200038A0A16B0143A1634CE0029E1EE0406B0F
:10203000000413D596B10027206801F017FB05F8BE
:10204000010B010A05F8011B010C05F8021B000E2B
:10205000361F7F1C05F8010C082FEDD3FFF7CEF8D3
:102060000099411A109881421DD2E0B12068426B5C
:1020700040F22A310A42DAD0416BC90509D5BBF1D9
:10208000010F06D9616C032903D001F08FFC0028F1
:10209000C4D12068416B09071AD5C0F838A0A06BDD
:1020A00040F0080050E02168C1F838A0A06B40F073
:1020B0000040A06384F83480C4F83090032007B057
:1020C000BDE8F08F84F83480C4F830900120F6E742
:1020D000416B890705D5C0F838A0A06B40F002001D
:1020E00032E0416B89061BD5C0F838A0A06B40F0E8
:1020F000200029E001F0BAFA05F8010B010A05F801
:10210000011B010C05F8021B000E05F8010C361F1F
:10211000FFF774F80099411A109881420ED268B105
:102120002068416B890201D5002EE3D1216840F27D
:102130003A50886384F834800020C0E72168C1F8F1
:1021400038A0A06B40F00040A063BBE7FF05400053
:102150002DE9F04786B01F460446154639B194F87C
:102160003400012807D0022006B0BDE8F087A06B3C
:1021700040F0006008E00020A063E36DEA199A4295
:1021800004D9A06B40F00070A06369E0032284F8DA
:10219000342022688146D0622268D36B40F22A360E
:1021A0003343D363236C2F4ADA63236C2E4ADA64F9
:1021B000226C1065226C9060206C0068026822F02E
:1021C000C002026020680A46266C4FEA472800F1E8
:1021D00080014FEA98033046FEF71CFCDFF88CA024
:1021E000012670B12068C16B21F49571C16321682B
:1021F000C1F838A0A06B40F08040A06384F8346040
:102200002EE01B480660606C012800D06D024FF084
:10221000FF30CDE900089020029002200596CDE91C
:1022200003096946206801F0E8F9012F06D98220E8
:1022300020632946206801F0F9FA05E08120206337
:102240002946206801F00BFB00288DD02268C2F8D7
:1022500038A0A16B0143A16384F83460C4F83090C6
:10226000012081E7E53C0008813C0008FF054000B3
:102270008C85254201490120087070473A000020F2
:102280000149012008707047390000202DE9F04F06
:102290008DB09B4616460D460446FEF7AFFF0A90EA
:1022A0003DB194F83400012807D0A06B40F00050F5
:1022B0000DE0A06B40F0006009E00020A063E26D3B
:1022C00006EB0B01914204D9A06B40F00070A063B3
:1022D0007AE0032184F834102168C862616C012916
:1022E00000D076024FF0FF3103914FEA4B21049169
:1022F0009021CDE905104FF00109CDE9070982468B
:1023000003A9206801F079F9BBF1010F06D920205B
:1023100020633146206801F063FB05E01020206354
:102320003146206801F075FB5FEA000806D021689D
:1023300040488863A06B40EA080071E0049E27E0F3
:10234000406B40041CD5DEB15FF0000715F8010BAF
:10235000009015F8011B361F40EA0120009015F887
:10236000021B40EA0140009015F8011C40EA0160A0
:1023700000906946206801F08CF97F1C082FE5D396
:10238000FEF73CFF0A99411A1698814220D2F8B113
:102390002068416B40F21A321142D1D0416BC9051D
:1023A00023D5BBF1010F20D9616C03291DD001F0A9
:1023B000FDFAD0B122681F499163A16B0143A1636B
:1023C00084F83490C4F830A001200DB0BDE8F08F3F
:1023D000216818488863A06B40EA0800A06384F86D
:1023E0003490C4F830A00320EFE72068416B090760
:1023F00005D510498163A06B40F0080010E0416BE7
:10240000890705D50B498163A06B40F0020007E006
:10241000416BC90606D507498163A06B40F01000E7
:10242000A063CDE740F23A51816384F834900020F4
:10243000CBE70000FF0540002DE9F04F5FEA010BFC
:1024400087B01E460446114607D094F83400012890
:1024500007D0022007B0BDE8F08FA06B40F000600D
:1024600008E00025A563E26D8819904204D9A06BAD
:1024700040F00070A06356E0032084F83400206828
:10248000C5622068C26B40F21A2942EA0902C2639F
:10249000E26B2D48D063E26B2C48D064E06B05659D
:1024A000606C012800D049024FF09008012E05D938
:1024B000A0202063206801F093FA04E0C4F8308083
:1024C000206801F0A6FADFF888A0012730B1226861
:1024D000C2F838A0A16B0143A16321E01D48076049
:1024E000E16B40208860E06B0068016821F0C0016A
:1024F00041F04001016022687602B30859468032FB
:10250000E06BFEF787FA80B12068C16B21EA090110
:10251000C1632168C1F838A0A06B40F08040A0637F
:1025200084F834702563012094E74FF0FF30CDE943
:102530000006CDE90285CDE904576946206801F01F
:102540005CF8002086E700006B3D0008813C000835
:10255000FF0540008C85254270B5040009D0606AF3
:10256000002540B125616561A56294F8510040B134
:102570000CE0012070BD6068B0F5827FF4D0E561A9
:10258000F2E784F85050204600F044F8022084F826
:1025900051002068016821F040010160A088218974
:1025A00000F4827001F404410843A18901F4006140
:1025B0000843217C01F002010843217D01F0010163
:1025C0000843218B01F400710843217F01F0380199
:1025D000084394F8201001F080010843218D01F494
:1025E0000051084321680860A069042101EA1040F5
:1025F00094F8241001F01001084321684860206815
:10260000C16921F40061C1616565012084F8510050
:10261000002070BD10B586B0044614216846FDF751
:1026200019FE13492068884220D11248016841F4FC
:1026300080510160006800F4805005900D48143806
:10264000016841F0020101600068694600F0020083
:102650000590382000900220019001200290032074
:102660000390052004900448FEF7C4FC06B010BD9A
:102670000030014044380240000402402DE9F84F88
:10268000044690F8500000270A9E1D4692468B464D
:102690004FF0010901280ED0012084F85000FEF708
:1026A000ADFD804694F85100616801280CD0B1F569
:1026B000827F07D102E00220BDE8F88FA16809B946
:1026C000042801D00227C2E0BBF1000F27D0BAF1E5
:1026D000000F24D01DB394F85100042802D0052027
:1026E00084F8510000206065C4F838A0E587A5870C
:1026F000C4F830B0E586A58620646064206801686F
:10270000490603D4016841F040010160E068B0F57A
:10271000006F606805D0E8B3012D46D07FE0012747
:1027200095E008B1012D39D1206B21680088C8607F
:10273000206B801C2063E08E401EE0862EE0206827
:10274000816889070FD5E18E69B1B9F1010F0AD10E
:10275000216B0988C160206B801C2063E08E401EC5
:10276000E0864FF0000920688168C9070CD0E18F2E
:1027700051B1C068A16B0880A06B801CA063E08F82
:10278000401EE0874FF00109FEF738FDA0EB08007E
:10279000B04200E009E001D3701C50D1E08E002867
:1027A000CDD1E08F0028CAD13FE0206B21680078AE
:1027B0000873206B401C2063E08E401EE0862EE0F4
:1027C0002068816889070FD5E18E69B1B9F1010FE1
:1027D0000AD1216B09780173206B401C2063E08EC5
:1027E000401EE0864FF0000920688168C9070CD0C0
:1027F000E18F51B1C068A16B0870A06B401CA06351
:10280000E08F401EE0874FF00109FEF7F7FCA0EBD8
:102810000800B04202D3701C01D010E07EB1E08EFF
:102820000028CDD1E08F0028CAD14246314620464B
:1028300001F002FC28B101272020606507E0032792
:1028400005E0A06818B92068C16880680090012080
:1028500084F85100002084F8500038462CE770B509
:1028600015460E46040003D094F8490010B107E065
:10287000012070BD002084F84800204600F01AF8BE
:1028800004F108012068FDF7E3FE3146A2682068E4
:10289000FDF708FFD4E901022946236BFDF7B8FED6
:1028A000A168206850F8212042F0010240F8212060
:1028B000002070BDFEF7E8B810B5401EB0F1807F73
:1028C00001D3012010BD4FF0E02460610F2160179B
:1028D00001F0E2FE0020A06107202061002010BD71
:1028E0007047704770B590F83C20012A32D001241F
:1028F00080F83C40022280F83D2003685A689D68B9
:1029000022F070060A6832435A60134B02689A42FA
:1029100014D0B2F1804F11D0104B9A420ED0104B10
:102920009A420BD00F4B9A4208D00F4B9A4205D0D7
:102930000E4B9A4202D00E4B9A4204D1496825F0C0
:1029400080031943916080F83D40002180F83C10DD
:10295000084670BD022070BD000001400004004028
:1029600000080040000C004000040140004001400D
:102970000018004010B5040003D094F83D0010B1D9
:1029800007E0012010BD002084F83C00204600F044
:102990001FF8022084F83D00211D206801F042FC50
:1029A000012084F8460084F83E0084F83F0084F853
:1029B000400084F8410084F8420084F8430084F821
:1029C000440084F8450084F83D00002010BD00005C
:1029D00010B586B0044614216846FDF73BFC164945
:1029E0002068884226D115480021026842F004027E
:1029F0000260006800F0040005901048103802687A
:102A000042F002020260006800F0020005904020DF
:102A100000900220CDE90101CDE903106946084884
:102A2000FEF7E8FA032211461E20FEF757FC1E208F
:102A3000FEF746FC06B010BD0008004040380240DA
:102A40000004024090F83D10012901D00120704798
:102A5000022180F83D100168CA6842F00102CA6094
:102A600000681149884214D0B0F1804F11D00F494D
:102A700088420ED00E4988420BD00E49884208D0B9
:102A80000D49884205D00D49884202D00C49884240
:102A900004D1816801F00701062903D0016841F0E3
:102AA0000101016000207047000001400004004067
:102AB00000080040000C00400004014000400140BC
:102AC0000018004070B5044690F83C00012817D06B
:102AD000012584F83C50022084F83D00206882687B
:102AE00022F0770222F47F4282600868502830D0BA
:102AF0000DDC20284DD005DC98B310283BD148E0F0
:102B0000022070BD302844D0402834D139E06028FC
:102B100028D0702806D0B0F5805F2CD0B0F5005FCB
:102B200029D10AE0CB68D1E90121206801F0DEFB60
:102B30002068816841F0770109E0CB68D1E9012183
:102B4000206801F0D3FB2068816841F480418160F6
:102B500011E0CA684968206801F0DAFB502120685A
:102B600007E016E0CA684968206801F023FC60218C
:102B7000206801F0C5FB84F83D50002084F83C003B
:102B800070BDCA684968206801F0C2FB4021206816
:102B9000EFE7226801461046EBE770472DE9F04168
:102BA000054690F83C000C46012836D0012085F8F7
:102BB0003C008AB3042A42D02868082A51D0D4E9BC
:102BC0000023E168066A26F480560662C669076A31
:102BD00026F4407646EA03234FF6FF7606EA0131F3
:102BE00023F4704319434FF4204627F4204306EAA8
:102BF00002321A43C16102622868C16921F440614E
:102C0000C1612868C169A26841EA0221C16100204E
:102C100085F83C00BDE8F08101E00220FAE7D4E944
:102C20000012E368286801F085FB2868816921F0BB
:102C30000C01816128688169A26811430FE0D4E921
:102C40000012E368286801F0C7FB2868816921F455
:102C50004061816128688169A26841EA022181613D
:102C6000D5E7D4E90027267B016A21F4807101624F
:102C7000C169036A21F00301394321F0F0073107EC
:102C80004FF4206647EA116123F4206306EA02222A
:102C90001A43C16102622868C16921F00C01C16157
:102CA0002868C169A2681143B0E710B5040003D0D9
:102CB00094F83D0010B107E0012010BD002084F819
:102CC0003C00204600F01EF8022084F83D00211D43
:102CD000206801F0A7FA012084F8460084F83E003D
:102CE00084F83F0084F8400084F8410084F84200F2
:102CF00084F8430084F8440084F8450084F83D00DB
:102D0000002010BD704770B50446006801694FF09F
:102D10000005C943890715D4C168C943890711D47F
:102D2000E91E016101202077206880698007204624
:102D300002D0FFF732FF04E000F098F8204600F0E0
:102D400096F8257720680169C943490717D4C168F7
:102D5000C943490713D46FF00401016102202077B1
:102D60002068806910F4407F204602D0FFF715FFED
:102D700004E000F07BF8204600F079F82577206821
:102D80000169C943090716D4C168C943090712D4A8
:102D90006FF008010161042020772068C069800776
:102DA000204602D0FFF7F9FE04E000F05FF820466D
:102DB00000F05DF8257720680169C943C90617D47A
:102DC000C168C943C90613D46FF01001016108201E
:102DD00020772068C06910F4407F204602D0FFF7BA
:102DE000DCFE04E000F042F8204600F040F82577D1
:102DF00020680169C943C90708D1C168C943C90727
:102E000004D1891E0161204600F032F82068016972
:102E1000C943090609D4C168C943090605D46FF03E
:102E2000800101612046FFF75BFD20680169C9430D
:102E3000490609D4C168C943490605D46FF0400169
:102E40000161204600F015F820680169C943890630
:102E50000BD4C168C943890607D46FF02001016112
:102E60002046BDE87040FFF73CBD70BD704770471D
:102E70007047704770477047F8B50268044610689D
:102E8000D168536910F00F0F4FF0000553D003F0D5
:102E9000010601F4907737435FD0C20705D0CA0519
:102EA00003D5226C42F001022264420705D5DA07FD
:102EB00003D0226C42F002022264820705D5DA07B1
:102EC00003D0226C42F004022264020707D501F00D
:102ED0002002324303D0226C42F008022264226CAA
:102EE000002A34D0800604D5880602D5204601F099
:102EF000AEFA20684069216CC0F38010090700D445
:102F000030B3204601F08BFA2068416949061BD591
:102F1000416921F040014161A06BA8B159490165A7
:102F2000A06BFDF728FC002811D0A06B016D01B04B
:102F3000BDE8F040084783060FD58B060DD5204627
:102F4000BDE8F84001F083BA2046FFF794FFF8BDD2
:102F50002046FFF790FF2564F8BD266B2023012E45
:102F600053D1C60651D5CE064FD510685068009093
:102F7000506940062BD5A16B086840680004000C1E
:102F8000EAD0A68D8642E7D9E085C869B0F5807F92
:102F900018D0D06820F48070D0602068416921F09A
:102FA000010141612068416921F04001416184F8DB
:102FB0003E3025632068C16821F01001C160A06B1C
:102FC000FDF792FBA08DE18D401A81B219E0A08D32
:102FD000E18D401A81B2E08D0028BDD00029BBD020
:102FE000D06820F49070D0602068426922F001021D
:102FF000426184F83E3025632068C26822F01002E6
:10300000C2602046FFF736FFF8BD05062BD50D063A
:1030100029D594F83D002128F6D1A068B0F5805F4D
:1030200001D12069B0B1206A411C21622168007879
:103030004860E08C401E0004000CE084E4D120686D
:10304000C16821F08001C1602068C16841F0400181
:10305000C160F8BD206A0088C0F308005060206A93
:10306000801C2062E5E74006F3D54806F1D5D1681B
:10307000204621F04001D16084F83D3000F0BEF8D8
:10308000F8BD00000F44000870B5040004D094F8A7
:103090003D00002510B106E0012070BD84F83C50D1
:1030A000204600F023F8242084F83D002068C16801
:1030B00021F40051C160204601F020FA2068016926
:1030C00021F4904101612068416921F02A014161A8
:1030D0002068C16841F40051C1602564202084F853
:1030E0003D0084F83E00002070BD000010B586B0A1
:1030F000044614216846FDF7ADF818492068884257
:1031000029D11748016841F010010160006800F002
:103110001000059012481438016841F00101016067
:103120000068694600F0010005904FF4C06000900F
:1031300002200190012002900320039007200490B8
:103140000848FDF757FF032211462520FEF7C6F871
:103150002520FEF7B5F806B010BD000000100140B4
:10316000443802400000024090F83E30202B0ED13F
:1031700059B152B190F83C30012B08D0012380F8AE
:103180003C300023036301F03FBA01207047022066
:103190007047000030B400681549884225D11548B1
:1031A00041880A0416D402464C0412784FF00003FA
:1031B00004D50A2A0DD141F4004114E00D2A10D0A3
:1031C000C1F30D040C4D491C89B22A554180C72911
:1031D00000D943800848012230BC06494438FFF733
:1031E000C3BF41F480414180F4E730BC7047000028
:1031F0000010014070020020B4C2012070B50068C8
:103200000B49884213D144150A4D00222146284615
:10321000FDF7EEFF3220FDF734FC0122214628465F
:10322000FDF7E6FFBDE8704003A001F011BA70BDE4
:10323000001001400014024073656E642066696EE0
:103240006973680A00000000FEE700000D4808B539
:10325000016841F4800101600068002200F48000F0
:10326000009002213B20FEF739F83B20FEF728F8BA
:10327000002202214520FEF731F8BDE80840452034
:10328000FEF71EB8303802402DE9F0438FB01C2104
:103290006846FCF7DFFF1C2107A8FCF7DBFF2F487F
:1032A00004210024C0E902141025C0E9044584610A
:1032B000C461046244628462C46204634463284E4D
:1032C00084634FF020484464C0E9008602200F2741
:1032D000CDE9000702A908204FF0110981E8310269
:1032E000002269461D480694FFF7B9FA08B1FDF7B8
:1032F0008DF91A480621503007AAC0E90214C0E926
:1033000004458461C4614FF480510462C0E90941FD
:103310008900C0E90B41446384634464C0E90086CA
:103320003C200097CDE90170CDF81490CDE90375EC
:103330000921CDE90641CDE90871CDE90C94074892
:10334000CDE90A7569465030FFF789FA002801D0A7
:10335000FDF75CF90FB0BDE8F0830000ECBF012081
:10336000040100A0F0B587B014216846FCF772FF95
:103370004648016841F010010160016801F0100148
:103380000591016841F020010160016801F0200110
:103390000591016841F080010160016801F0800140
:1033A0000591016841F040010160016801F04001B0
:1033B0000591016841F002010160016801F002011C
:1033C0000591016841F008010160016801F0080100
:1033D0000591016841F004010160016801F00401F8
:1033E0000591016841F0010101600068284E00F07C
:1033F00001004FF4C0650590012229463046FDF7D3
:10340000F7FE244F012269013846FDF7F1FE1C202A
:10341000009021480124CDE9010469461F48FDF7C9
:10342000E9FDCDE90054022569463046CDE9024563
:10343000FDF7E0FDA003CDE9000469463846CDE97B
:103440000245FDF7D7FDE0038DE8310069463846B7
:103450000395FDF7CFFD012203210820FDF73EFF74
:103460000820FDF72DFF012203210920FDF736FF7B
:103470000920FDF725FF012203210A20FDF72EFF79
:103480000A20FDF71DFF07B0F0BD000030380240F4
:10349000001402400004024000002110001002400D
:1034A0000E4810B50C490160002141608160C16087
:1034B000016141618161FEF76BFC08B1FDF7A6F87F
:1034C0004FF400610548FEF7DDF9002803D0BDE8A0
:1034D0001040FDF79BB810BD002C01408CC00120AE
:1034E000104810B50E4901604FF48271416000210F
:1034F00002228160C0E9031201224261520282610C
:103500003822C0E90721416281620A21C162FFF7C6
:1035100023F8002803D0BDE81040FDF777B810BDB0
:1035200000300140D0C1012010B58AB000242248EB
:1035300004940594069407940894099400940194C3
:1035400002941C49039401605321C0E90114C46032
:1035500004618461FFF70EFA08B1FDF757F84FF4E4
:103560008050049004A91448FFF7ACFA08B1FDF7A5
:103570004DF81148FFF799FB08B1FDF747F808949B
:1035800008A90D480994FFF7ADF908B1FDF73EF819
:10359000022000900120CDE901040022694606487E
:1035A0000394FFF7FBFA002801D0FDF72FF80AB0CB
:1035B00010BD00000008004028C201200C4810B5D2
:1035C0000A4901604FF4E1314160002181600C2221
:1035D000C160C0E904128161C161FFF755FD002897
:1035E00003D0BDE81040FDF711B810BD0010014038
:1035F00070C20120FEE7704770470A6842624A685D
:103600008262D1E902231A43D1E904310B43C16A32
:103610001A4321F0F7011143C1620020704700688E
:1036200000F0030070470844406970470148FEF706
:10363000ABBA00008CC0012070B50DF1100C114325
:103640009CE870002343194329434268314347F6FD
:10365000FF639A430A434260002070BD10B5032106
:1036600001600220FDF70DFA002010BDD0F88000A7
:1036700070470A688260D1E901231A43D1E9033116
:103680000B43C1681A436FF30B011143C160002063
:1036900070470968C0F880100020704710B586B0E8
:1036A00004463720CDE9001040200290002003900E
:1036B0004FF48060049069462046FFF7DAFF41F23C
:1036C00088323721204600F0BDF906B010BD000059
:1036D00010B504460A4886B001432920CDE9001000
:1036E00040200290002003904FF4806004906946CF
:1036F0002046FFF7BEFF204600F05CFA06B010BD82
:103700000000108010B586B004461020CDE90010EE
:1037100040200290002003904FF48060049069469E
:103720002046FFF7A6FF41F288321021204600F024
:1037300089F906B010BD10B586B004460620CDE963
:10374000001040200290002003904FF4806004900D
:1037500069462046FFF78DFF41F288320621204658
:1037600000F070F906B010BD30B585B000240546F4
:10377000009401944FF480600294CDE903406946BF
:103780002846FFF776FF0B484FF4FA510068B0FB6C
:10379000F1F041F288314843401E03D24FF000401F
:1037A00005B030BD696B0906F6D5C520A863204673
:1037B000F6E700008002002070B585B004464FF4A3
:1037C000D570009001A908204025002681E86100FD
:1037D000C001049069462046FFF74BFF12484FF4A2
:1037E000FA510068B0FBF1F041F288314843401EC5
:1037F00003D24FF0004005B070BD616B11F0450F72
:10380000F5D00905F3D4606B400701D5042003E02F
:10381000606BC00702D00120A063ECE7606B40063C
:1038200000D5A5633046E6E78002002010B586B0DB
:1038300004461220CDE900104020029000200390A1
:103840004FF48060049069462046FFF712FF41F272
:1038500088321221204600F0F5F806B010BD10B5F0
:1038600086B004461120CDE90010402002900020CF
:1038700003904FF48060049069462046FFF7F9FEFC
:1038800041F288321121204600F0DCF806B010BD6C
:1038900010B586B004460720CDE9002040200290F4
:1038A000002003904FF48060049069462046FFF7A3
:1038B000E0FE41F288320721204600F0C3F806B04E
:1038C00010BD10B586B0044600210220CDE90010DD
:1038D000C020CDE902014FF4806004906946204683
:1038E000FFF7C7FE204600F03DF906B010BD10B549
:1038F00086B004460920CDE90010C02002900020C7
:1039000003904FF48060049069462046FFF7B1FEB3
:10391000204600F027F906B010BD10B586B0044669
:1039200000213320CDE900104020CDE90201000143
:10393000049069462046FFF79CFE41F2883233210D
:10394000204600F07FF806B010BD10B586B00446E2
:103950000D20CDE9001040200290002003904FF48C
:103960008060049069462046FFF783FE41F288326A
:103970000D21204600F066F806B010BD30B585B0C8
:103980000C46054600210320CDE900104020CDE97A
:1039900002010001049069462846FFF76AFE2246AC
:1039A0000321284600F028F905B030BD10B586B0D7
:1039B000044600210C20CDE900104020CDE9020191
:1039C0000001049069462046FFF753FE034A0C218C
:1039D000204600F037F806B010BD000000E1F50504
:1039E00010B586B004461920CDE9001040200290A1
:1039F000002003904FF48060049069462046FFF752
:103A000038FE41F288321921204600F01BF806B03A
:103A100010BD10B586B004461820CDE90010402036
:103A20000290002003904FF4806004906946204685
:103A3000FFF71FFE41F288321821204600F002F8FD
:103A400006B010BD454B10B51B684FF4FA54B3FBDC
:103A5000F4F353435B1E02D24FF0004010BD426BA3
:103A600012F0450FF6D01205F4D4426B520703D57D
:103A700004218163084610BD426BD20702D00121A8
:103A8000816305E0C52282630269D2B28A4201D015
:103A9000012010BD0021FFF7C6FD3149084201D1C8
:103AA000002010BD002802DA4FF0007010BD410068
:103AB00001D5402010BD810001D5802010BDC1007E
:103AC00002D54FF4807010BD010102D54FF4007093
:103AD00010BD410102D54FF4806010BDC10102D577
:103AE0004FF4006010BD010202D54FF4805010BDAC
:103AF000410202D54FF4005010BD810202D54FF4AF
:103B0000804010BDC10202D54FF4004010BD4103FA
:103B100002D54FF4003010BD810302D54FF4802050
:103B200010BDC10302D54FF4002010BD010402D521
:103B30004FF4801010BD410402D54FF4001010BDA9
:103B4000810402D54FF4800010BD000702D54FF468
:103B5000000010BD4FF4803010BD00008002002036
:103B600008E0FFFD12494FF4FA520968B1FBF2F187
:103B700041F288325143491E02D24FF00040704753
:103B8000426B12F0450FF6D01205F4D4416B490791
:103B900003D50421816308467047416BC90703D0F0
:103BA0000121816308467047C52181630020704769
:103BB000800200200F494FF4FA520968B1FBF2F17C
:103BC00041F288325143491E02D24FF00040704703
:103BD000426B12F0450FF6D01205F4D4416B490741
:103BE00003D50421816308467047C5218163002005
:103BF000704700008002002030B5204B4FF4FA548B
:103C00001B68B3FBF4F341F2883463435B1E02D2BA
:103C10004FF0004030BD446B14F0450FF6D0240542
:103C2000F4D4436B5B0703D504218163084630BDA0
:103C3000436BDB0702D00121816303E00369DBB240
:103C40008B4201D0012030BDC52181630021FFF7E7
:103C5000EAFC10F4604F04D0410406D54FF4005044
:103C600030BD000C1080002030BD000402D54FF4A0
:103C7000805030BD4FF4803030BD00008002002005
:103C800010B5846BFCF789FD022828D0206C416DAB
:103C9000E06B406D012901D001281DD12168104839
:103CA00088632068C16B21F49D71C163A06B40F0F3
:103CB0008040A0632046FDF751FF062801D005286B
:103CC00005D12068FFF772FEA16B0843A0630120B5
:103CD00084F83400002020632046FDF75FFE10BD0D
:103CE000FF05400010B5846B206B822809D1206845
:103CF000FFF75CFE28B1A16B0143A1632046FDF7ED
:103D00004DFE2068C16A21F00801C162216840F2BD
:103D10003A508863012084F8340000202063204654
:103D2000FEF7A8FA10BD10B5846B40F23A50216836
:103D300088632046FDF712FF012184F8341000212A
:103D40002163062801D0052805D12068FFF72EFE43
:103D5000A16B0843A063A06B0028204602D0FDF7AA
:103D60001DFE10BDFDF78CFD10BD806B0068C16BA2
:103D700041F48071C163704710B5846B40F23A50D2
:103D8000216888632046FDF7E9FE012184F834109C
:103D900000212163062801D0052805D12068FFF7FE
:103DA00005FEA16B0843A063A06B0028204602D04B
:103DB000FDF7F4FD10BDFDF763FD10BD2DE9F047E3
:103DC00088B00D460446FDF719FA00268246009693
:103DD0000196374608212068FFF794FC002829D176
:103DE000B4F8500001042068FFF758FC002821D1E6
:103DF000401E4FF00808CDE9020830204FF00209BC
:103E0000CDE904090120CDE9067002A92068FFF779
:103E1000F4FB2068FFF781FD00280BD16F46206876
:103E2000416B11F02A0F08D0416B09071AD5C0F871
:103E30003880082008B0BDE8F087416B890205D5BD
:103E4000FFF714FC47F82600761C02E0416B89045A
:103E5000EAD5FDF7D3F9A0EB0A00401CDFD14FF003
:103E60000040E7E7416B890703D5C0F8389002208E
:103E7000E0E7416B890603D5202181630846D9E735
:103E800040F23A518163019800BA2860009800BA64
:103E900068600020CEE710B590B004460120ADF870
:103EA00038002068FFF7BBFB002854D0606C032863
:103EB00042D02068FFF705FD00284AD10021206884
:103EC000FFF7B1FB606704212068FFF7ACFBA06738
:103ED00008212068FFF7A7FBE0670C212068FFF7A7
:103EE000A2FBC4F88000606C032825D00EA92068CE
:103EF000FFF744FD00282CD1606C03281CD0BDF8CE
:103F00003800206501042068FFF7F1FC002820D16B
:103F100000212068FFF787FB606604212068FFF717
:103F200082FBA06608212068FFF77DFBE0660C217C
:103F30002068FFF778FB206704212068FFF773FBF8
:103F4000000DE06403A92046FDF72AFD30B14FF0D3
:103F5000805010B010BD4FF08060FAE7B4F8500008
:103F6000002302042068FFF793FC0028F1D104F13C
:103F7000100007C88DE8070094E80F00FFF75CFB0E
:103F80000020E6E72DE9F84F002604460096354666
:103F9000B0460068FFF7E8FB002827D12068FFF74C
:103FA0000BFC4FF0805B4FF001094FF6FF7748B1F3
:103FB000A6642068FFF7D8FB002817D1A06C012861
:103FC00002D020E0C4F8489000212068FFF766FB8B
:103FD00058B918E000212068FFF760FB002805D1E0
:103FE00051462068FFF774FB10B15846BDE8F88FC2
:103FF00000212068FFF717FB05464FEAD0780098AC
:10400000401C009002E0DFF82CA00098B84202D2D9
:10401000B8F1000FDED00098B84202D34FF08070A4
:10402000E4E7680002D5C4F8449000E0666400202C
:10403000DCE70000000010C138B504461248134BFD
:104040000068B0FBF3F04FF47A7358430090606857
:10405000B0F5827F0DD10B460092002280212046D0
:1040600000F016F870B1606D40F02000606503202C
:1040700038BD009830B1401E009020688068C04371
:104080000006F6D5002038BD8002002000366E0103
:104090002DE9F8431E46914688460446089DFDF7E3
:1040A000ADF8401B351AFDF7A9F80746254800680A
:1040B000C0F3CB30684338E0701C37D0FDF79EF872
:1040C000C01BA84203D215B1009860B32CE0206851
:1040D000416821F0E00141606068B0F5827F0BD15A
:1040E000A068B0F5004F02D0B0F5806F04D1206811
:1040F000016821F040010160A06AB0F5005F09D1BC
:104100002068016821F4005101602068016841F4D1
:1041100000510160012084F85100002084F8500013
:104120000320BDE8F8830025401E009020688168C8
:1041300038EA010004D000214945BDD10020F0E754
:104140000121F9E7800200207047FDF75DB800000B
:1041500030B593B030216846FCF77CF814210CA8E8
:10416000FCF778F81A480025016841F08051016099
:10417000006800F0805011901648016841F48041B9
:1041800001600068022400F480401190012000903A
:10419000000401908001CDE90640082008904FF40A
:1041A000A870CDE9090407200B906846FDF7B2F925
:1041B0000CA90F2081E831004FF4A0500F90E002CD
:1041C000109005210CA8FDF7BBF813B030BD00001E
:1041D00040380240007000400248016841F470011C
:1041E0000160704788ED00E010B50C4C2068C06895
:1041F000C043C00709D10A480069804721680020F0
:10420000486221686420C862E06021686FF00100A4
:104210000861BDE810400148FEF775BD28C20120C5
:1042200020030020F0B50268254C264D264E274F6E
:10423000274B4FF0804CA04209D0604507D0A842E0
:1042400005D0B04203D0B84201D0984204D122F048
:10425000700E4A6842EA0E02A0421BD0604519D097
:10426000A84217D0B04215D0B84213D0984211D00E
:10427000184DA8420ED0184DA8420BD0174DA84299
:1042800008D0174DA84205D0164DA84202D0164DB1
:10429000A84203D122F44075CA682A434D6922F02E
:1042A00080022A4302608A68C2620A688262A0426F
:1042B00001D0984201D10969016301214161F0BD3A
:1042C000000001400004004000080040000C0040D5
:1042D000000401400040014000440140004801400A
:1042E00000180040001C00400020004010B5846809
:1042F00042EA032224F47F440A432243826010BD31
:10430000826822F070020A4342F007018160704720
:1043100010B5036A046A24F001040462846924F07D
:10432000F00444EA021423F00A020A4384610262A0
:1043300010BD000070B5046A24F0010404628469B1
:10434000056A154EB04214D0B0F1804F11D0134E13
:10435000B0420ED0124EB0420BD0124EB04208D036
:10436000114EB04205D0114EB04202D0104EB042B4
:1043700003D124F00304144301E044F001041A07BC
:1043800024F0F00444EA126225F00A0301F00A0165
:1043900019438261016270BD0000014000040040C9
:1043A00000080040000C00400004014000400140B3
:1043B0000018004010B5036A23F0100303628369FC
:1043C000046A23F4704343EA023224F0A00343EA70
:1043D00001118261016210BD30B5046A24F010043D
:1043E00004628469056A24F4407444EA022222F4D7
:1043F00070444FF6FF7202EA03322243A02425F0F4
:10440000A00304EA011119438261016230BD10B5B5
:10441000806B0021C185C184FEF72DFD10BD0168B0
:10442000CA6822F49072CA6001684A6922F00102E7
:104430004A61016B012904D10168CA6822F01002A7
:10444000CA60202180F83E1000210163704710B53A
:10445000044690F83E00222801D0022010BDA16839
:104460004FF48052914201D1206920B1A06A91425B
:104470001BD049B10AE02168A06A4968C1F308016C
:104480000180A06A801C08E0216971B12168496837
:1044900001F07F010170A06A401CA062E08D401E07
:1044A0000004000CE08503D01CE021684968F1E7B6
:1044B0002068C16821F02001C1602068C16821F432
:1044C0008071C1602068416921F0010141612020B3
:1044D00084F83E00206B012806D02046FEF75AFEE5
:1044E00000202063002010BD2068C16821F0100169
:1044F000C160A18D2046FEF7BDFCF1E770B5044612
:1045000000680169E26821F44051114301612169A9
:10451000A068E26908436169114308432168CA68D9
:1045200049F20C639A430243CA6020684169A26958
:1045300021F440711143416131492068884202D021
:104540003049884202D1FCF7A5FF01E0FCF792FF59
:10455000E2690023192164253226B2F5004F626812
:1045600028D0A0FB0101930F9200FBF729FE014622
:10457000B0FBF5F06FF01802504301EB800006EB42
:104580000010B0FBF5F000F0F002B1FBF5F002EB2B
:104590000012B1FBF5F06FF01803584301EB8000F7
:1045A00006EB0010B0FBF5F000F00F00216810449E
:1045B000886070BDA0FB010192185B41FBF700FE13
:1045C0000146B0FBF5F00201B1FBF5F06FF0180306
:1045D000584301EB800006EBC000B0FBF5F000F0A3
:1045E000F80002EB4002B1FBF5F0584301EB80000C
:1045F00006EBC000B0FBF5F000F00700D6E70000C6
:10460000001001400014014081628285C2850021B2
:104610000164222280F83E2080F83C100168CA68BC
:1046200042F48072CA6001684A6942F001024A613C
:104630000068C16841F02001C1600020704700009F
:104640000148FEF719BC000070C20120FEE700001F
:104650000FB4054B10B503A9044A029800F03CF8CA
:1046600010BC5DF814FB0000C164000828040020A1
:104670000FB4084B10B504A902AA039800F02CF857
:10468000044602A9002000F058FA204610BC5DF84C
:1046900014FB00003B4B00080907090E002804DB4F
:1046A00000F1E02080F80014704700F00F0000F1E6
:1046B000E02080F8141D704702E008C8121F08C1EE
:1046C000002AFAD170477047002001E001C1121F93
:1046D000002AFBD1704700002DE9FF4F8DB00F4637
:1046E0000546002606E025280BD0DDE90F1290478D
:1046F0006D1C761C28780028F5D111B03046BDE835
:10470000F08F0024A246A1460122EC4900E00443B8
:1047100015F8013F203B02FA03F00842F7D1287850
:104720002A2810D06FF02F022878A0F13001092933
:1047300014D80AEB8A0102EB410144F0020400EBB9
:10474000010A6D1CF0E701CF5FEA000A03D544F4CB
:104750000054CAF1000A44F002046D1C28782E2887
:1047600017D115F8010F44F004042A280ED06FF079
:104770002F022878A0F1300109290AD809EB890114
:1047800002EB410100EB01096D1CF2E757F8049BB5
:104790006D1C28786C280FD006DC4C2817D06828B0
:1047A0000DD06A2814D104E0742810D07A280FD1D3
:1047B0000DE044F400140AE044F4801401E044F4F1
:1047C00040146978814202D104F580146D1C6D1C7F
:1047D0002A786E2A1FD00CDC632A31D004DC002A30
:1047E0008BD0582A11D1A3E0642A68D0692A0CD151
:1047F00065E0732A2ED004DC6F2A73D0702A04D1AE
:104800009BE0752A6FD0782A6ED01046DDE90F1232
:104810009047761C50E1C4F30250022806D00328CA
:1048200009D0042801CF09D0066045E101CFF11776
:10483000C0E9006140E101CF06803DE106703BE147
:1048400017F8040B8DF8000000208DF80100EB46EE
:10485000012003E057F804BB4FF0FF3061074FF031
:10486000000102D40DE008F10101884649450FDA44
:104870008045F8DB1BF808100029F4D108E008F1A6
:10488000010188468142FADB1BF808100029F6D1A5
:10489000DDE90F23AAEB08008146214600F036F936
:1048A000304400EB080604E0DDE90F121BF8010BB1
:1048B0009047B8F10108F7D221464846F7E00A21AF
:1048C000C4F302534FF0000B0891022B04D001CF28
:1048D000C117032B09D00AE0FF1D27F00707F7E8EF
:1048E000020108E032E01FE020E000B2C117042B13
:1048F00001D140B2C117031E71F1000307DA4FF076
:10490000000CD0EB0C006CEB01012D2302E0230521
:1049100004D52B238DF82430012303E0E30701D0D5
:104920002023F7E7984658E00A2110E010210EE016
:1049300010204FF0000B08900CE010214FF0000BFE
:1049400044F004044FF00809089103E008214FF0F7
:10495000000B0891C4F30253022B04D001CF0021B5
:10496000032B06D006E0FF1D27F00707F7E802013A
:1049700003E080B2042B00D1C0B24FF0000823073F
:104980002BD5702A07D0DDF820C08CF0100C5CEA23
:104990000B0C05D00EE040238DF82430012308E0F5
:1049A00050EA010306D030238DF824308DF82520FD
:1049B00002239846DDF820C08CF0080C5CEA0B0C52
:1049C0000BD150EA010301D1630706D530238DF8DE
:1049D00024304FF00108A9F10109582A04D038A267
:1049E0000B9208AA0A920BE03AA2F9E75B46089AF2
:1049F000FBF7E6FB0B9B9B5C0A9A521E0A92137014
:104A000050EA0102F2D10A98ADEB000000F1200B50
:104A1000600702D524F4803401E04FF00109D94544
:104A200002DDA9EB0B0000E0002000EB0B0141448C
:104A30000890AAEB010AE00306D4DDE90F23214622
:104A4000504600F063F806444FF0000908E009A959
:104A500011F80900DDE90F12904709F10109761CF0
:104A6000C145F4DBE0030CD5DDE90F2321465046B8
:104A700000F04CF8064404E0DDE90F1230209047C6
:104A8000761C0899481E08900029F5DC08E00A9871
:104A90000A990078491C0A91DDE90F129047761CAB
:104AA000BBF10001ABF1010BF1DC21465046DDE921
:104AB0000F2300F019F806446D1C1BE609280100BD
:104AC0003031323334353637383961626364656684
:104AD0000000000030313233343536373839414246
:104AE00043444546000000002DE9F04104460025FE
:104AF0001E461746880404D405E039462020B047F6
:104B00006D1C641EF9D52846BDE8F0812DE9F04101
:104B1000044600251E469046C80301D5302700E014
:104B20002027880404D505E041463846B0476D1C6F
:104B3000641EF9D52846BDE8F0810A68531C0B6055
:104B4000107070472DE9F05F0746406B891E00EB3F
:104B50001135C1F3C80601F007014FF0010B0BFA44
:104B600001F09A469146C4B229466D1C384605F0BC
:104B700083FD10B10120BDE8F09F5A464FF4007349
:104B8000B91991F83C00204202D04FF0010801E031
:104B90004FF00008D04501D10220ECE7604081F8D9
:104BA0003C00B9F101003A718146E4D0600010F098
:104BB000FF04E5D10124761C9E42E1D30026D3E711
:104BC00070B5044600202071401EA063204605F009
:104BD00053FD08B1042070BD04F23A2004F094FFA4
:104BE0004AF655260546B04206D10B222BA104F108
:104BF0003C00FBF744FB40B194F83C00EB2806D0A6
:104C0000E92804D0E82802D041E0012070BDB54277
:104C100007D1082224A104F18E00FBF730FB002805
:104C2000F4D004F1470004F06FFF94F84910421EDD
:104C300010422CD14FF40072904228D3904226D8D3
:104C400029B3481E014222D104F14A0004F05CFF5E
:104C5000E8B194F84C00401E012818D804F14D002A
:104C600004F052FF98B104F14F0004F04DFF80288A
:104C700006D204F15C0004F011FFB0F5803F06D3CA
:104C800004F1520004F040FF08B1002070BDB542AD
:104C900001D1022070BD032070BD0000EB7690456D
:104CA00058464154202020004641543332202020D1
:104CB00000000000C269891E921E8A4201D80020AD
:104CC0007047026B408900FB012070472DE9F047D7
:104CD00006685FEA010807462BD04146384601F0D6
:104CE000F7FB022846D3411C45D0F169814242D8E6
:104CF0004546B06900283ED030784FF0FF3904288F
:104D00001ED045455FD1F0696C1CA04200D802243A
:104D10002146384601F0DCFB01282CD0411C2AD06A
:104D200080B3706902284ED3F16981424BD90546A0
:104D300049E0756915B1F069A842DAD80125D8E7CC
:104D400001222946304601F072FB040062D0601C4B
:104D500060D001231A4621463046FFF7F3FE0228B1
:104D600008D0012809D0B8F1000F08D0F97902293C
:104D700009D010E00120BDE8F0874846FBE702219A
:104D8000F97143E01EE0691C8C423FD0B968691A92
:104D9000B9610321F97108F101018C4206D1F96969
:104DA00009B1491C00E00221F9612FE0F8690125F1
:104DB00000B9FD6122464146384601F01FFB30BB79
:104DC000FD6129E0A4B92C46F069641CA04202D818
:104DD0000224022D0AD32146384601F079FB38B16E
:104DE0000128C8D0411CC6D0AC42EDD10020C2E79A
:104DF0004A462146304605F007FF40B9B8F10000A9
:104E00000AD001462246304605F0FEFE20B10128B8
:104E10000FD001242046AEE77461D6E90601891E51
:104E2000884201D8401EB061707940F00100707175
:104E3000F0E74C46EEE72DE9FF4F81B09B466A460E
:104E40000121019800F070FA00287DD108264FF06A
:104E50003F09F101009F03E0700010F0FF0606D04B
:104E600016FB09F0B7FBF0F08842F5D806B9FF262B
:104E70004FF400715846FBF7EDF90BF5DF754FF075
:104E8000000A4C465DE0029951F82A80B8F1640F9F
:104E900009D801D1384605E04FF06400B7FBF0F0C7
:104EA00000FB08F0804604EB0800B84201D8A0429D
:104EB00001D2A7EB0408B8F1000F44D0214605F158
:104EC000080006F06FF8414605F10C0006F06AF89C
:104ED0000398287119FB06F3B4FBF9F1B1FBF6F264
:104EE000B4FBF9FC06FB1212B4FBF3F009FB1C4106
:104EF0006A70C02202EA900C491C4CEA010C85F849
:104F000002C0E87004EB0800441EB4FBF3F1B4FBEC
:104F1000F9FCBCFBF6F3B4FBF9F806FB13CC09FB78
:104F2000184302EA91025B1C85F805C01A43AA7176
:104F3000E9710AF1010A10350446BAF1040F02D2F0
:104F40000CB1BC429FD300E00DE04AF655210BF5B1
:104F5000FF7006F054F8012300225946019800F032
:104F60003CFA002800D0012005B0BDE8F08F812870
:104F700003D3FE2801D801207047002070470000AD
:104F800001490860704700000C0000204FF47A715E
:104F9000484300F001B8000070B54FF0E024002253
:104FA00065690949A36909684843A1699942FCD028
:104FB00002D2A3EB010302E0A5EB010633441A443D
:104FC0000B468242F1D370BD0C0000202DE9F04168
:104FD0000F4604460021066800F04DF9E8B90025A7
:104FE0003046A16B05F048FBB8B931780429E16B74
:104FF000097803D0E52905D021B107E041F3C011BC
:10500000491C03D06D1CBD420AD000E000250121DF
:10501000204600F05CF80028E2D0042800D10720E8
:10502000BDE8F0812DE9F0470C46054606F03AF858
:10503000A8BB21462846FFF73DFE0646A8634FF46D
:10504000007705F13C0039468046FBF703F9688993
:10505000BC01B4EB402F04D9440200E06408BC4218
:105060001ED9204601F030F95FEA0009F6D0BC42B3
:1050700016D92146FBF7EEF8670A002400E03C440D
:105080006889A04207D9321968783B46494600F042
:10509000A4F90028F3D0484601F01AF90FE011E016
:1050A0000127002400E03C446889A04207D9321956
:1050B00068783B46414600F090F90028F3D06889B3
:1050C000A04202D00120BDE8F0870020FBE72DE9D7
:1050D000F04707680446066B38782036894604286E
:1050E0000AD04FF400104FF00008B04238D9A06B3E
:1050F00028B1F10506D044E04FF08050F3E70420DA
:10510000BDE8F087401CA063616B29B17889401E1F
:1051100010EA562F05D034E03889B0EB561F1FD95E
:105120002FE0204601F0D4F9054601281DD9681C5E
:1051300014D0F869A8421ED8B9F1000F10D020464B
:10514000616BFFF7C3FD05000DD0012D0DD0681C6C
:1051500004D029463846FFF765FF40B10120CFE76C
:10516000C4F83880CBE70720CAE70220C8E7E07917
:1051700040F00400E071294638466563FFF79AFD68
:10518000A063C6F3080038443C302663E063002087
:10519000B6E72DE9F0470426FF2489460546A046D8
:1051A00007685FE0384605F067FA06005ED1E96BF4
:1051B000087898B13A78042A12D0CA7AE52802F021
:1051C0003F02AA7108D02E2806D022F02003082B17
:1051D0001BD0B446CC451BD0FF2433E0042645E069
:1051E000B9F1000F02D0832842D02BE0852829D1C5
:1051F000286BE864284604F099FC060036D138692B
:10520000007900F03F00A87132E04FF0010CE1E7B7
:105210000F2A01D014BB1CE0420606D591F80D8080
:1052200000F0BF002A6B0446EA64A04208D14A7B22
:10523000424505D1F86805F0ADFC08B1641E00E0F8
:10524000FF24E4B200212846FFF741FF060009D001
:105250000CE0084605F0D7FE404509D04FF0FF307E
:10526000E86405E0A96B00299CD10EB10020A86379
:105270003046BDE8F0872DE9F041066805460F4647
:105280003078042806D04FF40010B8423CD9F80614
:105290003AD102E04FF08050F7E72F63AC6834B9A1
:1052A0003078032807D30020F46AE8711CB17089B4
:1052B0004FEA402812E03089B0EB571F24D9F06A3A
:1052C00012E0284601F004F90446401C1AD0022CD2
:1052D0001AD3F069A04217D9A7EB08074745214622
:1052E000EFD23046FFF7E6FCC5E90D4060B100EBB8
:1052F0005720A863C7F3080030443C30E86300201F
:10530000BDE8F0810120FBE70220F9E710B518B1F4
:10531000012804D0012010BD05F0F4FC01E005F0E7
:10532000A7FA002010BD00004FF4007318B1012847
:1053300014D00120704739B1114801290AD002293F
:1053400004D0032908D103E0002070471360FBE775
:10535000808B0CE0806910E0042070470029F3D0B6
:10536000012908D0022904D00329F5D10820108092
:10537000EAE71380E8E74FF440501060E4E70000EC
:10538000CCBF01202DE9F0411C0015460E4605D08A
:1053900030B1012810D00120BDE8F0810420FBE7E6
:1053A0001A4602E0FEF77CF822462946304605F010
:1053B000E9FC0028F6D10CE04FF4007769023A4688
:1053C000304605F089FA641E05F1010506F5007600
:1053D000F4D10020E0E7002070472DE9F0411C00E7
:1053E00015460E4605D030B1012810D00120BDE889
:1053F000F0810420FBE71A4602E0FEF751F822464E
:105400002946304605F0D8FC0028F6D10CE04FF4D0
:10541000007769023A46304605F0F2FA641E05F15B
:10542000010506F50076F4D10020E0E77CB50D46D5
:1054300000211446009101AA694600F029F80028CD
:105440000AD10199009ACB6949899B1E4B4351436C
:105450005A0849082A6021607CBD000070B50B4DD8
:1054600000244FF40F763146002005F0D1F945F8BD
:10547000240018B1641CE4B2022CF4D304F012FF2F
:10548000022C01D1002800D0012070BD2004002092
:105490002DE9F7438EB014468946002269460EA8CE
:1054A00004F01AFF07007AD1009820600098D0E934
:1054B0000614A21E914202D8C9F800106FE00178CC
:1054C0000025012905D004291AD00026D0F828800B
:1054D0003DE002240290214602A800F0F9FF411CA1
:1054E00003D0012803D020B104E0012757E00227B0
:1054F00055E06D1C0098641CC0698442EBD346E003
:105500000026A41ED0F8348000E046B9414608F1D8
:105510000108009805F0B0F8070040D1009A082172
:10552000901990F83C00C043C0B207E000F00103BE
:1055300040081D44491EA4F1010401D0002CF5D1FE
:10554000761CC6F30806002CDFD120E03EB94146A8
:1055500008F10108009805F08FF807001FD10098A6
:1055600001783044022900F13C0004D004F096FA9E
:10557000000106D006E004F0C7FA00B96D1CB61CA5
:1055800001E06D1C361DC6F30806641EDED1C9F8A5
:10559000005000988561417941F00101417111B0DD
:1055A0003846BDE8F08300002DE9FF4FA7B09946CB
:1055B00090460C4627A801F025F8002803DA0B20B6
:1055C0002BB0BDE8F08FFE49002751F8201001B143
:1055D0000F70C0B20790FFF799FEC10701D00320FA
:1055E000EEE7400701D50A20EAE704B9F54C4FF48D
:1055F00000456068109030B910AA03210798FFF7A2
:1056000093FE109820B1A84202D8411E084201D052
:105610000120109020784FF4007600F00F001790D2
:1056200060780146401E012801D8084600E00120AC
:105630000E90A068411EA94205D21021B0FBF1F2E4
:1056400001FB120101B130460B90E068B0F1807FA0
:1056500002D8411E084200D00020B0FBF6F5B9FB8D
:10566000F6F05FEA000915D05FEA080405D14FEAB9
:10567000492000F029FE04000CD00020834613903E
:1056800013AA01210798FFF74FFE50B1B8F1000FA0
:1056900002D004E0112093E7204600F019FE01201B
:1056A0008EE71798000706D413983F2803D93F3890
:1056B0004FF03F0B13901398802807D2B8F1000FDA
:1056C00002D1204600F004FE0E2079E717994A0720
:1056D000BD4911D5179A02F007034FF08062042BE1
:1056E00003D0904201D2802D09D901440F91B0F529
:1056F000805FE3D3FDB126E0802D00D98025179A85
:105700004FF6F57E9207179A4FEAC27205D52AB96D
:1057100001444FF0030A0F9150E322B101444FF0CE
:10572000020A0F9142E3B8F1000F02D1204600F0C7
:10573000CFFD132044E70825B0F5002F03D3402503
:10574000904200D3AD000BF120011291B0FBF5F1B6
:10575000890001F20721B1FBF6F2129906920A4480
:1057600010990A44491E521E8A43A2EB0B0108926B
:105770001491B1EB500FA1D2401AB0FBF5F01C9080
:1057800010289BD39149884298D8C01DC0080E901C
:10579000401E05FB06006902B0FBF1F01E9005FB00
:1057A0000020199000200390074682460B900D9030
:1057B00016900AE00B9840B101282CD00D9880B2C9
:1057C0001A900D98384487B22CE0384600F0D2FD8C
:1057D00080B21A90B84202D07F1CBFB224E00120F0
:1057E00001E00D98401C0D90384401900004000C1D
:1057F00007D0019880B200F0BDFD019989B28842BE
:10580000EFD00D98802804D34FF6FF701A90022035
:1058100009E001200B901A977F1C0D98BFB2401E23
:105820000D9001D100200B901A98C0B204F80A0024
:10583000039906F051FC01461A9804EB0A02000A8B
:10584000507006F049FC039016980AF1020A801C79
:1058500016901FB109FB06F05045ABD10AEB0600CC
:10586000401EB0FBF6F0824603462146199A07987F
:10587000FFF7B3FD00287FF409AF1998002F5044BB
:105880004FF0000A199095D1169805FB06F1401EBD
:1058900005FB0600B0FBF1F01F9001202090089856
:1058A00019900E9809FB06F73044401EB0FBF6FA3B
:1058B000DDE91E010844401C1B9039462046FAF7DA
:1058C000C9FC00201B990DE004EBD00200F0070C8E
:1058D0001178012303FA0CF3194311701B99491E27
:1058E000401C1B9111B1B7EBD00FEDD85046494683
:1058F000CA4500D90846034601902146199A0798DF
:10590000FFF76BFD0028B6D101991998084419904A
:10591000AAEB01005FEA000ACFD11298199006980D
:105920000B9000201A901B900D9039462046FAF7F4
:1059300091FC1A984FF0000A10BB20466FF0070147
:1059400005F030FB201D4FF0FF3105F02BFB02204E
:105950004FF0080A1A9013E01B98012802D91A99EF
:10596000491C01E04FF0FF3104EB0A0005F01AFB7F
:105970001A980AF1040A401C1A901B98401E1B90AA
:105980001B9810B15745E7D80BE00D9803280AD2B1
:105990000D991EA850F821001B90481C0D901B98D3
:1059A00008B15745ECD80B994846494500D80846F8
:1059B000824603462146199A0798FFF70EFD07E035
:1059C00018040020F8F0000800002154FDFFFF7FBC
:1059D000002898D11998504419900B98B0EB0A0000
:1059E0000B90A2D139462046FAF734FC8320207070
:1059F000812084F82000022104F1340005F0D2FA5D
:105A000004F138000E9905F0CDFA822084F84000A8
:105A100004F14400039905F0C5FA1E9904F15400FD
:105A2000891C0C9005F0BEFA04F1580016991590E7
:105A300005F0B8FADDE91E01014408982F4605FB80
:105A40000100199048464F4500D838468246034623
:105A50002146199A0798FFF7C0FC0028B9D13146B2
:105A60002046FAF7F7FB1998B7EB0A07504419904C
:105A7000E8D10020019004F14000249008301299F0
:105A8000D9462390A1EB0900269004F150001B9009
:105A90000C301D90001D1A90001D0A90001D2590CD
:105AA00031462046FAF7D6FBFBA0002701682160AB
:105AB00041686160008920812020A0725A463B46DF
:105AC000249805F077FA0023139A239805F072FAC8
:105AD00026991B9805F066FA06990C9805F062FA6B
:105AE000DDE9141005F05EFADDE91C1005F05AFA44
:105AF000DDE91E010144891C1A9805F053FA0F993B
:105B00000A9805F04FFA4FF48071259805F077FA5E
:105B100084F86C70304604E094F86C10491C84F8EA
:105B20006C104008F8D184F86D702F4605E000BF76
:105B300094F86D00401C84F86D007F08F8D10120B6
:105B400084F86E00802084F86F004FF6EB6104F15A
:105B5000780005F054FA4AF6552A514604F5FF70CC
:105B600005F04DFA0020039005E06A2F42D06B2F1C
:105B70003ED0702F3AD0E05D039906F0ADFA7F1C5D
:105B80000390B742F1D34A4609F1010901232146A6
:105B90000798FFF722FC00287FF478AD31462046B5
:105BA000FAF758FBA0195146801E05F028FA4FF06D
:105BB000010A00270399E05D7F1C06F08DFA03902F
:105BC000B742F7D34A4609F1010901232146079854
:105BD000FFF703FC0028DFD10AF1010ABAF1090F2F
:105BE000E7D331462046FAF735FB19E07127C2E7C3
:105BF0006C27BAE76B27B8E7E05D7F1C039906F0D6
:105C00006BFA0390B742F7D34A4609F10109012321
:105C100021460798FFF7E1FB0028BDD10AF1010AF0
:105C2000BAF10B0F4FF00007E6D3E019039905F026
:105C3000B9F93F1DB742F8D34A4609F101090123DA
:105C400021460798FFF7C9FB0028A5D10198401C01
:105C500001900228FFF424AF02E200BF00214FEAC6
:105C6000504C01278F4B01E07F00491C33F8112075
:105C70000AB16245F8D9B0FBF7F106EB8102D21DFB
:105C8000B2FBF6F206922022039200220D92714599
:105C90007FF614AD844A91423FF610AD2CE000BF70
:105CA000804A002101274FEA103C0E3A01E07F00B4
:105CB000491C32F811300BB16345F8D9B0FBF7F14C
:105CC00040F6F572914203D9042202EB410107E04C
:105CD00001EB41010322491C4FF0010A02EB510183
:105CE0003144491EB1FBF6F10691012103910B9954
:105CF0004901B1FBF6F10D91039A0BEB02011291F0
:105D00000D9A8B180E9A069901FB023210995318BE
:105D1000491E5B1E8B43991ABAF1030F2DD00E9BBF
:105D2000B1FBF3FC03FB1C1333B1039B5B1C03931C
:105D3000129B5B1C491E12930E9BB1FBF3F3069959
:105D40001944069102EB0712A2EB0B018142A3D882
:105D500003990E9A431A069901FB12320D99511AB2
:105D6000B1FBF7F11C91BAF1030F0DD0BAF1020F9C
:105D700013D0BAF1010F2FD033E0039B0B440393F0
:105D8000129B19441291DDE71C99714529D8002D09
:105D90007FF494AC7D0811D190E41C99714511D920
:105DA0003DB94021B1EB470F03D37D002F0085D1D2
:105DB00076E71799890709D54FF0030A2F007FF47A
:105DC0005AAF4BE740F6F57291420AD8002DE3D165
:105DD0007D00802DEAD971E41C9840F6F571884267
:105DE000DAD831462046FAF735FA30A0016821604A
:105DF00041686160008920813020A072314604F141
:105E00000B0005F0FCF86773039881B204F10E00F3
:105E100005F0F5F80E982074BAF1030F0FD00B9827
:105E200081B204F1110005F0EAF81399B1F5803F51
:105E300007D289B204F1130005F0E1F805E0002073
:105E4000EEE704F1200005F0ADF8F82060753F2181
:105E500004F1180005F0D3F8FF2104F11A0005F051
:105E6000CEF8594604F11C0005F09CF829250F993D
:105E7000BAF1030F3BD004F1270005F093F8069820
:105E800081B204F1160005F0BAF8802084F82400ED
:105E900084F8265013220FE0EB7690455846415483
:105EA00020202000EAF00008F5FFFF0FEBFE904DE8
:105EB00053444F53352E300082A104F12B0000BF14
:105EC000FAF7AFF94AF6552504F5FF702946019017
:105ED00005F095F801235A4621460798FFF77DFA09
:105EE00000287FF4D3ABBAF1030F22D052E004F1C3
:105EF000430005F057F804F12400069905F052F824
:105F0000022104F12C0005F04DF8012104F13000CC
:105F100005F075F8062104F1320005F070F88020D4
:105F200084F8400084F8425013226BA104F147002A
:105F3000C6E701230BF1060221460798FFF74DFA49
:105F400031462046FAF786F96849204605F02AF8D6
:105F5000674904F5F27005F025F81C9904F5F47012
:105F6000491E05F01FF8022104F5F67005F01AF835
:105F70002946019805F043F801230BF10702214659
:105F80000798FFF72AFA01230BF10102214607982F
:105F9000FFF723FA09FB06F12046FAF75BF9002028
:105FA000DDF848B025E000BFBAF1030F2FD0BAF1F9
:105FB000010F3BD06FF007014FEA040004F0F2FF3D
:105FC000069D48464D4500D82846034601905A464E
:105FD00021460798FFF701FA00287FF457AB3146B6
:105FE0002046FAF737F901998B446D1AE9D10498E4
:105FF000401C014604900E988142D5D3BAF1030F9C
:1060000000D00D9F48464F4512D9054611E06FF06C
:106010000701204604F0C6FF4FF0FF31201D04F0B9
:10602000C1FF6FF0704104F10800C7E73149C3E7D1
:106030003D462B465A4621460798FFF7CEF90028E1
:10604000CBD1AB447F1BDDD1BAF1040F08D0BAF13C
:10605000030F07D01398B0F5803F05D3062207E061
:10606000072205E00C2203E0BAF1020F12D0012250
:106070001798000717D413982190002022902346E8
:1060800021A90798FEF7D7FE05000CD0B8F1000F44
:1060900002D004E00422EBE7204600F019F928467C
:1060A0002BB0BDE8F08F002211460798FFF73CF9AE
:1060B000002892D1B8F1000F02D1204600F008F973
:1060C0000020EDE74E4F204E414D45202020204638
:1060D00041542020202020004E4F204E414D45208D
:1060E000202020464154333220202000525261416A
:1060F00072724161F8FFFF0017B581B01446029833
:106100000090684600F07EFA002802DA0B2004B006
:1061100010BD0B4A002352F8201011B142F8203074
:106120000B70019919B148700B7042F820102CB116
:10613000002201A902A804F0CFF8E8E70020E6E772
:1061400018040020F1B59EB0022269461EA804F092
:10615000C3F8002860D100984FF4803701AE007872
:10616000042806D020220B213046FAF76CF80024D0
:1061700049E018213046FAF76DF800241DE01EA80A
:1061800004F0B3FF0546B84209D3681C43D00A2C7B
:1061900041D2290C06EB440004F031FF641CD5B356
:1061A00029464848FAF761F8A8BB0B2C33D2A9B2AC
:1061B00006EB440004F023FF641C1E98007820289E
:1061C000DDD232E01EA804F090FFB84223D200F0E6
:1061D000D1F84FF46A7100F0A5F805001BD0014614
:1061E0003848C01FFAF741F8A8B9FF2D01D90A2095
:1061F00000E00B20A0420ED9FF2D02D9280A30550D
:10620000641C3555641C1E9800782028DAD29DF84D
:106210000400E52803D106201FB0F0BD641E24B1A0
:10622000301910F8010C2028F8D0009808900020B0
:1062300001460A9008A8FFF71EF80028ECD10121BA
:1062400008A8FEF7A6FF0125B0B10428E4D100207C
:10625000002CE1D0012108A8FEF7B8FE0028DBD110
:1062600020211798F9F7F6FF00980078042825D028
:1062700017990820C87204E00098007804280CD010
:10628000A4B117980199016002994160BDF80C1002
:1062900001819DF80E1081720BE01798162201A95A
:1062A00044701798801CF9F7BCFF02E01799E520AD
:1062B00008700098057104F0B3FEADE717998320CC
:1062C0000870EAE7D0F000080146002004F0A0BA08
:1062D0000146002004F06EBAF0B502460020802A84
:1062E00001D21046F0BDB1F56A7FFBD10C4E002300
:1062F00045F220551024E91A03EB510136F82170BC
:10630000974206D001D20B4600E00D46641EF2D142
:10631000F0BD002CFCD006EB81004088F0BD0000F1
:106320008C450208F0B50023802801D283B21DE01D
:10633000B0F5803F1AD2B1F56A7F17D10C4D00211C
:1063400086B245F220541022601A01EB500035F855
:106350002070B74206D001D2014600E00446521E2A
:10636000F2D103E012B105EB800043881846F0BD7E
:1063700008F1000830B5B0F5803F20D280B2B0F50A
:10638000805F01D21B4900E01B4931F8022B002A33
:1063900015D0904213D331F8024B230AE5B252FADA
:1063A00084F4844221D9092B09D2DFE803F00509DE
:1063B0000E10121416181A00801A31F8100030BD91
:1063C000811A01F00101401A0DE010380BE020386D
:1063D00009E0303807E01A3805E0083003E05038AB
:1063E00001E0A0F5E35080B230BD002BCDD101EB30
:1063F0004501CAE7109A0308029C030870B50446D9
:1064000016460D46C0690FE0012802D92A1A921CCF
:1064100000E03246291A491C206804F0F5FB0028E8
:1064200004D1E069401EE0610028EDD170BD2DE986
:10643000F0470646C0698D1E801E9146A84200D8CE
:1064400000252C46A84600274FF4007A706B00EB1D
:106450001431304604F010F918B14FF0FF30BDE8A8
:10646000F08704F0070201209040F269C4F3C801EC
:10647000C0B25346921E06EB010C641C9CF83CC053
:106480000CEA000C4006000E944202D30024204681
:106490001946BCF1000F05D0A0460027AC4207D139
:1064A0000020DCE77F1C4F45F8D108F10200D6E759
:1064B0000028E0D10120491C9942DCD3C6E7000046
:1064C00002490A681206FCD5486070470010014076
:1064D0002DE9F04106680C46022973D3F169A14207
:1064E00070D932784FF0FF35012A09D0022A2CD01A
:1064F000E90D01EA8407032A36D0042A7ED141E05F
:10650000B06A04EB540700EB5721304604F0B4F8AE
:10651000002874D1C7F3080030447F1C90F83C80F9
:10652000B06A00EB5721304604F0A6F848BBC7F329
:106530000800304490F83C1048EA0120E10701D0FF
:1065400005095CE0C0F30B0559E0B06A00EB1421CB
:10655000304604F091F8A0B9E0B206EB40003C30C0
:1065600003F0D2FA05464AE0B06A00EBD411304697
:1065700004F082F828B9B8193C3003F08FFA20F003
:1065800070453CE0D0E9041251EA020301D083686F
:106590000BB9C379B3B98368E31A491E42F1FF32DC
:1065A000490A41EAC2517289B1FBF2FCC1796FF02C
:1065B0000042022907D003290DD002291ED0C0694C
:1065C00020B90DE01AE0634518D801D1154616E050
:1065D00004F1010513E081699942F0D9651C0EE0D0
:1065E000B06A00EBD411304604F046F838B9B81957
:1065F0003C3003F053FA20F0004500E00125284626
:10660000BDE8F08110B504464FF0FF3021680A0064
:1066100011D000BF11F8013B202B0DD33A2BF9D13B
:106620001378303B092B06D8921C8A4203D1022BE7
:1066300001DA1846216010BD002010BD10B50448D5
:10664000FBF78CFA042801D0012010BD002010BDFA
:106650008CC0012070B50A490646002408884D8880
:1066600021464543204603F037F803F007FA4FF080
:10667000D84002E0A0F88060641CAC42FAD370BD40
:106680002C0400202DE9F04F38492C260A46887149
:1066900092884FF4305A4FF4285B41F6631E2B2743
:1066A0004FF02A0C4FF0F00845F210594FF448759E
:1066B0004FF4A0744FF4F07358B10C80A1F802802D
:1066C0004A4530D1A1F808A0A1F80AB03802888163
:1066D00041E0A1F800804C804A4507D1A1F808A00C
:1066E000A1F80AB04FF42C50888105E072450E8164
:1066F00005D14F81A1F80CC00B804D8002E0A1F8BC
:106700000AC08F81A2F5A640103803D0A2F5EE4052
:10671000963801D10C804B80A2F5184006381FD165
:106720000B804D801CE0724511D0A2F51840063850
:106730000DD00E81A1F80AC0A1F80C70A2F5A640F8
:1067400010380BD0A2F5EE40963807D008E00E8145
:10675000A1F80AC08F810D804B80EFE70B804C8041
:10676000BDE8F04F002002F0D7BE00002C0400204E
:106770002DE9FF4F804600251446032082B00F46C6
:10678000A0EB440651E0381B81B208EB050A0190EA
:106790001FFA8AF0059A00F09BF8781B009081B2EE
:1067A00008EB04091FFA89F0059A00F091F807EB4D
:1067B000050B1FFA8BF11FFA89F0059A00F088F893
:1067C00007EB04091FFA89F11FFA8AF0059A00F015
:1067D0007FF8A8EB050A1FFA89F11FFA8AF0059ADB
:1067E00000F076F8A8EB04091FFA8BF11FFA89F084
:1067F000059A00F06DF80198059A81B21FFA8AF0A7
:1068000000F066F80098059A81B21FFA89F000F04E
:106810005FF86D1C002E03DA06EB8506B61D04E05A
:10682000281B06EB8006641E0A36A542ABDD06B0C7
:10683000BDE8F08F2DE9FE4F161ACDE900104FF09C
:1068400000085D1A47464FF0FF30002E02DD4FF082
:10685000010102E003D14FF000018B4602E08346C4
:10686000C6F10006002D02DD4FF0010002E003D169
:106870004FF00000824602E08246C5F10005AE42BC
:1068800001DD344600E02C46601C4FF00009029008
:1068900019E000980C9A81B2019880B200F018F8C3
:1068A000B0442F44A04504DD0198A8EB04085844E7
:1068B0000190A74203DD00983F1B5044009009F16E
:1068C00001001FFA80F902998945E2DDBDE8FE8FDB
:1068D00010B5144602F000FF03F0D0F84FF0D84096
:1068E000A0F8804010BD2DE9F8411D46079C1646D2
:1068F000884607460B460094FFF79CFF3A462B4616
:10690000414610460094FFF795FF2B463246194644
:1069100038460094FFF78EFF32462B46414610461C
:106920000094FFF787FFBDE8F88110B5CF2003F092
:1069300099F8002003F08AF8C12003F087F830208E
:1069400003F084F8ED2003F08DF8642003F07EF866
:10695000032003F07BF8122003F078F8812003F085
:1069600075F8E82003F07EF8852003F06FF810201A
:1069700003F06CF87A2003F069F8CB2003F072F88A
:10698000392003F063F82C2003F060F8002003F0B6
:106990005DF8342003F05AF8022003F057F8F7208E
:1069A00003F060F8202003F051F8EA2003F05AF8D1
:1069B000002003F04BF8002003F048F8C02003F05B
:1069C00051F81B2003F042F8C12003F04BF80120DE
:1069D00003F03CF8C52003F045F8302003F036F80A
:1069E000302003F033F8C72003F03CF8B72003F061
:1069F0002DF8362003F036F8482003F027F83A2027
:106A000003F030F8552003F021F8B12003F02AF804
:106A1000002003F01BF81A2003F018F8B62003F04A
:106A200021F80A2003F012F8A22003F00FF8F22058
:106A300003F018F8002003F009F8262003F012F8FC
:106A4000012003F003F8E02003F00CF80F2002F01F
:106A5000FDFF2A2002F0FAFF282002F0F7FF0820AD
:106A600002F0F4FF0E2002F0F1FF082002F0EEFF2A
:106A7000542002F0EBFFA92002F0E8FF432002F0CF
:106A8000E5FF0A2002F0E2FF0F2002F0DFFF002006
:106A900002F0DCFF002002F0D9FF002002F0D6FF58
:106AA000002002F0D3FFE12002F0DCFF002002F022
:106AB000CDFF152002F0CAFF172002F0C7FF072004
:106AC00002F0C4FF112002F0C1FF062002F0BEFF59
:106AD0002B2002F0BBFF562002F0B8FF3C2002F052
:106AE000B5FF052002F0B2FF102002F0AFFF0F202B
:106AF00002F0ACFF3F2002F0A9FF3F2002F0A6FF0A
:106B00000F2002F0A3FF2B2002F0ACFF002002F0C8
:106B10009DFF002002F09AFF012002F097FF3F2026
:106B200002F094FF2A2002F09DFF002002F08EFF69
:106B3000002002F08BFF002002F088FFEF2002F01F
:106B400085FF112002F08EFF7820FEF71FFABDE8C6
:106B50001040292002F086BF10B5FF2002F082FF0E
:106B6000FF2002F073FF982002F070FF062002F071
:106B70006DFFBC2002F076FF012002F067FF0F20BE
:106B800002F064FF612002F061FFFF2002F05EFF6F
:106B9000012002F05BFF012002F058FF0B2002F001
:106BA00055FF102002F052FF372002F04FFF632004
:106BB00002F04CFFFF2002F049FFFF2002F046FFE9
:106BC000012002F043FF012002F040FF002002F00C
:106BD0003DFF002002F03AFFFF2002F037FF522075
:106BE00002F034FF012002F031FF002002F02EFFFE
:106BF000402002F02BFFBD2002F034FF012002F004
:106C000025FF232002F022FF452002F01FFF67200E
:106C100002F01CFF012002F019FF232002F016FFF2
:106C2000452002F013FF672002F010FFBE2002F0A3
:106C300019FF002002F00AFF012002F007FFAB203D
:106C400002F004FF602002F001FF222002F0FEFEAD
:106C5000222002F0FBFE222002F0F8FE222002F0A9
:106C6000F5FE222002F0F2FEC72002F0FBFE3620E5
:106C700002F0ECFEED2002F0F5FE7F2002F0E6FED1
:106C80000F2002F0E3FEC02002F0ECFE0F2002F025
:106C9000DDFE0B2002F0DAFE0A2002F0D7FEFC2017
:106CA00002F0E0FE082002F0D1FEDF2002F0DAFE62
:106CB000002002F0CBFE002002F0C8FE002002F00F
:106CC000C5FE002002F0C2FE002002F0BFFE202020
:106CD00002F0BCFEF32002F0C5FE742002F0B6FE06
:106CE000B42002F0BFFE002002F0B0FE002002F04F
:106CF000ADFE002002F0AAFEF72002F0B3FE8220D3
:106D000002F0A4FEB12002F0ADFE002002F09EFED3
:106D1000132002F09BFE132002F098FEF22002F0F6
:106D2000A1FE802002F092FE042002F08FFE40209F
:106D300002F08CFE282002F089FEC12002F092FEB3
:106D4000172002F083FE882002F080FE882002F0E7
:106D50007DFE202002F07AFEE02002F083FE00207B
:106D600002F074FE0A2002F071FE122002F06EFEA4
:106D7000102002F06BFE0E2002F068FE202002F0D0
:106D800065FECC2002F062FE072002F05FFE0620C6
:106D900002F05CFE0B2002F059FE0E2002F056FEBF
:106DA0000F2002F053FE0D2002F050FE152002F0DD
:106DB0004DFE102002F04AFE002002F047FEE120C6
:106DC00002F050FE002002F041FE0B2002F03EFED9
:106DD000132002F03BFE0D2002F038FE0E2002F0E0
:106DE00035FE1B2002F032FE712002F02FFE06203D
:106DF00002F02CFE062002F029FE0A2002F026FEF8
:106E00000F2002F023FE0E2002F020FE0F2002F0E1
:106E10001DFE152002F01AFE0C2002F017FE0020C5
:106E200002F014FE2A2002F01DFE002002F00EFEE9
:106E3000002002F00BFE012002F008FEDF2002F02D
:106E400005FE2B2002F00EFE002002F0FFFD0020C8
:106E500002F0FCFD032002F0F9FD1F2002F0F6FD18
:106E60003A2002F0FFFD552002F0F0FD362002F03E
:106E7000F9FD002002F0EAFD112002F0F3FD782078
:106E8000FEF784F8292002F0EDFD1420FEF77EF8CD
:106E9000BDE810402C2002F0E5BD10B5ED2002F059
:106EA000E1FD012002F0D2FDFE2002F0CFFDEE2038
:106EB00002F0D8FDDE2002F0C9FD212002F0C6FD5F
:106EC000F12002F0CFFD012002F0C0FDDF2002F032
:106ED000C9FD102002F0BAFDC42002F0C3FD8F20CE
:106EE00002F0B4FDC62002F0BDFD002002F0AEFDB0
:106EF000E22002F0ABFDE22002F0A8FDE22002F069
:106F0000A5FDBF2002F0AEFDAA2002F09FFDB0203B
:106F100002F0A8FD0D2002F099FD002002F096FD80
:106F20000D2002F093FD002002F090FD112002F0F0
:106F30008DFD002002F08AFD192002F087FD00205F
:106F400002F084FD212002F081FD002002F07EFD90
:106F50002D2002F07BFD002002F078FD3D2002F0A4
:106F600075FD002002F072FD5D2002F06FFD002033
:106F700002F06CFD5D2002F069FD002002F066FD6C
:106F8000B12002F06FFD802002F060FD002002F0D1
:106F90005DFD8B2002F05AFD002002F057FD962087
:106FA00002F054FD002002F051FDB22002F05AFD23
:106FB000002002F04BFD002002F048FD022002F00C
:106FC00045FD002002F042FD032002F03FFD0020BD
:106FD00002F03CFDB32002F045FD002002F036FD3A
:106FE000002002F033FD002002F030FD002002F00E
:106FF0002DFD002002F02AFD002002F027FD0020D8
:1070000002F024FD002002F021FD002002F01EFD10
:10701000002002F01BFD002002F018FD002002F00D
:1070200015FD002002F012FD002002F00FFD0020EF
:1070300002F00CFD002002F009FD002002F006FD28
:10704000002002F003FD002002F000FD002002F00D
:10705000FDFC002002F0FAFC002002F0F7FC00200A
:1070600002F0F4FC002002F0F1FCB42002F0FAFC83
:107070008B2002F0EBFC002002F0E8FC962002F0EE
:10708000E5FC002002F0E2FCA12002F0DFFC002081
:1070900002F0DCFCB52002F0E5FC022002F0D6FC98
:1070A000002002F0D3FC032002F0D0FC002002F00C
:1070B000CDFC042002F0CAFC002002F0C7FCB62080
:1070C00002F0D0FC002002F0C1FC002002F0BEFC67
:1070D000B72002F0C7FC002002F0B8FC002002F04C
:1070E000B5FC3F2002F0B2FC002002F0AFFC5E20B5
:1070F00002F0ACFC002002F0A9FC642002F0A6FC27
:10710000002002F0A3FC8C2002F0A0FC002002F082
:107110009DFCAC2002F09AFC002002F097FCDC20E1
:1071200002F094FC002002F091FC702002F08EFC32
:10713000002002F08BFC902002F088FC002002F07E
:1071400085FCEB2002F082FC002002F07FFCDC20BA
:1071500002F07CFC002002F079FCB82002F082FCF6
:10716000002002F073FC002002F070FC002002F00E
:107170006DFC002002F06AFC002002F067FC002099
:1071800002F064FC002002F061FC002002F05EFCD2
:10719000BA2002F067FC242002F058FC002002F024
:1071A00055FC002002F052FC002002F04FFCC120F0
:1071B00002F058FC202002F049FC002002F046FCBE
:1071C000542002F043FC002002F040FCFF2002F0BB
:1071D0003DFC002002F03AFCC22002F043FC0A20F1
:1071E00002F034FC002002F031FC042002F02EFCFE
:1071F000002002F02BFCC32002F034FC3C2002F003
:1072000025FC002002F022FC3A2002F01FFC0020A6
:1072100002F01CFC392002F019FC002002F016FCE0
:10722000372002F013FC002002F010FC3C2002F09A
:107230000DFC002002F00AFC362002F007FC0020C2
:1072400002F004FC322002F001FC002002F0FEFB00
:107250002F2002F0FBFB002002F0F8FB2C2002F0B4
:10726000F5FB002002F0F2FB292002F0EFFB0020EA
:1072700002F0ECFB262002F0E9FB002002F0E6FB26
:10728000242002F0E3FB002002F0E0FB242002F0C7
:10729000DDFB002002F0DAFB232002F0D7FB002008
:1072A00002F0D4FB3C2002F0D1FB002002F0CEFB28
:1072B000362002F0CBFB002002F0C8FB322002F0A7
:1072C000C5FB002002F0C2FB2F2002F0BFFB002014
:1072D00002F0BCFB2C2002F0B9FB002002F0B6FB50
:1072E000292002F0B3FB002002F0B0FB262002F0C0
:1072F000ADFB002002F0AAFB242002F0A7FB002037
:1073000002F0A4FB242002F0A1FB002002F09EFB6F
:10731000232002F09BFB002002F098FBC42002F027
:10732000A1FB622002F092FB002002F08FFB0520FF
:1073300002F08CFB002002F089FB842002F086FB27
:10734000002002F083FBF02002F080FB002002F01E
:107350007DFB182002F07AFB002002F077FBA420CE
:1073600002F074FB002002F071FB182002F06EFBAB
:10737000002002F06BFB502002F068FB002002F0BE
:1073800065FB0C2002F062FB002002F05FFB17207F
:1073900002F05CFB002002F059FB952002F056FB46
:1073A000002002F053FBF32002F050FB002002F01B
:1073B0004DFBE62002F04AFB002002F047FBC5200F
:1073C00002F050FB322002F041FB002002F03EFBB5
:1073D000442002F03BFB002002F038FB652002F065
:1073E00035FB002002F032FB762002F02FFB00205C
:1073F00002F02CFB882002F029FB002002F026FB83
:10740000C62002F02FFB202002F020FB002002F01B
:107410001DFB172002F01AFB002002F017FB0120D1
:1074200002F014FB002002F011FBC72002F01AFB4F
:10743000002002F00BFB002002F008FB002002F00D
:1074400005FB002002F002FBC82002F00BFB00202D
:1074500002F0FCFA002002F0F9FA002002F0F6FA3D
:10746000002002F0F3FAC92002F0FCFA002002F03A
:10747000EDFA002002F0EAFA002002F0E7FA00201C
:1074800002F0E4FA002002F0E1FA002002F0DEFA55
:10749000002002F0DBFA002002F0D8FA002002F00F
:1074A000D5FA002002F0D2FA002002F0CFFA002034
:1074B00002F0CCFA002002F0C9FA002002F0C6FA6D
:1074C000002002F0C3FA002002F0C0FAE02002F02F
:1074D000C9FA162002F0BAFA002002F0B7FA1C200E
:1074E00002F0B4FA002002F0B1FA212002F0AEFA64
:1074F000002002F0ABFA362002F0A8FA002002F0D9
:10750000A5FA462002F0A2FA002002F09FFA5220CB
:1075100002F09CFA002002F099FA642002F096FA38
:10752000002002F093FA7A2002F090FA002002F094
:107530008DFA8B2002F08AFA002002F087FA992057
:1075400002F084FA002002F081FAA82002F07EFA0C
:10755000002002F07BFAB92002F078FA002002F055
:1075600075FAC42002F072FA002002F06FFACA2005
:1075700002F06CFA002002F069FAD22002F066FAFA
:10758000002002F063FAD92002F060FA002002F035
:107590005DFAE02002F05AFA002002F057FAF320D8
:1075A00002F054FA002002F051FAE12002F05AFAF7
:1075B000162002F04BFA002002F048FA1C2002F0DC
:1075C00045FA002002F042FA222002F03FFA0020A1
:1075D00002F03CFA362002F039FA002002F036FAC6
:1075E000452002F033FA002002F030FA522002F077
:1075F0002DFA002002F02AFA642002F027FA002077
:1076000002F024FA7A2002F021FA002002F01EFA99
:107610008B2002F01BFA002002F018FA992002F0E9
:1076200015FA002002F012FAA82002F00FFA00204A
:1076300002F00CFAB92002F009FA002002F006FA72
:10764000C42002F003FA002002F000FACA2002F07F
:10765000FDF9002002F0FAF9D22002F0F7F900203B
:1076600002F0F4F9D82002F0F1F9002002F0EEF96E
:10767000E02002F0EBF9002002F0E8F9F32002F03C
:10768000E5F9002002F0E2F9E22002F0EBF9052032
:1076900002F0DCF9002002F0D9F90B2002F0D6F953
:1076A000002002F0D3F91B2002F0D0F9002002F0F4
:1076B000CDF9342002F0CAF9002002F0C7F94420C5
:1076C00002F0C4F9002002F0C1F94F2002F0BEF927
:1076D000002002F0BBF9612002F0B8F9002002F0AE
:1076E000B5F9792002F0B2F9002002F0AFF9882054
:1076F00002F0ACF9002002F0A9F9972002F0A6F9F7
:10770000002002F0A3F9A62002F0A0F9002002F068
:107710009DF9B72002F09AF9002002F097F9C220F3
:1077200002F094F9002002F091F9C72002F08EF9DE
:10773000002002F08BF9D12002F088F9002002F03D
:1077400085F9D62002F082F9002002F07FF9DD20D1
:1077500002F07CF9002002F079F9F32002F076F9CA
:10776000002002F073F9E32002F07CF9052002F01A
:107770006DF9002002F06AF90A2002F067F9002092
:1077800002F064F91C2002F061F9002002F05EF9B9
:10779000332002F05BF9002002F058F9442002F097
:1077A00055F9002002F052F9502002F04FF9002064
:1077B00002F04CF9622002F049F9002002F046F98B
:1077C000782002F043F9002002F040F9882002F00E
:1077D0003DF9002002F03AF9972002F037F9002035
:1077E00002F034F9A62002F031F9002002F02EF95F
:1077F000B72002F02BF9002002F028F9C22002F095
:1078000025F9002002F022F9C72002F01FF900201C
:1078100002F01CF9D12002F019F9002002F016F94B
:10782000D52002F013F9002002F010F9DD2002F05B
:107830000DF9002002F00AF9F32002F007F9002008
:1078400002F004F9E42002F00DF9012002F0FEF844
:10785000002002F0FBF8012002F0F8F8002002F00E
:10786000F5F8022002F0F2F8002002F0EFF82A20EA
:1078700002F0ECF8002002F0E9F83C2002F0E6F813
:10788000002002F0E3F84B2002F0E0F8002002F0C4
:10789000DDF85D2002F0DAF8002002F0D7F874205D
:1078A00002F0D4F8002002F0D1F8842002F0CEF8E3
:1078B000002002F0CBF8932002F0C8F8002002F07C
:1078C000C5F8A22002F0C2F8002002F0BFF8B320F1
:1078D00002F0BCF8002002F0B9F8BE2002F0B6F8C1
:1078E000002002F0B3F8C42002F0B0F8002002F04B
:1078F000ADF8CD2002F0AAF8002002F0A7F8D320BE
:1079000002F0A4F8002002F0A1F8DD2002F09EF8B9
:10791000002002F09BF8F32002F098F8002002F01B
:1079200095F8E52002F09EF8002002F08FF8002084
:1079300002F08CF8002002F089F8002002F086F8AE
:10794000022002F083F8002002F080F8292002F0E3
:107950007DF8002002F07AF83C2002F077F8002051
:1079600002F074F84B2002F071F8002002F06EF87B
:107970005D2002F06BF8002002F068F8742002F03D
:1079800065F8002002F062F8842002F05FF8002021
:1079900002F05CF8932002F059F8002002F056F84B
:1079A000A22002F053F8002002F050F8B32002F0B9
:1079B0004DF8002002F04AF8BE2002F047F80020FF
:1079C00002F044F8C42002F041F8002002F03EF832
:1079D000CD2002F03BF8002002F038F8D32002F06E
:1079E00035F8002002F032F8DC2002F02FF80020F9
:1079F00002F02CF8F32002F029F8002002F026F81B
:107A0000E62002F02FF8112002F020F8002002F00A
:107A10001DF8342002F01AF8002002F017F8562062
:107A200002F014F8002002F011F8762002F00EF8AF
:107A3000002002F00BF8772002F008F8002002F096
:107A400005F8662002F002F8002001F0FFFF882010
:107A500001F0FCFF002001F0F9FF992001F0F6FF92
:107A6000002001F0F3FFBB2001F0F0FF002001F047
:107A7000EDFF992001F0EAFF002001F0E7FF66200A
:107A800001F0E4FF002001F0E1FF552001F0DEFFEE
:107A9000002001F0DBFF552001F0D8FF002001F0AD
:107AA000D5FF452001F0D2FF002001F0CFFF432099
:107AB00001F0CCFF002001F0C9FF442001F0C6FF17
:107AC000002001F0C3FFE72001F0CCFF322001F0DD
:107AD000BDFF002001F0BAFF552001F0B7FF0020E4
:107AE00001F0B4FF762001F0B1FF002001F0AEFFFD
:107AF000662001F0ABFF002001F0A8FF672001F035
:107B0000A5FF002001F0A2FF672001F09FFF0020E9
:107B100001F09CFF872001F099FF002001F096FF03
:107B2000992001F093FF002001F090FFBB2001F0AD
:107B30008DFF002001F08AFF992001F087FF0020CF
:107B400001F084FF772001F081FF002001F07EFF2B
:107B5000442001F07BFF002001F078FF562001F067
:107B600075FF002001F072FF232001F06FFF00205D
:107B700001F06CFF332001F069FF002001F066FF87
:107B8000452001F063FF002001F060FFE82001F0D4
:107B900069FF002001F05AFF002001F057FF9920F3
:107BA00001F054FF002001F051FF872001F04EFF4B
:107BB000002001F04BFF882001F048FF002001F079
:107BC00045FF772001F042FF002001F03FFF6620D3
:107BD00001F03CFF002001F039FF882001F036FF62
:107BE000002001F033FFAA2001F030FF002001F057
:107BF0002DFFBB2001F02AFF002001F027FF992074
:107C000001F024FF002001F021FF662001F01EFF9B
:107C1000002001F01BFF552001F018FF002001F0AB
:107C200015FF552001F012FF002001F00FFF442046
:107C300001F00CFF002001F009FF442001F006FFD5
:107C4000002001F003FF552001F000FF002001F0AB
:107C5000FDFEE92001F006FFAA2001F0F7FE00205A
:107C600001F0F4FE002001F0F1FE002001F0EEFE34
:107C7000002001F0F7FEAA2001F0E8FECF2001F07D
:107C8000F1FE002001F0E2FE002001F0DFFE002006
:107C900001F0DCFE002001F0D9FE002001F0D6FE4C
:107CA000002001F0D3FE002001F0D0FE002001F002
:107CB000CDFE002001F0CAFE002001F0C7FE00202A
:107CC00001F0C4FE002001F0C1FE002001F0BEFE64
:107CD000002001F0BBFE002001F0B8FE002001F002
:107CE000B5FE002001F0B2FEF02001F0BBFE002046
:107CF00001F0ACFE502001F0A9FE002001F0A6FE2C
:107D0000002001F0A3FE002001F0A0FEF32001F00E
:107D1000A9FE002001F09AFEF92001F0A3FE062042
:107D200001F094FE102001F091FE292001F08EFE5A
:107D3000002001F08BFE3A2001F094FE552001F066
:107D400085FE112001F08EFE6420FDF71FF9292029
:107D500001F088FE352001F085FE002001F076FE5E
:107D6000512001F07FFEFF2001F070FE532001F052
:107D700079FE2C2001F06AFE552001F073FE82206E
:107D800001F064FEBDE810402C2001F06BBE2DE92F
:107D9000F05F4FF470435521184601F079FE4FF221
:107DA0000104AA21204601F073FE651C52212846D9
:107DB00001F06EFEA61C0821304601F069FEE71CAA
:107DC0000121384601F064FE0D214FF4304001F0EE
:107DD0005FFE0D214BF2010001F05AFE0D214BF226
:107DE000020001F055FE4FF436483421404601F0C0
:107DF0004FFE34214BF2016001F04AFE34214BF278
:107E0000026001F045FE4FF431490D21484601F072
:107E10003FFE4BF2011A0D21504601F039FE0D21B3
:107E20004BF2021001F034FE4FF4374B3421584628
:107E300001F02EFE34214BF2017001F029FE3421B5
:107E40004BF2027001F024FE00214FF4324001F0A9
:107E50001FFE00214BF2012001F01AFE00214BF21F
:107E6000022001F015FE24214FF4384001F010FEED
:107E700024214BF6010001F00BFE24214BF60200F9
:107E800001F006FE01214FF43F4001F001FE0F21F9
:107E90004FF4334001F0FCFD0F214BF2013001F0B3
:107EA000F7FD0F214BF2023001F0F2FD34214FF4C7
:107EB000394001F0EDFD34214BF6011001F0E8FDF1
:107EC00034214BF6021001F0E3FD08214FF4354058
:107ED00001F0DEFD08214BF2015001F0D9FD08212F
:107EE0004BF2025001F0D4FD03214FF4424001F067
:107EF000CFFD24214FF43A4001F0CAFD24214BF676
:107F0000012001F0C5FD24214BF6022001F0C0FD47
:107F100000214FF43C4001F0BBFD78214BF60140BD
:107F200001F0B6FD00214BF6024001F0B1FD002149
:107F30004FF43D4001F0ACFD78214BF6015001F0CB
:107F4000A7FD00214BF6025001F0A2FD00214FF4E5
:107F50003E4001F09DFD64214BF6016001F098FD6B
:107F600000214FF4514001F093FD33214DF20110F7
:107F700001F08EFD00214DF2021001F089FD342147
:107F80004DF2031001F084FD00214DF2041001F0C8
:107F90007FFD3A214DF2051001F07AFD00214DF2EE
:107FA000061001F075FD4A214DF2071001F070FD39
:107FB00000214DF2081001F06BFD5C214DF209101B
:107FC00001F066FD00214DF20A1001F061FD8121F2
:107FD0004DF20B1001F05CFD00214DF20C1001F090
:107FE00057FDA6214DF20D1001F052FD00214DF27A
:107FF0000E1001F04DFDE5214DF20F1001F048FD8E
:1080000001214DF2101001F043FD13214DF211102A
:1080100001F03EFD01214DF2121001F039FD542115
:108020004DF2131001F034FD01214DF2141001F056
:108030002FFD82214DF2151001F02AFD01214DF294
:10804000161001F025FDCA214DF2171001F020FD98
:1080500002214DF2181001F01BFD00214DF2191004
:1080600001F016FD02214DF21A1001F011FD01215F
:108070004DF21B1001F00CFD02214DF21C1001F01D
:1080800007FD34214DF21D1001F002FD02214DF2D9
:108090001E1001F0FDFC67214DF21F1001F0F8FCED
:1080A00002214DF2201001F0F3FC84214DF2211049
:1080B00001F0EEFC02214DF2221001F0E9FCA421B6
:1080C0004DF2231001F0E4FC02214DF2241001F0E6
:1080D000DFFCB7214DF2251001F0DAFC02214DF250
:1080E000261001F0D5FCCF214DF2271001F0D0FC75
:1080F00002214DF2281001F0CBFCDE214DF22910B7
:1081000001F0C6FC02214DF22A1001F0C1FCF2215F
:108110004DF22B1001F0BCFC02214DF22C1001F0AD
:10812000B7FCFE214DF22D1001F0B2FC03214DF2FF
:108130002E1001F0ADFC10214DF22F1001F0A8FC23
:1081400003214DF2301001F0A3FC33214DF2311028
:1081500001F09EFC03214DF2321001F099FC6D21DB
:108160004DF2331001F094FC00214FF4524001F025
:108170008FFC33214DF2012001F08AFC00214DF2E9
:10818000022001F085FC34214DF2032001F080FC37
:1081900000214DF2042001F07BFC3A214DF2052034
:1081A00001F076FC00214DF2062001F071FC4A211D
:1081B0004DF2072001F06CFC00214DF2082001F087
:1081C00067FC5C214DF2092001F062FC00214DF2B8
:1081D0000A2001F05DFC81214DF20B2001F058FCDA
:1081E00000214DF20C2001F053FCA6214DF20D2090
:1081F00001F04EFC00214DF20E2001F049FCE5217A
:108200004DF20F2001F044FC01214DF2102001F04D
:108210003FFC13214DF2112001F03AFC01214DF2F7
:10822000122001F035FC54214DF2132001F030FCF6
:1082300001214DF2142001F02BFC82214DF215207A
:1082400001F026FC01214DF2162001F021FCCA218B
:108250004DF2172001F01CFC02214DF2182001F014
:1082600017FC00214DF2192001F012FC02214DF201
:108270001A2001F00DFC01214DF21B2001F008FC39
:1082800002214DF21C2001F003FC34214DF21D208F
:1082900001F0FEFB02214DF21E2001F0F9FB6721E7
:1082A0004DF21F2001F0F4FB02214DF2202001F0DD
:1082B000EFFB84214DF2212001F0EAFB02214DF277
:1082C000222001F0E5FBA4214DF2232001F0E0FB88
:1082D00002214DF2242001F0DBFBB7214DF22520D5
:1082E00001F0D6FB02214DF2262001F0D1FBCF2177
:1082F0004DF2272001F0CCFB02214DF2282001F0A5
:10830000C7FBDE214DF2292001F0C2FB02214DF214
:108310002A2001F0BDFBF2214DF22B2001F0B8FB29
:1083200002214DF22C2001F0B3FBFE214DF22D2055
:1083300001F0AEFB03214DF22E2001F0A9FB10212C
:108340004DF22F2001F0A4FB03214DF2302001F06B
:108350009FFB33214DF2312001F09AFB03214DF2B6
:10836000322001F095FB6D214DF2332001F090FB9E
:1083700000214FF4534001F08BFB33214DF20130CB
:1083800001F086FB00214DF2023001F081FB342127
:108390004DF2033001F07CFB00214DF2043001F07E
:1083A00077FB3A214DF2053001F072FB00214DF2CE
:1083B000063001F06DFB4A214DF2073001F068FBF9
:1083C00000214DF2083001F063FB5C214DF20930D1
:1083D00001F05EFB00214DF20A3001F059FB8121D2
:1083E0004DF20B3001F054FB00214DF20C3001F046
:1083F0004FFBA6214DF20D3001F04AFB00214DF25A
:108400000E3001F045FBE5214DF20F3001F040FB4D
:1084100001214DF2103001F03BFB13214DF21130E0
:1084200001F036FB01214DF2123001F031FB5421F5
:108430004DF2133001F02CFB01214DF2143001F00C
:1084400027FB82214DF2153001F022FB01214DF274
:10845000163001F01DFBCA214DF2173001F018FB58
:1084600002214DF2183001F013FB00214DF21930BA
:1084700001F00EFB02214DF21A3001F009FB01213F
:108480004DF21B3001F004FB02214DF21C3001F0D3
:10849000FFFA34214DF21D3001F0FAFA02214DF2BB
:1084A0001E3001F0F5FA67214DF21F3001F0F0FAAD
:1084B00002214DF2203001F0EBFA84214DF22130FF
:1084C00001F0E6FA02214DF2223001F0E1FAA42196
:1084D0004DF2233001F0DCFA02214DF2243001F09C
:1084E000D7FAB7214DF2253001F0D2FA02214DF230
:1084F000263001F0CDFACF214DF2273001F0C8FA35
:1085000002214DF2283001F0C3FADE214DF229306C
:1085100001F0BEFA02214DF22A3001F0B9FAF2213F
:108520004DF22B3001F0B4FA02214DF22C3001F063
:10853000AFFAFE214DF22D3001F0AAFA03214DF2DF
:108540002E3001F0A5FA10214DF22F3001F0A0FAE3
:1085500003214DF2303001F09BFA33214DF23130DE
:1085600001F096FA03214DF2323001F091FA6D21BB
:108570004DF2333001F08CFA00214FF4544001F0F9
:1085800087FA33214DF2014001F082FA00214DF2C9
:10859000024001F07DFA34214DF2034001F078FAF7
:1085A00000214DF2044001F073FA3A214DF20540EA
:1085B00001F06EFA00214DF2064001F069FA4A21FD
:1085C0004DF2074001F064FA00214DF2084001F03D
:1085D0005FFA5C214DF2094001F05AFA00214DF298
:1085E0000A4001F055FA81214DF20B4001F050FA9A
:1085F00000214DF20C4001F04BFAA6214DF20D4046
:1086000001F046FA00214DF20E4001F041FAE52159
:108610004DF20F4001F03CFA01214DF2104001F003
:1086200037FA13214DF2114001F032FA01214DF2D7
:10863000124001F02DFA54214DF2134001F028FAB6
:1086400001214DF2144001F023FA82214DF2154030
:1086500001F01EFA01214DF2164001F019FACA216B
:108660004DF2174001F014FA02214DF2184001F0CA
:108670000FFA00214DF2194001F00AFA02214DF2E1
:108680001A4001F005FA01214DF21B4001F000FAF9
:1086900002214DF21C4001F0FBF934214DF21D4046
:1086A00001F0F6F902214DF21E4001F0F1F96721C7
:1086B0004DF21F4001F0ECF902214DF2204001F093
:1086C000E7F984214DF2214001F0E2F902214DF257
:1086D000224001F0DDF9A4214DF2234001F0D8F948
:1086E00002214DF2244001F0D3F9B7214DF225408B
:1086F00001F0CEF902214DF2264001F0C9F9CF2157
:108700004DF2274001F0C4F902214DF2284001F05A
:10871000BFF9DE214DF2294001F0BAF902214DF2F4
:108720002A4001F0B5F9F2214DF22B4001F0B0F9E9
:1087300002214DF22C4001F0ABF9FE214DF22D400B
:1087400001F0A6F903214DF22E4001F0A1F910210C
:108750004DF22F4001F09CF903214DF2304001F021
:1087600097F933214DF2314001F092F903214DF296
:10877000324001F08DF96D214DF2334001F088F95E
:1087800000214FF4554001F083F933214DF201509F
:1087900001F07EF900214DF2025001F079F9342107
:1087A0004DF2035001F074F900214DF2045001F034
:1087B0006FF93A214DF2055001F06AF900214DF2AE
:1087C000065001F065F94A214DF2075001F060F9B9
:1087D00000214DF2085001F05BF95C214DF2095087
:1087E00001F056F900214DF20A5001F051F98121B2
:1087F0004DF20B5001F04CF900214DF20C5001F0FC
:1088000047F9A6214DF20D5001F042F900214DF239
:108810000E5001F03DF9E5214DF20F5001F038F90D
:1088200001214DF2105001F033F913214DF2115096
:1088300001F02EF901214DF2125001F029F95421D5
:108840004DF2135001F024F901214DF2145001F0C2
:108850001FF982214DF2155001F01AF901214DF254
:10886000165001F015F9CA214DF2175001F010F918
:1088700002214DF2185001F00BF900214DF2195070
:1088800001F006F902214DF21A5001F001F901211F
:108890004DF21B5001F0FCF802214DF21C5001F08A
:1088A000F7F834214DF21D5001F0F2F802214DF29B
:1088B0001E5001F0EDF867214DF21F5001F0E8F86D
:1088C00002214DF2205001F0E3F884214DF22150B5
:1088D00001F0DEF802214DF2225001F0D9F8A42176
:1088E0004DF2235001F0D4F802214DF2245001F052
:1088F000CFF8B7214DF2255001F0CAF802214DF210
:10890000265001F0C5F8CF214DF2275001F0C0F8F4
:1089100002214DF2285001F0BBF8DE214DF2295022
:1089200001F0B6F802214DF22A5001F0B1F8F2211F
:108930004DF22B5001F0ACF802214DF22C5001F019
:10894000A7F8FE214DF22D5001F0A2F803214DF2BF
:108950002E5001F09DF810214DF22F5001F098F8A3
:1089600003214DF2305001F093F833214DF2315094
:1089700001F08EF803214DF2325001F089F86D219B
:108980004DF2335001F084F800214FF4564001F0CD
:108990007FF833214DF2016001F07AF800214DF2A9
:1089A000026001F075F834214DF2036001F070F8B7
:1089B00000214DF2046001F06BF83A214DF20560A0
:1089C00001F066F800214DF2066001F061F84A21DD
:1089D0004DF2076001F05CF800214DF2086001F0F3
:1089E00057F85C214DF2096001F052F800214DF278
:1089F0000A6001F04DF881214DF20B6001F048F85A
:108A000000214DF20C6001F043F8A6214DF20D60FB
:108A100001F03EF800214DF20E6001F039F8E52139
:108A20004DF20F6001F034F801214DF2106001F0B9
:108A30002FF813214DF2116001F02AF801214DF2B7
:108A4000126001F025F854214DF2136001F020F876
:108A500001214DF2146001F01BF882214DF21560E6
:108A600001F016F801214DF2166001F011F8CA214B
:108A70004DF2176001F00CF802214DF2186001F080
:108A800007F800214DF2196001F002F802214DF2C1
:108A90001A6000F0FDFF01214DF21B6000F0F8FFAD
:108AA00002214DF21C6000F0F3FF34214DF21D60F5
:108AB00000F0EEFF02214DF21E6000F0E9FF672199
:108AC0004DF21F6000F0E4FF02214DF2206000F043
:108AD000DFFF84214DF2216000F0DAFF02214DF228
:108AE000226000F0D5FFA4214DF2236000F0D0FFFA
:108AF00002214DF2246000F0CBFFB7214DF225603A
:108B000000F0C6FF02214DF2266000F0C1FFCF2128
:108B10004DF2276000F0BCFF02214DF2286000F00A
:108B2000B7FFDE214DF2296000F0B2FF02214DF2C5
:108B30002A6000F0ADFFF2214DF22B6000F0A8FF9B
:108B400002214DF22C6000F0A3FFFE214DF22D60BA
:108B500000F09EFF03214DF22E6000F099FF1021DE
:108B60004DF22F6000F094FF03214DF2306000F0D1
:108B70008FFF33214DF2316000F08AFF03214DF267
:108B8000326000F085FF6D214DF2336000F080FF10
:108B90005521184600F07CFFAA21204600F078FFFE
:108BA0005221284600F074FF0821304600F070FF83
:108BB0000021384600F06CFFCC21484600F068FFE9
:108BC0000021504600F064FF0521404600F060FFA0
:108BD0007021584600F05CFF70214BF2017000F0EC
:108BE00057FF01214FF4384000F052FF03214BF6AC
:108BF000010000F04DFF03214BF6020000F048FF9A
:108C000003214BF6030000F043FF02214FF43C40E8
:108C100000F03EFF00214BF6014000F039FF00213B
:108C20004BF6024000F034FFD0214FF4494000F0F1
:108C30002FFF02214CF6011000F02AFF50214CF6C4
:108C4000021000F025FF50214CF6031000F020FF29
:108C500050214CF6041000F01BFF00214FF454503B
:108C600000F016FF55214FF4685000F011FF4FF44B
:108C7000885000F0F7FE7820FCF788F9BDE8F05F37
:108C80004FF4245000F0EEBE10B5E22000F0EAFEF2
:108C90001D2000F0DBFE022000F0D8FE042000F0D2
:108CA000D5FE6420FCF772F9E02000F0DBFE012025
:108CB00000F0CCFE0A20FCF769F9E02000F0D2FEBB
:108CC000032000F0C3FE0C20FCF760F9012000F047
:108CD000C9FE0A20FCF75AF9E62000F0C3FE2F2057
:108CE00000F0B4FEFF2000F0B1FEFF2000F0AEFE69
:108CF000B02000F0B7FE202000F0A8FE002000F019
:108D0000A5FE032000F0A2FE40F21F3000F09EFE00
:108D1000012000F09BFE40F2DF1000F097FE0020E3
:108D200000F094FEB42000F09DFE042000F08EFEC2
:108D300040F21F4000F08AFE002000F087FE2E2047
:108D400000F084FE002000F081FE002000F07EFE96
:108D5000002000F07BFE002000F078FEB62000F03E
:108D600081FE022000F072FE4FF4037000F06EFEF0
:108D7000002000F06BFE172000F068FE152000F0C8
:108D800065FE002000F062FE002000F05FFEF02093
:108D900000F068FE032000F059FE292000F062FE7A
:108DA000D02000F05FFE002000F050FEBE2000F05A
:108DB00059FE052000F04AFEFE2000F047FE01208B
:108DC00000F044FE002000F041FE002000F03EFED6
:108DD000002000F03BFEB82000F044FE032000F02D
:108DE00035FE012000F032FEBA2000F03BFEBDE867
:108DF0001040012000F02ABE10B5112000F032FE14
:108E00007820FCF7C3F8362000F02CFE002000F09C
:108E10001DFE3A2000F026FE052000F017FEB220CD
:108E200000F020FE0C2000F011FE0C2000F00EFEE1
:108E3000002000F00BFE332000F008FE332000F08D
:108E400005FEB72000F00EFE352000F0FFFDBB2030
:108E500000F008FE322000F0F9FDC02000F002FE14
:108E60000C2000F0F3FDC22000F0FCFD012000F01A
:108E7000EDFDC32000F0F6FD102000F0E7FDC4205A
:108E800000F0F0FD202000F0E1FDC62000F0EAFD3A
:108E90000F2000F0DBFDD02000F0E4FDA42000F066
:108EA000D5FDA12000F0D2FDE02000F0DBFDD020B8
:108EB00000F0CCFD002000F0C9FD022000F0C6FD4E
:108EC000072000F0C3FD0A2000F0C0FD282000F0BC
:108ED000BDFD322000F0BAFD442000F0B7FD422075
:108EE00000F0B4FD062000F0B1FD0E2000F0AEFD54
:108EF000122000F0ABFD142000F0A8FD172000F0B8
:108F0000A5FDE12000F0AEFDD02000F09FFD002087
:108F100000F09CFD022000F099FD072000F096FD76
:108F20000A2000F093FD282000F090FD312000F091
:108F30008DFD542000F08AFD472000F087FD0E20B3
:108F400000F084FD1C2000F081FD172000F07EFD64
:108F50001B2000F07BFD1E2000F078FD2A2000F091
:108F600081FD002000F072FD002000F06FFD002068
:108F700000F06CFDEF2000F069FD2B2000F072FD89
:108F8000002000F063FD002000F060FD012000F0F3
:108F90005DFD3F2000F05AFDBDE81040292000F0A3
:108FA00061BD10B5112000F05DFD7820FBF7EEFFEC
:108FB000362000F057FD482000F048FD3A2000F030
:108FC00051FD552000F042FDF02000F04BFDC32084
:108FD00000F03CFDF02000F045FD962000F036FD4D
:108FE000B42000F03FFD012000F030FDB62000F07D
:108FF00039FD0A2000F02AFDA22000F027FDB7204D
:1090000000F030FDC62000F021FDB92000F02AFD5F
:10901000022000F01BFDE02000F018FDC02000F051
:1090200021FD802000F012FD162000F00FFDC12070
:1090300000F018FD192000F009FDC22000F012FD1B
:10904000A72000F003FDC52000F00CFD162000F065
:10905000FDFCE82000F006FD402000F0F7FC8A202F
:1090600000F0F4FC002000F0F1FC002000F0EEFC29
:10907000292000F0EBFC192000F0E8FCA52000F00E
:10908000E5FC332000F0E2FCE02000F0EBFCF020F7
:1090900000F0DCFC072000F0D9FC0D2000F0D6FC2D
:1090A000042000F0D3FC052000F0D0FC142000F0D8
:1090B000CDFC362000F0CAFC542000F0C7FC4C2048
:1090C00000F0C4FC382000F0C1FC132000F0BEFC0E
:1090D000142000F0BBFC2E2000F0B8FC342000F07F
:1090E000B5FCE12000F0BEFCF02000F0AFFC102049
:1090F00000F0ACFC142000F0A9FC0E2000F0A6FC4F
:109100000C2000F0A3FC082000F0A0FC352000F0AB
:109110009DFC442000F09AFC4C2000F097FC262097
:1091200000F094FC102000F091FC122000F08EFC66
:109130002C2000F08BFC322000F088FCF02000F0A6
:1091400091FC3C2000F082FCF02000F08BFC6920B8
:1091500000F07CFC7820FBF719FF212000F082FC56
:10916000BDE81040292000F07DBC00002DE9F0434F
:109170008146A2EB09020798521C1F4695B20C4685
:1091800086B24FF0D84811E02146484600F0A4FAD4
:1091900000F074FC0020414604E000BFA1F88060AC
:1091A000401C80B2A842F9D3641CA4B2BC42EBD9E3
:1091B000BDE8F08310B5BF2000F054FC00F064F966
:1091C00000F062F9C0B210BD2DE9F05F3220FBF76C
:1091D000DDFED32000F046FC00F056F9A14CA08043
:1091E00000F052F9A08000F04FF94FF6FF7101EA4C
:1091F0000020A08000F048F9A18849F241360843D8
:10920000A08047F2897545F2103747F2967845F20B
:10921000105949F6060A41F6631BB0427DD004207E
:1092200000F020FC00F030F9A08000F02DF9A080C3
:1092300000F02AF94FF6FF7101EA0020A08000F04B
:1092400023F9A1880843A0F50541A080523965D0D3
:10925000A84262D0D42000F005FC00F015F9A080EF
:1092600000F012F9A08000F00FF94FF6FF7101EA4B
:109270000020A08000F008F9A1880843A080B8422F
:109280007ED0D32000F0EEFB00F0FEF8A08000F0CE
:10929000FBF8A08000F0F8F84FF6FF7101EA00201B
:1092A000A08000F0F1F8A1880843A080404567D075
:1092B00055214FF4704000F0EBFBAA214FF2010062
:1092C00000F0E6FB52214FF2020000F0E1FB082122
:1092D0004FF2030000F0DCFB01214FF2040000F02C
:1092E000D7FB4FF4454000F0BDFB00F0CDF84FF642
:1092F000FF7101EA0020A0804CF2015000F0B2FBA7
:1093000000F0C2F8A1880843A0800520FBF73EFECC
:10931000A188494534D0D32001E02CE02CE000F0B6
:10932000A1FB00F0B1F8A08000F0AEF8A08000F042
:10933000ABF84FF6FF7101EA0020A08000F0A4F81E
:10934000A1880843A08050451AD0A12000F08AFBD4
:1093500000F09AF8A08000F097F84FF6FF7101EA4C
:109360000020A08000F090F8A1880843A0F5AE414D
:10937000A080613902D003E0A58001E0A4F804B028
:10938000A18839A0FBF764F9A088A84202D1FFF7B1
:1093900033FD1FE0B04202D1FDF7C7FA1AE0B84230
:1093A00002D1FDF77AFD15E0404502D1FFF7F9FD46
:1093B00010E0484502D1FEF7EAFC0BE0504502D12F
:1093C000FDF7CAFB06E0584504D1FFF75DFC6420B9
:1093D00000F014FBA1884FF02040A94203D0B14215
:1093E00001D0594510D1D0F81C1121F00F01C0F85F
:1093F0001C11D0F81C1141F00301C0F81C11D0F869
:109400001C1141F440711DE0B94205D0414503D023
:10941000494501D0514517D1D0F81C1121F00F0159
:10942000C0F81C11D0F81C1141F00201C0F81C1149
:10943000D0F81C1121F47061C0F81C11D0F81C1177
:1094400041F40071C0F81C110020FDF71BF9012246
:10945000D1030848F7F7CCFEBDE8F05F4FF6FF7088
:10946000FDF7F8B82C0400204C43442049443A2529
:10947000780D0A00000402400246012000E050433B
:10948000491EC9B2FBD2704708B50220401EFDD26A
:109490004FF0D840B0F88000ADF80000BDF80000F3
:1094A00008BD000070B51B4C2288824202D9628838
:1094B0008A4201D8002070BD00F00EF9A088A0F506
:1094C000AA41103920D02E2000F0CCFAFFF7DCFFA3
:1094D000A188A1F5C852633AEDD0FFF7D5FF054644
:1094E000A088A0F5EE41963911D0FFF7CDFFE9B283
:1094F0004FF6FF7202EA012125EA6212890A42EA66
:10950000411141EAD02070BD4FF43850DCE72846C5
:1095100070BD00002C04002070B55F4C0023214674
:10952000A279898841F66316012A01D01AB10CE0AC
:10953000B14202D109E0B14207D1082805D2DFE8E3
:1095400000F0161812140C19100E082812D2DFE8B9
:1095500000F0110406080A0C0E1080230AE04023D4
:1095600008E0C02306E0202304E0602302E0A023FB
:1095700000E0E023362045F21055A94200D1000258
:10958000A1F51342413A07D0A1F5EE42893A03D042
:10959000A1F5EE42963A01D143F00803194600F0D6
:1095A00077FAA188B1420AD098062088628802D54D
:1095B000904202D303E0904201D92280608060890A
:1095C000A94240D100F04EFA002000F03FFA608935
:1095D000401C80B200F046FA002000F037FA6089A3
:1095E000801C80B200F03EFA2088401EC0F30F209D
:1095F00000F02CFA6089C01C80B200F033FA2078A9
:10960000401EC0B200F022FAA08900F02BFA002020
:1096100000F01CFAA089401C80B200F023FA002060
:1096200000F014FAA089801C80B200F01BFA608858
:10963000401EC0F30F2000F009FAA089C01C80B2C0
:1096400000F010FA21E000F00DFA002000F0FEF921
:10965000002000F0FBF92088401EC0F30F2000F02E
:10966000F5F92078401EC0B200F0F0F9A08900F0B2
:10967000F9F9002000F0EAF9002000F0E7F960882D
:10968000401EC0F30F2000F0E1F9A078BDE8704063
:10969000401EC0B200F0DAB92C04002010B5044618
:1096A000D12000F0DFF9FFF7EFFE400605D4D0200F
:1096B00000F0D8F9682000F0C9F9BE2000F0D2F916
:1096C000062000F0C3F9204600F0C0F9BDE81040C4
:1096D000012000F0BBB90000F0B53B4A0D4604463E
:1096E000060A918810462F0A4089A1F5C853633BAA
:1096F00016D0A1F5AA43103B4CD000F0B3F9304688
:1097000000F0A4F9E0B200F0A1F9908900F0AAF904
:10971000384600F09BF9E8B2BDE8F04000F096B999
:10972000917931B300F09EF9304600F08FF9E0B244
:1097300000F08CF91088401EC0F30F2000F086F96D
:109740001078401E5FFA80F000F080F9908900F0F8
:1097500089F9384600F07AF9E8B200F077F95088D4
:10976000401EC0F30F2000F071F99078401EC0B287
:10977000D2E71188091B491E8CB200F073F9002052
:1097800000F064F9002000F061F9200A00F05EF9B1
:10979000E0B2D9E700F066F9304600F057F9508999
:1097A000401C80B200F05EF9E0B200F04FF9908901
:1097B00000F058F9384600F049F99089401C80B211
:1097C00000F050F9A7E700002C0400202DE9FF4F1E
:1097D0001D460C468B46580700D0012000EBD500F3
:1097E000690810FB01F0203A00F0FF0AD0B20C2DFE
:1097F0000AD0102D0CD0182D0ED0202D46D1244982
:1098000001EB801600203EE000EB4001214806E01D
:10981000214901EB0016F5E700EBC0011F4800EB02
:109820008106EFE716F808704FF00009380601D5F9
:109830000E9A03E00D9828B919480268214600984D
:10984000FDF746F87806070E1648641CA4B2408857
:10985000A0421BD9A4EB0B00A8420AD100985C4699
:10986000401C80B200900F480188009881420DD9B9
:1098700006E009F1010000F0FF09B9F1080FD5D3A6
:1098800008F10100C0B280465045CBD3BDE8FF8F40
:10989000A8D80008E8C000085CC500084CCB000848
:1098A000040000202C0400202DE9FF4F83B0002687
:1098B000DDE910BA1D4681463446B0464FEA5B07E3
:1098C00026E0281B401EC1B20A20FFF7D5FD0599EE
:1098D000B1FBF0F00A21B0FBF1F201FB120026B956
:1098E000691E8C4201DA38B101263030C2B207FB62
:1098F000049080B25B4604E007FB049080B25B46B4
:109900002022CDE9008A0499FFF760FF641CE4B2CD
:10991000AC42D6D307B0BDE8F08F2DE9FC4F04462A
:1099200000F0FF0910190D46DDE90BB61FFA80F8AB
:10993000581987B24FF0000A13E0444503D305EBF2
:109940000B004C4685B2BD4210D20D985B46CDE966
:1099500000A029462046FFF739FF04EB5B0084B2E4
:10996000761C3278A2F120005E28E6D9BDE8FC8F93
:109970002DE9FF4F83B08146DDE911BA10984FF011
:1099800000081E4644460BF0010547082EE0301B38
:10999000401EC1B20A20FFF76FFD0599B1FBF0F040
:1099A0000A21B0FBF1F201FB1200B8F1000F05D162
:1099B000711E8C4202DA50B14FF001083030C2B251
:1099C000CDE9005A07FB049080B2109B09E0CDE975
:1099D000005A5FEA0B6007FB0490109B80B20AD527
:1099E00030220499FFF7F2FE641CE4B2B442CED3F5
:1099F00007B0BDE8F08F2022F3E7000010B5024663
:109A0000BE2000F02FF8052000F020F81046F6F7F1
:109A1000B5FC9FED0C1B53EC112BF6F73DFCF6F754
:109A2000BAFC80B200F012F8012000F00FF8FF201D
:109A300000F00CF8002000F009F8BDE8104000200C
:109A400000F004B8666666666666044001B5BDF857
:109A50000000ADF80000BDF800004FF0D841A1F8BB
:109A6000800008BD01B5BDF80000ADF80000BDF8EC
:109A700000004FF0D841A1F87E0008BD03484FF028
:109A8000D8410089A1F87E00704700002C04002016
:109A90004FF0D84222F87E0F51807047C17882780B
:109AA00042EA01214278007842EA012140EA01209D
:109AB000704710B5C17983790A0E43EA0121120279
:109AC00042EA11624379120243EA012142EA116239
:109AD0000379120243EA012142EA1162C3781202B9
:109AE00043EA0121837842EA116243EA0121130229
:109AF00043EA11630A02417800780A43190241EAF5
:109B0000126140EA022010BD4178007840EA01204D
:109B100070470000044B4FF4806108B1012200E05F
:109B200000221846F7F764BB001402402DE9F0410B
:109B300004460068A16B056900F09EFD002845D130
:109B4000E16B0878852840D120222846F6F769FB8A
:109B500068784601A6F140002036B0F5007F34D881
:109B600000212046FBF7B3FA04282ED000282DD17F
:109B7000A16B206800F080FD002827D1E16B0878F8
:109B8000C02822D1202205F12000F6F74AFB95F8E3
:109B900023000F212C30B0FBF1F0B6EB401F14D3A3
:109BA00040274FF4187800212046FBF790FA04284C
:109BB0000BD000280AD1A16B206800F05DFD0028C1
:109BC00004D1E16B0878C12802D00220BDE8F08101
:109BD000474503D2E8192022F6F723FB2037B74286
:109BE000E1D3474508D8284602F05CFA0446A81C91
:109BF000FFF78AFF8442E8D10020E7E70EB5F7F7C8
:109C00000BFBFAF7A5FAF9F7ADFBF9F71FFBF9F72C
:109C10003BFBF9F765FCF9F7D1FCF9F741FCF9F7E3
:109C200083FCA820FBF7ACF9FFF7CEFAEA484FF423
:109C30007845EBA10560E9488288EC48FAF718FD01
:109C4000FF20FFF72BFDFFF7B5FADFF8A4830246EC
:109C5000444688F80700E548E6A10C30FAF708FD0D
:109C6000A17808F5077030F81100FCF7F3FC20210B
:109C7000E6A0CDE900100B46F022029528210A202B
:109C8000FFF74BFE1821E3A0CDE900100B46F022B0
:109C9000029550210A20FFF740FE1024E0A0CDE9F4
:109CA00000402346F0226E2102950A20FFF735FE80
:109CB000CE481023CDE90040F022822102950A20EF
:109CC000FFF72BFEC94810230C30CDE90040F022ED
:109CD000962102950A20FFF720FED5A0CDE900408D
:109CE0001023C822AA2102950A20FFF716FED4A04D
:109CF000CDE900401023C822BE2102950A20FFF7BB
:109D00000CFED4A0CDE900401023C822D221029538
:109D10000A20FFF702FE00F0ABFD00F005FE07464B
:109D20000146D0A0FAF794FCD34AD4A1D448FAF75C
:109D30009FFC4FF4FA764FF6FF7A0BE0D1A0FAF7CA
:109D400087FC3046F6F79DFED4A0FAF781FC30463A
:109D5000F6F797FE002FF1D05745EFD001F070F8DD
:109D6000002000F0A3FC022000F0A0FC012000F085
:109D70009DFCCE484168542088470122CC49CD48FB
:109D8000F9F7F2F94FF4A577DFF82CB31EE0CBA07A
:109D9000CDE900401023C822394602951E20FFF766
:109DA000BCFD3046FBF7F2F8C8A0CDE90040102317
:109DB000C822394602951E20FFF7AFFD3046FBF75B
:109DC000E5F84FF480615846F7F70AFA00F09AFF79
:109DD0000028DCD1FBF742FBDFF800930122C0A191
:109DE000D9F80000FCF788F988F8030001464646D8
:109DF000BCA0FAF72DFCF07848B9BFA0CDE900402F
:109E00001023C822394602951E20FFF786FDF07800
:109E10004FF400780D2822D1BEA0FAF719FCC1A09A
:109E2000CDE900401023C822394602951E20FFF7D5
:109E300074FD002243461146A9A0FBF7B5FBF07064
:109E400018B3BEA0CDE900401023C82239460295C0
:109E50001E20FFF762FD4FF47A70FBF797F800229F
:109E600043461146BBA0FBF79FFB0122B9A1D9F8DD
:109E70000400FCF741F9F0700146B7A0FAF7E8FBDF
:109E8000F0784FF4AF7728B10EE0B9A0FCF75AF99B
:109E9000BBA0D7E7C0A0CDE900401023C8223946B7
:109EA00002951E20FFF739FDF0784FF4B9790D289F
:109EB00022D1C0A0FAF7CCFBC3A0CDE9004010230B
:109EC000C822394602951E20FFF727FD002243468F
:109ED0001146A0A0FBF768FBF070B0B3C1A0CDE9BC
:109EE00000401023C822394602951E20FFF715FDB9
:109EF0004FF47A70FBF74AF85F463D4A78A0183273
:109F0000111FFBF793FA30B34FF47840BCA10094D3
:109F1000CDE901101023C8224D4649461E20FFF707
:109F2000FCFCC820FBF732F8A623F02229461E20AD
:109F3000CDF800A0FFF71AF9C820FBF727F84FF477
:109F400080613846F7F74CF9D7E7FFE7B2A0FCF796
:109F5000F9F8B6A0C3E7BCA0CDE900401F25102347
:109F6000C822494602951E20FFF7D7FCB9A0CDE9CB
:109F700000404FF4C3791023C822494602951E20A1
:109F8000FFF7CBFCB9A0CDE900404FF4CD7A102308
:109F9000C822514602951E20FFF7BFFCCDE90045BF
:109FA00070690523820A49468E20FFF77DFCCDE9C2
:109FB0000045B0690523820A51468E20FFF774FCE4
:109FC00044464FF4967521463846F7F709F9284676
:109FD000F6F757FDF7E70000000000202C040020F2
:109FE0004C43442049443A253034580064BF012092
:109FF0003400002063757272656E74206272696746
:10A0000068746E6573733A253375000053544D338D
:10A01000320000005446544C4344205445535400ED
:10A0200041544F4D40414C49454E54454B00000072
:10A030004B4559303A546573742053442100000055
:10A040004B4559313A54657374206E6F72666C617A
:10A05000736821004B4559323A546573742053524A
:10A06000414D21006E6F72666C61736820696420D7
:10A0700069732025640A00008CF000082573000035
:10A0800040BD0120464C41534820436865636B2026
:10A090004661696C6564210A00000000506C6561CE
:10A0A000736520436865636B21200A00200300204C
:10A0B0007002002070C2012000140240534420436B
:10A0C000617264204572726F72210000506C65618C
:10A0D000736520436865636B212000002004002025
:10A0E000303A0000665F6D6F756E74207364207285
:10A0F00065733A25750A00005344204469736B2048
:10A100004D6F756E74205375636365737365642159
:10A11000000000007364206673206572726F722104
:10A120000A0000005344204469736B20466F726D2F
:10A13000617474696E672E2E2E0000005344204413
:10A1400069736B20466F726D6174204572726F7215
:10A1500020000000313A0000665F6D6F756E74205C
:10A16000666C617368207265733A25750A00000099
:10A17000303A414C49454E54454B5F534400000032
:10A180005344204469736B20466F726D617420469E
:10A19000696E697368000000466C617368204469E9
:10A1A000736B204D6F756E742053756363657373A5
:10A1B00065642100666C6173682066732065727245
:10A1C0006F72210A00000000466C617368204469C8
:10A1D000736B20466F726D617474696E672E2E2EDC
:10A1E00000000000466C617368204469736B204670
:10A1F0006F726D6174204572726F722000000000F2
:10A200005344204361726420466174667320457232
:10A21000726F722100000000313A414C49454E54A2
:10A22000454B5F464C41534800000000466C61734B
:10A2300068204469736B20466F726D6174204669B3
:10A240006E697368000000004641544653204F4B2E
:10A2500021000000534420546F74616C2053697ACC
:10A26000653A20202020204D420000005344204623
:10A270007265652053697A653A2020202020204DA0
:10A280004200000010B5064C0020216800F092FA50
:10A29000D4F87811BDE81040002000F08BBA00001F
:10A2A00080C3012010B54FF41671002000F0B0FA01
:10A2B000084C4FF400712060002000F0A9FAC4F8A7
:10A2C0007801216811B108B1002010BDFFF7DAFF55
:10A2D000012010BD80C301202DE9FF47002617464D
:10A2E0000D460E60FCF78EF9002803DA0B2004B04F
:10A2F000BDE8F087DB4951F8204094B12C6020780C
:10A3000007F0FE0520B16078FBF765F8C1070AD0B9
:10A310002670B0466078FAF7F9FFC10708D003202D
:10A32000E5E70C20E3E70DB1400704D40020DEE7A9
:10A330001DB1400701D50A20D9E700212046FAF7D0
:10A340003FFC02281BD100264FEA0D0504EB061046
:10A3500000F20220FFF7A2FB45F82600761C042E2F
:10A36000F4D3002655F8261029B12046FAF728FC28
:10A37000022801D203E00320761C042EF2D3042825
:10A380007DD002287CD2A56B4FF400764FF0FF3AC7
:10A3900001280CD004F14700FFF7B6FBB0426FD1A3
:10A3A00004F15200FFF7B0FB00286AD0A8E00B20B0
:10A3B00002E0401C402806D2211891F83C100029E8
:10A3C000F7D040285CD304F1A400FFF79DFBB0F563
:10A3D000807FE4D194F8A800012707FA00F0B0428A
:10A3E000DDD104F18400FFF764FBC14610EB0508E2
:10A3F00041EB0906012E43D204F19000FFF74EFB1A
:10A40000206294F8AA00E070012839D194F8A900DC
:10A4100087403804000C608132D004F19800FFF7C7
:10A420003DFB9149074688422AD8B81C6562E06125
:10A4300004F19400FFF732FB2844206304F18C0000
:10A44000FFF72CFB2844A0626189226B79435218E4
:10A4500049EB0900B8EB0201864111D304F19C00DD
:10A46000FFF71CFB00252E46E0626089B04207D949
:10A470002046E16AFAF71EFC8119204602E026E038
:10A4800033E039E000F0F8F808BB761C601990F86A
:10A490003C00812804D02035ED05ED0DF6D1E4E730
:10A4A00060195030FFF7FAFA054602281DD3E0691B
:10A4B000A8421AD96289216BA81E02FB00106063B2
:10A4C000A06A00EBD511204600F0D6F808B10120B3
:10A4D0000DE705F07F0004EB80003C30FFF7DEFA6B
:10A4E000411C03D06D1C8542EAD069E0C4F818A075
:10A4F0000426C4F814A0ADE004F16000FFF7CEFA22
:10A50000206294F84C70E770012F01D0022F57D1D0
:10A51000474394F849006081B0B3411E08424FD1CF
:10A5200004F14D00FFF7F0FA2081000748D104F153
:10A530004F00FFF7E9FA060004D104F15C00FFF7D1
:10A54000ADFA064604F14A00FFF7DEFA010037D003
:10A550002389C81900EB1312964231D3B01A6689C9
:10A56000B0FBF6F080B1DFF804C10026604500D8EA
:10A5700003264FF6F57C604500D8022640F6F57CB0
:10A58000604502D8012601E01AE0CEB1801C2A44C1
:10A5900022632944E061C4E90951032E12D07BB142
:10A5A0003944E162022E1ED000F0010100EB4000B0
:10A5B00001EB5000216A00F2FF10B1EB502F14D2D2
:10A5C0000D2094E604F16600FFF79EFA0028F7D10B
:10A5D00020890028F4D104F16800FFF75FFAE062F7
:10A5E000E0698000E6E74000E4E7C4F818A08020B6
:10A5F000C4F814A06071032E2CD104F16C00FFF795
:10A6000083FA012826D1691C204600F035F808BBE2
:10A6100084F8058004F23A20FFF776FAA0F52A4183
:10A62000553917D104F13C00FFF738FA1049884238
:10A6300010D104F50870FFF731FA0E49884209D1AC
:10A6400004F50970FFF72AFAA06104F50A70FFF714
:10A6500025FA606103492670091F0888401C08809C
:10A66000E08063E618040020FDFFFF7FF5FFFF0F89
:10A67000525261417272416170B50446806B0D4661
:10A680000026A8420FD0204600F00CFD06000AD19B
:10A69000607801232A4604F13C01FAF773FE08B101
:10A6A000751E0126A563304670BD000030B5044616
:10A6B0000748084D002150F82400420005EB8400B3
:10A6C000406900F06FF80120291981F8200030BDA1
:10A6D00068F00008100000202DE9F041204E0446EB
:10A6E000002530190F4690F8200010B93168204637
:10A6F00088474FF0FF3277B31A4B53F82410B7FB5B
:10A70000F1F0B7FBF1FC01FB1C7101B1401C1549D4
:10A710000C3951F82410491E20D406EB84067769C1
:10A7200037F811C0BCF1000F05D00025854213D1C8
:10A73000002285B208E06D1CF8E700BF776901EBE5
:10A74000020C521C27F81C508242F7D353F8240005
:10A750004843BDE8F08101E0491EE1D51046F8E725
:10A760001000002074F0000810B50C4B0C4C0022B7
:10A7700053F82030114604EB800005E0446934F8BA
:10A78000114004B1521C491C8B42F7D84FF47A7027
:10A790004243B2FBF3F080B210BD000068F0000845
:10A7A0001000002002E000BF00F8011B521EFBD287
:10A7B00070470000F0B4002923D0134B03EB800254
:10A7C0009468091B1C1894F8204084B10F4B53F86F
:10A7D00020308B4215D90D4B0C3B53F82000B1FBB8
:10A7E000F0F1506930F811300020044607E0196894
:10A7F000F0BC084755690E18401C25F816409842D1
:10A80000F8DBF0BC704700001000002080F000086A
:10A8100010B50446FFF760FF411C05D0034901EB6A
:10A8200084018968084410BD002010BD100000207C
:10A8300070B5040300F032F900F0DAF80B4E4FF473
:10A840008045002229463046F6F7D2FC202000F051
:10A85000CDFA204600F0B2F8012229463046F6F73C
:10A86000C7FCBDE8704000F0C3B80000000402401F
:10A8700070B50122164E950329463046F6F7B8FC0E
:10A88000012000F0C3FA00F04FF812490880A0F54B
:10A890006F4118391BD1032000F06CF80446C00743
:10A8A00015D100F0FBF844F00201032000F04CF950
:10A8B000002229463046F6F79BFCB72000F096FAB6
:10A8C00029463046BDE870400122F6F791BC70BDC4
:10A8D00000040240080000202DE9F041DFF8448028
:10A8E00015460C4606464FF480470022394640463E
:10A8F000F6F77EFC032000F079FA204600F05EF8BF
:10A90000002405E0FF2000F071FA3055641CA4B269
:10A91000AC42F7D339464046BDE8F0410122F6F794
:10A9200067BC00000004024070B5114E4FF4804532
:10A93000002229463046F6F75BFC902000F056FADC
:10A94000002000F053FA002000F050FA002000F040
:10A950004DFAFF2000F04AFA0402FF2000F046FA08
:10A960000443012229463046F6F742FC204670BDDA
:10A970000004024070B5012803D0022803D0032848
:10A9800003D0052402E0352400E015240A4E4FF4DC
:10A990008045002229463046F6F72AFC204600F082
:10A9A00025FAFF2000F022FA04460122294630460B
:10A9B000F6F71EFC204670BD0004024010B50446A8
:10A9C0000A480088A0F56F41183902D1200E00F026
:10A9D0000DFAC4F3074000F009FAC4F3072000F0B1
:10A9E00005FAE0B2BDE8104000F000BA080000200F
:10A9F00010B50120FFF7BEFFC007FAD110BD00005F
:10AA00002DE9F05FC1F30B06DFF88C800F0BC6F564
:10AA10008054894682461546A24200D8144639031E
:10AA20008B464FF480524046FFF756FF002006E069
:10AA3000321818F80210FF2903D1401C80B2A0423E
:10AA4000F6D3A04222D23846FFF7F2FE002006E0FD
:10AA50001AF800208319401C08F8032080B2A04295
:10AA6000F6D359464FF480524FEA080000F02CF814
:10AA7000A5420FD0281BA244A144002685B24FF462
:10AA800080547F1CA542CAD82C46C8E722464946B6
:10AA90005046EBE7BDE8F09F3A04002070B5094D41
:10AAA0004FF48044002221462846F6F7A1FB0620F9
:10AAB00000F09CF921462846BDE870400122F6F7D7
:10AAC00097BB0000000402402DE9F05F8046C8B249
:10AAD000C0F580740E461546A24200D81446DFF831
:10AAE00064A04FF480494FF4807B00BFFFF7D6FF8E
:10AAF000002249465046F6F77BFB022000F076F92B
:10AB00003046FFF75BFF002706E000BF18F807009C
:10AB100000F06CF97F1CBFB2A742F7D3012249466F
:10AB20005046F6F765FBFFF763FFA54208D0281BE8
:10AB3000A044264485B25C46A542D7D82C46D5E72A
:10AB4000BDE8F09F000402402DE9F0410E460128C7
:10AB500003D0022803D0032803D0012402E03124CB
:10AB600000E011240A4F4FF4804500222946384660
:10AB7000F6F73EFB204600F039F9304600F036F992
:10AB800029463846BDE8F0410122F6F731BB000006
:10AB9000000402402DE9F04781460E4601F11A00FB
:10ABA000FEF7B2FF30BB3078012420F04000401E99
:10ABB00000EB8001DFF84C8001EBC00500274FF669
:10ABC000FF7A00BF18F807003044FEF79DFF34B14C
:10ABD000FF2D0FD829F8150004466D1C01E05045E3
:10ABE00008D17F1C0D2FEDD33078400608D53CB13D
:10ABF000FF2D02D90020BDE8F087002129F81510AB
:10AC00000120F8E7BCF000082DE9F04702261746BE
:10AC10000D46044602296FD3E069A8426CD920781A
:10AC20004FF00109012806D0022838D0032846D069
:10AC3000042861D143E0A16A05EB550801EB5821D6
:10AC40002046FFF719FD060056D1C8F3080020443E
:10AC50003C3008F10108E90704D00178FAB262F348
:10AC60001F1100E03946017084F80490A16A204663
:10AC700001EB5821FFF700FD06003DD1C8F30800A5
:10AC800020443C30E90702D0C7F3071105E0017802
:10AC9000C7F3032201F0F001114301702AE0A06A1A
:10ACA00000EB15212046FFF7E7FC060024D1E8B2AF
:10ACB00004EB4000B9B23C3000F0A1F91AE0A06A00
:10ACC00000EBD5112046FFF7D7FC060014D140F267
:10ACD000FF1000EA8500217805193C35042905D0CC
:10ACE0002846FEF7DBFE67F31B0007462846394679
:10ACF00000F058F984F804903046BDE8F087006809
:10AD0000704700000E4910B5002088630846F7F729
:10AD10003FF820B10BA0F9F79BFC012010BD0E49B4
:10AD20000748F6F709FF4FF400610548F6F7AAFD5A
:10AD30000028F3D009A0F9F78BFC022010BD000019
:10AD40008CC0012048414C5F53445F496E697420B8
:10AD50006572726F72210A00CCBF012048414C5FBE
:10AD600053445F436F6E66696757696465427573E4
:10AD70004F7065726174696F6E206572726F7221B7
:10AD80000A00000038B50A4C72B613460A4601465E
:10AD900008480094F7F7F0F8054602E0641E00D278
:10ADA0000125FBF74BFC0028F8D162B6284638BDD8
:10ADB00000E1F5058CC0012038B50A4C72B6134687
:10ADC0000A46014608480094F7F760FA054602E093
:10ADD000641E00D20125FBF731FC0028F8D162B6D1
:10ADE000284638BD00E1F5058CC0012001B582B0D0
:10ADF0004FF47A700090012301AA02A90248F7F7E4
:10AE00003DFC9DF804000EBDD0C101200B4910B5DA
:10AE10000A68136823F0400313600A6813684FF64A
:10AE2000C774234013600A68136843EAC0001060C7
:10AE30000868016841F04001016010BDD0C10120E7
:10AE40002DE9F04350488DB00024016841F04001E5
:10AE50000160016801F040010C91016841F00801B6
:10AE60000160016801F008010C91016841F00801DE
:10AE70000160016801F008010C91434908310A683A
:10AE800042F001020A60096801F001010C910168B9
:10AE900041F008010160016801F008010C910168AE
:10AEA00041F010010160016801F010010C9101688E
:10AEB00041F020010160016801F020010C9101685E
:10AEC00041F0400101600068022500F040000C9054
:10AED0004FF4806001278DE8A1000C20CDE90350DC
:10AEE000DFF8A89069464846F6F784F82020DFF896
:10AEF000A080009069464046F6F77CF81026694627
:10AF000040460096F6F776F84FF603708DE8A100FC
:10AF1000694640460395F6F76DF84FF6837000904A
:10AF200069461C48F6F766F84FF23F000090694604
:10AF30001948F6F75FF83F20009069464846F6F753
:10AF400059F816484FF0204105AA016014494160A4
:10AF50000421C0E90214C0E9044684618902C46185
:10AF6000C0E90941C4620463446384630820CDE9F5
:10AF7000064005950894114608480B94F7F76FFCB6
:10AF80000DB0BDE8F08300003038024000180240E8
:10AF9000000C02400010024000140240ECBF0120EF
:10AFA000040100A00170090A4170090A8170090AB0
:10AFB000C170704710B5110A027041EA0361417017
:10AFC0001A0A090A41EA02618170120A090A41EA71
:10AFD0000261C170120A090A41EA02610171120A92
:10AFE000090A41EA02614171120A090A41EA026151
:10AFF000120A8171090A41EA0261C17110BD017032
:10B00000090A41707047014600200B22430803EBF8
:10B01000C01011F8013B521E1844C0B2F6D170475F
:10B0200070B5044600F03EF8050035D120780328BD
:10B030002BD16079012828D1410204F13C00064659
:10B04000F5F708F94AF6552104F23A20FFF7D7FF41
:10B0500012493046FFF7A6FF114904F50870FFF7C3
:10B06000A1FF04F50970A169FFF79CFF04F50A70C0
:10B070006169FFF797FF626A0123521CA26360783F
:10B080003146FAF7AAF90020607100226078114673
:10B09000FAF74AF900B10125284670BD52526141C4
:10B0A0007272416170B504460079002548B104F11F
:10B0B0003C01607801230E46A26BFAF78EF910B1BD
:10B0C0000125284670BD00202071A16BA06A0A1AD4
:10B0D000206A8242F5D2E278022AF2D10A18607818
:10B0E00001233146FAF779F9EBE72DE9F0410568DC
:10B0F000064615F8014B2046F9F739FF4FF0FF37A8
:10B1000060B115F8010B402814D37E2803D9A0F1B3
:10B1100080017E290ED800EB042084B234B14FF4B4
:10B120006A712046FBF7D8F8040003D0204635604A
:10B13000BDE8F0813846FBE770B596B0054614AB24
:10B1400001AA03A900F0DEF9002824D18DF84C00F3
:10B150001D4C042615E000BF216806EBC00014ABAF
:10B1600008586A460BA900F0CDF9002813D103A9AD
:10B170000BA800F0E2FB80B19DF84C00401C8DF85C
:10B180004C00217DC0B28142E6D8207D9DF84C1054
:10B1900088420ED1042016B070BD9DF800009DF8C5
:10B1A0000410884201D90220F5E79DF84C00A075F3
:10B1B000EBE713A9284600F05DFA0028EBD19DF8D3
:10B1C0004C0060750020E6E7200300202DE9F041E7
:10B1D0007F4C9AB0A57D207DA8427DD904212068AE
:10B1E00001EBC50119AB405810AA11A900F08AF96A
:10B1F00011A978A0F9F72CFA00270DF1180833E00F
:10B20000208B0121B940084217D0222173A0F9F701
:10B210001FFA384600F0A8FA011971A02431F9F795
:10B2200017FA22216DA0F9F713FA384600F09CFABC
:10B230002044243048F827000CE0384600F094FA07
:10B240002044416A48F82710E07D08B365A000BF9C
:10B25000F9F7FEF99DF84000401E874202D063A036
:10B26000F9F7F6F97F1CFFB29DF840008742C7D37B
:10B270005FA0F9F7EDF900F0FFFE607D0B2814D216
:10B28000DFE800F0080D31384048525E6B788800E6
:10B2900058A0DDE7206850F83500804704E02068BA
:10B2A00050F8351006988847064600F0A5FE9DF830
:10B2B000640001287DD050A0F9F7CAF994F8EC0099
:10B2C00000280DD0D4F8F0100A20B1FBF0F200FBFA
:10B2D0001212B1FBF0F100E002E048A0F9F7B8F972
:10B2E0001AB0BDE8F081206850F83520DDE906018C
:10B2F0009047D9E7206806AE50F8353096E8070049
:10B300009847D1E7206806AE50F8355096E80F0010
:10B31000A847C9E70A980090206806AE50F8355053
:10B3200096E80F00A847BFE7DDE90A01CDE9000173
:10B33000206806AE50F8355096E80F00A847B3E7EE
:10B340000AAB06AE93E807008DE80700206850F8C6
:10B35000355096E80F00A847A6E70AAE96E80F001A
:10B360008DE80F00206806AE50F8355096E80F00C3
:10B37000A84799E70BAE96E80F0001AE86E80F00EC
:10B380000A980090206806AE50F8355096E80F00F5
:10B39000A84789E70CAE96E80F0002AE86E80F00DA
:10B3A000DDE90A01CDE90001206806AE50F835500C
:10B3B00000E003E096E80F00A84775E7E07D31461E
:10B3C00018B116A0F9F744F978E717A0FAE70000DA
:10B3D000200300200D0A25732800000025630000CB
:10B3E0002573000030582558000000002C00000094
:10B3F00029000000256C64003B0D0A0046756E6351
:10B4000074696F6E2052756E2054696D653A2564BB
:10B410002E2531646D730D0A000000003D30582563
:10B42000583B0D0A000000003D256C753B0D0A00DD
:10B43000F0B50446002007460646054623782C2B27
:10B4400003D0292B04D01BB103E015B9012700E07C
:10B4500015B31EB1222B2BD0F7B92FE0A3F1300C7E
:10B46000BCF1090F19D92D2B17D02B2B15D0A3F117
:10B47000610CBCF1050F10D9A3F1410CBCF1050F13
:10B480000BD9582B09D0782B07D0222B0CD0202B8E
:10B490001DD02C2B1BD0FF260CE05FB9612B00D3F5
:10B4A000203B01F8013B12E027B9012635460EE0AA
:10B4B000002567B100230B701670F0BD3DB15C2B09
:10B4C00002D1401CC0B2641C237801F8013B401C2F
:10B4D000C0B2641CB2E730B5002515700AE001F86F
:10B4E000014B1478401C641CE4B214709C4201D3DC
:10B4F000012030BD0478202C01D0002CEFD10D703C
:10B50000002030BD2DE9FF4F002582B0984604464B
:10B510002F462E464FF0010BAA462A46A94615E0B3
:10B52000202910D002F07F03052B0CD202B9802213
:10B5300002F07F03042B01D12A290AD1521C0DF8F5
:10B540000310D2B201E0852A04D0401C0178002902
:10B55000E6D162B102F07F0244A10DF80290684684
:10B5600000F0EBF938B1012188F8001000224FF00B
:10B570000008234614E088F80090F7E708F101007E
:10B5800000F0FF0813F8010F202801D02A2807D166
:10B59000184600F05FF9282802D02A2800D0474634
:10B5A0001878282801D00028E8D10FB13C44641C49
:10B5B00000273946207888B1282804D0292806D0C9
:10B5C00022280FD010E079B96D1CEDB20CE059B90A
:10B5D00025B16D1E15F0FF0501D00CE00127012EED
:10B5E00032D039E049B100214DB12C280FD02028AC
:10B5F0001FD028281DD07AB117E00121F4E72028B8
:10B6000020D0039B18700398401C03901AE0521C32
:10B610004FF0010BD2B20CE0BAF1050F05D20DF8D4
:10B620000A000AF1010000F0FF0A0BF1010000F02E
:10B63000FF0B012D06D1BBF1020F03D1761C4FF099
:10B64000030BF6B2641CB5E70DF80A9007A1684633
:10B6500000F073F900B9002604980670039880F88A
:10B66000009006B03846BDE8F08F0000766F696440
:10B67000000000002DE9F04300248946314DB5B0AB
:10B68000214622466B18491CC9B29A760A29F9D379
:10B6900003E000BF10F8011F91B101782829F9D10A
:10B6A000461C012733AA69463046FFF7C1FE06440F
:10B6B0009DF8CC0040B1012824D0FF2839D10BE0FF
:10B6C000012035B0BDE8F0839DF8000080B334A9B7
:10B6D000684600F0C7F808B10220F2E7204600F003
:10B6E00043F8284434994162288B07FA04F18843CF
:10B6F0002883042029198876641CE4B20A2C18D9FE
:10B700000320DEE7684600F02DF900F1010820462D
:10B7100000F02AF841196846243100F01AF9288B04
:10B7200007FA04F108432919288381F81A80E3E70E
:10B73000FFE73078292801D00028B3D189F80040EC
:10B740000020BEE720030020054900200A881304DA
:10B7500005D5044BD0B200221A5418460A8070470F
:10B7600072020020B4C20120024610B5002001463A
:10B77000054B05E05C18491CA47EC9B22044C0B248
:10B780009142F7D310BD00002003002000EBC00160
:10B7900001EB00104FF0FF3101EB800010B581B2DA
:10B7A0004FF47A7000F040FC01490120C87510BDCB
:10B7B000200300200246012000E05043491EC9B288
:10B7C000FBD2704770B5FFF7BFFF050022D0124EC5
:10B7D000B1688847040013D0284600F0CDF801284E
:10B7E00001D0040016D0012C0ED0022C0ED0032C58
:10B7F0000ED0042C0ED109A0BDE87040F8F728BF88
:10B80000F068BDE87040004709A0F5E70BA0F3E73A
:10B810000DA0F1E770BD000020030020CEB4D5D20A
:10B82000B5BDC6A5C5E4B5C4BAAFCAFD210D0A00B1
:10B83000BAAFCAFDB4EDCEF3210D0A00B2CECAFDF7
:10B84000B4EDCEF3210D0A00B2CECAFDCCABB6E00A
:10B85000210D0A0010F8011F202901D10028F9D17B
:10B86000C8B270472DE9F0430D4600244FF00A0995
:10B87000264601462C600A78A2F13003092B14D920
:10B8800003782D2B01D02B2B00D174B1A2F14103F1
:10B89000052B0AD9582A05D012F0FF0F17D0012026
:10B8A000BDE8F083012C02D0F9E7412A01D34FF023
:10B8B000100902782D2A04D02B2A04D0641CE4B28B
:10B8C00003E0022600E00126401C491CD3E707469E
:10B8D000B9F1100F01D084B112E0032C01D2022083
:10B8E000DEE73878302802D17878582801D0032054
:10B8F000D6E7A41EE4B2BF1C01E00420D0E70CB1DF
:10B90000641EE4B23878A0F13001092901D88846D4
:10B9100001E0A0F1370821464846FFF74BFF2A68AF
:10B9200008FB0020286017F8011F0029E7D1022E2C
:10B9300001D1404228600020B2E702780B789A4299
:10B9400001D00120704712B1401C491CF5E70020CE
:10B95000704702780A700278002A02D0401C491C05
:10B96000F7E77047002102781AB1491CC9B2401CA0
:10B97000F9E7084670470000F0B58DB004461E2375
:10B980006A4602A9FFF7A7FD0190002872D19DF831
:10B990000000271800263E4C8DF800609DF800003E
:10B9A00054F8201002A8FFF7C8FF38B19DF8000036
:10B9B000401CC0B28DF800000728EFD39DF80000AE
:10B9C0000425344C072855D2DFE800F00404395A26
:10B9D000605F5E0030A0F8F73BFE30A0F8F738FE5D
:10B9E0003EA0F8F735FE4DA0F8F732FE5BA0F8F761
:10B9F0002FFE6AA0F8F72CFE78A0F8F729FE86A0A3
:10BA0000F8F726FE8BA0F8F723FE93A0F8F720FEA8
:10BA100097A0F8F71DFE9CA0F8F71AFEA1A0F8F772
:10BA200017FEA7A0F8F714FEB3A0F8F711FEC0A008
:10BA3000F8F70EFECBA0F8F70BFED7A01BE016A080
:10BA4000F8F706FEE4A0F8F703FE8DF800600BE0BF
:10BA5000216805EBC0000958EFA0F8F7F9FD9DF843
:10BA60000000401C8DF80000217D9DF800008142FF
:10BA7000EED856E257E2F8F7EBFD00200DB0F0BD2E
:10BA800005A0F8F7E5FDCBE12CE20CE2EBE10000CC
:10BA900084020020200300200D0A00002D2D2D2DF2
:10BAA0002D2D2D2D2D2D2D2D2D2D2D2D2D2D2D2DC6
:10BAB0002D2D2D2D55534D4152542056332E352DBD
:10BAC0002D2D2D2D2D2D2D2D2D2D2D2D2D2D2D2DA6
:10BAD0002D2D2D2D2D2D2D200D0A00002020202074
:10BAE00055534D415254CAC7D3C9414C49454E5490
:10BAF000454BBFAAB7A2B5C4D2BBB8F6C1E9C7C906
:10BB0000B5C4B4AEBFDAB5F7CAD4BBA5BDBBD7E9DF
:10BB1000BCFE2CCDA8B9FD200D0A0000CBFC2CC426
:10BB2000E3BFC9D2D4CDA8B9FDB4AEBFDAD6FACA44
:10BB3000D6B5F7D3C3B3CCD0F2C0EFC3E6B5C4C813
:10BB4000CEBACEBAAFCAFD2CB2A2D6B4D0D02ED2C5
:10BB5000F2B4CB2CC4E3BFC90D0A0000D2D4CBE6AB
:10BB6000D2E2B8FCB8C4BAAFCAFDB5C4CAE4C8EBE7
:10BB7000B2CECAFD28D6A7B3D6CAFDD7D628313053
:10BB80002F3136BDF8D6C62CD6A7B3D6B8BACAFD63
:10BB900029A1A2D7D6B7FBB4AE0D0A00A1A2BAAFB5
:10BBA000CAFDC8EBBFDAB5D8D6B7B5C8D7F7CEAAA5
:10BBB000B2CECAFD292CB5A5B8F6BAAFCAFDD7EEEC
:10BBC000B6E0D6A7B3D63130B8F6CAE4C8EBB2CEE9
:10BBD000CAFD2CB2A2D6A7B3D60D0A00BAAFCAFDD1
:10BBE000B7B5BBD8D6B5CFD4CABE2ED6A7B3D6B2BA
:10BBF000CECAFDCFD4CABEBDF8D6C6C9E8D6C3B931
:10BC0000A6C4DC2CD6A7B3D6BDF8D6C6D7AABBBB74
:10BC1000B9A6C4DC2E0D0A00BCBCCAF5D6A7B3D6A3
:10BC20003A7777772E6F70656E6564762E636F6DE9
:10BC30000D0A000055534D415254D3D037B8F6CFBA
:10BC4000B5CDB3C3FCC1EE28B1D8D0EBD0A1D0B4F0
:10BC5000293A0D0A000000003F3A20202020202031
:10BC6000BBF1C8A1B0EFD6FAD0C5CFA20D0A000033
:10BC700068656C703A202020BBF1C8A1B0EFD6FAFD
:10BC8000D0C5CFA20D0A00006C6973743A20202041
:10BC9000BFC9D3C3B5C4BAAFCAFDC1D0B1ED0D0A97
:10BCA0000A00000069643A2020202020BFC9D3C3C5
:10BCB000BAAFCAFDB5C44944C1D0B1ED0D0A0A00FE
:10BCC0006865783A20202020B2CECAFD3136BDF812
:10BCD000D6C6CFD4CABE2CBAF3B8FABFD5B8F12BAA
:10BCE000CAFDD7D6BCB4D6B4D0D0BDF8D6C6D7AA74
:10BCF000BBBB0D0A0A0000006465633A20202020C7
:10BD0000B2CECAFD3130BDF8D6C6CFD4CABE2CBA29
:10BD1000F3B8FABFD5B8F12BCAFDD7D6BCB4D6B4A8
:10BD2000D0D0BDF8D6C6D7AABBBB0D0A0A0000000A
:10BD300072756E74696D653A312CBFAAC6F4BAAFDC
:10BD4000CAFDD4CBD0D0BCC6CAB13B302CB9D8B117
:10BD5000D5BAAFCAFDD4CBD0D0BCC6CAB13B0D0A50
:10BD60000A000000C7EBB0B4D5D5B3CCD0F2B1E037
:10BD7000D0B4B8F1CABDCAE4C8EBBAAFCAFDC3FBC0
:10BD8000BCB0B2CECAFDB2A2D2D4BBD8B3B5BCFC53
:10BD9000BDE1CAF82E0D0A002D2D2D2D2D2D2D2D96
:10BDA0002D2D2D2D2D2D2D2D2D2D2D2D2D2D2D2DC3
:10BDB0002D2DD5FDB5E3D4ADD7D32D2D2D2D2D2D86
:10BDC0002D2D2D2D2D2D2D2D2D2D2D2D2D2D2D2DA3
:10BDD0002D2D2D200D0A00002D2D2D2D2D2D2D2D3D
:10BDE0002D2D2D2D2D2D2D2D2D2D2D2D2D2D2D2D83
:10BDF0002DBAAFCAFDC7E5B5A52D2D2D2D2D2D2DA5
:10BE00002D2D2D2D2D2D2D2D2D2D2D2D2D2D2D2D62
:10BE10002D2D2D2D200D0A0025730D0A0000000088
:10BE200042A0F8F715FC8DF8006016E0216805EBDC
:10BE3000C0000BAB08580AAA02A9FFF763FB9DF8E4
:10BE40000010206850F8312002A948A0F8F700FC43
:10BE50009DF80000401C8DF80000217D9DF8000039
:10BE60008142E3D85DE0AFF2D030F8F7F1FB6A46EB
:10BE700002A93846FFF7DCFA9DF80000002843D1FC
:10BE800001A902A8FFF7EEFC8DF8000010B104280C
:10BE90003AD102E03AA001991CE03CA0F8F7D8FBA7
:10BEA0000120E0753DE038A0F8F7D2FB6A4602A910
:10BEB0003846FFF7BDFA9DF8000028BB01A902A88B
:10BEC000FFF7D0FC8DF8000010B104281CD104E06D
:10BED00033A00199F8F7BCFB23E034A0F8F7B8FBD6
:10BEE000E6751EE028A0F8F7B3FB6A4602A93846BB
:10BEF000FFF79EFA9DF8000030B901A902A8FFF7EC
:10BF0000B1FC8DF8000008B10220B7E5019810F0EF
:10BF1000FF0084F8EC0001D029A000E02FA0F8F782
:10BF200097FB19A0A7E50120A8E500002D2D2D2DD8
:10BF30002D2D2D2D2D2D2D2D2D2D2D2D2D2D2D2D31
:10BF40002D2D2D2D2DBAAFCAFD204944202D2D2D8C
:10BF50002D2D2D2D2D2D2D2D2D2D2D2D2D2D2D2D11
:10BF60002D2D2D2D2D2D2D2D200D0A002573206911
:10BF7000642069733A0D0A3058253038580D0A008C
:10BF80004845583A305825580D0A00003136BDF85A
:10BF9000D6C6B2CECAFDCFD4CABE210D0A0000005B
:10BFA0004445433A256C750D0A0000003130BDF858
:10BFB000D6C6B2CECAFDCFD4CABE210D0A0000003B
:10BFC00052756E2054696D652043616C63756C61B8
:10BFD00074696F6E204F4E0D0A00000052756E207E
:10BFE00054696D652043616C63756C6174696F6E33
:10BFF000204F46460D0A0000094800680169C94300
:10C00000CA070849D1F8F02004D14FF6FF731A444B
:10C01000C1F8F020406A1044C1F8F00070470000F9
:10C0200028C201202003002038B5104A00231468DC
:10C0300044F00404146012680D4C02F004020092F3
:10C040000C4AC2E902301361C2E900411046F6F71A
:10C0500091FC0848F6F7F6FC012211461E20F5F780
:10C060003DF9BDE838401E20F5F72AB940380240B6
:10C070000008004028C2012007486FF00101026853
:10C0800011610268090CD162C1600068002141623F
:10C090000248C0F8F010704728C201202003002099
:10C0A0000160704730B5034640784FF400444201C8
:10C0B0000020014620320AE002290BD0C50700D03B
:10C0C000254605EB50005D5C284480B2491C914236
:10C0D000F2D330BD0321F9E7CA0701D04FF0004287
:10C0E00002EB51010844704700000000000000000E
:10C0F00000000000000000003F40000000000000C1
:10C1000000003000400030004000000009000BC07B
:10C110003D000BC03D00090018C024407FE02240D4
:10C1200031800000180024C01B000D8032400180C7
:10C1300003801C4027401C80074000401000600026
:10C1400000000000000000000000000000001F8050
:10C15000204040200000402020401F8000000000C0
:10C16000090006001F80060009000000040004000A
:10C170003F80040004000000001000600000000088
:10C18000000000000400040004000400040000009B
:10C19000000000400000000000000000002001C07E
:10C1A00006003800400000001F8020402040204052
:10C1B0001F800000000010403FC000400000000051
:10C1C00018C0214022402440184000001080204028
:10C1D000244024401B80000002000D0011003FC0DD
:10C1E000014000003C802440244024402380000083
:10C1F0001F80244024403440038000003000200091
:10C2000027C03800200000001B8024402440244028
:10C210001B8000001C0022C0224022401F80000022
:10C2200000000000084000000000000000000000C6
:10C230000460000000000000000004000A0011007B
:10C2400020804040090009000900090009000000A1
:10C2500000004040208011000A0004001800200067
:10C2600023402400180000001F8020402740294060
:10C270001F400000004007C039000F0001C000400F
:10C2800020403FC0244024401B8000001F802040ED
:10C29000204020403080000020403FC0204020400F
:10C2A0001F80000020403FC024402E4030C00000CE
:10C2B00020403FC024402E00300000000F001080BE
:10C2C000204022403380020020403FC00400040090
:10C2D0003FC02040204020403FC020402040000080
:10C2E0000060202020203FC02000200020403FC0D0
:10C2F00024400B0030C0204020403FC02040004080
:10C30000004000C03FC03C0003C03C003FC00000F4
:10C3100020403FC00C4023003FC020001F80204031
:10C32000204020401F80000020403FC024402400C7
:10C33000180000001F802140214020E01FA00000C5
:10C3400020403FC02440260019C0004018C02440AF
:10C350002440224031800000300020403FC0204077
:10C360003000000020003F80004000403F8020005F
:10C3700020003E0001C0070038002000380007C040
:10C380003C0007C038000000204039C0060039C01A
:10C39000204000002000384007C038402000000046
:10C3A000304021C02640384020C00000000000007E
:10C3B0007FE0402040200000000070000C0003805F
:10C3C000004000000000402040207FE0000000000E
:10C3D00000002000400020000000000000100010BD
:10C3E00000100010001000100000000040000000CD
:10C3F00000000000000002800540054003C000402E
:10C4000020003FC00440044003800000000003807F
:10C410000440044006400000000003800440244023
:10C420003FC000400000038005400540034000007D
:10C43000000004401FC0244024402000000002E00F
:10C44000055005500650042020403FC00440040021
:10C4500003C000400000044027C00040000000006E
:10C4600000100010041027E00000000020403FC032
:10C470000140070004C00440204020403FC000406D
:10C480000040000007C0040007C0040003C0000013
:10C49000044007C00440040003C0004000000380C3
:10C4A0000440044003800000041007F004500440DE
:10C4B00003800000000003800440045007F00010D7
:10C4C000044007C0024004000400000000000640D1
:10C4D0000540054004C00000000004001F80044027
:10C4E00000400000040007800040044007C00040F6
:10C4F0000400070004C0018006000400060001C01B
:10C50000070001C006000000044006C0010006C08C
:10C51000044000000410071004E00180060004003D
:10C520000000044005C00640044000000000000078
:10C5300004007BE040200000000000000000FFF04D
:10C5400000000000000040207BE00400000000002C
:10C55000400080004000200020004000000000005B
:10C5600000000000000000000000000000000000CB
:10C5700000001FCC000C00000000000000000800BC
:10C58000300060000800300060000000022003FC62
:10C590001E20022003FC1E200220000000000E18B6
:10C5A00011043FFF10840C78000000000F0010847D
:10C5B0000F3800C0077818840078000000780F84D6
:10C5C00010C411240E9800E40084000808006800DC
:10C5D00070000000000000000000000000000000EB
:10C5E000000007E01818200440020000000040028C
:10C5F0002004181807E0000000000000024002407C
:10C6000001800FF0018002400240000000800080A5
:10C6100000800FF800800080008000000001000D05
:10C62000000E00000000000000000000000000807C
:10C630000080008000800080008000800000000CEE
:10C64000000C0000000000000000000000000006D8
:10C65000001800600180060018002000000007F0AC
:10C66000080810041004080807F00000000008047F
:10C6700008041FFC000400040000000000000E0C71
:10C6800010141024104411840E0C000000000C182B
:10C6900010041104110412880C700000000000E066
:10C6A0000320042408241FFC0024000000001F981D
:10C6B000108411041104108810700000000007F0AD
:10C6C00008881104110418880070000000001C0084
:10C6D000100010FC13001C001000000000000E38B9
:10C6E00011441084108411440E380000000007002B
:10C6F000088C10441044088807F000000000000077
:10C700000000030C030C000000000000000000000B
:10C710000001010600000000000000000000008091
:10C72000014002200410080810040000022002202A
:10C73000022002200220022002200000000010043B
:10C7400008080410022001400080000000000E00D4
:10C750001200100C106C10800F00000003E00C1889
:10C7600013E4142417C4082807D000000004003C78
:10C7700003C41C40074000E4001C000410041FFC1C
:10C780001104110411040E880070000003E00C185D
:10C7900010041004100410081C10000010041FFCEA
:10C7A000100410041004080807F0000010041FFC17
:10C7B0001104110417C410040818000010041FFC11
:10C7C0001104110017C010000800000003E00C184D
:10C7D0001004100410441C780040000010041FFCDA
:10C7E00010840080008010841FFC100400001004DE
:10C7F00010041FFC100410040000000000030001DE
:10C80000100110011FFE10001000000010041FFC9A
:10C81000110403801464181C1004000010041FFC91
:10C820001004000400040004000C000010041FFCAD
:10C830001F0000FC1F001FFC1004000010041FFC60
:10C840000C04030000E010181FFC100007F008089B
:10C85000100410041004080807F0000010041FFC66
:10C8600010841080108010800F00000007F008185E
:10C8700010241024101C080A07F2000010041FFCEA
:10C880001104110011C011300E0C000400000E1C28
:10C8900011041084108410441C380000180010008B
:10C8A00010041FFC100410001800000010001FF8F6
:10C8B00010040004000410041FF8100010001E00F3
:10C8C00011E0001C007013801C0010001FC0103C01
:10C8D00000E01F0000E0103C1FC000001004180C16
:10C8E000163401C001C01634180C100410001C00CE
:10C8F000130400FC13041C00100000000804101CAA
:10C900001064108413041C041018000000000000C0
:10C9100000007FFE400240024002000000003000A4
:10C920000C0003800060001C0003000000004002B7
:10C93000400240027FFE00000000000000000000F6
:10C9400020004000400040002000000000010001E5
:10C950000001000100010001000100010000400091
:10C9600040002000000000000000000000000098CF
:10C97000012401440144014400FC000410001FFC98
:10C9800000880104010400880070000000000070AD
:10C990000088010401040104008800000000007008
:10C9A00000880104010411081FFC0004000000F8C5
:10C9B000014401440144014400C800000000010496
:10C9C00001040FFC1104110411001800000000D62E
:10C9D00001290129012901C90106000010041FFCD9
:10C9E000008401000100010400FC000400000104B7
:10C9F000190419FC000400040000000000000003FA
:10CA000000010101190119FE0000000010041FFCC3
:10CA10000024004001B4010C0104000000001004D7
:10CA200010041FFC0004000400000000010401FCCD
:10CA30000104010001FC0104010000FC010401FCEF
:10CA4000008401000100010400FC0004000000F863
:10CA5000010401040104010400F80000010101FFC8
:10CA600000850104010400880070000000000070CF
:10CA7000008801040104010501FF00010104010413
:10CA800001FC00840104010001800000000000CCD2
:10CA90000124012401240124019800000000010068
:10CAA000010007F80104010400000000010001F882
:10CAB000000400040004010801FC000401000180DE
:10CAC0000170000C001001600180010001F0010CF8
:10CAD000003001C00030010C01F001000000010431
:10CAE000018C00740170018C0104000001010181BE
:10CAF0000171000E00180160018001000000018436
:10CB0000010C013401440184010C0000000000000C
:10CB10000000000001003EFC400240020000000056
:10CB200000000000FFFF00000000000000004002C5
:10CB300040023EFC01000000000000000000600018
:10CB40008000800040004000200020000000000025
:10CB500000000000000000000000000000000000D5
:10CB600000000000000000000000000000000000C5
:10CB70000000000000000000000000000000000FA6
:10CB800080380FFE380F80380000000000000000E1
:10CB9000000000000000000000000100000600008E
:10CBA0000C00003800003100000600000C000038C6
:10CBB00000003000000000000000000061800067FD
:10CBC000F807F98000618000618000618000618069
:10CBD0000067F807F9800061800000000000000095
:10CBE000000001C0E003E0F00630080418081FFF51
:10CBF000FE040E080787F00381E00000000000003B
:10CC000001F000060C00040408060C7001F9C000D5
:10CC10000E00003BE000EC18070808040C180003A5
:10CC2000E00000000001E00007F003F818041C0811
:10CC300004170807E1D003C0E00023B0003C08005F
:10CC4000200800001000000000000001000031007A
:10CC5000003200001C000000000000000000000086
:10CC600000000000000000000000000000000000C4
:10CC70000000000000000000000000007F0001FF35
:10CC8000C00780F00C001810000420000200000013
:10CC90000000002000021000040C00180780F001C2
:10CCA000FFC0007F00000000000000000000000046
:10CCB0000000000000000000420000660000660066
:10CCC000003C0000180003FFC0001800003C0000FA
:10CCD0006600006600004200000000000800000836
:10CCE0000000080000080000080001FFC000080064
:10CCF0000008000008000008000008000000000014
:10CD0000000100003100003200001C0000000000A3
:10CD10000000000000000000000000000000000013
:10CD200000000000080000080000080000080000E3
:10CD300008000008000008000008000008000008C3
:10CD40000000000000000000000000003800003873
:10CD5000000038000000000000000000000000009B
:10CD600000000000000000000000000000060000BD
:10CD70001C000070000180000E0000380000C000A0
:10CD80000700001C00003000000000000000000050
:10CD90007F8001FFE0038070060018040008040093
:10CDA0000806001803807001FFE0007F800000008B
:10CDB0000000000000000100080100080100080355
:10CDC000FFF807FFF8000008000008000008000056
:10CDD0000000000000000001C03802C058040098A4
:10CDE000040118040218040418061C1803F818019A
:10CDF000E0F800000000000000000001C0E003C0F7
:10CE0000F004000804080804080806180803F418C9
:10CE100001E7F00001E00000000000000000000059
:10CE20000300000D000011000061000081080301F3
:10CE30000807FFF80FFFF8000108000108000000D4
:10CE40000000000000E007FCD006080806100806F5
:10CE50001008061008061838060FF00607C0000074
:10CE600000000000000000003F8001FFE00384306C
:10CE7000020818041008041008041008071810030A
:10CE80000FF00007C000000000000000000003C019
:10CE9000000700000600000600F80607F806180064
:10CEA00006E000070000060000000000000000018E
:10CEB000E1E003F7F0063410041808041808040C25
:10CEC00008040C0806161803F3F001C1E000000086
:10CED00000000000F80003FC3003063804020804D8
:10CEE00002080402080404100308F001FFC0007FD8
:10CEF0000000000000000000000000000000000032
:10CF00000000000070380070380070380000000029
:10CF10000000000000000000000000000000000011
:10CF20000000000000000000301A00301C0000006B
:10CF300000000000000000000000000000000000F1
:10CF400000000008000014000022000041000080E2
:10CF500080010040020020040010080008000000CA
:10CF6000000000002100002100002100002100003D
:10CF700021000021000021000021000021000021EB
:10CF8000000000000000000000000800080400107D
:10CF900002002001004000808000410000220000CB
:10CFA000140000080000000000000003C00004C0DE
:10CFB00000040000080038080F380808380810007E
:10CFC0000C300007E00003C000000000000000007B
:10CFD0003F8000FFE0038070020F1006708804C0DD
:10CFE00088048308047F8802C09003012000FE406B
:10CFF0000000080000180001F8003E0801C2000708
:10D00000020007E20000FE00001FC80001F8000057
:10D010003800000804000807FFF807FFF8040808B4
:10D0200004080804080804080806180803F418018E
:10D03000E7F00001E0000000000000003F8001FF79
:10D04000E0038070020018040008040008040008CF
:10D050000400100600200780C0000000040008073C
:10D06000FFF807FFF80400080400080400080400A3
:10D070001802001003807001FFE0007F80000000B4
:10D0800004000807FFF807FFF8040808040808046C
:10D090000808040808043E080400080600180100F7
:10D0A0006000000004000807FFF807FFF804080804
:10D0B000040800040800040800043E0006000006FE
:10D0C0000000018000000000000000003F8001FF20
:10D0D000E003807006001804000804020804020837
:10D0E0000203F00783F000020000020004000807BA
:10D0F000FFF807FFF804080800080000080000080F
:10D100000000080004080807FFF807FFF8040008FB
:10D1100000000000000004000804000804000807E4
:10D12000FFF807FFF80400080400080400080000E6
:10D1300000000000000000000006000007000001E1
:10D1400004000104000104000307FFFE07FFFC04C4
:10D15000000004000004000004000807FFF807FFB7
:10D16000F8040C08001800003E0004C7800503C83E
:10D170000600F8040038040018000008040008073E
:10D18000FFF807FFF804000800000800000800008E
:10D1900008000008000008000018000060000000FF
:10D1A00004000807FFF807800807FC00007FC000A4
:10D1B00003F80007C000780007800807FFF807FFA2
:10D1C000F804000804000807FFF807000803C0007F
:10D1D00000E000003800001E000007000001C0044D
:10D1E00000F007FFF8040000000000007F8001FF4E
:10D1F000E003807006001804000804000806001808
:10D2000003003001FFE0007F8000000004000807F9
:10D21000FFF807FFF80404080404000404000404F1
:10D2200000040400060C0003F80001F000000000F8
:10D23000000000007F8001FFE0038070060088048A
:10D2400000880400C806003C03003E01FFE6007FA2
:10D250008400000004000807FFF807FFF80408082E
:10D26000040800040C00040F00040BC00610F003B7
:10D27000F03801E00800000800000001E0F803F0C9
:10D2800030063010041808041808040C08040C08B0
:10D290000206180207F00781E00000000180000686
:10D2A000000004000004000004000807FFF807FF66
:10D2B000F8040008040000040000060000018000DB
:10D2C00004000007FFE007FFF0040018000008005A
:10D2D000000800000800000800000804001007FF14
:10D2E000E004000004000006000007E00007FE0064
:10D2F000041FE00001F80000380001E0043E0007D0
:10D30000C00006000004000004000007E00007FF62
:10D31000C0041FF80007C007F80007FF80043FF8AB
:10D320000007C004F800070000040000000000042B
:10D33000000806001807C07805F1C8003E00001F6D
:10D34000800463E80780F806001804000800000065
:10D3500004000006000007800007E008047C0800C5
:10D360001FF80007F800180804E00807000006008E
:10D37000000400000000000100080600380400F866
:10D380000403E8040F08047C0805F00807C0080738
:10D390000018040060000000000000000000000011
:10D3A000000000000000003FFFFE200002200002FD
:10D3B0002000022000022000020000000000000007
:10D3C000000008000007000000C000003800000650
:10D3D000000001C000003000000E0000010000004D
:10D3E00000000000000020000220000220000220B7
:10D3F00000022000023FFFFE0000000000000000CD
:10D400000000000000000000000000000008000014
:10D410001000003000002000003000001000000864
:10D4200000000000000000000000010000010000FA
:10D4300001000001000001000001000001000001E6
:10D4400000000100000100000100000100000000D8
:10D45000000000000020000020000010000010006C
:10D4600000000000000000000000000000000000BC
:10D470000000000000F00019F8001B18002208004E
:10D480002608002408002410003FF8001FF80000C0
:10D490000800001800000004000007FFF80FFFF06C
:10D4A000001818001008002008002008003018009C
:10D4B0001FF0000FC00000000000000007C0001FA8
:10D4C000F0001830002008002008002008003C0868
:10D4D000001C1000006000000000000000000000C0
:10D4E00007C0001FF00038180020080020080020A6
:10D4F0000804101007FFF80FFFF0000010000000F4
:10D500000000000000000007C0001FF00012300003
:10D510002218002208002208003208001E10000E07
:10D52000200000000000000020000020080020086B
:10D5300001FFF803FFF8062008042008042008076C
:10D54000200003000000000000000000000E000E9C
:10D550006E001FF30031B10020B10020B100319105
:10D56000001F13002E1E00200E00300000000004DB
:10D57000000807FFF80FFFF8001008002000002047
:10D5800000002008003FF8001FF80000080000001D
:10D59000000000000000002008002008002008060D
:10D5A0003FF8063FF80000080000080000080000EF
:10D5B0000000000000000000000000000300000365
:10D5C000002001002001002003063FFE063FFC0072
:10D5D000000000000000000000000004000807FF39
:10D5E000F80FFFF8000188000300002FC00038F892
:10D5F00000203800200800000800000000000000A3
:10D60000000004000804000804000807FFF80FFFEA
:10D61000F8000008000008000008000000000000FA
:10D62000002008003FF8003FF8001008002000002C
:10D630003FF8003FF8001008002000003FF8003FCE
:10D64000F8000008000000002008003FF8003FF844
:10D65000001008001000002000002008003FF80023
:10D660001FF80000080000000000000007C0000FC5
:10D67000F0001830003008002008002008003008B2
:10D68000001830000FF00007C0000000000000008C
:10D690002001003FFF003FFF001011002009002083
:10D6A00008002008003038001FF0000FC000000004
:10D6B0000000000007C0001FF0003818002008001C
:10D6C0002008002009001011001FFF003FFF00008C
:10D6D00001000000002008002008002008003FF89A
:10D6E000003FF80008080010080020080020000093
:10D6F0003000003000000000000000000000000CBE
:10D7000078001E1800330800230800210800218833
:10D710000021980030F00038600000000000000098
:10D72000200000200000200000FFF003FFF8002090
:10D730000800200800200800003000000000000061
:10D74000000000002000003FF0007FF800001800FB
:10D750000008000008002010003FF8007FF00000E3
:10D7600010000000000000002000003000003C001D
:10D77000003F800023F0000078000070002380004C
:10D780003C00003000002000002000003C00003F72
:10D79000E00023F80000E0002700003E00003FE02A
:10D7A0000021F80001E0003E000020000000000021
:10D7B0002008002008003838003E68002780000359
:10D7C000C8002CF80038380020180020080000009D
:10D7D000000000002000003003003C01003F8300F7
:10D7E00023EC000070002380003C0000200000209B
:10D7F0000000000000000000000000380800203891
:10D800000020F80023E8002F88003E0800380800B8
:10D810002018000070000000000000000000000060
:10D82000000000000000000008000014001FF7FCCA
:10D830003000062000020000000000000000000090
:10D840000000000000000000000000000000FFFFDA
:10D85000FF000000000000000000000000000000C9
:10D860000000000000002000023000061FF7FC004E
:10D87000140000080000000000000000000000008C
:10D8800000000000000000180000600000400000E0
:10D890004000002000001000000800000400000408
:10D8A00000000C000010000000000000000000005C
:10D8B0000000000000000000000000000000000068
:10D8C0000000000000000000000000000000000058
:10D8D0000000000000000000000000000000000048
:10D8E0000000000000000000000000000000000038
:10D8F0000000000000000000000000000000000028
:10D9000007F000C007FFE1E007F001E0000000C001
:10D910000000000000000000000000000000000007
:10D9200000000000000000000000000000000000F7
:10D930000020000001C00000078000001F00000060
:10D940001E0000001C20000001C000000780000035
:10D950001F0000001E0000001C000000000000006E
:10D9600000000000000000000000000000180C0093
:10D9700000180C0000180FE0001FFC0003F80C005A
:10D9800000180C0000180C0000180C0000180C0007
:10D9900000180FE0001FFC0003F80C0000180C003A
:10D9A00000180C0000000000000000000000000053
:10D9B00000000780007807C000FC0640010E002030
:10D9C00003070020020380200FFFFFFC0201C0209C
:10D9D0000200E0600130704001F03F8000F01F0065
:10D9E000000000000000000000FE000001FF000039
:10D9F0000301800002008060030181C001FF070075
:10DA000000FE18000000E0000003BF00000CFFC093
:10DA10000071806001C10020030180600000FFC030
:10DA200000003F000000000000001F0000007FC059
:10DA300000FCC0C001FF80600303E02002027820E8
:10DA400002061E2003FC074001F00380000103C012
:10DA500000011C600001E0200001002000010040E6
:10DA60000000018000000000000000000020000015
:10DA70001C6000001C4000001F8000000F00000020
:10DA80000000000000000000000000000000000096
:10DA90000000000000000000000000000000000086
:10DAA0000000000000000000000000000000000076
:10DAB0000000000000000000000000000000000066
:10DAC000000000000007F800003FFF00007807C0DA
:10DAD00001C000E00300003004000008080000045A
:10DAE0001000000200000000000000001000000212
:10DAF00008000004040000080300003001C000E03A
:10DB0000007807C0003FFF000007F8000000000099
:10DB10000000000000000000000000000000000005
:10DB200000000000000000000000000000000000F5
:10DB3000000C1800000E3800000E380000063000FF
:10DB4000000360000061438000FFFF80006143002C
:10DB50000003600000063000000E3800000E3800A0
:10DB6000000C180000000000000000000000000091
:10DB700000008000000080000000800000008000A5
:10DB80000000800000008000007FFF000000800097
:10DB90000000800000008000000080000000800085
:10DBA00000008000000000000000000000000001F4
:10DBB000000000E3000000E2000000FC000000782C
:10DBC0000000000000000000000000000000000055
:10DBD0000000000000000000000000000000000045
:10DBE00000000000000000000000000000008000B5
:10DBF0000000800000008000000080000000800025
:10DC00000000800000008000000080000000800014
:10DC10000000800000008000000080000000800004
:10DC20000000800000000000000000000000000074
:10DC3000000000C0000001E0000001E0000000C0A2
:10DC400000000000000000000000000000000000D4
:10DC500000000000000000000000000000000000C4
:10DC60000000000000000000000000000000000CA8
:10DC700000000038000000E00000038000000E00FB
:10DC8000000038000000E00000038000000E0000EB
:10DC90000038000000E00000038000000E000000DB
:10DCA000180000000000000000000000000000005C
:10DCB000000FF800007FFF0000F00780018000C027
:10DCC000030000600200002002000020020000208B
:10DCD00003000060018000C000E00380007FFF00BF
:10DCE000000FF8000000000000000000000000002D
:10DCF0000000000000800020008000200080002044
:10DD00000080006001FFFFE003FFFFE00000006013
:10DD100000000020000000200000002000000000A3
:10DD200000000000000000000000000000000000F3
:10DD3000007800E0009801600100026002000460C9
:10DD400002000860020010600200206002004060D3
:10DD5000030080600183006001FE00E0007C07801A
:10DD600000000000000000000000000000000000B3
:10DD700000F0078001F007C0010000400200002011
:10DD80000201002002010020020100200303802084
:10DD90000186804001FCC0C000787F8000001E002A
:10DDA000000000000000000000000000000008006B
:10DDB000000038000000480000018800000608004C
:10DDC000000C0810003008100040081001FFFFF0A0
:10DDD00003FFFFF003FFFFF0000008100000081031
:10DDE000000008100000000000000000000000001B
:10DDF00000000780001F864003E10020030200208E
:10DE00000304002003040020030400200304002076
:10DE100003060040030301C00301FF8003007E00EE
:10DE200000000000000000000000000000000000F2
:10DE30000007FC00003FFF000070C380008180C02D
:10DE40000101006003020020020200200202002003
:10DE5000020200200203004001C180C000C0FF8018
:10DE600000007E0000000000000000000000000034
:10DE700000F0000003C00000038000000300000069
:10DE8000030007E003003FE00301C00003060000B9
:10DE9000031800000360000003800000030000007E
:10DEA00000000000000000000000000000001F0053
:10DEB00000783F8000FC60C0018EC04003078020D6
:10DEC0000203002002018020020180200201C02004
:10DED0000301E040018670C000FC3F8000781F0015
:10DEE000000000000000000000000000003F0000F3
:10DEF00000FF81C001C0C1C00100602002002020DD
:10DF0000020020200200202002002060020040C009
:10DF10000100C18000C18F00007FFE00001FF000E3
:10DF200000000000000000000000000000000000F1
:10DF300000000000000000000000000000000000E1
:10DF4000000300C0000781E0000781E0000300C07B
:10DF500000000000000000000000000000000000C1
:10DF600000000000000000000000000000000000B1
:10DF700000000000000000000000000000000000A1
:10DF800000060066000600780000000000000000A7
:10DF90000000000000000000000000000000000081
:10DFA0000000000000000000000000000000000071
:10DFB000000080000001C000000360000006300087
:10DFC000000C180000180C00003006000060030070
:10DFD00000C0018001000040020000200400001089
:10DFE000000000000000000000000000000410001D
:10DFF00000041000000410000004100000041000D1
:10E0000000041000000410000004100000041000C0
:10E0100000041000000410000004100000041000B0
:10E0200000041000000000000000000000000000DC
:10E0300004000010020000200100004000C0018028
:10E04000006003000030060000180C00000C1800EF
:10E0500000063000000360000001C00000008000E6
:10E0600000000000000000000000000000000000B0
:10E070000078000001F800000238000002000000F3
:10E08000040000C0040079E0040081E0040100C045
:10E0900004030000020200000306000001FC00006F
:10E0A00000F800000000000000000000000FF80071
:10E0B000003FFE000070078000C000C00101F84072
:10E0C0000307FC20021E042002300820022030201A
:10E0D000023FFC20013F044001800CC000E0318081
:10E0E000001FC200000000000000002000000060CF
:10E0F000000003E000003E200003E020003E20007E
:10E1000003E020000380200007FC2000003FE00027
:10E110000003FE2000003FE0000001E000000020BE
:10E1200000000020000000000000000002000020AD
:10E130000200002003FFFFE003FFFFE002010020D8
:10E140000201002002010020020100200201002043
:10E15000030300200186806001FCC0C000F87F80BE
:10E1600000001F0000000000000000000007F80091
:10E17000003FFF000070078000C000C001000040A9
:10E180000300002002000020020000200200002006
:10E190000200002001000040018000C003C0018097
:10E1A0000030060000000000000000000200002017
:10E1B0000200002003FFFFE003FFFFE00200002059
:10E1C0000200002002000020020000200300006086
:10E1D00001000040018000C000F00780007FFE00C9
:10E1E000000FF80000000000000000000200002006
:10E1F0000200002003FFFFE003FFFFE00201002018
:10E200000201002002010020020100200201002082
:10E2100002038020020FE0200300006003C000E042
:10E220000060030000000000000000000200002069
:10E230000200002003FFFFE003FFFFE002010020D7
:10E2400002010020020100000201000002010000A2
:10E250000201000002038000030FE0000300000041
:10E2600003C0000000600000000000000007F8008C
:10E27000003FFE000070078001C001C001000040A7
:10E280000300002002000020020000200200002005
:10E29000010020200100204003C03F8000303F806B
:10E2A00000002000000020000200002002000020EA
:10E2B00003FFFFE003FFFFE0020080200200802058
:10E2C000000080000000800000008000020080202C
:10E2D0000200802003FFFFE003FFFFE002000020B8
:10E2E000020000200000000000000000000000000C
:10E2F00000000000020000200200002002000020B8
:10E300000200002003FFFFE003FFFFE00200002007
:10E310000200002002000020020000200000000097
:10E320000000000000000000000000000000000EDF
:10E330000000000F0000000F0000000102000001BB
:10E3400002000001020000030200000603FFFFFCC0
:10E3500003FFFFF8020000000200000002000000BE
:10E360000200000000000000000000000200002089
:10E370000200002003FFFFE003FFFFE00200C020D7
:10E380000201002000078000000FE0000030F800CC
:10E3900002603E2003800F20030003E0020000E043
:10E3A0000200002000000020000000000200002009
:10E3B0000200002003FFFFE003FFFFE00200002057
:10E3C00002000020000000200000002000000020CB
:10E3D000000000200000002000000060000000E0BD
:10E3E00000000300000000000200002002000020E6
:10E3F00003FFFFE003E0002003FF0020001FF00008
:10E400000001FF8000000FE000001E000003E0009C
:10E41000003E002003E0002003FFFFE003FFFFE0D9
:10E420000200002002000020020000200200002064
:10E4300003FFFFE00380002003F0002000FC000049
:10E44000001F00000007C0000001F00000007C0079
:10E4500002001F80020007E003FFFFE0020000004F
:10E46000020000000000000000000000000FF800A3
:10E47000003FFE0000F00780018000C00100004066
:10E480000200002002000020020000200200002004
:10E4900001000040018000C000F00380003FFE004A
:10E4A000000FF80000000000000000000200002043
:10E4B0000200002003FFFFE003FFFFE002008020D6
:10E4C0000200802002008000020080000200800024
:10E4D00002008000030180000183000000FE0000B4
:10E4E000007C00000000000000000000000FF800A9
:10E4F000007FFF0000F00380018001C001000640A2
:10E50000020004200200042002000620020003E0B2
:10E51000010000F80180005C00E0038C003FFF0C6C
:10E52000000FFC18000000000000000002000020A6
:10E530000200002003FFFFE003FFFFE002010020D4
:10E5400002010020020180000201E0000201FC0043
:10E5500003033F80018607E001FC00E000F8002093
:10E56000000000200000000000000000000000008B
:10E570000078060000FE01E0018600C003030040B1
:10E580000203002002018020020180200201C0203D
:10E590000200C0200100E060018070C003E03F8005
:10E5A00000001F00000000000000000000600000EC
:10E5B00003800000030000000200000002000020B1
:10E5C0000200002003FFFFE003FFFFE00200002045
:10E5D0000200002002000000020000000380000092
:10E5E00000E0000000000000020000000200000047
:10E5F00003FFFF0003FFFFC00200004002000060B5
:10E60000000000200000002000000020000000208A
:10E61000020000400200008003FFFF000200000033
:10E6200002000000000000000000000002000000E6
:10E630000200000003C0000003FC0000023FC00015
:10E640000003F80000007F80000007E00000078062
:10E65000000078000203C000023C000003C000007C
:10E6600002000000020000000200000003C00000E1
:10E6700003FF8000023FFE0002007FE000000F0069
:10E680000200F00003EF000003FF8000020FFE0015
:10E6900000003FE000001F000207E00003F8000058
:10E6A0000300000002000000000000000200002043
:10E6B00002000020038000E003F0032002FC0C2095
:10E6C000021F30000007C0000007F00002187C00A5
:10E6D00002601F20038003E0020000E0020000202F
:10E6E0000000002000000000000000000200000008
:10E6F0000300000003C0000003F80000023E0020F9
:10E70000020FC0200001FFE000007FE00003802036
:10E71000021C0020027000000380000002000000C4
:10E7200002000000000000000000000000000020C7
:10E73000006000E0038003E003000FA002003E2021
:10E740000200F8200203E020020F8020023E002099
:10E750000278002003E00060038000E00200030074
:10E7600000000000000000000000000000000000A9
:10E770000000000000000000000000000000000099
:10E780001FFFFFFC10000004100000041000000434
:10E790001000000410000004100000041000000429
:10E7A0000000000000000000000000000000000069
:10E7B000000000000700000003C000000078000017
:10E7C000001E00000003C0000000F00000001E005A
:10E7D00000000780000000F00000003C0000000680
:10E7E0000000000000000000000000000000000029
:10E7F00010000004100000041000000410000004C9
:10E800001000000410000004100000041FFFFFFCB3
:10E8100000000000000000000000000000000000F8
:10E8200000000000000000000000000000000000E8
:10E8300000000000000000000200000004000000D2
:10E840000800000018000000100000001800000080
:10E85000180000000400000002000000000000009A
:10E8600000000000000000000000000100000001A6
:10E870000000000100000001000000010000000194
:10E880000000000100000001000000010000000184
:10E890000000000100000001000000010000000174
:10E8A0000000000100000001000000000000000066
:10E8B0000000000010000000100000001000000028
:10E8C0001800000008000000040000000000000024
:10E8D0000000000000000000000000000000000038
:10E8E00000000000000000000000000000000380A5
:10E8F00000018FC000038C60000618200004102067
:10E9000000041020000420200004204000062040C5
:10E910000003FFC00001FFE0000000200000002015
:10E92000000000C000000000000000000200000025
:10E930000200000003FFFFE007FFFFC0000180C0EE
:10E9400000020060000200200004002000040020FB
:10E950000004002000060040000300C00001FF800A
:10E960000000FE00000000000000000000000000A9
:10E9700000007E000001FF80000381C00002004013
:10E9800000060020000400200004002000040020F5
:10E99000000600200003C0400001C080000003000A
:10E9A0000000000000000000000000000000000067
:10E9B00000007E000001FF80000380C000060060B0
:10E9C0000004002000040020000400200204004095
:10E9D0000202008003FFFFE007FFFFC000000040CD
:10E9E00000000040000000000000000000000000E7
:10E9F00000007E000001FF80000311C000021040F3
:10EA000000041060000410200004102000041020F6
:10EA100000061020000310400001F0C0000071004B
:10EA200000000000000000000000000000000000E6
:10EA30000004000000040020000400200004002066
:10EA4000007FFFE001FFFFE001040020030400203D
:10EA50000204002002040020020400000200000062
:10EA600001C0000001C00000000000000000000024
:10EA70000000001C0000E33E0003FFC200020CC3C4
:10EA8000000404C1000404C1000404C1000404C162
:10EA900000060CC10003F8C30005F0620006007E0A
:10EAA0000006003C00000000000000000200002002
:10EAB0000200002003FFFFE007FFFFE0000100204D
:10EAC0000002002000060000000400000004000016
:10EAD00000040020000600200003FFE00001FFE02A
:10EAE00000000020000000200000000000000000E6
:10EAF00000000000000400200004002000040020AA
:10EB0000000400200387FFE0038FFFE00380002064
:10EB10000000002000000020000000200000000095
:10EB200000000000000000000000000000000000E5
:10EB300000000000000000060000000700000001C7
:10EB400000000001000400010004000100040003B3
:10EB5000000400060387FFFC038FFFF8038000001A
:10EB60000000000000000000000000000200002083
:10EB70000200002003FFFFE007FFFFE00000082085
:10EB800000001020000030000000FC0000058E0096
:10EB9000000707A0000601E0000400E000040020D8
:10EBA0000000002000000000000000000000000045
:10EBB00000000000020000200200002002000020EF
:10EBC0000200002003FFFFE007FFFFE0000000203D
:10EBD00000000020000000200000002000000000D5
:10EBE0000000000000000000000000000004002001
:10EBF0000007FFE0000FFFE000020020000400001B
:10EC0000000400200007FFE00003FFE000020020F6
:10EC100000040000000400200007FFE00003FFE004
:10EC200000000020000000000000000000040020A0
:10EC3000000400200007FFE0000FFFE000010020BB
:10EC40000002002000020000000400000004000098
:10EC500000040020000600200003FFE00001FFE0A8
:10EC60000000002000000020000000000000000064
:10EC700000007E000000FF80000381C00002004011
:10EC800000060020000400200004002000040020F2
:10EC90000006002000020040000381C00001FF8048
:10ECA00000007E00000000000000000000040001E1
:10ECB000000400010007FFFF000FFFFF000100C17B
:10ECC0000002004100040020000400200004002095
:10ECD0000004002000060040000301C00001FF8086
:10ECE00000007E00000000000000000000000000A6
:10ECF00000007E000001FF80000380C00002006071
:10ED00000004002000040020000400200004002073
:10ED100000020041000300C10003FFFF0007FFFFE6
:10ED200000000001000000010000000000040020BD
:10ED3000000400200004002000040020000FFFE079
:10ED4000000FFFE00000C0200001002000020020B2
:10ED5000000600200004000000040000000700007E
:10ED600000030000000000000000000000000000A0
:10ED7000000003E00001C0E00003E0400006302096
:10ED8000000430200004182000041820000418207B
:10ED900000040C2000020C60000307C00007838001
:10EDA0000000000000000000000000000000000063
:10EDB000000400000004000000040000000C00003B
:10EDC000001FFF8000FFFFC000040060000400205F
:10EDD0000004002000040020000400400000018026
:10EDE000000000000000000000000000000400001F
:10EDF000000400000007FF80000FFFC0000000605B
:10EE00000000002000000020000000200000002082
:10EE100000040040000400800007FFE0000FFFC076
:10EE2000000000400000004000000000000400005E
:10EE300000040000000780000007F0000004FE004E
:10EE400000041FC0000003E00000038000001C005D
:10EE500000046000000780000006000000040000BD
:10EE60000000000000000000000400000006000098
:10EE70000007C0000007FC0000043F80000003E022
:10EE800000040F800006F0000007F0000007FF807C
:10EE900000040FE00000038000043C000007C000F5
:10EEA0000006000000040000000000000000002038
:10EEB0000004002000040060000700E00007832039
:10EEC0000007E6000004F80000003C0000045E209B
:10EED000000587A0000601E0000400600004002097
:10EEE00000000020000000000000000000040000FE
:10EEF00000040003000700030007E0010004F8011C
:10EF000000041F02000007FC000000E000000700F2
:10EF1000000438000007C0000006000000040000E4
:10EF200000040000000000000000000000000000DD
:10EF300000078060000600E0000403E0000407A072
:10EF400000040E2000043C20000470200005E02096
:10EF50000007802000070060000400E0000003803C
:10EF600000000000000000000000000000000000A1
:10EF70000000000000000000000000000000000091
:10EF80000000000000008000000080000001400040
:10EF900007FE3FF808000004100000021000000205
:10EFA0000000000000000000000000000000000061
:10EFB0000000000000000000000000000000000051
:10EFC0000000000000000000FFFFFFFF0000000045
:10EFD0000000000000000000000000000000000031
:10EFE0000000000000000000000000000000000021
:10EFF00010000002100000020800000407FE3FF8A5
:10F0000000014000000080000000800000000000BF
:10F0100000000000000000000000000000000000F0
:10F0200000000000000000000000000018000000C8
:10F0300030000000400000004000000040000000E0
:10F040002000000030000000080000000400000064
:10F050000200000002000000020000000C0000009E
:10F060001800000000000000800C00008007000075
:10F070006078000020000000200000002000000058
:10F080000090010000F00000000C0F0053544D33BD
:10F090003220535049205445535421000006101685
:10F0A000000610160000000000000000010203042A
:10F0B0000607080900000000010203040103050718
:10F0C000090E10121416181C1E2B2E2C3B3D5B5DD6
:10F0D0002F2A3A3C3E7C5C223F7F00000100040066
:10F0E00010004000000100020000010002000400C6
:10F0F00008001000200000000700000000000000D1
:10F100000000000000000000A400E8A1A700ECA19E
:10F11000A800A7A1B000E3A1B100C0A1B700A4A1BD
:10F12000D700C1A1E000A4A8E100A2A8E800A8A817
:10F13000E900A6A8EA00BAA8EC00ACA8ED00AAA8CD
:10F14000F200B0A8F300AEA8F700C2A1F900B4A87D
:10F15000FA00B2A8FC00B9A80101A1A81301A5A852
:10F160001B01A7A82B01A9A84401BDA84801BEA85E
:10F170004D01ADA86B01B1A8CE01A3A8D001ABA8E9
:10F18000D201AFA8D401B3A8D601B5A8D801B6A8BA
:10F19000DA01B7A8DC01B8A85102BBA86102C0A877
:10F1A000C702A6A1C902A5A1CA0240A8CB0241A8D4
:10F1B000D90242A89103A1A69203A2A69303A3A6F3
:10F1C0009403A4A69503A5A69603A6A69703A7A6AF
:10F1D0009803A8A69903A9A69A03AAA69B03ABA67F
:10F1E0009C03ACA69D03ADA69E03AEA69F03AFA64F
:10F1F000A003B0A6A103B1A6A303B2A6A403B3A61D
:10F20000A503B4A6A603B5A6A703B6A6A803B7A6EA
:10F21000A903B8A6B103C1A6B203C2A6B303C3A68D
:10F22000B403C4A6B503C5A6B603C6A6B703C7A64E
:10F23000B803C8A6B903C9A6BA03CAA6BB03CBA61E
:10F24000BC03CCA6BD03CDA6BE03CEA6BF03CFA6EE
:10F25000C003D0A6C103D1A6C303D2A6C403D3A6BC
:10F26000C503D4A6C603D5A6C703D6A6C803D7A68A
:10F27000C903D8A60104A7A71004A1A71104A2A737
:10F280001204A3A71304A4A71404A5A71504A6A7F2
:10F290001604A8A71704A9A71804AAA71904ABA7BE
:10F2A0001A04ACA71B04ADA71C04AEA71D04AFA78E
:10F2B0001E04B0A71F04B1A72004B2A72104B3A75E
:10F2C0002204B4A72304B5A72404B6A72504B7A72E
:10F2D0002604B8A72704B9A72804BAA72904BBA7FE
:10F2E0002A04BCA72B04BDA72C04BEA72D04BFA7CE
:10F2F0002E04C0A72F04C1A73004D1A73104D2A780
:10F300003204D3A73304D4A73404D5A73504D6A731
:10F310003604D8A73704D9A73804DAA73904DBA7FD
:10F320003A04DCA73B04DDA73C04DEA73D04DFA7CD
:10F330003E04E0A73F04E1A74004E2A74104E3A79D
:10F340004204E4A74304E5A74404E6A74504E7A76D
:10F350004604E8A74704E9A74804EAA74904EBA73D
:10F360004A04ECA74B04EDA74C04EEA74D04EFA70D
:10F370004E04F0A74F04F1A75104D7A710205CA9B1
:10F38000132043A81420AAA1152044A81620ACA13C
:10F390001820AEA11920AFA11C20B0A11D20B1A141
:10F3A000252045A82620ADA13020EBA13220E4A1E4
:10F3B0003320E5A1352046A83B20F9A1AC208000F0
:10F3C0000321E6A1052147A8092148A81621EDA19E
:10F3D000212159A96021F1A26121F2A26221F3A2A7
:10F3E0006321F4A26421F5A26521F6A26621F7A2A9
:10F3F0006721F8A26821F9A26921FAA26A21FBA279
:10F400006B21FCA27021A1A27121A2A27221A3A250
:10F410007321A4A27421A5A27521A6A27621A7A278
:10F420007721A8A27821A9A27921AAA29021FBA1E3
:10F430009121FCA19221FAA19321FDA1962149A835
:10F4400097214AA898214BA899214CA80822CAA123
:10F450000F22C7A11122C6A115224DA81A22CCA1A4
:10F460001D22D8A11E22DEA11F224EA82022CFA13C
:10F4700023224FA82522CEA12722C4A12822C5A13C
:10F480002922C9A12A22C8A12B22D2A12E22D3A18E
:10F490003422E0A13522DFA13622C3A13722CBA13D
:10F4A0003D22D7A14822D6A14C22D5A1522250A854
:10F4B0006022D9A16122D4A16422DCA16522DDA150
:10F4C000662251A8672252A86E22DAA16F22DBA120
:10F4D000952292A89922D1A1A522CDA1BF2253A8FD
:10F4E0001223D0A16024D9A26124DAA26224DBA273
:10F4F0006324DCA26424DDA26524DEA26624DFA2EC
:10F500006724E0A26824E1A26924E2A27424C5A2CF
:10F510007524C6A27624C7A27724C8A27824C9A2DB
:10F520007924CAA27A24CBA27B24CCA27C24CDA2AB
:10F530007D24CEA27E24CFA27F24D0A28024D1A27B
:10F540008124D2A28224D3A28324D4A28424D5A24B
:10F550008524D6A28624D7A28724D8A28824B1A243
:10F560008924B2A28A24B3A28B24B4A28C24B5A28B
:10F570008D24B6A28E24B7A28F24B8A29024B9A25B
:10F580009124BAA29224BBA29324BCA29424BDA22B
:10F590009524BEA29624BFA29724C0A29824C1A2FB
:10F5A0009924C2A29A24C3A29B24C4A20025A4A980
:10F5B0000125A5A90225A6A90325A7A90425A8A96F
:10F5C0000525A9A90625AAA90725ABA90825ACA93F
:10F5D0000925ADA90A25AEA90B25AFA90C25B0A90F
:10F5E0000D25B1A90E25B2A90F25B3A91025B4A9DF
:10F5F0001125B5A91225B6A91325B7A91425B8A9AF
:10F600001525B9A91625BAA91725BBA91825BCA97E
:10F610001925BDA91A25BEA91B25BFA91C25C0A94E
:10F620001D25C1A91E25C2A91F25C3A92025C4A91E
:10F630002125C5A92225C6A92325C7A92425C8A9EE
:10F640002525C9A92625CAA92725CBA92825CCA9BE
:10F650002925CDA92A25CEA92B25CFA92C25D0A98E
:10F660002D25D1A92E25D2A92F25D3A93025D4A95E
:10F670003125D5A93225D6A93325D7A93425D8A92E
:10F680003525D9A93625DAA93725DBA93825DCA9FE
:10F690003925DDA93A25DEA93B25DFA93C25E0A9CE
:10F6A0003D25E1A93E25E2A93F25E3A94025E4A99E
:10F6B0004125E5A94225E6A94325E7A94425E8A96E
:10F6C0004525E9A94625EAA94725EBA94825ECA93E
:10F6D0004925EDA94A25EEA94B25EFA9502554A8A7
:10F6E000512555A8522556A8532557A8542558A842
:10F6F000552559A856255AA857255BA858255CA812
:10F7000059255DA85A255EA85B255FA85C2560A8E1
:10F710005D2561A85E2562A85F2563A8602564A8B1
:10F72000612565A8622566A8632567A8642568A881
:10F73000652569A866256AA867256BA868256CA851
:10F7400069256DA86A256EA86B256FA86C2570A821
:10F750006D2571A86E2572A86F2573A8702574A8F1
:10F76000712575A8722576A8732577A8812578A8B4
:10F77000822579A883257AA884257BA885257CA85D
:10F7800086257DA887257EA8882580A8892581A82B
:10F790008A2582A88B2583A88C2584A88D2585A8F9
:10F7A0008E2586A88F2587A8932588A8942589A8C3
:10F7B00095258AA8A025F6A1A125F5A1B225F8A135
:10F7C000B325F7A1BC258BA8BD258CA8C625F4A11F
:10F7D000C725F3A1CB25F0A1CE25F2A1CF25F1A11C
:10F7E000E2258DA8E3258EA8E4258FA8E52590A81D
:10F7F0000526EFA10626EEA1092691A84026E2A142
:10F800004226E1A10030A1A10130A2A10230A3A1B2
:10F810000330A8A10530A9A1063065A9073096A933
:10F820000830B4A10930B5A10A30B6A10B30B7A198
:10F830000C30B8A10D30B9A10E30BAA10F30BBA168
:10F840001030BEA11130BFA1123093A81330FEA119
:10F850001430B2A11530B3A11630BCA11730BDA130
:10F860001D3094A81E3095A8213040A9223041A90E
:10F87000233042A9243043A9253044A9263045A984
:10F88000273046A9283047A9293048A94130A1A4EA
:10F890004230A2A44330A3A44430A4A44530A5A47C
:10F8A0004630A6A44730A7A44830A8A44930A9A44C
:10F8B0004A30AAA44B30ABA44C30ACA44D30ADA41C
:10F8C0004E30AEA44F30AFA45030B0A45130B1A4EC
:10F8D0005230B2A45330B3A45430B4A45530B5A4BC
:10F8E0005630B6A45730B7A45830B8A45930B9A48C
:10F8F0005A30BAA45B30BBA45C30BCA45D30BDA45C
:10F900005E30BEA45F30BFA46030C0A46130C1A42B
:10F910006230C2A46330C3A46430C4A46530C5A4FB
:10F920006630C6A46730C7A46830C8A46930C9A4CB
:10F930006A30CAA46B30CBA46C30CCA46D30CDA49B
:10F940006E30CEA46F30CFA47030D0A47130D1A46B
:10F950007230D2A47330D3A47430D4A47530D5A43B
:10F960007630D6A47730D7A47830D8A47930D9A40B
:10F970007A30DAA47B30DBA47C30DCA47D30DDA4DB
:10F980007E30DEA47F30DFA48030E0A48130E1A4AB
:10F990008230E2A48330E3A48430E4A48530E5A47B
:10F9A0008630E6A48730E7A48830E8A48930E9A44B
:10F9B0008A30EAA48B30EBA48C30ECA48D30EDA41B
:10F9C0008E30EEA48F30EFA49030F0A49130F1A4EB
:10F9D0009230F2A49330F3A49B3061A99C3062A9C9
:10F9E0009D3066A99E3067A9A130A1A5A230A2A52D
:10F9F000A330A3A5A430A4A5A530A5A5A630A6A58F
:10FA0000A730A7A5A830A8A5A930A9A5AA30AAA55E
:10FA1000AB30ABA5AC30ACA5AD30ADA5AE30AEA52E
:10FA2000AF30AFA5B030B0A5B130B1A5B230B2A5FE
:10FA3000B330B3A5B430B4A5B530B5A5B630B6A5CE
:10FA4000B730B7A5B830B8A5B930B9A5BA30BAA59E
:10FA5000BB30BBA5BC30BCA5BD30BDA5BE30BEA56E
:10FA6000BF30BFA5C030C0A5C130C1A5C230C2A53E
:10FA7000C330C3A5C430C4A5C530C5A5C630C6A50E
:10FA8000C730C7A5C830C8A5C930C9A5CA30CAA5DE
:10FA9000CB30CBA5CC30CCA5CD30CDA5CE30CEA5AE
:10FAA000CF30CFA5D030D0A5D130D1A5D230D2A57E
:10FAB000D330D3A5D430D4A5D530D5A5D630D6A54E
:10FAC000D730D7A5D830D8A5D930D9A5DA30DAA51E
:10FAD000DB30DBA5DC30DCA5DD30DDA5DE30DEA5EE
:10FAE000DF30DFA5E030E0A5E130E1A5E230E2A5BE
:10FAF000E330E3A5E430E4A5E530E5A5E630E6A58E
:10FB0000E730E7A5E830E8A5E930E9A5EA30EAA55D
:10FB1000EB30EBA5EC30ECA5ED30EDA5EE30EEA52D
:10FB2000EF30EFA5F030F0A5F130F1A5F230F2A5FD
:10FB3000F330F3A5F430F4A5F530F5A5F630F6A5CD
:10FB4000FC3060A9FD3063A9FE3064A90531C5A869
:10FB50000631C6A80731C7A80831C8A80931C9A805
:10FB60000A31CAA80B31CBA80C31CCA80D31CDA8D5
:10FB70000E31CEA80F31CFA81031D0A81131D1A8A5
:10FB80001231D2A81331D3A81431D4A81531D5A875
:10FB90001631D6A81731D7A81831D8A81931D9A845
:10FBA0001A31DAA81B31DBA81C31DCA81D31DDA815
:10FBB0001E31DEA81F31DFA82031E0A82131E1A8E5
:10FBC0002231E2A82331E3A82431E4A82531E5A8B5
:10FBD0002631E6A82731E7A82831E8A82931E9A885
:10FBE0002032E5A22132E6A22232E7A22332E8A2A5
:10FBF0002432E9A22532EAA22632EBA22732ECA275
:10FC00002832EDA22932EEA231325AA9A33249A9F3
:10FC10008E334AA98F334BA99C334CA99D334DA9F0
:10FC20009E334EA9A1334FA9C43350A9CE3351A955
:10FC3000D13352A9D23353A9D53354A9004EBBD2E4
:10FC4000014EA1B6024E4081034EDFC6044E4181F3
:10FC5000054E4281064E4381074EF2CD084EC9D56E
:10FC6000094EFDC80A4ECFC90B4EC2CF0C4EA2D8CA
:10FC70000D4EBBB20E4EEBD30F4E4481104EA4D8A6
:10FC8000114EF3B3124E4581134EA8D7144ED2C76E
:10FC9000154EA7D8164EC0CA174E4681184EF0C74B
:10FCA000194EFBB11A4EB5D21B4ED4B41C4EABB696
:10FCB0001D4EBFCB1E4EA9D81F4E4781204E4881F6
:10FCC000214E4981224EAAB6234E4A81244EBDC1FF
:10FCD000254ECFD1264E4B81274EA5C9284EADD8F3
:10FCE000294E4C812A4EF6B82B4EBED12C4EDCE369
:10FCF0002D4ED0D62E4E4D812F4E4E81304EE1B737
:10FD0000314E4F81324EAEB4334E5081344ED9C154
:10FD1000354E5181364EBCD8374E5281384EE8CDE3
:10FD2000394EA4B53A4EAACE3B4EF7D63C4E53813F
:10FD30003D4EF6C03E4ED9BE3F4EAFD8404E5481E8
:10FD4000414E5581424E5681434ECBC4444E57815D
:10FD5000454EC3BE464E5881474EB1D8484EB4C3F7
:10FD6000494EE5D24A4E59814B4EAED64C4EDACE74
:10FD70004D4EA7D54E4EF5BA4F4EA6B7504ED6C0F3
:10FD8000514E5A81524EB9C6534ED2C5544EC7C772
:10FD9000554E5B81564ED4B9574E5C81584ECBB30D
:10FDA000594ED2D25A4E5D815B4E5E815C4EBFD8B9
:10FDB0005D4EC5BE5E4EF2C65F4EB2D2604EB0CF53
:10FDC000614EE7CF624E5F81634E6081644E618118
:10FDD000654E6281664EE9CA674E6381684E6481F2
:10FDE000694EC0D86A4E65816B4E66816C4E6781E4
:10FDF0006D4E68816E4E69816F4E6A81704EF2C29F
:10FE0000714ED2C2724E6B81734EE9C8744E6C81D2
:10FE1000754E6D81764E6E81774E6F81784E708112
:10FE2000794E71817A4E72817B4E73817C4E7481E2
:10FE30007D4E75817E4EACC77F4E7681804E778138
:10FE4000814E7881824E7981834E7A81844E7B8186
:10FE5000854E7C81864ECBC1874E7D81884EE8D30E
:10FE6000894EF9D58A4E7E818B4EC2CA8C4EFEB623
:10FE70008D4EA1D88E4EDAD38F4EF7BF904E808133
:10FE8000914EC6D4924EA5BB934EC1D8944EE5CEAA
:10FE9000954EAEBE964E8181974E8281984EA8D8DF
:10FEA000994E83819A4EC7D19B4EA9D09C4E848196
:10FEB0009D4E85819E4E86819F4EBDD8A04EEFD926
:10FEC000A14EF6CDA24EBABFA34E8781A44EBBBDB4
:10FED000A54EA5BAA64EE0D2A74EFAB2A84EE0BAF9
:10FEE000A94EB6C4AA4E8881AB4EEDCFAC4EA9BE8A
:10FEF000AD4EA4CDAE4EC1C1AF4E8981B04E8A8108
:10FF0000B14E8B81B24ED7C7B34EF1D9B44E8C816E
:10FF1000B54EF4D9B64E8D81B74E8E81B84E8F81D5
:10FF2000B94E9081BA4ECBC8BB4EE9D8BC4E918138
:10FF3000BD4E9281BE4E9381BF4EDAD2C04EB2CA40
:10FF4000C14ECAC8C24EECD8C34EEAD8C44EC6D8B9
:10FF5000C54EF6BDC64ECDC6C74EF0B3C84E948151
:10FF6000C94EEBD8CA4EF1BDCB4EE9BDCC4E958102
:10FF7000CD4ED4C8CE4ED3B4CF4E9681D04E9781BD
:10FF8000D14ED8C2D24E9881D34ED6B2D44ED0D70D
:10FF9000D54ECBCAD64EFBCBD74ECCD5D84EB6B865
:10FFA000D94EC9CFDA4E9981DB4E9A81DC4E9B81C6
:10FFB000DD4EDAD9DE4EF0D8DF4EAAC7E04E9C8186
:10FFC000E14EEED8E24E9D81E34EFAB4E44EEEC12E
:10FFD000E54ED4D2E64E9E81E74E9F81E84EEDD8A5
:10FFE000E94EA081EA4EC7D2EB4EEFD8EC4EC7C324
:10FFF000ED4EA181EE4EA281EF4EA381F04EF6D1DF
:020000040801F1
:10000000F14EA481F24ED9D6F34EF2D8F44EA5812A
:10001000F54EF5D8F64EFEBCF74EDBBCF84EA68189
:10002000F94EA781FA4EA881FB4ECEC8FC4EA9819D
:10003000FD4EDDB7FE4EAA81FF4EC2B7004FAB8129
:10004000014FF3C6024FAC81034FAD81044FAE8127
:10005000054FAF81064FB081074FB181084FB28184
:10006000094FF8D80A4FC1D20B4FB3810C4FB4815E
:100070000D4FE9CE0E4FBFBC0F4FFCB7104FA5B7C9
:10008000114FDDD0124FB581134FB681144FB78198
:10009000154FB881164FB981174FDAD6184FC5D30F
:1000A000194FEFBB1A4FE1BB1B4FF1D81C4FBA8160
:1000B0001D4FBB811E4FA1C91F4FB0CE204FABB407
:1000C000214FBC81224FF3D8234FBD81244FCBC990
:1000D000254FF6D8264FD7C2274FF7D8284FBE81D5
:1000E000294FBF812A4FB1CE2B4FF9D82C4FC08159
:1000F0002D4FC1812E4FC2812F4FAEB2304FC0B9AC
:10010000314FC381324FA3D9334FC481344FE9B04B
:10011000354FC581364FE6C1374FC681384FECC9E0
:10012000394FC7813A4FC5CB3B4FC8813C4FC6CBF7
:100130003D4FA4D93E4FC9813F4FCA81404FCB812B
:10014000414FCC81424FCD81434FE8B5444FCE81E2
:10015000454FCF81464FABB5474FD081484FD181F6
:10016000494FD2814A4FD3814B4FD4814C4FD581D7
:100170004D4FBBCE4E4FCDB54F4FA1D7504FF4D7BB
:10018000514FD3D3524FD681534FE5CC544FD781E3
:10019000554FCEBA564FD881574FA2D9584FDCD9B8
:1001A000594FE0D35A4FFDD85B4FF0B75C4FF7D7AC
:1001B0005D4FFED85E4FFAD85F4FA1D9604FE3C4C0
:1001C000614FD981624FDA81634FB6D3644FF4D85F
:1001D000654FDDD9664FDB81674FFBD8684FDC8107
:1001E000694FE5C56A4FDD816B4FDE816C4FD0C032
:1001F0006D4FDF816E4FE0816F4FF0D1704FDBB0FC
:10020000714FE181724FE281734FD1BC744FA6D917
:10021000754FE381764FA5D9774FE481784FE5811B
:10022000794FE6817A4FE7817B4FACD97C4FAED9CD
:100230007D4FE8817E4FABD97F4FB9CA804FE981AE
:10024000814FEA81824FEB81834FA9D9844FB6D683
:10025000854FEC81864FED81874FEE81884FDEB36D
:10026000894FA8D98A4FEF818B4FFDC08C4FF08109
:100270008D4FCCCA8E4FF1818F4FAAD9904FF2810A
:10028000914FA7D9924FF381934FF481944FB0D9F6
:10029000954FF581964FF681974FB1B6984FF781FC
:1002A000994FF8819A4FF9819B4FA9B99C4FFA81D8
:1002B0009D4FC0D29E4FFB819F4FFC81A04FC0CF6E
:1002C000A14FFD81A24FFE81A34FC2C2A44F408225
:1002D000A54FC4BDA64FECD5A74FE0B2A84FC8C7E5
:1002E000A94FEBBFAA4FADD9AB4F4182AC4FAFD9AD
:1002F000AD4F4282AE4FEACEAF4FEEBAB04F43821F
:10030000B14F4482B24F4582B34F4682B44F4782C9
:10031000B54FD6C7B64F4882B74F4982B84F4A82C9
:10032000B94F4B82BA4F4C82BB4F4D82BC4F4E826D
:10033000BD4F4F82BE4F5082BF4FE3B1C04F51827D
:10034000C14F5282C24F5382C34FD9B4C44FEDB68E
:10035000C54FB4D9C64F5482C74F5582C84F568235
:10036000C94F5782CA4FA1BFCB4F5882CC4F598239
:10037000CD4F5A82CE4FDED9CF4FCEC7D04FFEC021
:10038000D14FB8D9D24F5B82D34F5C82D44F5D82BC
:10039000D54F5E82D64F5F82D74FD7CBD84FFDB7B0
:1003A000D94F6082DA4FB5D9DB4F6182DC4FB7D9C4
:1003B000DD4FA3B1DE4FE1D3DF4FB9D9E04F628209
:1003C000E14FC5D0E24F6382E34FB6D9E44F648278
:1003D000E54F6582E64FB1D9E74F6682E84FB2D963
:1003E000E94FA9C1EA4FB3D9EB4F6782EC4F68825E
:1003F000ED4FF3BCEE4FDED0EF4FA9B8F04F69825E
:10040000F14FE3BEF24F6A82F34FBDD9F44F6B82D6
:10041000F54F6C82F64F6D82F74F6E82F84FBAD966
:10042000F94F6F82FA4FB3B0FB4F7082FC4F71826D
:10043000FD4F7282FE4FC2D9FF4F7382005074820B
:100440000150758202507682035077820450788280
:100450000550798206507A8207507B8208507C8250
:1004600009507D820A507E820B5080820C50C4D984
:100470000D50B6B10E5081820F50BFD910508282FC
:10048000115083821250B9B5135084821450F3BEB8
:100490001550858216508682175087821850C8CC16
:1004A0001950F2BA1A50D0D21B5088821C50C3D9AE
:1004B0001D5089821E508A821F50E8BD20508B82B9
:1004C0002150ABB322508C8223508D8224508E82D7
:1004D0002550C5D92650EBBE27508F822850C6D94B
:1004E0002950BBD92A50DFC42B5090822C50BED942
:1004F0002D50C1D92E50C0D92F50918230509282A8
:100500003150938232509482335095823450968287
:1005100035509782365098823750998238509A8257
:1005200039509B823A50AED53B509C823C50B5D658
:100530003D509D823E50E3C73F509E8240509F8277
:100540004150A0824250A1824350C8D94450A28257
:100550004550A3824650A4824750D9BC4850CAD9BE
:100560004950A5824A50A6824B50A7824C50BCD914
:100570004D50A8824E50CBD94F50ABC65050A98297
:100580005150AA825250AB825350AC825450AD822B
:100590005550C9D95650AE825750AF825850B0828C
:1005A0005950B1825A50F6D75B50B2825C50A3CDFD
:1005B0005D50B3825E50B4825F50B5826050B682A7
:1005C0006150B7826250B8826350B9826450BA8277
:1005D0006550A1BD6650BB826750BC826850BD8229
:1005E0006950BE826A50BF826B50C0826C50CCD9B9
:1005F0006D50C1826E50C2826F50C3827050C482EF
:100600007150C5827250C6827350C7827450C882BE
:100610007550C9827650BCC57750B5CD7850CA8226
:100620007950CB827A50CC827B50CDD97C50CD8210
:100630007D50CE827E50C7D97F50A5B38050FEBF7B
:100640008150CF828250D0828350D1828450D28216
:100650008550B5B88650D3828750D4828850FCC06C
:100660008950D5828A50D6828B50D7828C50D882BE
:100670008D50F8B08E50D9828F50DA829050DB8244
:100680009150DC829250DD829350DE829450DF8262
:100690009550E0829650E1829750E2829850E38232
:1006A0009950E4829A50E5829B50E6829C50E78202
:1006B0009D50E8829E50E9829F50EA82A050EB82D2
:1006C000A150EC82A250ED82A350F6B4A450EE8269
:1006D000A550CED9A650EF82A750CFD9A850A2B42A
:1006E000A950D0D9AA50F082AB50F182AC50DFB4FF
:1006F000AD50F282AE50F382AF50F482B050F5822A
:10070000B150F682B250C1B0B350F782B450F88203
:10071000B550F982B650FA82B750FB82B850FC82CD
:10072000B950FD82BA50D1D9BB50B5C9BC50FE8278
:10073000BD504083BE504183BF504283C05043836D
:10074000C1504483C2504583C3504683C45047833D
:10075000C5504883C6504983C7504A83C8504B830D
:10076000C9504C83CA504D83CB504E83CC504F83DD
:10077000CD505083CE505183CF50F1CFD0505283C3
:10078000D1505383D2505483D3505583D450568381
:10079000D5505783D650D2D9D7505883D850598383
:1007A000D9505A83DA50C5C1DB505B83DC505C837F
:1007B000DD505D83DE505E83DF505F83E0506083F9
:1007C000E1506183E2506283E3506383E4506483C9
:1007D000E5506583E650D6D9E750AEC9E850668348
:1007E000E9506783EA506883EB506983EC50D5D9B0
:1007F000ED50D4D9EE50D7D9EF506A83F0506B83C7
:10080000F1506C83F2506D83F350DBCBF4506E8368
:10081000F550A9BDF6506F83F7507083F85071837F
:10082000F9507283FA507383FB50A7C6FC5074834F
:10083000FD507583FE507683FF5077830051788397
:100840000151798302517A8303517B8304517C8364
:1008500005517D830651D3D90751D8D908517E83DC
:10086000095180830A5181830B51D9D90C5182835C
:100870000D5183830E5184830F51858310518683DC
:10088000115187831251E5C813518883145189830C
:1008900015518A8316518B8317518C8318518D8380
:1008A00019518E831A518F831B5190831C51918350
:1008B0001D5192831E5193831F5194832051958320
:1008C0002151DCC022519683235197832451988370
:1008D0002551998326519A8327519B8328519C83C4
:1008E00029519D832A519E832B519F832C51A08394
:1008F0002D51A1832E51A2832F51A3833051A48364
:100900003151A5833251A6833351A7833451A88333
:100910003551A9833651AA833751AB833851AC8303
:100920003951AD833A51AE833B51AF833C51B083D3
:100930003D51B1833E51B2833F51F9B64051A3D8E6
:100940004151CAD44251B3834351AAD44451D6D061
:100950004551E4B34651D7D54751B4834851C8CF28
:100960004951E2B94A51B5834B51CBBF4C51B68383
:100970004D51E2C34E51B7834F51B8835051B983A3
:100980005151D2B65251BA835351BB835451C3CD46
:100990005551EED95651F0D95751BC835851BD83AA
:1009A0005951BE835A51B3B55B51BF835C51B5B643
:1009B0005D51C0835E51C1835F51C2836051C38367
:1009C0006151C4836251A4BE6351C5836451C6831F
:1009D0006551EBC86651C7836751C8836851ABC87E
:1009E0006951C9836A51CA836B51CBB06C51ABB9A1
:1009F0006D51F9C16E51E2D96F51CB837051BCC0BA
:100A00007151B2B97251CC837351D8B97451CBD0F2
:100A10007551F8B17651E4C67751DFBE7851E4B52F
:100A20007951C8D77A51CD837B51F8D17C51E6BC3E
:100A30007D51DECA7E51CE837F51CF838051BDBCB4
:100A40008151E6D98251E7D88351D0838451D18333
:100A50008551DAC48651D2838751D3838851D4B863
:100A60008951BDC88A51D4838B51D5838C51E1B251
:100A70008D51D9D48E51D6838F51D7839051D8833D
:100A80009151D9839251B0C39351DA839451DB834E
:100A90009551E1C39651A2DA9751DFC89851DC8392
:100AA0009951B4D09A51DD839B51FCBE9C51A9C58C
:100AB0009D51DE839E51DF839F51E083A051DAB9BF
:100AC000A151E183A251A3DAA351E283A451A9D495
:100AD000A551A4DAA651E383A751E483A851E58385
:100AE000A951E683AA51E783AB51FBD9AC51ACB60F
:100AF000AD51E883AE51E983AF51EBB7B051F9B1D5
:100B0000B151FCD9B251E5B3B351F6BEB451EA8349
:100B1000B551F6BFB651B1D2B751E4C0B851EB836D
:100B2000B951EC83BA51ED83BB51B3B6BC51FED978
:100B3000BD51FDD9BE51EE83BF51EF83C051BBBE45
:100B4000C151F083C251F183C351F283C451E0C655
:100B5000C551F383C651BCD7C751A1DAC851F4833C
:100B6000C951B9C1CA51F583CB51F2B5CC51E8C1D5
:100B7000CD51F683CE51F783CF51F5BCD051F883D8
:100B8000D151D5B4D251F983D351FA83D451FB83D7
:100B9000D551FC83D651FD83D751FE83D851408473
:100BA000D9514184DA514284DB51DDC1DC514384A7
:100BB000DD51FDC4DE514484DF514584E051B8BCB1
:100BC000E151B2B7E2514684E3514784E451EFB7B3
:100BD000E5514884E6514984E7514A84E8514B8401
:100BE000E9514C84EA514D84EB51ECD9EC514E84DF
:100BF000ED51BEC6EE514F84EF51ADBFF051CBBBAE
:100C0000F1515084F2515184F351CAB5F4515284D8
:100C1000F551C9DBF651D7D0F7515384F851B9CD0E
:100C2000F951BCB0FA51F6B3FB51F7BBFC51CADB2A
:100C3000FD51AFBAFE515484FF51E4D40052B6B511
:100C40000152F3B50252D6D80352D0C8045255848B
:100C5000055256840652D6B70752D0C70852D7D885
:100C6000095257840A52AFBF0B5258840C52598410
:100C70000D52BBDB0E52D8D80F525A8410525B84EF
:100C80001152CCD01252AEBB13525C8414525D840C
:100C900015525E841652BEEB1752D0C11852F5C1E0
:100CA0001952F2D41A52D5B81B52B4B41C525F84F4
:100CB0001D52F5B31E5260841F5261842052BEC97A
:100CC0002152628422526384235264842452D0C508
:100CD0002552658426526684275267842852D9C5D6
:100CE0002952FBC02A5268842B52F0B12C526984DD
:100CF0002D52D9D82E52CEB92F526A843052BDB55A
:100D000031526B8432526C843352DAD834526D844F
:100D100035526E843652C6D63752A2CB3852AFC83F
:100D20003952B2C93A52CCB43B52CCBF3C526F8418
:100D30003D52F4B93E5270843F52DBD84052DCD869
:100D40004152E7B64252C1BC4352EACC445271848C
:100D50004552728446527384475274844852758453
:100D6000495276844A52F7CF4B5277844C52DDD8A1
:100D70004D52B0C74E5278844F5279845052D0B9F8
:100D80005152A3BD52527A8453527B845452DECCCA
:100D900055527C845652CAC657527D8458527E841E
:100DA000595280845A5281845B5282845C52E0D8CA
:100DB0005D5283845E52DED85F52848460528584A3
:100DC0006152DFD862528684635287846452888479
:100DD0006552FEB0665289846752E7BE68528A84C3
:100DE0006952A3CA6A52F4BC6B528B846C528C84D5
:100DF0006D528D846E528E846F52B1B870528F8452
:100E0000715290847252EEB87352918474529284EB
:100E1000755293847652948477529584785296844E
:100E2000795297847A5298847B5299847C529A841E
:100E30007D52E2D87E529B847F52CBBD80529C84EF
:100E40008152E4D88252E3D883529D8484529E8496
:100E500085529F848652A0848752A1848852FCC503
:100E60008952A2848A52A3848B52A4848C52A58472
:100E70008D52A6848E52A7848F52A8849052E5D8B2
:100E80009152A9849252AA849352E6D89452AB8488
:100E90009552AC849652AD849752AE849852AF84EA
:100EA0009952B0849A52B1849B52A6C19C52B2848A
:100EB0009D52B0C89E52ECB09F52A6B9A052D3BC6E
:100EC000A152F1CEA252BDDBA352D3C1A452B3842E
:100ED000A552B484A652B584A752B684A852AFB620
:100EE000A952FAD6AA52ACC5AB52D9BDAC52BEDBA0
:100EF000AD52BFDBAE52B784AF52B884B052B984A2
:100F0000B152F8C0B252A2BEB352CDC0B452BA84EC
:100F1000B552BB84B652BC84B752BD84B852BE84AD
:100F2000B952BF84BA52C084BB52C184BC52C2847D
:100F3000BD52C384BE52C0DBBF52C6CAC052C484B5
:100F4000C152C584C252C684C352AAB2C452C78415
:100F5000C552C884C652C984C752C2D3C852CA84B3
:100F6000C952E3C3CA52CB84CB52ABD1CC52CC844E
:100F7000CD52CD84CE52CE84CF52CF84D052C2DB5C
:100F8000D152D084D252D5C0D352D184D452D2843B
:100F9000D552D384D652C3DBD752D484D852B1BFF2
:100FA000D952D584DA52D684DB52D784DC52D88425
:100FB000DD52D984DE52DA84DF52BCC4E052DB84D5
:100FC000E152DC84E252DD84E352DE84E452DAC78B
:100FD000E552DF84E652E084E752E184E852E2849D
:100FE000E952E384EA52E484EB52E584EC52E6846D
:100FF000ED52E784EE52E884EF52E984F052C4DB0C
:10100000F152EA84F252EB84F352EC84F452ED8410
:10101000F552EE84F652EF84F752F084F852F184E0
:10102000F952E8D9FA52D7C9FB52F284FC52F38440
:10103000FD52F484FE52B4B9FF52F0CE0053C8D42E
:101040000153F5840253F6840353F7840453F88460
:101050000553FCB00653D2B40753F9840853D9D0D2
:101060000953FA840A53FB840B53FC840C53FD840C
:101070000D53E9D90E53FE840F53CBDE1053EBD939
:1010800011534085125341851353428514534385B0
:101090001553B0D81653AFBB1753B1B1185344858D
:1010A0001953D7B31A53CED81B5345851C534685C5
:1010B0001D53D1D41E5347851F5348852053B3BDBC
:1010C0002153EFBF225349852353BBCF24534A8575
:1010D00025534B852653D0D827534C8528534D850F
:1010E00029534E852A53CBB72B534F852C5350850C
:1010F0002D5351852E53D1D82F53528530535385BC
:10110000315354853253558533535685345357855F
:10111000355358853653598537535A8538535B852F
:101120003953A5C63A53F8C73B53BDD23C535C85EF
:101130003D535D853E53D2D83F53E4C440535E8552
:101140004153AECA42535F854353A7C7445360859A
:101150004553A6D8465361854753FDC94853E7CE4A
:101160004953DCBB4A53EBB04B5362854C53638508
:101170004D5364854E53AABB4F53ADD05053658534
:101180005153B0B15253E4D75353BFD7545366852C
:101190005553A5B55653F4C25753CFC4585367851A
:1011A000595368855A53A9B25B5369855C53B7B2EA
:1011B0005D536A855E53E5B15F53B2DF6053BCD5C2
:1011C0006153A8BF6253ACC26353D5D86453B1C254
:1011D00065536B856653D4D86753D4CE68536C85FA
:1011E0006953E0DA6A536D856B53C0CE6C536E85DC
:1011F0006D536F856E53B4D86F53AEC37053A1D384
:101200007153A3CE725370857353B4BC7453B4C876
:101210007553D1C2765371857753EDBE7853B6D0EE
:10122000795372857A53E1DA7B5373857C537485E5
:101230007D5375857E5376857F53E4C780537785CC
:10124000815378858253A7B3835379858453F2B64B
:101250008553FCCC8653FAC087537A8588537B85A7
:101260008953F7C08A537C858B53B9D18C53E1D114
:101270008D53C7D88E537D858F537E85905380853F
:1012800091538185925382859353838594538485AA
:101290009553DEB296538585975386859853E5C05E
:1012A000995387859A53F1BA9B5388859C538985B6
:1012B0009D53C8D89E538A859F53ADD4A0538B8528
:1012C000A1538C85A253E1CFA353C9D8A4538D85D4
:1012D000A553CAD8A653C3CFA7538E85A853F8B336
:1012E000A953C7BEAA538F85AB539085AC53918544
:1012F000AD539285AE53CBD8AF539385B0539485FD
:10130000B1539585B2539685B3539785B453988559
:10131000B5539985B653CCDBB7539A85B8539B85A3
:10132000B9539C85BA539D85BB53A5C8BC539E85B4
:10133000BD539F85BE53A085BF53D8CFC053A18551
:10134000C153FEC8C253CEB2C353A285C453A385B2
:10135000C553A485C653A585C753A685C853D6D300
:10136000C953E6B2CA53B0BCCB53D1D3CC53ABCBE9
:10137000CD53B4B7CE53A785CF53A885D053A985F5
:10138000D153A2B7D253AA85D353AB85D453E5CA60
:10139000D553AC85D653A1C8D753DCCAD853E4B1D2
:1013A000D953F0D0DA53AD85DB53D1C5DC53AE85CC
:1013B000DD53AF85DE53B085DF53C5DBE053FEB5AB
:1013C000E153B185E253B285E353DABFE453C5B9C3
:1013D000E553E4BEE653EDC1E753B385E853B6DF0A
:1013E000E953B5DFEA53BBD6EB53D0BDEC53D9D5A7
:1013F000ED53C8B0EE53A3B6EF53C9BFF053A8CC1A
:10140000F153B3DFF253B7CAF353D2D3F453B485D5
:10141000F553CFD8F653B6D2F753C5BAF853BECB6F
:10142000F953BECCFA53B585FB53B7DFFC53F0B587
:10143000FD53B4DFFE53B685FF53B7850054B8851E
:101440000154F5D30254B9850354D4B30454F7B806
:101450000554BA850654BADF0754BB850854CFBA81
:101460000954AABC0A54F5B50B54BC850C54ACCD38
:101470000D54FBC30E54F3BA0F54F4C01054C2CD34
:101480001154F2CF1254B8DF1354C5CF1454BD8594
:101490001554C0C21654B9DF1754F0C21854BE8593
:1014A0001954BF851A54C0851B54FDBE1C54C185F8
:1014B0001D54DFC11E54CCCD1F54F7D22054CDB7DC
:1014C0002154C1DF2254C2852354C4DF2454C38570
:1014D0002554C4852654F1B72754C9B02854D6B62C
:1014E0002954D4B72A54C5852B54ACBA2C54FDCCFE
:1014F0002D54D4BF2E54B1CB2F54F4C63054C685CE
:101500003154A8D63254C5DF3354C7853454E2CEA3
:101510003554B3B33654C8853754C9853854FCCED6
:101520003954B5B43A54CA853B54C7CE3C54F0BA8A
:101530003D54CB853E54E1CE3F54CC854054BDD183
:101540004154CD854254CE854354C0DF4454CF85A9
:101550004554D0854654F4B44754D1854854CAB351
:101560004954D2854A54E6B84B54BBDF4C54D3851A
:101570004D54D4854E54D5854F54D6855054C5C44A
:101580005154D7855254BCDF5354BDDF5454BEDF91
:101590005554BBC55654BFDF5754C2DF5854B1D45D
:1015A0005954C3DF5A54D8855B54BAC75C54D8CE5B
:1015B0005D54D9855E54DA855F54DB856054DC85E3
:1015C0006154DD856254D8C46354DE856454CADF37
:1015D0006554DF856654CFDF6754E0856854DCD6F8
:1015E0006954E1856A54E2856B54E3856C54E48563
:1015F0006D54E5856E54E6856F54E7857054E88533
:101600007154C9DF7254DADF7354B6CE7454E9856D
:101610007554C7BA7654CEDF7754C8DF7854DEC528
:101620007954EA857A54EB857B54EBC97C54F4BA3F
:101630007D54FCC37E54EC857F54ED858054D7BE29
:101640008154EE858254C6DF8354EF858454CDDF08
:101650008554F0858654D8C58754F1858854F28521
:101660008954F3858A54F4858B54A6D58C54CDBA0D
:101670008D54F5858E54CCBE8F54BDD39054C0B8D4
:101680009154F6859254E4D69354F7859454C7DF69
:101690009554BEB99654A7BF9754F8859854F985C8
:1016A0009954FCC19A54CBDF9B54CCDF9C54FA85EF
:1016B0009D54D0DF9E54FB859F54FC85A054FD852E
:1016C000A154FE85A2544086A354DBDFA454E5DF79
:1016D000A5544186A654D7DFA754D6DFA854C9D74E
:1016E000A954E3DFAA54E4DFAB54EBE5AC54A7D232
:1016F000AD54D2DFAE544286AF54A9BFB054438636
:10170000B154DBD4B2544486B354C8BFB454D4DF0C
:10171000B5544586B6544686B7544786B854CCCFA0
:10172000B9544886BA544986BB54DDDFBC544A8656
:10173000BD54CAD1BE544B86BF54DEDFC054A7B0DF
:10174000C154B7C6C254D3DFC3544C86C454E5BA9F
:10175000C5544D86C654DFB6C754DBCDC854FEB958
:10176000C954D5D4CA544E86CB544F86CC54DFDFEF
:10177000CD54ECCFCE54A5B0CF54E7DFD054D1DF59
:10178000D154C6D1D254D5DFD354D8DFD454D9DF05
:10179000D554DCDFD6545086D754A9BBD8545186D3
:1017A000D954E0DFDA54E1DFDB545286DC54E2DF67
:1017B000DD54E6DFDE54E8DFDF54B4D3E054538673
:1017C000E1545486E2545586E3545686E4545786D1
:1017D000E554E7B8E654B6C5E754EADFE854DAC999
:1017E000E954A8C1EA54C4C4EB545886EC54598651
:1017F000ED54DEBFEE54F8CFEF545A86F0545B86BA
:10180000F1545C86F254DCD5F354EEDFF4545D867B
:10181000F5545E86F6545F86F7546086F854618608
:10182000F9546286FA54B8B2FB546386FC54DFBAAA
:10183000FD54ECDFFE546486FF54C1DB0055658621
:101840000155E4D1025566860355678604556886BE
:10185000055569860655F4CB0755BDB408556A860B
:101860000955A6B00A556B860B556C860C556D86CE
:101870000D556E860E556F860F55F1DF1055C6CC8F
:101880001155F2DF12557086135571861455EDDF30
:1018900015557286165573861755748618557586B4
:1018A000195576861A5577861B55E9DF1C557886BB
:1018B0001D5579861E557A861F557B862055EBDF90
:1018C00021557C862255EFDF2355F0DF2455BDBB23
:1018D00025557D8626557E862755F3DF285580863B
:1018E000295581862A55F4DF2B5582862C55A3BBBA
:1018F0002D5583862E55DBCA2F55A8CE3055A7E02F
:101900003155AAB3325584863355A6E034558586C1
:1019100035558686365587863755A1E038558886F1
:10192000395589863A558A863B558B863C55FEDF6C
:101930003D558C863E55D9CD3F55FCDF40558D86B3
:101940004155FADF42558E864355D0BF4455C4D722
:1019500045558F864655CCC9475590864855918642
:101960004955F8DF4A55A1B04B5592864C559386A0
:101970004D5594864E5595864F5596865055FDDFAC
:1019800051559786525598865355998654559A863F
:101990005555FBDF5655A2E057559B8658559C86FA
:1019A00059559D865A559E865B559F865C55A8E085
:1019B0005D55A0865E55A1865F55A2866055A386BB
:1019C0006155C8B76255A4866355A5866455A1C6FE
:1019D0006555B6C96655B2C06755F5DF6855A68628
:1019E0006955A7866A55BEC56B55A8866C55C4D87F
:1019F0006D55F9DF6E55F6C46F55A9867055AA86E8
:101A00007155AB867255AC867355AD867455AE86EE
:101A10007555A3E07655A4E07755A5E07855A5D097
:101A20007955AF867A55B0867B55B4E07C55E4CCC9
:101A30007D55B1867E55B1E07F55B2868055A6BFF3
:101A40008155AFE08255B9CE8355ABE08455C6C908
:101A50008555B3868655B4868755AEC08855AEE0A9
:101A60008955EDBA8A55B0BA8B55A9E08C55B58623
:101A70008D55B6868E55B7868F55F6DF9055B8864C
:101A80009155B3E09255B9869355BA869455B8E00E
:101A90009555BB869655BC869755BD869855ADB471
:101AA0009955B9E09A55BE869B55BF869C55B2CFD5
:101AB0009D55C8BA9E55C0869F55B0E0A055C186B9
:101AC000A155C286A255C386A355C486A455C58612
:101AD000A555C686A655C786A755FAD0A855C88667
:101AE000A955C986AA55CA86AB55CB86AC55CC86B6
:101AF000AD55CD86AE55CE86AF55CF86B055D08686
:101B0000B155ACE0B255D186B355FBD4B455D286AD
:101B1000B555F7DFB655D386B755E7C5B855D48662
:101B2000B955ADE0BA55D586BB55F7D3BC55D68669
:101B3000BD55B6E0BE55B7E0BF55D786C055D8866F
:101B4000C155D986C255DA86C355DB86C455C4E073
:101B5000C555E1D0C655DC86C755DD86C855DE863D
:101B6000C955BCE0CA55DF86CB55E086CC55C9E0E7
:101B7000CD55CAE0CE55E186CF55E286D055E386F5
:101B8000D155BEE0D255AAE0D355A4C9D455C1E081
:101B9000D555E486D655B2E0D755E586D855E686C4
:101BA000D955E786DA55E886DB55E986DC55C8CA9B
:101BB000DD55C3E0DE55EA86DF55B5E0E055EB863E
:101BC000E155CBCEE255EC86E355C3CBE455CDE0F1
:101BD000E555C6E0E655C2E0E755ED86E855CBE0B1
:101BE000E955EE86EA55BAE0EB55BFE0EC55C0E0AA
:101BF000ED55EF86EE55F086EF55C5E0F055F186D0
:101C0000F155F286F255C7E0F355C8E0F455F38676
:101C1000F555CCE0F655F486F755BBE0F855F5865A
:101C2000F955F686FA55F786FB55F886FC55F98680
:101C3000FD55D4CBFE55D5E0FF55FA860056D6E0CB
:101C40000156D2E00256FB860356FC860456FD86FA
:101C50000556FE8606564087075641870856D0E04F
:101C60000956CEBC0A5642870B5643870C56D1E024
:101C70000D5644870E56C2B80F56C5D81056458724
:101C80001156468712564787135648871456498778
:101C900015564A8716564B8717564C871856EAD062
:101CA00019564D871A564E871B56EFC21C564F8742
:101CB0001D5650871E56CFE01F56BDE02056518757
:101CC00021565287225653872356D4E02456D3E018
:101CD00025565487265655872756D7E028565687C7
:101CE000295657872A5658872B5659872C56DCE099
:101CF0002D56D8E02E565A872F565B8730565C8774
:101D00003156F6D63256B0B333565D873456ECD7DB
:101D100035565E873656BBCB37565F873856608759
:101D20003956DAE03A5661873B56FBCE3C5662871D
:101D30003D5663873E5664873F56D9BA40566587FD
:101D40004156668742566787435668874456698777
:101D500045566A8746566B8747566C8748566D8747
:101D600049566E874A566F874B5670874C56E1E04E
:101D70004D56DDE04E56ADD24F56718750567287A4
:101D80005156738752567487535675875456E2E0FE
:101D900055567687565677875756DBE05856D9E022
:101DA0005956DFE05A5678875B5679875C56E0E0F3
:101DB0005D567A875E567B875F567C8760567D8747
:101DC00061567E876256DEE0635680876456E4E0A3
:101DD0006556818766568287675683876856F7C639
:101DE0006956ACD86A56EBD46B56E6E06C56C9CA55
:101DF0006D5684876E5685876F568687705687879F
:101E00007156E5E0725688877356898774568A87BB
:101E100075568B877656C1B877568C8778568D87DE
:101E200079568E877A568F877B56E7E07C56E8E0B6
:101E30007D5690877E5691877F56928780569387EE
:101E400081569487825695878356968784569787BE
:101E50008556E9E08656E3E0875698878856998745
:101E600089569A878A569B878B569C878C569D8766
:101E70008D569E878E56BFBA8F56E7CC90569F8759
:101E80009156A0879256A1879356EAE09456A2876E
:101E90009556A3879656A4879756A5879856A687E2
:101EA0009956A7879A56A8879B56A9879C56AA87B2
:101EB0009D56AB879E56AC879F56AD87A056AE8782
:101EC000A156AF87A256B087A356F9CFA456B187C3
:101ED000A556B287A656B387A756B487A856B58726
:101EE000A956B687AA56B787AB56B887AC56B987F6
:101EF000AD56BA87AE56BB87AF56EBE0B056BC873F
:101F0000B156BD87B256BE87B356BF87B456C08799
:101F1000B556C187B656C287B756C2C8B856C3872A
:101F2000B956C487BA56C587BB56C687BC56C0BD0E
:101F3000BD56C787BE56C887BF56C987C056CA8711
:101F4000C156CB87C256CC87C356CD87C456CE87E1
:101F5000C556CF87C656D087C756D187C856D287B1
:101F6000C956D387CA56D2C4CB56D487CC56D58748
:101F7000CD56D687CE56D787CF56D887D056D98755
:101F8000D156DA87D256DB87D356DC87D456ECE0BD
:101F9000D556DD87D656DE87D756EDE0D856DF8793
:101FA000D956E087DA56F4C7DB56C4CBDC56E18756
:101FB000DD56EEE0DE56D8BBDF56B6D8E056F2D29C
:101FC000E156EFE0E256C5CDE356E287E456DAB6D5
:101FD000E556E387E656E487E756E587E856E68761
:101FE000E956E787EA56E887EB56F1E0EC56E987D1
:101FF000ED56B0D4EE56EA87EF56EB87F056A7C001
:10200000F156D1B4F256EC87F356ED87F456A7CECD
:10201000F556F0E0F656EE87F756EF87F856F0875C
:10202000F956F2E0FA56CCB9FB56F187FC56F28726
:10203000FD56FAB9FE56BCCDFF56F3E00057F387C4
:102040000157F4870257F5870357D4C60457F4E0C5
:102050000557F6870657B2D40757F7870857A6C81B
:102060000957F6E00A57F5E00B57F8870C57F98740
:102070000D57FA870E57FB870F57FC871057FD87C0
:102080001157FE87125740881357418814574288CA
:102090001557438816574488175745881857468858
:1020A000195747881A5748881B5749881C57F7E023
:1020B0001D574A881E574B881F57C1CD20574C8843
:1020C00021574D8822574E882357A5CA24574F8839
:1020D0002557508826575188275752882857DAD4D1
:1020E0002957D7DB2A57D9DB2B5753882C57D8DBF6
:1020F0002D57E7B92E57DCDB2F57DDDB3057D8B52E
:1021000031575488325755883357DADB345756885D
:1021100035575788365758883757598838575A8807
:102120003957DBDB3A57A1B33B57DFDB3C575B88C2
:102130003D575C883E57F8BB3F575D884057B7D640
:1021400041575E884257E0DB43575F8844576088B9
:1021500045576188465762884757F9BE4857638894
:10216000495764884A57BBB74B5765884C57D0DBF3
:102170004D57AECC4E57B2BF4F57B5BB5057F8D79F
:102180005157D3BF5257668853576788545768884A
:102190005557698856576A885757E9BF58576B880B
:1021A00059576C885A57E1BC5B57B3CC5C57DEDBA0
:1021B0005D57D3B05E57EBCE5F57D8B76057B9D7EE
:1021C0006157C2C662576D8863576E886457A4C052
:1021D00065576F886657B9CC675770886857E7DBD3
:1021E0006957E1DB6A57BAC66B57E3DB6C577188F6
:1021F0006D57E8DB6E5772886F57F7C57057738855
:1022000071577488725775887357EADB74577688EC
:10221000755777887657E9DB7757C0BF7857788846
:10222000795779887A577A887B57E6DB7C57E5DBE4
:102230007D577B887E577C887F577D8880577E8836
:10224000815780888257B9B48357ACC08457A2C2E3
:102250008557E2DB8657E4DB875781888857828879
:10226000895783888A5784888B57CDD08C57EDDB6C
:102270008D5785888E5786888F578788905788888E
:10228000915789889257DDC09357F2DB94578A881B
:1022900095578B8896578C8897578D8898578E8836
:1022A00099578F889A5790889B57E2B69C57918888
:1022B0009D5792889E5793889F579488A057F3DB29
:1022C000A157D2DBA257B8B9A357ABD4A457ECDBC4
:1022D000A5579588A657D1BFA757F0DBA857968872
:1022E000A957D1DBAA579788AB57E6B5AC57988862
:1022F000AD57EBDBAE57E5BFAF579988B0579A881B
:10230000B1579B88B257EEDBB3579C88B457F1DBCB
:10231000B5579D88B6579E88B7579F88B857F9DB41
:10232000B957A088BA57A188BB57A288BC57A388C1
:10233000BD57A488BE57A588BF57A688C057A78891
:10234000C157A888C257A1B9C357A3B0C457A98819
:10235000C557AA88C657AB88C757AC88C857AD8839
:10236000C957AE88CA57AF88CB57F1C2CC57B0888F
:10237000CD57B188CE57C7B3CF57EFDBD057B28810
:10238000D157B388D257F8DBD357B488D457D2C6C5
:10239000D557F4DBD657B588D757B688D857F5DB6D
:1023A000D957F7DBDA57F6DBDB57B788DC57B88845
:1023B000DD57FEDBDE57B988DF57F2D3E057BAB2FC
:1023C000E157BA88E257BB88E357BC88E457FDDB86
:1023D000E557BD88E657BE88E757BF88E857C088ED
:1023E000E957C188EA57C288EB57C388EC57C488BD
:1023F000ED57A4DCEE57C588EF57FBDBF057C688D6
:10240000F157C788F257C888F357C988F457FADBE1
:10241000F557CA88F657CB88F757CC88F857FCDBB6
:10242000F957E0C5FA57F9BBFB57CD88FC57CE8862
:10243000FD57A3DCFE57CF88FF57D0880058A5DC96
:102440000158D1880258C3CC0358D2880458D38885
:102450000558D4880658D1B60758C0DD0858D58825
:102460000958D6880A58D7880B58A1DC0C58D88848
:102470000D58A2DC0E58D9880F58DA881058DB881E
:102480001158B5C71258DC881358DD881458DE88F7
:102490001558E9B61658DF881758E0881858E188AB
:1024A0001958A7DC1A58E2881B58E3881C58E4889E
:1024B0001D58E5881E58A6DC1F58E6882058A9DC60
:1024C0002158A4B12258E7882358E8882458CCB56D
:1024D0002558E9882658EA882758EB882858EC8838
:1024E0002958ED882A58B0BF2B58EE882C58EF8811
:1024F0002D58F0882E58F1882F58F2883058DFD1A7
:102500003158F3883258F4883358F5883458F688AF
:102510003558C2B63658F7883758F8883858F98889
:102520003958FA883A58FB883B58FC883C58FD8853
:102530003D58FE883E5840893F584189405842895D
:102540004158438942584489435845894458A8DC36
:1025500045584689465847894758488948584989BF
:1025600049584A894A584B894B584C894C58FACBA0
:102570004D58F3EB4E584D894F584E8950584F895E
:102580005158DCCB52585089535851895458FECB7E
:102590005558528956585389575854895858C1CC60
:1025A000595855895A5856895B5857895C585889E3
:1025B0005D5859895E58FBC85F585A8960585B89D5
:1025C00061585C8962585D8963585E8964585F8987
:1025D0006558AADC665860896758618968586289BD
:1025E000695863896A5864896B58EECC6C58ABDCC7
:1025F0006D5865896E5866896F5867897058688903
:102600007158698972586A8973586B8974586C89D2
:1026100075586D8976586E8977586F8978587089A2
:10262000795871897A5872897B5873897C58748972
:102630007D5875897E58D3DB7F5876898058AFDC0A
:102640008158ACDC825877898358B3BE8458788926
:102650008558FBCA8658798987587A8988587B8932
:102660008958ADDC8A587C898B587D898C587E8945
:102670008D5880898E5881898F5882899058838996
:10268000915884899258CAC99358B9C49458858975
:10269000955886899658878997588889985889893E
:1026A0009958BDC79A58AEDC9B588A899C588B892B
:1026B0009D588C899E58F6D49F58E6D0A0588D8995
:1026C000A1588E89A2588F89A3589089A4589189BE
:1026D000A5589289A6589389A7589489A858ABC43D
:1026E000A958D5B6AA589589AB589689AC589789F8
:1026F000AD589889AE589989AF589A89B0589B8936
:10270000B1589C89B2589D89B3589E89B4589F8905
:10271000B558A089B658A189B758A289B858A389D5
:10272000B958A489BA58A589BB58A689BC58D4DB26
:10273000BD58A789BE58A889BF58A989C058AA8979
:10274000C158DAB1C258AB89C358AC89C458AD89F5
:10275000C558D5DBC658AE89C758AF89C858B089A7
:10276000C958B189CA58B289CB58B389CC58B489F1
:10277000CD58B589CE58B689CF58B789D058B889C1
:10278000D158D6DBD258B989D358BA89D458BB8925
:10279000D558BEBAD658BC89D758BD89D858BE8935
:1027A000D958BF89DA58C089DB58C189DC58C28939
:1027B000DD58C389DE58C489DF58C589E058C68909
:1027C000E158C789E258C889E358C989E458C0C8A4
:1027D000E558CA89E658CB89E758CC89E858CD89AD
:1027E000E958CE89EA58CF89EB58BFCAEC58C9C816
:1027F000ED58D089EE58B3D7EF58D189F058F9C9C0
:10280000F158D289F258D389F358C7BFF458D48904
:10281000F558D589F658F8BAF758D689F858D789AF
:10282000F958BCD2FA58D889FB58D989FC58DA89AA
:10283000FD58DB89FE58DC89FF58DD890059DE89A7
:102840000159DF890259BAE20359E0890459A6B453
:102850000559E1890659E2890759B8B10859E38950
:102860000959E4890A59E5890B59E6890C59E78920
:102870000D59B4B80E59E8890F59C4CF1059E989D8
:102880001159EA891259EB891359EC891459E7D97E
:102890001559A6CF1659E2CD1759ED891859EE8969
:1028A0001959EDD91A59E0B61B59EF891C59B9D2FB
:1028B0001D59F0891E59F1891F59BBB92059F28958
:1028C0002159F3892259F4892359F5892459B9E208
:1028D0002559B7E22659F6892759F3B42859F789BB
:1028E0002959ECCC2A59ABCC2B59F2B72C59F88981
:1028F0002D59B2D82E59EBD12F59BBBA3059F9897D
:102900003159A7CA3259FA893359FB893459B7CD9D
:102910003559FC893659FD893759C4D23859E4BF35
:102920003959D0BC3A59E1B63B59FE893C59C5DE0C
:102930003D59408A3E59418A3F59428A4059438A0B
:102940004159C6DE4259BCDB4359448A4459D9D166
:102950004559458A4659468A4759E6C64859CEC41C
:102960004959EEB74A59478A4B59DCB74C59488AFE
:102970004D59498A4E59FCBF4F59E0D750594A8AA0
:102980005159F5C652594B8A53594C8A5459BCB1C6
:102990005559C8DE5659B1BD5759D7CC5859CADE1A
:1029A00059594D8A5A59C9DE5B594E8A5C594F8A2A
:1029B0005D59508A5E59518A5F59528A6059ECB507
:1029C0006159538A6259DDC96359548A6459558AD9
:1029D0006559C2B06659568A6759578A6859588AE4
:1029E0006959598A6A595A8A6B595B8A6C595C8A47
:1029F0006D595D8A6E595E8A6F595F8A7059608A17
:102A00007159618A7259628A7359AEC57459ABC5DE
:102A10007559638A7659CCC47759648A7859E9BC68
:102A20007959FDCB7A59658A7B59668A7C59678AC0
:102A30007D59C3BA7E59688A7F59698A80596A8AE2
:102A40008159F9E58259E7C88359FAE58459FDCDE2
:102A500085596B8A8659B1D78759BEB88859E8C25B
:102A600089596C8A8A59D1C88B596D8A8C596E8A5A
:102A70008D59FBE58E596F8A8F59708A9059718AEA
:102A80009159728A9259CAB69359CBBC9459738A98
:102A90009559748A9659FDD19759A1E69859758A26
:102AA0009959EEC39A59768A9B59778A9C59788AA4
:102AB0009D59798A9E59A4E69F597A8AA0597B8AA2
:102AC000A1597C8AA2597D8AA359FEE5A459A5E69D
:102AD000A559D7CDA6597E8AA759808AA859C1B7CA
:102AE000A959FCE5AA59FDE5AB59A3E6AC59818A81
:102AF000AD59828AAE59DDC4AF59A8E6B059838A70
:102B0000B159848AB259A7E6B359858AB459868ADD
:102B1000B559878AB659888AB759898AB8598A8A2D
:102B2000B959C3C3BA598B8ABB59DEC6BC598C8A02
:102B3000BD598D8ABE59AAE6BF598E8AC0598F8A5F
:102B4000C159908AC259918AC359928AC459938AA9
:102B5000C559948AC659B7C4C759958AC859968A1F
:102B6000C959978ACA59A2E6CB59BCCACC59988A86
:102B7000CD59998ACE599A8ACF599B8AD059E3BDAB
:102B8000D159C3B9D259A6E6D359D5D0D459AFCE6D
:102B9000D5599C8AD6599D8AD759A9E6D859B0E605
:102BA000D9599E8ADA59A6D2DB599F8ADC59AABD27
:102BB000DD59ADE6DE59A08ADF59A18AE059A28A23
:102BC000E159A38AE259A48AE359AFE6E459A58AF8
:102BD000E559D1C0E659A68AE759A78AE859CCD267
:102BE000E959A88AEA59A98AEB59AA8AEC59A7BCDB
:102BF000ED59AB8AEE59AC8AEF59AD8AF059AE8ADD
:102C0000F159AF8AF259B08AF359B18AF459B28AAC
:102C1000F559B38AF659B48AF759B58AF859B68A7C
:102C2000F959B1E6FA59B78AFB59F6D2FC59B88A74
:102C3000FD59B98AFE59BA8AFF59CBD7005ABB8AC7
:102C4000015AFECD025ABC8A035ADECD045AA6C2EE
:102C5000055AABE6065AACE6075ABFBD085AAEE6BF
:102C6000095AB3E60A5ABD8A0B5ABE8A0C5AB2E612
:102C70000D5ABF8A0E5AC08A0F5AC18A105AC28A88
:102C8000115AB6E6125AC38A135AB8E6145AC48ABD
:102C9000155AC58A165AC68A175AC78A185AEFC4CF
:102CA000195AC88A1A5AC98A1B5ACA8A1C5AC8C4CD
:102CB0001D5ACB8A1E5ACC8A1F5AEABE205AEFC927
:102CC000215ACD8A225ACE8A235AB7E6245ACF8A6D
:102CD000255AF0B6265AD08A275AD18A285AD28A3B
:102CE000295AE4C32A5AD38A2B5AD48A2C5AD58A11
:102CF0002D5AD68A2E5AD78A2F5AD88A305AD98A2C
:102D0000315AE9D3325AB4E6335ADA8A345AB5E63C
:102D1000355ADB8A365AA2C8375ADC8A385ADD8AD5
:102D2000395ADE8A3A5ADF8A3B5AE08A3C5ABDE673
:102D30003D5AE18A3E5AE28A3F5AE38A405AB9E64E
:102D4000415AE48A425AE58A435AE68A445AE78A53
:102D5000455AE88A465AC5C6475AE98A485AEA8A0D
:102D6000495AF1CD4A5ABBE64B5AEB8A4C5AEC8A87
:102D70004D5AED8A4E5AEE8A4F5AEF8A505AF08ACF
:102D8000515AF18A525AF28A535AF38A545AF48A9F
:102D9000555ABCE6565AF58A575AF68A585AF78A4F
:102DA000595AF88A5A5AE9BB5B5AF98A5C5AFA8A24
:102DB0005D5AFB8A5E5AFC8A5F5AFD8A605AFE8A17
:102DC000615A408B625ABEE6635A418B645A428B09
:102DD000655A438B665A448B675ABAE6685A458BE4
:102DE000695A468B6A5AB7C06B5A478B6C5A488BE4
:102DF0006D5A498B6E5A4A8B6F5A4B8B705A4C8B5B
:102E0000715A4D8B725A4E8B735A4F8B745AA4D38E
:102E1000755ABFE6765AF4C9775AC3E6785A508B8A
:102E2000795A518B7A5AC4E67B5A528B7C5A538B0F
:102E30007D5A548B7E5A558B7F5AF6D0805A568BCA
:102E4000815A578B825A588B835A598B845A5A8B82
:102E5000855A5B8B865A5C8B875A5D8B885A5E8B52
:102E6000895A5F8B8A5A608B8B5A618B8C5A628B22
:102E70008D5A638B8E5A648B8F5A658B905A668BF2
:102E8000915A678B925ABDC3935A688B945A698B37
:102E9000955A6A8B965A6B8B975A6C8B985A6D8B96
:102EA000995A6E8B9A5AC4C39B5AC2E69C5A6F8B2E
:102EB0009D5A708B9E5A718B9F5A728BA05A738B3E
:102EC000A15A748BA25A758BA35A768BA45A778B0E
:102ED000A55A788BA65A798BA75A7A8BA85A7B8BDE
:102EE000A95A7C8BAA5AC1E6AB5A7D8BAC5A7E8B11
:102EF000AD5A808BAE5A818BAF5A828BB05A838B7E
:102F0000B15A848BB25AC7E6B35AB1CFB45A858B43
:102F1000B55AF4EBB65A868BB75A878BB85ACAE6BD
:102F2000B95A888BBA5A898BBB5A8A8BBC5A8B8BFD
:102F3000BD5A8C8BBE5AC5E6BF5A8D8BC05A8E8B3C
:102F4000C15ADEBCC25AA9C9C35A8F8BC45A908BCE
:102F5000C55A918BC65A928BC75A938BC85A948B79
:102F6000C95AB5BCCA5A958BCB5A968BCC5AD3CF7B
:102F7000CD5A978BCE5A988BCF5A998BD05A9A8B21
:102F8000D15A9B8BD25AC8E6D35A9C8BD45AC9E6E5
:102F9000D55A9D8BD65ACEE6D75A9E8BD85AD0E6B4
:102FA000D95A9F8BDA5AA08BDB5AA18BDC5AD1E617
:102FB000DD5AA28BDE5AA38BDF5AA48BE05ACBE6F4
:102FC000E15AD5B5E25AA58BE35ACCE6E45AA68B72
:102FD000E55AA78BE65ACFE6E75AA88BE85AA98BA1
:102FE000E95ADBC4EA5AAA8BEB5AC6E6EC5AAB8B19
:102FF000ED5AAC8BEE5AAD8BEF5AAE8BF05AAF8BCD
:10300000F15ACDE6F25AB08BF35AB18BF45AB28B27
:10301000F55AB38BF65AB48BF75AB58BF85AB68B70
:10302000F95AB78BFA5AB88BFB5AB98BFC5ABA8B40
:10303000FD5ABB8BFE5ABC8BFF5ABD8B005BBE8B0F
:10304000015BBF8B025BC08B035BC18B045BC28BDC
:10305000055BC38B065BC48B075BC58B085BC68BAC
:10306000095BD2E60A5BC78B0B5BC88B0C5BC98B19
:103070000D5BCA8B0E5BCB8B0F5BCC8B105BCD8B50
:10308000115BCE8B125BCF8B135BD08B145BD18B20
:10309000155BD28B165BD4E6175BD3E6185BD38B3C
:1030A000195BD48B1A5BD58B1B5BD68B1C5BD78BC8
:1030B0001D5BD88B1E5BD98B1F5BDA8B205BDB8B98
:1030C000215BDC8B225BDD8B235BDE8B245BDF8B68
:1030D000255BE08B265BE18B275BE28B285BE38B38
:1030E000295BE48B2A5BE58B2B5BE68B2C5BE78B08
:1030F0002D5BE88B2E5BE98B2F5BEA8B305BEB8BD8
:10310000315BEC8B325BD5E6335BED8B345BF8D90E
:10311000355BEE8B365BEF8B375BD6E6385BF08B3F
:10312000395BF18B3A5BF28B3B5BF38B3C5BF48B53
:103130003D5BF58B3E5BF68B3F5BF78B405BD7E6E9
:10314000415BF88B425BF98B435BFA8B445BFB8BF7
:10315000455BFC8B465BFD8B475BFE8B485B408C85
:10316000495B418C4A5B428C4B5B438C4C5B448C8F
:103170004D5B458C4E5B468C4F5B478C505BD3D789
:10318000515BDDE6525B488C535BDEE6545BD7BF98
:10319000555BD0D4565B498C575BD6D7585BE6B4A9
:1031A000595BEFCB5A5BDAE65B5BC3D85C5BCED78F
:1031B0005D5BA2D05E5B4A8C5F5BCFC3605B4B8C78
:1031C000615B4C8C625BDFE6635BBEBC645BC2B977
:1031D000655BDBE6665BA7D1675B4D8C685B4E8CFD
:1031E000695BA2BA6A5BCFC26B5B4F8C6C5BABD87E
:1031F0006D5B508C6E5B518C6F5B528C705BEBCA5D
:10320000715BEEE5725B538C735BDCE6745B548C34
:10321000755BF5B7765B558C775B568C785B578C16
:10322000795B588C7A5BE6C87B5B598C7C5B5A8CEB
:103230007D5BF5C47E5B5B8C7F5B5C8C805BB2E509
:10324000815BFEC4825B5D8C835BFCCB845BB3E5FE
:10325000855BACD5865B5E8C875BEED3885BD8CA1A
:10326000895BB2B08A5B5F8C8B5BCECB8C5BEACD2B
:103270008D5B608C8E5B618C8F5BEABA905B628C3D
:10328000915B638C925B648C935BB5E5945B658C1E
:10329000955BB4E5965B668C975BDAD7985BD9B99A
:1032A000995BE6D69A5BA8B69B5BF0CD9C5BCBD2D4
:1032B0009D5BA6B19E5BB5CA9F5B678CA05BE8B3C4
:1032C000A15BF3C9A25BCDBFA35BFBD0A45BD2CA59
:1032D000A55BB6E5A65BC2BBA75B688CA85B698CE7
:1032E000A95B6A8CAA5BDCCFAB5BACB9AC5B6B8CCB
:1032F000AD5B6C8CAE5B6D8CAF5B6E8CB05BD7D412
:10330000B15B6F8CB25B708CB35BA6BAB45BE7D178
:10331000B55BFCCFB65BD2BCB75B718CB85BB7E575
:10332000B95BDDC8BA5B728CBB5B738CBC5B748CA5
:10333000BD5BEDBFBE5BF6B1BF5BDECBC05B758C2A
:10334000C15B768CC25BC5BCC35B778CC45BC4BC01
:10335000C55BFAD2C65BDCC3C75BDCBFC85B788CDD
:10336000C95B798CCA5B7A8CCB5B7B8CCC5BBBB842
:10337000CD5B7C8CCE5B7D8CCF5B7E8CD05BC2C307
:10338000D15B808CD25BAEBAD35BA2D4D45B818C90
:10339000D55B828CD65B838CD75B848CD85B858C29
:1033A000D95B868CDA5B878CDB5B888CDC5B898CF9
:1033B000DD5BDEC7DE5BAFC4DF5BECB2E05B8A8C5B
:1033C000E15BD1B9E25B8B8CE35B8C8CE45BBBE5AE
:1033D000E55BC8C1E65B8D8CE75B8E8CE85BAFD5A7
:1033E000E95B8F8CEA5B908CEB5B918CEC5B928C55
:1033F000ED5B938CEE5BBCE5EF5B948CF05BBEE524
:10340000F15B958CF25B968CF35B978CF45B988CFC
:10341000F55B998CF65B9A8CF75B9B8CF85BE7B459
:10342000F95BD4B6FA5BC2CBFB5BB0D1FC5BBCB53D
:10343000FD5B9C8CFE5B9D8CFF5BD9CA005C9E8C07
:10344000015CE2B7025C9F8C035CA08C045CE4C965
:10345000055CA18C065CABBD075CA28C085CA38CF0
:10346000095CBECE0A5CF0D70B5CA48C0C5CA58C0E
:103470000D5CA68C0E5CA78C0F5CA1D0105CA88C98
:10348000115CD9C9125CA98C135CAA8C145CFBB6C4
:10349000155CD8E6165CE2BC175CAB8C185CBEB35E
:1034A000195CAC8C1A5CD0C91B5CAD8C1C5CD9E679
:1034B0001D5CA2B31E5CAE8C1F5CAF8C205CB08C1C
:1034C000215CB18C225CCCDE235CB28C245CC8D342
:1034D000255CCDDE265CB38C275CA2D2285CB48C44
:1034E000295CB58C2A5CB68C2B5CB78C2C5CCEDE50
:1034F0002D5CB88C2E5CB98C2F5CBA8C305CBB8C8C
:10350000315CCDBE325CBC8C335CBD8C345CCFDEB8
:10351000355CBE8C365CBF8C375CC08C385CACCA0A
:10352000395CFCD23A5CDFB33B5CEAE53C5CE1C46D
:103530003D5CA1BE3E5CB2CE3F5CF2C4405CD6BEF8
:10354000415CA8C6425CE3B2435CC18C445CC28C63
:10355000455CD3BE465CC38C475CC48C485CFCC7EE
:10356000495CEBCC4A5CECBD4B5CDDCE4C5CC58C65
:103570004D5CC68C4E5CBACA4F5CC1C6505CECE573
:10358000515CBCD0525CC78C535CC88C545CC98CF9
:10359000555CB9D5565CCA8C575CCB8C585CCC8CCE
:1035A000595CEDE55A5CCD8C5B5CCE8C5C5CCF8C61
:1035B0005D5CD08C5E5CF4CA5F5CD18C605CC0CD1D
:1035C000615CC5C2625CD28C635CEFE5645CD38CE9
:1035D000655CC4C2665CF0E5675CD48C685CD58CC5
:1035E000695CD68C6A5CD78C6B5CD88C6C5CD98C33
:1035F0006D5CDA8C6E5CF8E56F5CCDCD705CDB8C5D
:10360000715CBDC9725CDC8C735CDD8C745CDE8CBF
:10361000755CDF8C765CE08C775CE18C785CE28CAE
:10362000795CD9D27A5CA8E17B5CE38C7C5CE48C2D
:103630007D5CE58C7E5CE68C7F5CECD3805CE78C0B
:10364000815CEACB825CF1C6835CE88C845CE98CAB
:10365000855CEA8C865CEB8C875CEC8C885CACE1EE
:10366000895CED8C8A5CEE8C8B5CEF8C8C5CA7E1CA
:103670008D5CA9E18E5CF08C8F5CF18C905CAAE192
:10368000915CAFE1925CF28C935CF38C945CEDB254
:10369000955CF48C965CABE1975CDAB8985CADE134
:1036A000995CAEE19A5CB0E19B5CBAB59C5CB1E11F
:1036B0009D5CF58C9E5CF68C9F5CF78CA05CF88C16
:1036C000A15CF98CA25CB3E1A35CB8E1A45CFA8CC8
:1036D000A55CFB8CA65CFC8CA75CFD8CA85CFE8CBE
:1036E000A95CD2D1AA5C408DAB5CB6E1AC5CB5E123
:1036F000AD5CEBC1AE5C418DAF5C428DB05C438D87
:10370000B15CB7E1B25C448DB35CC0D4B45C458DB0
:10371000B55CB2E1B65C468DB75CBAE1B85CB6B0F8
:10372000B95C478DBA5C488DBB5C498DBC5C4A8DE9
:10373000BD5CB4E1BE5C4B8DBF5CF9BFC05C4C8D21
:10374000C15CB9E1C25C4D8DC35C4E8DC45CBBE114
:10375000C55C4F8DC65C508DC75C518DC85C528D69
:10376000C95C538DCA5C548DCB5CBEE1CC5C558D7D
:10377000CD5C568DCE5C578DCF5C588DD05C598D0D
:10378000D15C5A8DD25CBCE1D35C5B8DD45C5C8D2A
:10379000D55C5D8DD65C5E8DD75C5F8DD85C608DB1
:1037A000D95CC5D6DA5C618DDB5C628DDC5C638DD7
:1037B000DD5C648DDE5C658DDF5C668DE05C678D55
:1037C000E15CBFCFE25C688DE35C698DE45CBDE1E8
:1037D000E55CBFE1E65CCDC2E75C6A8DE85CEBB618
:1037E000E95C6B8DEA5CF8D3EB5C6C8DEC5C6D8D09
:1037F000ED5CCDC7EE5C6E8DEF5C6F8DF05CE5B778
:10380000F15C708DF25C718DF35C728DF45C738D84
:10381000F55C748DF65C758DF75C768DF85C778D54
:10382000F95C788DFA5C798DFB5CFEBEFC5C7A8D70
:10383000FD5C7B8DFE5C7C8DFF5C7D8D005D7E8DF7
:10384000015D808D025DC0E1035DC1E1045D818D9C
:10385000055D828D065DC7E1075DE7B3085D838D79
:10386000095D848D0A5D858D0B5D868D0C5D878D70
:103870000D5D888D0E5DE9C60F5D898D105D8A8DA9
:10388000115D8B8D125D8C8D135D8D8D145DDEB49D
:10389000155D8E8D165DC2D1175D8F8D185D908D73
:1038A000195D918D1A5D928D1B5DC8E11C5D938D34
:1038B0001D5D948D1E5DC6E11F5D958D205D968D0D
:1038C000215D978D225D988D235D998D245DC5E1E5
:1038D000255D9A8D265DC3E1275DC2E1285D9B8D44
:1038E000295DC0B12A5D9C8D2B5D9D8D2C5D9E8DCB
:1038F0002D5DB8D52E5DC4E12F5D9F8D305DA08D0F
:10390000315DA18D325DA28D335DA38D345DCBE140
:10391000355DA48D365DA58D375DA68D385DA78D8F
:10392000395DA88D3A5DA98D3B5DAA8D3C5DAB8D5F
:103930003D5DCCE13E5DCAE13F5DAC8D405DAD8D4E
:10394000415DAE8D425DAF8D435DB08D445DB18D07
:10395000455DB28D465DB38D475DFAEF485DB48D30
:10396000495DB58D4A5DD3E14B5DD2E14C5DB6C793
:103970004D5DB68D4E5DB78D4F5DB88D505DB98D87
:10398000515DBA8D525DBB8D535DBC8D545DBD8D57
:10399000555DBE8D565DBF8D575DC08D585DC9E1CB
:1039A000595DC18D5A5DC28D5B5DCEE15C5DC38D9D
:1039B0005D5DD0E15E5DC48D5F5DC58D605DC68D72
:1039C000615DC78D625DC88D635DC98D645DCA8DA3
:1039D000655DCB8D665DCC8D675DCD8D685DCE8D73
:1039E000695DD4E16A5DCF8D6B5DD1E16C5DCDE148
:1039F0006D5DD08D6E5DD18D6F5DCFE1705DD28DCF
:103A0000715DD38D725DD48D735DD58D745DD5E19F
:103A1000755DD68D765DD78D775DD88D785DD98DC6
:103A2000795DDA8D7A5DDB8D7B5DDC8D7C5DDD8D96
:103A30007D5DDE8D7E5DDF8D7F5DE08D805DE18D66
:103A4000815DE28D825DD6E1835DE38D845DE48DF1
:103A5000855DE58D865DE68D875DE78D885DE88D0A
:103A6000895DE98D8A5DEA8D8B5DEB8D8C5DEC8DDA
:103A70008D5DED8D8E5DEE8D8F5DEF8D905DF08DAA
:103A8000915DF18D925DF28D935DF38D945DF48D7A
:103A9000955DF58D965DF68D975DF78D985DF88D4A
:103AA000995DD7E19A5DF98D9B5DFA8D9C5DFB8DEB
:103AB0009D5DD8E19E5DFC8D9F5DFD8DA05DFE8DC1
:103AC000A15D408EA25D418EA35D428EA45D438EBA
:103AD000A55D448EA65D458EA75D468EA85D478E8A
:103AE000A95D488EAA5D498EAB5D4A8EAC5D4B8E5A
:103AF000AD5D4C8EAE5D4D8EAF5D4E8EB05D4F8E2A
:103B0000B15D508EB25D518EB35D528EB45D538EF9
:103B1000B55D548EB65D558EB75DDAE1B85D568EF3
:103B2000B95D578EBA5D588EBB5D598EBC5D5A8E9D
:103B3000BD5D5B8EBE5D5C8EBF5D5D8EC05D5E8E6D
:103B4000C15D5F8EC25D608EC35D618EC45D628E3D
:103B5000C55DDBE1C65D638EC75D648EC85D658E45
:103B6000C95D668ECA5D678ECB5D688ECC5D698EE1
:103B7000CD5DA1CECE5D6A8ECF5D6B8ED05D6C8E3D
:103B8000D15D6D8ED25D6E8ED35D6F8ED45D708E85
:103B9000D55D718ED65D728ED75D738ED85D748E55
:103BA000D95D758EDA5D768EDB5DDDE7DC5D778E67
:103BB000DD5DA8B4DE5DDDD6DF5D788EE05D798EFB
:103BC000E15DB2D1E25DB2B3E35D7A8EE45D7B8EFE
:103BD000E55DA4B9E65DF3D7E75DC9C7E85DDEBE84
:103BE000E95DAEB9EA5D7C8EEB5DD7CEEC5D7D8E96
:103BF000ED5D7E8EEE5DEEB2EF5DCFDBF05D808E33
:103C0000F15DBABCF25DD1D2F35DC8CBF45DCDB04D
:103C1000F55D818EF65D828EF75DEFCFF85D838E68
:103C2000F95D848EFA5D858EFB5D868EFC5D878EE8
:103C3000FD5DE3D9FE5DEDBDFF5D888E005E898E82
:103C4000015ED2B1025ED0CA035EBCB2045E8A8E4F
:103C5000055EA7CB065EABB7075E8B8E085EA6CA75
:103C6000095E8C8E0A5E8D8E0B5E8E8E0C5EA3CFEF
:103C70000D5E8F8E0E5E908E0F5EF8E0105ECAD5E0
:103C8000115EFBE0125E918E135E928E145EFAE07E
:103C9000155EC1C5165EFBCC175E938E185EB1C172
:103CA000195EF9E01A5EE3D61B5EAFB21C5EC4D6A5
:103CB0001D5EDBB51E5E948E1F5E958E205E968E19
:103CC000215E978E225E988E235E998E245E9A8E58
:103CD000255E9B8E265EF8B4275EA1D6285E9C8E5C
:103CE000295E9D8E2A5E9E8E2B5E9F8E2C5EA08E00
:103CF0002D5EAFCF2E5EEFB02F5EA18E305EA28E16
:103D0000315EFCE0325EA38E335EA48E345EA58EFF
:103D1000355EA68E365EA78E375EA1E1385EA3B310
:103D2000395EA88E3A5EA98E3B5EFDE03C5EFEE009
:103D30003D5EB1C33E5EAA8E3F5EAB8E405EAC8EF2
:103D4000415EAD8E425EDDC3435EAE8E445EA2E157
:103D5000455EF9B7465EAF8E475EB08E485EB18E67
:103D6000495EB28E4A5EB38E4B5EB48E4C5ECFBB64
:103D70004D5EB58E4E5EB68E4F5EB78E505EB88E7F
:103D8000515EB98E525EBA8E535EBB8E545EA3E115
:103D9000555EBBC4565EBC8E575EBD8E585EBE8EF1
:103DA000595EBF8E5A5EC08E5B5EA4E15C5EC18EC2
:103DB0005D5EC28E5E5EA5E15F5EC38E605EC48E98
:103DC000615EA6E1625EB1B4635EC58E645EC68E5E
:103DD000655EC78E665EC88E675EC98E685ECA8E77
:103DE000695ECB8E6A5ECC8E6B5ECD8E6C5ECE8E47
:103DF0006D5ECF8E6E5ED08E6F5ED18E705ED28E17
:103E0000715ED38E725EC9B8735EBDC6745EEAC45D
:103E1000755ED48E765EA2B2775ED58E785ED2D095
:103E2000795ED68E7A5EDBE77B5EC3BB7C5ED7D3E2
:103E30007D5EC4D37E5ED78E7F5EE3B9805ECFE2C7
:103E4000815ED88E825ED98E835EDA8E845EAFD735
:103E5000855EDB8E865EECC7875ED3B1885EDC8EC6
:103E6000895EDD8E8A5EB2B48B5ED1E28C5EDE8EC0
:103E70008D5EDF8E8E5EE08E8F5EF2D0905EAEC283
:103E8000915ED0E2925EE18E935EE2BF945EA6D335
:103E9000955ED7B5965ED2E2975EEAB5985EE28E01
:103EA000995EEDC39A5EFDB89B5EE38E9C5EAEB8F4
:103EB0009D5EE48E9E5ED3C59F5ECFB7A05ED4E2CA
:103EC000A15EE58EA25EE68EA35EE78EA45EE88E1E
:103ED000A55ED3E2A65EC8B6A75EF9D7A85EE98E56
:103EE000A95EEA8EAA5EEB8EAB5EEC8EAC5EED8ECA
:103EF000AD5EA5CDAE5EEE8EAF5EEF8EB05EF08EA7
:103F0000B15EF18EB25EF28EB35ED8E2B45EF38E35
:103F1000B55ED6E2B65EFCCAB75EB5BFB85EB9D3D1
:103F2000B95ED5E2BA5EF48EBB5EF58EBC5EF68EEF
:103F3000BD5EF78EBE5ED7E2BF5EF88EC05EF98EC4
:103F4000C15EFA8EC25EFB8EC35EFC8EC45EFD8EC9
:103F5000C55EFE8EC65E408FC75E418FC85E428FD3
:103F6000C95EAEC1CA5EC8C0CB5E438FCC5E448F13
:103F7000CD5E458FCE5E468FCF5E478FD05E488F39
:103F8000D15EDBE2D25EDAE2D35EAAC0D45E498FB4
:103F9000D55E4A8FD65ECEC1D75E4B8FD85E4C8F32
:103FA000D95E4D8FDA5E4E8FDB5EDCE2DC5E4F8FDA
:103FB000DD5E508FDE5E518FDF5E528FE05E538F8D
:103FC000E15E548FE25E558FE35E568FE45E578F5D
:103FD000E55E588FE65E598FE75E5A8FE85EDDE258
:103FE000E95E5B8FEA5EDEE2EB5E5C8FEC5E5D8F2E
:103FF000ED5E5E8FEE5E5F8FEF5E608FF05E618FD5
:10400000F15E628FF25E638FF35E648FF45EC8DBF5
:10401000F55E658FF65ED3D1F75EA2CDF85E668F52
:10402000F95E678FFA5EA8BDFB5E688FFC5E698FE4
:10403000FD5E6A8FFE5EC3DEFF5EA5D8005FAABF8D
:10404000015FCDDB025FECD2035FFAC6045FAAC555
:10405000055F6B8F065F6C8F075F6D8F085FC4DE37
:10406000095F6E8F0A5FD7B10B5FAEDF0C5F6F8F9A
:104070000D5F708F0E5F718F0F5FBDCA105F728F03
:10408000115FB1DF125F738F135FADB9145F748F6F
:10409000155FFDD2165F758F175FA5B8185FEBBA75
:1040A000195F768F1A5F778F1B5FDAB31C5F788F8B
:1040B0001D5F798F1E5F7A8F1F5FDCB5205FC5D5CE
:1040C000215F7B8F225F7C8F235F7D8F245F7E8FBC
:1040D000255FD6C3265FD2CF275FA1BB285F808F25
:1040E000295FF3E52A5FF2E52B5F818F2C5F828FDA
:1040F0002D5FF4E52E5F838F2F5FE4CD305F848FDB
:10410000315FF5C8325F858F335F868F345F878F6D
:10411000355F888F365F898F375F8A8F385F8B8FE7
:10412000395FAFB53A5FBFC73B5F8C8F3C5FF6E549
:104130003D5F8D8F3E5F8E8F3F5F8F8F405FB0EC16
:10414000415F908F425F918F435F928F445F938F67
:10415000455F948F465F958F475F968F485F978F37
:10416000495F988F4A5F998F4B5F9A8F4C5F9B8F07
:104170004D5F9C8F4E5F9D8F4F5F9E8F505FE6E53A
:10418000515F9F8F525FE9B9535FB1B5545FA08F04
:10419000555FBCC2565FE8E5575FE7E5585FE9E564
:1041A000595FA18F5A5FA28F5B5FA38F5C5FA48F63
:1041B0005D5FCDD25E5FA58F5F5FA68F605FA78FCB
:1041C000615FEAE1625FCED0635FA88F645FAECDCE
:1041D000655FA98F665FE5D1675FAA8F685FAB8F68
:1041E000695FCAB26A5FEBB16B5FAC8F6C5FF2B1B3
:1041F0006D5FEDC56E5FAD8F6F5FAE8F705FC3D5C6
:10420000715FB0D3725FAF8F735FDCE1745FB08FAB
:10421000755FB18F765FB28F775FDDE1785FB38FC7
:10422000795FDBD27A5FB48F7B5FB9B37C5FCBB150
:104230007D5FB58F7E5FB68F7F5FB78F805FF9CD73
:10424000815FF7D5825FDEE1835FB88F845FB6BEA2
:10425000855FFDB4865FB98F875FDFE1885FDCBA79
:10426000895FE0E18A5FB2BB8B5FC9C28C5FE1E12D
:104270008D5FBA8F8E5FBB8F8F5FBC8F905FECD0EE
:10428000915FBD8F925FBDCD935FBE8F945FBF8FF7
:10429000955FE2E1965FC08F975FC3B5985FC7C532
:1042A000995FE3E19A5FC18F9B5FC28F9C5FE4E1FE
:1042B0009D5FC38F9E5FC48F9F5FC58FA05FC68FBA
:1042C000A15FF9D3A25FC78FA35FC88FA45FC98F17
:1042D000A55FCA8FA65FCB8FA75FCC8FA85FE5E1F4
:1042E000A95FCD8FAA5FADD1AB5FCE8FAC5FCF8F13
:1042F000AD5FE6E1AE5FA2CEAF5FD08FB05FD18F92
:10430000B15FD28FB25FD38FB35FD48FB45FD58FDD
:10431000B55FE7E1B65FD68FB75FC2B5B85FD78F3D
:10432000B95FD88FBA5FD98FBB5FDA8FBC5FE8E126
:10433000BD5FD5BBBE5FDB8FBF5FDC8FC05FDD8F36
:10434000C15FDE8FC25FDF8FC35FC4D0C45FE0E2B6
:10435000C55FD8B1C65FE4D2C75FE08FC85FE18FA9
:10436000C95FE1E2CA5FE28FCB5FE38FCC5FC9BC7C
:10437000CD5FCCC8CE5FE48FCF5FE3E2D05FFEECD1
:10438000D15FFDECD25FAFDFD35FE58FD45FE68F07
:10439000D55FE78FD65FE2E2D75FBED6D85FFCCDB0
:1043A000D95FA6C3DA5FE88FDB5FE98FDC5FEA8F56
:1043B000DD5FC3E3DE5FEB8FDF5FEC8FE05FD2D6C4
:1043C000E15FE7E2E25FED8FE35FEE8FE45FE8E25B
:1043D000E55FEF8FE65FF08FE75FC7D3E85FF18FB0
:1043E000E95FF28FEA5FECE2EB5FECBFEC5FF38F2B
:1043F000ED5FEDE2EE5FE5E2EF5FF48FF05FF58FEA
:10440000F15FC0B3F25FF68FF35FF78FF45FF88F61
:10441000F55FEEC4F65FF98FF75FFA8FF85FEEE2B3
:10442000F95FFB8FFA5FFC8FFB5FC3D0FC5FFD8FF2
:10443000FD5FF6BAFE5FE9E2FF5FDEB70060B3BB87
:104440000160ACCC0260CBCB0360E4E20460E6E246
:104450000560EAE20660EBE20760FE8F08604090CC
:10446000096041900A60F7E20B6042900C60439053
:104470000D60F4E20E60F5D40F60F3E2106044903A
:10448000116045901260ADC5136046901460FAD576
:104490001560C2C51660C0B217604790186048909A
:1044A0001960EFE21A6049901B60F2E21C60AFC134
:1044B0001D60BCCB1E604A901F604B902060A1B570
:1044C0002160F9E222604C9023604D9024604E9070
:1044D0002560B1BC2660F1E22760D4D02860B9D451
:1044E0002960F5E22A60D6B92B60F6E22C604F9085
:1044F0002D6050902E6051902F60D3C73060529045
:1045000031605390326054903360559034605690CF
:104510003560F0E2366057903760589038605990B7
:1045200039605A903A605B903B60DCD73C60A1ED0B
:104530003D605C903E605D903F60F8E240605E9060
:104540004160A5ED4260FEE24360D1CA44605F90E5
:1045500045606090466061904760629048606390FB
:10456000496064904A6065904B60B5C14C6066904C
:104570004D60D0BB4E6067904F6068905060D6BF72
:10458000516069905260E3BA53606A9054606B90D6
:104590005560A1CB56606C9057606D9058606E90DE
:1045A0005960A6ED5A60A3ED5B606F905C607090FF
:1045B0005D60A2ED5E6071905F607290606073906C
:1045C000616074906260D6BB6360A7ED6460F4D0F4
:1045D00065607590666076906760A4ED6860DEBA8D
:1045E0006960F7B66A60A1E36B60B2B66C60F1CC4B
:1045F0006D60A7B96E6077906F60A2CF7060A1C741
:1046000071607890726079907360D2BF74607A90B4
:1046100075607B907660F1B677607C907860FAE2A6
:104620007960FBE27A60FDE27B60FCE27C60D5C4ED
:104630007D60A2E37E607D907F60C1D380607E90CC
:1046400081608090826081908360A7E38460C4C7AA
:104650008560829086608390876084908860859072
:104660008960A4CF8A6086908B6087908C60A9E374
:104670008D60B7BA8E6088908F60899090608A90C4
:1046800091608B909260A8E393608C909460DABB09
:1046900095608D909660A3E397608E9098608F9060
:1046A000996090909A60A4E39B60AAE39C609190CB
:1046B0009D60A6E39E6092909F60F2CEA060C6D3FC
:1046C000A1609390A2609490A360BCBBA4609590FD
:1046D000A5609690A660C3D4A7609790A860FAC41E
:1046E000A9609890AA609990AB60A8EDAC60FCD0EE
:1046F000AD60A5E3AE609A90AF60F5C3B0609B90EB
:10470000B160ADE3B260AFB1B3609C90B460B2E3AE
:10471000B5609D90B6609E90B7609F90B860C2BC37
:10472000B960A090BA60A190BB60ACE3BC60BFB5BB
:10473000BD60A290BE60A390BF60A490C060A59031
:10474000C160A690C260A790C360A890C460A99001
:10475000C560E9C7C660B0E3C760AA90C860AB9007
:10476000C960AC90CA60AABECB60EFCDCC60AD9002
:10477000CD60AE90CE60AF90CF60B090D060B19081
:10478000D160F3BBD260B290D360B390D460B490E8
:10479000D560E8CCD660B590D760B690D860AFE36E
:1047A000D960B790DA60B1E3DB60B890DC60A7CF86
:1047B000DD60AEE3DE60B990DF60A9CEE060DDBB16
:1047C000E160BA90E260BB90E360BC90E460BD90B1
:1047D000E560BE90E660EBB5E760E5BEE860D2B2AA
:1047E000E960CDB3EA60BF90EB60B9B1EC60ABE3D8
:1047F000ED60D1B2EE60ACB5EF60DFB9F060E8B665
:10480000F160C090F260C190F360EBCFF460B7E369
:10481000F560C290F660CCBBF760C390F860C490BE
:10482000F960C7C8FA60CAD0FB60C590FC60C6904A
:10483000FD60C790FE60C890FF60C9900061B8E35A
:104840000161EEB30261CA900361CB900461CC9028
:104850000561CD900661A9ED0761CE900861FAD39C
:104860000961E4D30A61CF900B61D0900C61D190C3
:104870000D61AAED0E61B9E30F61E2D21061D29031
:104880001161D3901261D4901361D5901461D690C8
:104890001561B5E31661D7901761D8901861D9906A
:1048A0001961DA901A61DED31B61DB901C61DC9028
:1048B0001D61DD901E61DE901F61D0B82061B3E301
:1048C0002161DF902261E0902361B6E32461DFB7CC
:1048D0002561E1902661B4E32761A2C02861E290DE
:1048E0002961E3902A61E4902B61BAE32C61E590A1
:1048F0002D61E6902E61E7902F61E8903061E9909C
:104900003161EA903261EB903361EC903461ED906B
:104910003561EE903661EF903761F0903861F1903B
:104920003961F2903A61F3903B61F4903C61F5900B
:104930003D61F6903E61F7903F61B8D44061F890D8
:104940004161F9904261FA904361FB904461FC90AF
:104950004561FD904661FE90476140914861C8B451
:10496000496141914A61BBE34B6142914C61C5BBD6
:104970004D6143914E61F7C94F614491506145913A
:104980005161E5C952614691536147915461489123
:104990005561BDC45661499157614A9158614B9127
:1049A00059614C915A614D915B614E915C614F919F
:1049B0005D61ABED5E6150915F61519160615291BB
:1049C000616153916261FDC263615491646155916B
:1049D00065615691666157916761DBBB6861AEBFE7
:1049E000696158916A6159916B615A916C615B91EF
:1049F0006D615C916E615D916F615E917061BFCE22
:104A000071615F9172616091736161917461629192
:104A10007561BCE3766163917761B6BF786164913B
:104A2000796165917A6166917B6167917C6168913A
:104A30007D6169917E616A917F616B9180616C910A
:104A400081616D9182616E9183616F9184617091DA
:104A500085617191866172918761739188617491AA
:104A6000896175918A6176918B61EFB18C617791E3
:104A70008D6178918E61F7D48F61799190617A918F
:104A800091617B9192617C9193617D919461BEE390
:104A900095617E91966180919761819198618291F3
:104AA000996183919A6184919B6185919C618691C2
:104AB0009D61ADED9E6187919F618891A061899113
:104AC000A1618A91A2618B91A3618C91A4618D9166
:104AD000A5618E91A6618F91A761BFE3A861A9BA74
:104AE000A961ACEDAA619091AB619191AC61BDE31C
:104AF000AD619291AE619391AF619491B0619591E6
:104B0000B1619691B2619791B3619891B4619991B5
:104B1000B5619A91B6619B91B761C0E3B8619C9110
:104B2000B9619D91BA619E91BB619F91BC61A09159
:104B3000BD61A191BE61B6BABF61A291C061A391EE
:104B4000C161A491C261AEB6C361A591C461A691D1
:104B5000C561A791C661A891C761A991C861B8D084
:104B6000C961AA91CA61C3B0CB61AEEDCC61AB9112
:104B7000CD61AC91CE61AD91CF61AE91D061AF917D
:104B8000D161AFEDD261C1C0D361B091D461C1E355
:104B9000D561B191D661B291D761B391D861B49129
:104BA000D961B591DA61B691DB61B791DC61B891F9
:104BB000DD61B991DE61BA91DF61BB91E061BC91C9
:104BC000E161BD91E261BE91E361BF91E461C09199
:104BD000E561C191E661B3C5E761C291E861C39146
:104BE000E961C491EA61C591EB61C691EC61C7913D
:104BF000ED61C891EE61C991EF61CA91F061CB910D
:104C0000F161CC91F261CD91F361CE91F461CF91DC
:104C1000F561C2E3F661D091F761D191F861D2916B
:104C2000F961D391FA61D491FB61D591FC61D69180
:104C3000FD61D791FE61D891FF61B2DC0062D9912C
:104C40000162DA910262DB910362DC910462DD9120
:104C50000562DE910662B0ED0762DF910862EAB894
:104C60000962E0910A62ECCE0B62A7EA0C62E7D01F
:104C70000D62F9CA0E62D6C80F62B7CF1062C9B30F
:104C80001162D2CE1262E4BD1362E1911462E2912C
:104C90001562DEE31662F2BB1762A8EA1862BDD5A0
:104CA0001962E3911A62DDC61B62A9EA1C62E491F3
:104CB0001D62E5911E62E6911F62AAEA2062E791F9
:104CC0002162ACEA2262ABEA2362E8912462AEEA96
:104CD0002562ADEA2662E9912762EA912862EB91AA
:104CE0002962EC912A62D8BD2B62ED912C62AFEA69
:104CF0002D62EE912E62BEC22F62EF913062F09172
:104D00003162F1913262F2913362C1B43462F7B42C
:104D10003562F3913662F4913762A7BB3862F59140
:104D20003962F6913A62F7913B62F8913C62F991EF
:104D30003D62E6EC3E62E5EC3F62BFB74062F9CB14
:104D40004162E2B14262FA914362E7EC4462FB9154
:104D50004562FC914662FD914762C8C94862E8EC31
:104D60004962E9EC4A62FE914B62D6CA4C62D0DEDF
:104D70004D62C5B24E62FAD44F6240925062419287
:104D80005162CBC65262C7B05362F2B45462D3C808
:104D90005562429256624392576244925862D0CD15
:104DA000596245925A6246925B62B8BF5C62479212
:104DB0005D6248925E6249925F624A9260624B9283
:104DC00061624C9262624D926362DBBF64624E929A
:104DD00065624F926662A4C76762B4D668625092F9
:104DE0006962A9C06A62D1DE6B62A8C96C62EFD148
:104DF0006D62A4C56E62E7B06F62B6B37062C5C87B
:104E000071625192726252927362E2B07462539212
:104E1000756254927662F6B77762559278625692CE
:104E20007962FAC57A6257927B6258927C62F3B6D5
:104E30007D6259927E62D2D57F62D0B38062BCBC63
:104E400081625A9282625B9283625C928462ADB3A9
:104E500085625D9286625E9287625F9288626092EE
:104E60008962F1BE8A62D1B08B6261928C62629279
:104E70008D6263928E6264928F6265929062669296
:104E80009162D6D29262E3CA9362A5D79462679286
:104E90009562B6CD9662B6B69762B9BF9862DBD519
:104EA000996268929A62A7B89B62D7C59C62699220
:104EB0009D626A929E626B929F62D2DEA062D9BFAF
:104EC000A162D5C2A262C0C7A3626C92A462A4BB55
:104ED000A562A8B1A6626D92A7626E92A862EAC5A9
:104EE000A9626F92AA627092AB62FBC5AC62A7CC5A
:104EF000AD627192AE627292AF627392B06274925E
:104F0000B162A7B1B2627592B3627692B4627792DF
:104F1000B562D6B5B6627892B7627992B8627A9283
:104F2000B962A8C4BA627B92BB62D3DEBC62BAD15A
:104F3000BD62E9B3BE627C92BF62F2C3C0627D9281
:104F4000C1627E92C262F7B7C3628092C462F4D635
:104F5000C562A3B5C662F0B2C762B4C4C862E9C490
:104F6000C962ADC0CA62D4DECB628192CC62E8B0C5
:104F7000CD62C4C5CE62E0C1CF628292D062D5B9A3
:104F8000D1628392D262DCBED362D8CDD462CEB07D
:104F9000D5628492D662CFCDD762D6DED862D0BE3B
:104FA000D962BED7DA62D5DEDB62D0D5DC62DDB095
:104FB000DD628592DE628692DF62E2C4E062879201
:104FC000E1628892E262A3C2E362F0BCE462899289
:104FD000E562B5D3E662B9C0E762A1C5E862A6B2F0
:104FE000E962F1D4EA628A92EB628B92EC62A8C029
:104FF000ED62C3CAEE62D7DEEF62FCD5F0628C923E
:10500000F162B0B9F2628D92F362ADC8F462A9CBDD
:10501000F5628E92F662D9DEF762BDBFF8628F92BA
:10502000F9629092FA629192FB629292FC62B4C62B
:10503000FD62A7D7FE62B0CAFF62C3C40063939249
:105040000163D6B30263D2B9036394920463959269
:1050500005639692066397920763B8D60863FCEAE5
:105060000963B4B00A6398920B6399920C639A92A5
:105070000D639B920E63E6BF0F639C9210639D923B
:105080001163F4CC12639E9213639F921463A092F7
:105090001563A1921663DACD1763A2921863A392E7
:1050A0001963A4921A63BFD61B63CEC21C63A59278
:1050B0001D63CECE1E63A2CC1F63AED02063D3C4CB
:1050C0002163B2B52263D8DE2363F5D52463B7BC70
:1050D0002563D3BB2663A6922763A7922863A4B057
:1050E0002963A8922A63B2C52B63ECB42C63A992FE
:1050F0002D63AA922E63AB922F63F1D53063AC92ED
:105100003163AD923263FDEA3363AE923463AF92A2
:105110003563B0923663B1923763B2923863B3921B
:105120003963DADE3A63A6CD3B63B4923C63B59251
:105130003D63ECCD3E63B6923F63B7924063B89255
:105140004163B9924263E6CE4363DCDE4463BA92C4
:105150004563B1CD4663A6C04763BB924863BC922A
:105160004963BDD74A63BD924B63DBDE4C63C6B077
:105170004D63B4BA4E63D3C94F63F3C45063E8BE02
:105180005163BE925263BF925363C0925463C19203
:105190005563B6B25663C2925763C3925863C492C2
:1051A0005963C5925A63C6925B63C7925C63C892A7
:1051B0005D63C9925E63CCC05F63F0CB6063CA92EB
:1051C0006163F1BC6263BBBB6363B7B56463CB92DD
:1051D0006563CC926663CD926763F5C56863CE92D2
:1051E0006963E6DE6A63CF926B63D0926C63D1929F
:1051F0006D63E3DE6E63DDBE6F63D2927063D39244
:105200007163DFDE7263D4927363D5927463D69256
:105210007563D7927663B7B47763DDBD7863D89250
:105220007963D9927A63E0DE7B63EDC47C63DA92C2
:105230007D63DB927E63DC927F63DD928063C6CF09
:105240008163DE928263E0B58363DF928463E092E0
:105250008563E1928663E2928763DEB68863DACA89
:105260008963F4B58A63E5DE8B63E3928C63C6D50C
:105270008D63E4928E63E1DE8F63CDCC9063FEC6D6
:105280009163E5929263C5C59363E6929463E79256
:105290009563E8929663B4D29763E9929863F2BEFD
:1052A0009963EA929A63EB929B63EC929C63ED9212
:1052B0009D63EE929E63EF929F63F092A063D3C2D0
:1052C000A163F192A263BDCCA363B8B3A463F292CD
:1052D000A563D3BDA663F392A763D8BFA863C6CD69
:1052E000A963DAD1AA63EBB4AB63F492AC63E4DEF6
:1052F000AD63DDDEAE63E7DEAF63F592B063FEEA79
:10530000B163F692B263F792B363B0C2B463E2DE04
:10531000B563F892B663F992B763C0D6B863A7B520
:10532000B963FA92BA63F4B2BB63FB92BC63E8DE82
:10533000BD63FC92BE63F2DEBF63FD92C063FE926A
:10534000C1634093C2634193C3634293C463EDDE80
:10535000C5634393C663F1DEC7634493C863459353
:10536000C963E0C8CA634693CB634793CC63489351
:10537000CD63E1D7CE63EFDECF63E8C3D063E1CC8A
:10538000D1634993D263E5B2D3634A93D4634B9319
:10539000D5634C93D663BED2D7634D93D8634E93F7
:1053A000D9634F93DA635093DB635193DC63529379
:1053B000DD635393DE63EEDEDF635493E063EBDE85
:1053C000E163D5CEE2635593E363A7B4E4635693F8
:1053D000E5635793E6635893E7635993E8635A93F9
:1053E000E963ABBFEA63BEBEEB635B93EC635C93C4
:1053F000ED63D2BDEE635D93EF635E93F0635F9305
:10540000F1636093F263E9DEF3636193F463AED416
:10541000F5636293F663DEDEF7636393F863EADEB7
:10542000F9636493FA636593FB636693FC63679324
:10543000FD63BFC0FE636893FF63ECDE0064F3B2FC
:105440000164E9B80264A7C20364699304646A93BF
:105450000564C1BD06646B9307646C9308646D9327
:1054600009646E930A646F930B64F5DE0C64F8DED6
:105470000D6470930E6471930F64ABB21064A4B4A6
:1054800011647293126473931364EAB41464A6C92A
:105490001564749316647593176476931864779300
:1054A000196478931A6479931B64F6DE1C64D1CB7B
:1054B0001D647A931E64E3B81F647B932064F7DE57
:1054C0002164FADE22647C9323647D9324647E93BA
:1054D000256480932664F9DE27648193286482938F
:1054E000296483932A64C2CC2B6484932C64E1B036
:1054F0002D64EEB42E6485932F6486933064879375
:10550000316488933264899333648A933464BAE54E
:1055100035648B9336648C9337648D9338648E93A3
:1055200039648F933A64AFD03B6490933C64919319
:105530003D64EBB23E6492933F64A1EB406493936D
:105540004164F4DE42649493436495934464E3C9F4
:105550004564F3DE4664DAB04764A1D24864F7B12B
:10556000496496934A64AFCC4B6497934C64989388
:105570004D6499934E649A934F649B9350649C93AB
:1055800051649D935264F0DE53649E935464A4CBA3
:1055900055649F935664A0935764A1935864AAD509
:1055A0005964A2935A64A3935B64A4935C64A59327
:1055B0005D64A6935E64FBDE5F64A7936064A8935A
:1055C0006164A9936264AA936364AB936464AC93CB
:1055D0006564AD936664AE936764DDB46864AF934D
:1055E0006964A6C46A64B0936B64B1936C64B2934B
:1055F0006D64FDDE6E64B3936F64B4937064B593B1
:105600007164B6937264B7937364B8937464B99316
:105610007564BA937664BB937764BC937864FEC375
:105620007964A1C47A64A1DF7B64BD937C64BE937A
:105630007D64BF937E64C0937F64C1938064C29392
:105640008164C3938264CCC18364C4938464FCDEAC
:105650008564EFBE8664C5938764B2C68864C693CA
:105660008964C7938A64C8938B64C9938C64CA9312
:105670008D64CB938E64CC938F64CD939064CE93E2
:105680009164C5B39264F6C89364CF939464D09345
:105690009564BACB9664FEDE9764D1939864D293F6
:1056A0009964A4DF9A64D3939B64D4939C64D59348
:1056B0009D64D6939E64B2D79F64D793A064D89319
:1056C000A164D993A264DA93A364DB93A464B7B30F
:1056D000A564DC93A664DD93A764DE93A864DF93DE
:1056E000A964C3C1AA64E093AB64E193AC64CBC783
:1056F000AD64A5B2AE64E9B4AF64E293B064ABD775
:10570000B164E393B264E493B364E593B464E69361
:10571000B564ECC4B664E793B764A2DFB864A3DFF2
:10572000B964E893BA64A5DFBB64E993BC64B3BA17
:10573000BD64EA93BE64EB93BF64EC93C064A6DFE0
:10574000C164ED93C264DEC0C364EE93C464EF939E
:10575000C564C3C9C664F093C764F193C864F29387
:10576000C964F393CA64F493CB64F593CC64F69361
:10577000CD64D9B2CE64E6C7CF64F793D064A7DF17
:10578000D164F893D264DCC7D364F993D464FA93F8
:10579000D564FB93D664FC93D764A8DFD864A2EBEE
:1057A000D964FD93DA64FE93DB644094DC64419435
:1057B000DD644294DE64D3CBDF644394E0644494BC
:1057C000E1644594E264AADFE3644694E464A9DFFB
:1057D000E5644794E664C1B2E7644894E864499498
:1057E000E9644A94EA644B94EB644C94EC644D9401
:1057F000ED644E94EE644F94EF645094F0645194D1
:10580000F1645294F2645394F3645494F4645594A0
:10581000F5645694F6645794F7645894F864599470
:10582000F9645A94FA645B94FB645C94FC645D9440
:10583000FD645E94FE645F94FF6460940065CAC575
:1058400001656194026562940365639404656494E0
:1058500005656594066566940765679408656894B0
:105860000965ABDF0A6569940B656A940C656B94F6
:105870000D656C940E656D940F656E9410656F9454
:10588000116570941265DCD413657194146572947B
:105890001565739416657494176575941865C1C879
:1058A000196576941A6577941B6578941C657994CC
:1058B0001D657A941E657B941F657C9420657D949C
:1058C00021657E9422658094236581942465829469
:1058D0002565ACDF266583942765849428658594C7
:1058E000296586942A6587942B65F0BE2C6588947B
:1058F0002D6589942E65ADDF2F65A7D630658A9416
:1059000031658B9432658C9433658D943465B7EA38
:105910003565B6EB3665D5CA37658E943865FCD8E3
:105920003965C4B83A658F943B65A5B93C659094D8
:105930003D6591943E65C5B73F65FED5406592943F
:105940004165939442659494436595944465969417
:105950004565CAB946659794476598944865A7D048
:105960004965CDF44A6599944B659A944C65D0B5D8
:105970004D659B944E659C944F65F4C350659D9412
:105980005165C8BE52659E9453659F945465A0941A
:105990005565B7EB5665BDB05765A1945865A2949F
:1059A0005965CCBD5A65A3945B65B2C15C65A4948E
:1059B0005D65D6B15E65A8B35F65A5946065A69484
:1059C0006165A7946265D2B86365A2C96465A8944D
:1059D0006565A9946665D8B66765AA946865AB9451
:1059E0006965AC946A65AD946B65B8EB6C65B4BEE3
:1059F0006D65AE946E65AF946F65B0947065FDCAC9
:105A00007165B1947265C3C77365B2947465FBD553
:105A10007565B3947665B4947765F3B77865B59496
:105A20007965B6947A65B7947B65B8947C65B994CA
:105A30007D65BA947E65BB947F65BC948065BD949A
:105A40008165BE948265BF948365C0948465C1946A
:105A50008565C2948665C3948765C4CE8865C49401
:105A60008965C5948A65C6948B65ABD58C65F3B1A1
:105A70008D65C7948E65C8948F65C9949065B3ECA5
:105A80009165DFB09265CA949365B5EC9465CB944B
:105A90009565CC949665CD949765B7B69865CE9488
:105AA0009965CFC19A65CF949B65FAF59C65B1D095
:105AB0009D65D0949E65D1949F65E5D5A065D294EF
:105AC000A165D3CEA265D394A365D494A465EFBD9C
:105AD000A565E2B3A665D594A765ABB8A865D694CD
:105AE000A965B6D5AA65D794AB65BDEDAC65D8946C
:105AF000AD65CFB6AE65D994AF65B9CBB065C2D050
:105B0000B165DA94B265DB94B365DC94B465DD9479
:105B1000B565DE94B665DF94B765E094B865E19449
:105B2000B965BDB7BA65E294BB65E394BC65B6ECF4
:105B3000BD65A9CABE65E494BF65E594C065E694F9
:105B4000C165D4C5C265E794C365B9ECC465B8EC5A
:105B5000C565C3C2C665B7ECC765E894C865E99476
:105B6000C965EA94CA65EB94CB65FDD0CC65BAEC07
:105B7000CD65EC94CE65BBECCF65E5D7D065ED94F3
:105B8000D165EE94D265BCECD365EF94D465F09406
:105B9000D565F194D665BDECD765ECC6D865F294B1
:105BA000D965F394DA65F494DB65F594DC65F694D5
:105BB000DD65F794DE65F894DF65F994E065DECE87
:105BC000E165FA94E265C8BCE365FB94E465FC9486
:105BD000E565D5C8E665A9B5E765C9BEE865BCD683
:105BE000E965E7D4EA65FD94EB65FE94EC65AED11A
:105BF000ED65F1D0EE65B8EAEF65B9EAF065BAEAAD
:105C0000F165B5BAF2654095F3654195F465429545
:105C1000F5654395F665B1CAF765F5BFF865449536
:105C2000F9654595FA65FACDFB654695FC6547959E
:105C3000FD654895FE654995FF654A950066C0EA91
:105C400001664B950266BAB00366BEEA04664C95DF
:105C500005664D950666A5C007664E9508664F9584
:105C6000096650950A66BBEA0B6651950C66FDB253
:105C70000D6652950E66F7C30F66E8BB1066539526
:105C800011665495126655951366D7D21466F4CEF4
:105C90001566BFEA166656951766579518665895A5
:105CA0001966BCEA1A6659951B665A951C665B957F
:105CB0001D66C3EA1E665C951F66C7D02066B3D317
:105CC00021665D9522665E9523665F9524666095E4
:105CD0002566BAB4266661952766C1C32866F2D7E1
:105CE000296662952A6663952B6664952C66659590
:105CF0002D66D1D52E6666952F66C7CA3066679524
:105D00003166C5EA32666895336669953466C4EAD9
:105D10003566C7EA3666C6EA37666A9538666B95B1
:105D200039666C953A666D953B666E953C66E7D62E
:105D30003D666F953E66D4CF3F667095406671951F
:105D40004166CBEA426672954366CEBB4466739564
:105D50004566749546667595476676954866779567
:105D6000496678954A6679954B66FABD4C66CEC908
:105D70004D667A954E667B954F66CCEA50667C956B
:105D800051667D955266B9C95366FECF5466CAEA1C
:105D90005566CED45666CDEA5766CFEA58667E95EC
:105DA000596680955A66EDCD5B6681955C668295F5
:105DB0005D6683955E6684955F66C9EA60668595D3
:105DC0006166CEEA62668695636687956466EECE06
:105DD000656688956666DEBB676689956866BFB34B
:105DE00069668A956A668B956B668C956C668D95EF
:105DF0006D668E956E66D5C66F66B0BE7066FACE5D
:105E000071668F9572669095736691957466E7C713
:105E1000756692957666A7BE7766D0EA78669395A2
:105E2000796694957A66C7D67B6695957C669695D5
:105E30007D6697957E66C0C17F66989580669995C8
:105E400081669A958266DDD483669B958466D1EAE5
:105E500085669C9586669D958766BECF88669E956D
:105E600089669F958A66A0958B66A1958C66D2EA15
:105E70008D66A2958E66A3958F66A4959066A5956E
:105E80009166EECA9266A6959366A7959466A895C4
:105E90009566A9959666AFC59766B5B09866AA95BA
:105EA0009966AB959A66AC959B66AD959C66AE95EA
:105EB0009D66D4EA9E66AF959F66B095A066B19543
:105EC000A166B295A266B395A366B495A466B5958E
:105ED000A566B695A666B795A766D3EAA866DFF469
:105EE000A966B895AA66B995AB66BA95AC66BB9536
:105EF000AD66BC95AE66BAC4AF66BD95B066BE95DC
:105F0000B166BF95B266C095B366C195B466A9B1D6
:105F1000B566C295B666C395B766C495B866C595AD
:105F2000B966DFE5BA66C695BB66C795BC66C89517
:105F3000BD66C995BE66D5EABF66CA95C066CB95F3
:105F4000C166CC95C266CD95C366CE95C466CF9525
:105F5000C566D095C666D195C766D295C866D395F5
:105F6000C966D495CA66D595CB66D695CC66D795C5
:105F7000CD66D895CE66D995CF66DA95D066DB9595
:105F8000D166DC95D266DD95D366DE95D466DF9565
:105F9000D566E095D666E195D766E295D866E39535
:105FA000D966EFCADA66E495DB66D6EADC66D7EA3C
:105FB000DD66D8C6DE66E595DF66E695E066E795C0
:105FC000E166E895E266E995E366EA95E466EB95B5
:105FD000E566EC95E666D8EAE766ED95E866EE9547
:105FE000E966D9EAEA66EF95EB66F095EC66F1951D
:105FF000ED66F295EE66F395EF66F495F066BBD428
:10600000F166F595F266FAC7F366B7D2F466FCB8A6
:10601000F566F695F666F795F766C2EAF866F895BE
:10602000F966DCB2FA66F995FB66FA95FC66FCC285
:10603000FD66FB95FE66F8D4FF66E6CC0067EED7FA
:106040000167FC950267FD950367FE95046740961E
:106050000567419606674296076743960867C2D46C
:106060000967D0D30A67C3EB0B67F3C50C67449687
:106070000D67FEB70E6745960F6746961067D4EB1F
:106080001167479612674896136749961467B7CB0E
:106090001567DEEB16674A961767CAC018674B96F6
:1060A00019674C961A674D961B67FBCD1C674E9679
:1060B0001D67AFB31E674F961F67DAC620675096FD
:1060C0002167519622675296236753962467549608
:1060D000256755962667FCEB276756962867BEC44A
:1060E000296757962A67B4CE2B67A9C42C67BEB11F
:1060F0002D67FDD42E6758962F67F5CA30675996DD
:106100003167ECD632675A9633675B963467D3C6ED
:106110003567E4B636675C9637675D9638675E9696
:1061200039675F963A67FABB3B6760963C67619652
:106130003D67E0D03E6762963F6763964067B1C9AE
:10614000416764964267D3D44367A8C8446765969D
:10615000456766964667CBB8476767964867BEE867
:106160004967BCC94A6768964B6769964C67BBE844
:106170004D676A964E67EEC04F67D3D05067C4B282
:106180005167E5B452676B965367BCE854676C96E9
:1061900055676D965667C8D557676E9658676F9660
:1061A000596770965A6771965B6772965C67C5B659
:1061B0005D6773965E67BDE85F67F8CA6067DCB8C5
:1061C0006167F5CC626774966367759664677696C7
:1061D0006567B4C066677796676778966867EED13B
:1061E0006967BFE86A67C2E86B6779966C677A96F9
:1061F0006D67BCBA6E677B966F67ADB17067DCBDCB
:1062000071677C967267BDEA7367C3E874677D96B1
:106210007567C6E876677E967767CBE8786780967D
:10622000796781967A6782967B6783967C67CCE8EC
:106230007D6784967E67C9CB7F67E5B0806785966A
:106240008167ABBC82678696836787968467B9B996
:1062500085678896866789968767C1E888678A9682
:106260008967F7CD8A678B968B67CAE88C678C96AF
:106270008D678D968E678E968F678F969067F6CE18
:10628000916790969267919693679296946793968A
:106290009567EDD5966794969767D6C19867C4E8D9
:1062A000996795969A67B6C39B6796969C67FBB964
:1062B0009D67A6D69E67C8E89F679796A067989641
:1062C000A1679996A267E0CAA367E6D4A4679A96E5
:1062D000A567C0E8A6679B96A767C5E8A867C7E853
:1062E000A9679C96AA67B9C7AB67E3B7AC679D96E9
:1062F000AD67C9E8AE679E96AF67DDBFB067D2E80D
:10630000B1679F96B267A096B367D7E8B467A196C6
:10631000B567D5E8B667DCBCB767CFBCB867DBE864
:10632000B967A296BA67A396BB67A496BC67A59601
:10633000BD67A696BE67A796BF67A896C067A996D1
:10634000C167DEE8C267AA96C367DAE8C467FAB134
:10635000C567AB96C667AC96C767AD96C867AE967D
:10636000C967AF96CA67B096CB67B196CC67B2964D
:10637000CD67B396CE67B496CF67D8B0D067B3C4B5
:10638000D167CCB8D267E2C6D367BEC8D467E1C8CC
:10639000D567B596D667B696D767B796D867CFE86C
:1063A000D967D4E8DA67D6E8DB67B896DC67F1B975
:1063B000DD67D8E8DE67F5D7DF67B996E067FBC42D
:1063C000E167BA96E267DCE8E367BB96E467BC96F0
:1063D000E567E9B2E667BD96E767BE96E867BF96F0
:1063E000E967D1E8EA67C096EB67C196EC67EDBC58
:1063F000ED67C296EE67C396EF67C2BFF067CDE860
:10640000F167F9D6F267C496F367F8C1F467F1B2A1
:10641000F567C596F667C696F767C796F867C89694
:10642000F967C996FA67CA96FB67CB96FC67CC9664
:10643000FD67DFE8FE67CD96FF67C1CA0068D9E84F
:106440000168CE960268CF960368D0960468D1960C
:106450000568A4D50668D2960768EAB10868BBD576
:106460000968CEE80A68D0E80B68B0B60C68D3E8D3
:106470000D68D3960E68DDE80F68B8C01068D49632
:106480001168F7CA1268D5961368A8CB1468D69617
:106490001568D7961668DCC61768F5C01868D896D0
:1064A0001968D9961A68DA961B68DB961C68DC9620
:1064B0001D68E9E81E68DD961F68DE962068DF9695
:1064C0002168A3D02268E0962368E1962468E296CA
:1064D0002568E3962668E4962768E5962868E69698
:1064E0002968F2E82A68EAD62B68E7962C68E896CD
:1064F0002D68E9962E68EA962F68EB963068EC9640
:106500003168ED963268E0E83368E1E83468EE9689
:106510003568EF963668F0963768F9D13868CBBAA7
:106520003968F9B83A68F1963B68F2963C68F1B878
:106530003D68D4D43E68EFE83F68F3964068EEE8E3
:106540004168ECE84268F0B94368D2CC4468E6E8B8
:106550004568A6CE4668F2BF4768F4964868B8B06A
:106560004968F1E84A68F0E84B68F5964C68C0D78E
:106570004D68F6964E68E4E84F68F7965068A9CDE6
:106580005168A3C95268F8965368B8BB5468DBBD1C
:106590005568EAE85668F9965768FA965868FB967F
:1065A0005968FC965A68FD965B68FE965C68409751
:1065B0005D6841975E6842975F6843976068E2E86C
:1065C0006168E3E86268E5E86368B5B56468E7E8D0
:1065D0006568C5C76668EBE86768EDE86868B0BDE0
:1065E0006968AED76A6844976B68F8E86C68459745
:1065F0006D6846976E6847976F68489770684997C7
:1066000071684A9772684B9773684C977468F5E89D
:1066100075684D977668B0CD7768F6E878684E97DC
:1066200079684F977A6850977B6851977C68529742
:106630007D6853977E6854977F6855978068569712
:106640008168BAC1826857978368E8E88468589778
:106650008568B7C38668F0B08768599788685A9785
:1066600089685B978A685C978B685D978C685E9792
:106670008D685F978E6860978F68F4E8906861977F
:1066800091686297926863979368F7E89468649753
:1066900095686597966866979768A3B998686797AD
:1066A000996868979A6869979B686A979C686B97DE
:1066B0009D686C979E686D979F686E97A0686F97AE
:1066C000A1687097A268D2C9A3687197A4687297ED
:1066D000A5687397A668CEC3A768E0CEA868E6C091
:1066E000A9687497AA687597AB687697AC6877972E
:1066F000AD68F3CBAE687897AF68DDCCB068B5D045
:10670000B1687997B2687A97B368E1CAB4687B9741
:10671000B568F3E8B6687C97B7687D97B8687E97E8
:10672000B9688097BA688197BB688297BC6883977D
:10673000BD688497BE688597BF688697C068ECBCC3
:10674000C1688797C268F9E8C3688897C468899761
:10675000C5688A97C6688B97C7688C97C8688D97F5
:10676000C968DEC3CA688E97CB68E5C6CC688F97C8
:10677000CD68F7B9CE689097CF689197D068929717
:10678000D1689397D268F4B0D3689497D4689597FA
:10679000D568D8D7D6689697D7689797D868ACBC8D
:1067A000D9689897DA68EFC5DB689997DC689A979B
:1067B000DD689B97DE689C97DF689D97E068C4CC96
:1067C000E1689E97E2689F97E368A6E9E468A0976E
:1067D000E568A197E668A297E768A397E868A49799
:1067E000E968A597EA68A697EB68A797EC68A89769
:1067F000ED68A997EE68ADC9EF68AA97F068A2E9BD
:10680000F168E2C0F268AB97F368AC97F468AD97B3
:10681000F568C3BFF668AE97F768AF97F868B097AA
:10682000F968FEE8FA68D7B9FB68B197FC68FBE83D
:10683000FD68B297FE68B397FF68B4970069B59793
:106840000169A4E90269B6970369B7970469B89723
:106850000569CED20669B9970769BA970869BB97E7
:106860000969BC970A69BD970B69A3E90C69BE97D2
:106870000D69B2D60E69B5D70F69BF971069A7E940
:106880001169C0971269B7BD1369C1971469C2979E
:106890001569C3971669C4971769C5971869C6978C
:1068A0001969C7971A69C8971B69C9971C69CA975C
:1068B0001D69CB971E69CC971F69FCE82069FDE82C
:1068C0002169CD972269CE972369CF972469A1E9E1
:1068D0002569D0972669D1972769D2972869D397D8
:1068E0002969D4972A69D5972B69D6972C69D797A8
:1068F0002D69D6CD2E69D8972F69D9973069ACD23A
:106900003169DA973269DB973369DC973469B2E928
:106910003569DD973669DE973769DF973869E09723
:106920003969A9E93A69E1973B69E2973C69E397DC
:106930003D69AAB43E69E4973F69BBB44069E597F5
:106940004169E6974269ABE94369E7974469E8978B
:106950004569E9974669EA974769EB974869EC9773
:106960004969ED974A69EE974B69EF974C69F09743
:106970004D69F1974E69F2974F69F3975069F49713
:106980005169F5975269F6975369F7975469A8D0FA
:106990005569F8975669F9975769A5E95869FA97BB
:1069A0005969FB975A69FEB35B69FC975C69FD976F
:1069B0005D69ACE95E69E3C05F69FE976069AAE959
:1069C00061694098626941986369B9E9646942986C
:1069D000656943986669B8E9676944986869459844
:1069E000696946986A6947986B69AEE96C69489825
:1069F0006D6949986E69FAE86F694A9870694B98B1
:106A00007169A8E972694C9873694D9874694E98D8
:106A100075694F98766950987769ACBF7869B1E924
:106A20007969BAE97A6951987B6952987C69A5C2FB
:106A30007D6953987E6954987F6955988069AFE95C
:106A4000816956988269C5B8836957988469ADE9A8
:106A5000856958988669DCD38769B4E98869B5E99E
:106A60008969B7E98A6959988B695A988C695B98E2
:106A70008D69C7E98E695C988F695D9890695E98A9
:106A800091695F9892696098936961989469C6C0AA
:106A90009569C5E996696298976963989869B0E9BC
:106AA000996964989A6965989B69BBE99C69F1B09A
:106AB0009D6966989E6967989F696898A0696998BA
:106AC000A1696A98A2696B98A3696C98A4696D988A
:106AD000A5696E98A6696F98A769BCE9A869A5D54C
:106AE000A9697098AA697198AB69BEE9AC69729896
:106AF000AD69BFE9AE697398AF697498B06975986C
:106B0000B169C1E9B2697698B3697798B469F1C19E
:106B1000B5697898B6697998B769B6C8B8697A9846
:106B2000B9697B98BA697C98BB69BDE9BC697D98F5
:106B3000BD697E98BE698098BF698198C069829856
:106B4000C169C2E9C2698398C3698498C469859898
:106B5000C5698698C6698798C7698898C8698998F9
:106B6000C9698A98CA69C3E9CB698B98CC69B3E9CA
:106B7000CD698C98CE69B6E9CF698D98D069B1BBE3
:106B8000D1698E98D2698F98D3699098D469C0E9F9
:106B9000D5699198D6699298D7699398D86994984D
:106BA000D9699598DA699698DB69F7BCDC6997989A
:106BB000DD699898DE699998DF69C4E9E069C6E9FA
:106BC000E1699A98E2699B98E3699C98E4699D98C9
:106BD000E5699E98E6699F98E769A098E869A19899
:106BE000E969A298EA69A398EB69A498EC69A59869
:106BF000ED69CAE9EE69A698EF69A798F069A898C7
:106C0000F169A998F269CEE9F369AA98F469AB9899
:106C1000F569AC98F669AD98F769AE98F869AF98E0
:106C2000F969B098FA69B198FB69B298FC69B398B0
:106C3000FD69DBB2FE69B498FF69C8E9006AB598DE
:106C4000016AB698026AB798036AB898046AB99854
:106C5000056ABA98066ABB98076ABC98086ABD9824
:106C6000096ABE980A6AAEB70B6ABF980C6AC098E8
:106C70000D6AC1980E6AC2980F6AC398106AC498C8
:106C8000116AC598126AC698136AC798146AC89898
:106C9000156AC998166ACA98176ACBE9186ACCE9C6
:106CA000196ACB981A6ACC981B6ACD981C6ACE9840
:106CB0001D6ACF981E6AD0981F6AC1D5206AD198E4
:106CC000216AA3C4226AD298236AD398246AD498EA
:106CD000256AD598266AD698276AD798286AD8E967
:106CE000296AD8982A6AE1BA2B6AD9982C6ADA9864
:106CF0002D6ADB982E6ADC982F6AC9E9306ADD9824
:106D0000316AA3D3326ADE98336ADF98346AE09836
:106D1000356AD4E9366AE198376AE298386AE398C6
:106D2000396AE4983A6AE5983B6AE6983C6AE798DB
:106D30003D6AD7E93E6AD0E93F6AE898406AE99837
:106D4000416AEA98426AEB98436AEC98446ACFE950
:106D5000456AED98466AEE98476AC1C7486AEF9857
:106D6000496AF0984A6AF1984B6AF2984C6AF3982B
:106D70004D6AF4984E6AF5984F6AF698506AD2E9CF
:106D8000516AF798526AF898536AF998546AFA98CF
:106D9000556AFB98566AFC98576AFD98586AD9E973
:106DA000596AC8B35A6AFE985B6AD3E95C6A40992B
:106DB0005D6A41995E6A42995F6A4399606A449943
:106DC000616AF0CF626A4599636A4699646A479935
:106DD000656ACDE9666A4899676A4999686A4A9915
:106DE000696A4B996A6A4C996B6A4D996C6A4E99BB
:106DF0006D6A4F996E6A50996F6A5199706A52998B
:106E0000716AF7B3726A5399736A5499746A55999F
:106E1000756A5699766A5799776A5899786A59992E
:106E2000796AD6E97A6A5A997B6A5B997C6ADAE967
:106E30007D6A5C997E6A5D997F6A5E99806AB4CC4E
:106E4000816A5F99826A6099836A6199846AADCF29
:106E5000856A6299866A6399876A6499886A65997E
:106E6000896A66998A6A67998B6A68998C6A69994E
:106E70008D6A6A998E6AD5E98F6A6B99906ADCE9A6
:106E8000916ADBE9926A6C99936A6D99946A6E993A
:106E9000956A6F99966A7099976ADEE9986A71990E
:106EA000996A72999A6A73999B6A74999C6A75999E
:106EB0009D6A76999E6A77999F6A7899A06AD1E9C6
:106EC000A16A7999A26A7A99A36A7B99A46A7C9942
:106ED000A56A7D99A66A7E99A76A8099A86A819910
:106EE000A96ADDE9AA6A8299AB6ADFE9AC6ACAC31A
:106EF000AD6A8399AE6A8499AF6A8599B06A8699BA
:106F0000B16A8799B26A8899B36A8999B46A8A9989
:106F1000B56A8B99B66A8C99B76A8D99B86A8E9959
:106F2000B96A8F99BA6A9099BB6A9199BC6A929929
:106F3000BD6A9399BE6A9499BF6A9599C06A9699F9
:106F4000C16A9799C26A9899C36A9999C46A9A99C9
:106F5000C56A9B99C66A9C99C76A9D99C86A9E9999
:106F6000C96A9F99CA6AA099CB6AA199CC6AA29969
:106F7000CD6AA399CE6AA499CF6AA599D06AA69939
:106F8000D16AA799D26AA899D36AA999D46AAA9909
:106F9000D56AAB99D66AAC99D76AAD99D86AAE99D9
:106FA000D96AAF99DA6AB099DB6AB199DC6AB299A9
:106FB000DD6AB399DE6AB499DF6AB599E06AB69979
:106FC000E16AB799E26AB899E36AB999E46ABA9949
:106FD000E56ABB99E66ABC99E76ABD99E86ABE9919
:106FE000E96ABF99EA6AC099EB6AC199EC6AC299E9
:106FF000ED6AC399EE6AC499EF6AC599F06AC699B9
:10700000F16AC799F26AC899F36AC999F46ACA9988
:10701000F56ACB99F66ACC99F76ACD99F86ACE9958
:10702000F96ACF99FA6AD099FB6AD199FC6AD29928
:10703000FD6AD399FE6AD499FF6AD599006BD699F7
:10704000016BD799026BD899036BD999046BDA99C4
:10705000056BDB99066BDC99076BDD99086BDE9994
:10706000096BDF990A6BE0990B6BE1990C6BE29964
:107070000D6BE3990E6BE4990F6BE599106BE69934
:10708000116BE799126BE899136BE999146BEA9904
:10709000156BEB99166BEC99176BED99186BEE99D4
:1070A000196BEF991A6BF0991B6BF1991C6BF299A4
:1070B0001D6BF3991E6BF4991F6BF599206BB7C785
:1070C000216BCEB4226BB6BB236BC0D0246BA3EC78
:1070D000256BF699266BF799276BB7C5286BF8993E
:1070E000296BF9992A6BFA992B6BFB992C6BFC99FC
:1070F0002D6BFD992E6BFE992F6B409A306B419A48
:10710000316B429A326BFBD3336B439A346B449AA4
:10711000356B459A366B469A376BA4EC386B479AB9
:10712000396BA5EC3A6BDBC63B6B489A3C6B499AD2
:107130003D6B4A9A3E6BEEBF3F6B4B9A406B4C9A4D
:10714000416B4D9A426B4E9A436BA6EC446B4F9A3F
:10715000456B509A466BA7EC476BAAD0486B519A87
:10716000496BB8C74A6B529A4B6B539A4C6BE8B851
:107170004D6B549A4E6B559A4F6B569A506B579A6B
:10718000516B589A526B599A536B5A9A546B5B9A3B
:10719000556B5C9A566B5D9A576B5E9A586B5F9A0B
:1071A000596BA8EC5A6B609A5B6B619A5C6B629A44
:1071B0005D6B639A5E6B649A5F6B659A606B669AAF
:1071C000616B679A626BB9D6636BFDD5646BCBB4A8
:1071D000656BBDB2666BE4CE676BE7C6686B689A99
:1071E000696B699A6A6BE1CD6B6B6A9A6C6B6B9A8F
:1071F0006D6B6C9A6E6B6D9A6F6B6E9A706B6F9A0B
:10720000716B709A726B719A736B729A746B739ADA
:10721000756B749A766B759A776B769A786B779AAA
:10722000796BF5B47A6B789A7B6BC0CB7C6BDFBCE7
:107230007D6B799A7E6B7A9A7F6B7B9A806B7C9A56
:10724000816BE2E9826BE3E9836BEAD1846BE5E968
:10725000856B7D9A866BF9B4876BE4E9886B7E9ABF
:10726000896BB3D18A6BE2CA8B6BD0B28C6B809A7C
:107270008D6BE8E98E6B819A8F6B829A906B839A03
:10728000916B849A926BE6E9936BE7E9946B859A2C
:10729000956B869A966BB3D6976B879A986B889AFC
:1072A000996B899A9A6BE9E99B6BEAE99C6B8A9ADC
:1072B0009D6B8B9A9E6B8C9A9F6B8D9AA06B8E9A0E
:1072C000A16BEBE9A26B8F9AA36B909AA46B919A36
:1072D000A56B929AA66B939AA76B949AA86B959AB2
:1072E000A96B969AAA6BECE9AB6B979AAC6B989AE0
:1072F000AD6B999AAE6B9A9AAF6B9B9AB06B9C9A56
:10730000B16B9D9AB26B9E9AB36BAFECB46BB9C57F
:10731000B56BCEB6B66B9F9AB76BF3D2B86BA09A2B
:10732000B96BA19ABA6BA29ABB6BA39ABC6BA49AD5
:10733000BD6BA59ABE6BA69ABF6BEEB5C06BA79A44
:10734000C16BD9BBC26BB1ECC36BA89AC46BA99AD1
:10735000C56BE3D2C66BAA9AC76BAB9AC86BAC9AE3
:10736000C96BAD9ACA6BAE9ACB6BE3CECC6BAF9ABE
:10737000CD6BB8C4CE6BB09ACF6BBFC3D06BB19A94
:10738000D16BB29AD26BBEB6D36BB9D8D46BC8B13D
:10739000D56BCFB1D66BD1B1D76BFEC5D86BB39AD5
:1073A000D96BD0B1DA6BB49ADB6BABC3DC6BB59A3B
:1073B000DD6BB69ADE6BB79ADF6BB89AE06BB99A61
:1073C000E16BB1D5E26BBA9AE36BBB9AE46BBC9A02
:1073D000E56BBD9AE66BBE9AE76BBF9AE86BC09A05
:1073E000E96BC19AEA6BA4EBEB6BC1BAEC6BC29A86
:1073F000ED6BC39AEE6BC49AEF6BBACCF06BC59A87
:10740000F16BC69AF26BC79AF36BA5EBF46BC89A53
:10741000F56BA7EBF66BC99AF76BCA9AF86BCB9A28
:10742000F96BA8EBFA6BCC9AFB6BCD9AFC6BCE9AFE
:10743000FD6BA6EBFE6BCF9AFF6BD09A006CD19AD6
:10744000016CD29A026CD39A036CD49A046CD59ACC
:10745000056CA9EB066CABEB076CAAEB086CD69A33
:10746000096CD79A0A6CD89A0B6CD99A0C6CDA9A78
:107470000D6CACEB0E6CDB9A0F6CCFCA106CB5D8F0
:10748000116CF1C3126CDC9A136CA5C3146CF8C6B2
:10749000156CADEB166CCAC4176CDD9A186CAEEBAC
:1074A000196CAFEB1A6CB0EB1B6CD5B71C6CDE9A89
:1074B0001D6CDF9A1E6CE09A1F6CFAB7206CE19A83
:1074C000216CB1EB226CE2C7236CE29A246CB3EB23
:1074D000256CE39A266CA4BA276CF5D1286CB1B060
:1074E000296CB2EB2A6CB4EB2B6CE49A2C6CE59A09
:1074F0002D6CE69A2E6CAAB52F6CC8C2306CE8C70A
:10750000316CE79A326CB5EB336CE89A346CAECBE5
:10751000356CDFE3366CE99A376CEA9A386CC0D385
:10752000396CEB9A3A6CEC9A3B6CED9A3C6CEE9AA7
:107530003D6CDBD93E6CEF9A3F6CF09A406CA1CD6C
:10754000416CADD6426CF3C7436CF19A446CF29A2D
:10755000456CF39A466CE0D9476CE3BB486CF49AEF
:10756000496CBABA4A6CE2E34B6CF59A4C6CF69AE9
:107570004D6CF79A4E6CF89A4F6CF99A506CABCFF1
:10758000516CFA9A526CFB9A536CFC9A546CE0E37F
:10759000556CC7C9566CFD9A576CB9BA586CFE9AAF
:1075A000596C409B5A6C419B5B6CB4D15C6CE1E3C1
:1075B0005D6CEAC85E6CAFB95F6CADBD606CD8B392
:1075C000616CDBCE626C429B636C439B646CC0CC91
:1075D000656C449B666C459B676C469B686CE8E3F6
:1075E000696CE9E36A6CF4CD6B6C479B6C6C489BEF
:1075F0006D6C499B6E6C4A9B6F6C4B9B706CADCCF9
:10760000716C4C9B726CB3BC736C4D9B746CEAE3F5
:10761000756C4E9B766CEBE3776C4F9B786C509B54
:10762000796CDAD07A6C519B7B6C529B7C6C539B4F
:107630007D6CFBC67E6CDAB77F6C549B806C559B6F
:10764000816CDFC7826CCAD2836CD6CE846C569BA9
:10765000856CE4E3866CECE3876C579B886CF2C91D
:10766000896CC1B38A6C589B8B6C599B8C6CE7E31B
:107670008D6C5A9B8E6C5B9B8F6CE3C6906CE5E3C4
:10768000916C5C9B926C5D9B936CB3ED946CE6E3A8
:10769000956C5E9B966C5F9B976C609B986C619BF6
:1076A000996CB3C99A6C629B9B6CE6C59C6C639B9E
:1076B0009D6C649B9E6C659B9F6CB5B9A06C669B32
:1076C000A16CBBC3A26C679BA36CE3E3A46CBDC5B8
:1076D000A56CA4C1A66CD9C2A76CD7B2A86C689BD4
:1076E000A96CEDE3AA6CA6BBAB6CADC4AC6C699B9A
:1076F000AD6CF0E3AE6CDABEAF6C6A9BB06C6B9BAA
:10770000B16CFBE3B26CF5E3B36CD3BAB46C6C9BB5
:10771000B56C6D9BB66C6E9BB76C6F9BB86CD0B73D
:10772000B96CCDD3BA6C709BBB6CCED6BC6CD3D5C8
:10773000BD6CC1B9BE6CB4D5BF6CD8D1C06C719BE7
:10774000C16C729BC26C739BC36C749BC46CB9D0CC
:10775000C56CF6C7C66C759BC76C769BC86C779B6F
:10776000C96CAAC8CA6CB4B2CB6C789BCC6CDAC3B7
:10777000CD6C799BCE6C7A9BCF6C7B9BD06CEEE30F
:10778000D16C7C9BD26C7D9BD36CFCE3D46CEFE31F
:10779000D56CA8B7D66CF7E3D76CF4E3D86C7E9BB6
:1077A000D96C809BDA6C819BDB6CBAB7DC6C829BFA
:1077B000DD6C839BDE6CA2C5DF6C849BE06CF6E322
:1077C000E16CDDC5E26CA8B2E36CFCC6E46C859BA1
:1077D000E56CE0C4E66C869BE76C879BE86CA2D7FF
:1077E000E96C889BEA6CE1C0EB6CF9E3EC6C899B7B
:1077F000ED6C8A9BEE6CFAE3EF6CFDE3F06CA9CCC8
:10780000F16CF3E3F26C8B9BF36CBED3F46C8C9B4A
:10781000F56CC3B1F66CB4EDF76CF1E3F86CF2E320
:10782000F96C8D9BFA6CF8E3FB6CBAD0FC6CC3C6A8
:10783000FD6CF3D4FE6CFEE3FF6C8E9B006D8F9BA2
:10784000016DE0BD026D909B036D919B046DA7E4FB
:10785000056D929B066D939B076DA6E4086D949B46
:10786000096D959B0A6D969B0B6DF3D10C6DA3E48E
:107870000D6D979B0E6DA9E40F6D989B106D999BF4
:10788000116D9A9B126DF7C8136D9B9B146D9C9B99
:10789000156D9D9B166D9E9B176DB4CF186D9F9BAC
:1078A000196DA8E41A6DAEE41B6DE5C21C6DA09BBA
:1078B0001D6DA19B1E6DB4B61F6DA29B206DA39B79
:1078C000216DA49B226DA59B236DA69B246DA79B78
:1078D000256DF2BD266DA89B276DA2E4286DA99B9E
:1078E000296DAA9B2A6DE9BA2B6DAAE42C6DAB9B7E
:1078F0002D6DAC9B2E6DACE42F6DAD9B306DAE9BB2
:10790000316DFDB6326DDED6336DB2E4346DAF9BB2
:10791000356DADE4366DB09B376DB19B386DB29B64
:10792000396DA1E43A6DB39B3B6DEEBB3C6DDDCD93
:107930003D6DA2C73E6DC9C53F6DB49B406DB59B03
:10794000416DF7C1426DB69B436DA4E4446DB79B96
:10795000456DB3C7466DACBD476DBDBD486DA5E473
:10796000496DB89B4A6DC7D74B6DE2B24C6DB99B60
:107970004D6DABE44E6DC3BC4F6DAFE4506DBA9B23
:10798000516DEBBB526DB0E4536DA8C5546DB1E4BD
:10799000556DBB9B566DBC9B576DBD9B586DBE9B7B
:1079A000596DE3D55A6DA3BF5B6DBF9B5C6DBAE4A7
:1079B0005D6DC09B5E6DB7E45F6DC19B606DBBE4A8
:1079C000616DC29B626DC39B636DBDE4646DC49BBE
:1079D000656DC59B666DD6C6676DC69B686DC79B9A
:1079E000696DC6BA6A6DCBC06B6DC89B6C6DC99B67
:1079F0006D6DCA9B6E6DA1B86F6DB4E4706DCB9B5D
:107A0000716DCC9B726DCD9B736DCE9B746DA1D44B
:107A1000756DCF9B766DD09B776DA3BA786DFEBDEB
:107A2000796DD19B7A6DD29B7B6DD39B7C6DBCE4D1
:107A30007D6DD49B7E6DD59B7F6DD69B806DD79BD6
:107A4000816DD89B826DBFCD836DD99B846DDA9B90
:107A5000856DF9C4866DDB9B876DDC9B886DFBCFE4
:107A6000896DE6C98A6DDD9B8B6DDE9B8C6DBFD306
:107A70008D6DDF9B8E6DD1CF8F6DE09B906DE19B07
:107A8000916DB3E4926DE29B936DB8E4946DB9E4AB
:107A9000956DE9CC966DE39B976DE49B986DE59BA6
:107AA000996DE69B9A6DE79B9B6DCECC9C6DE89B98
:107AB0009D6DD4C09E6DB5E49F6DB0C1A06DB6E460
:107AC000A16DD0CEA26DE99BA36DC1BBA46DD3B552
:107AD000A56DEA9BA66DF3C8A76DA7BDA86DC7D518
:107AE000A96DACC9AA6DA2B8AB6DCAE4AC6DEB9B35
:107AF000AD6DEC9BAE6DCCE4AF6DC4D1B06DED9BC4
:107B0000B16DEE9BB26DBAD2B36DEF9BB46DF09BCD
:107B1000B56DADBAB66DF19BB76DF29BB86DD4BAC9
:107B2000B96DF39BBA6DF49BBB6DF59BBC6DF69B79
:107B3000BD6DF79BBE6DF89BBF6DC3E4C06DEDB529
:107B4000C16DF99BC26DFA9BC36DFB9BC46DCDD714
:107B5000C56DC0E4C66DFDCFC76DBFE4C86DFC9BAD
:107B6000C96DFD9BCA6DFE9BCB6DDCC1CC6DCACCD3
:107B7000CD6D409CCE6D419CCF6D429CD06D439CA1
:107B8000D16DE7CAD26D449CD36D459CD46D469CA3
:107B9000D56D479CD66DD7C4D76D489CD86DD4CCD5
:107BA000D96DC8E4DA6D499CDB6D4A9CDC6D4B9C59
:107BB000DD6DC7E4DE6DC1E4DF6D4C9CE06DC4E4B7
:107BC000E16DADB5E26D4D9CE36D4E9CE46DD9D396
:107BD000E56D4F9CE66DC6E4E76D509CE86D519CE9
:107BE000E96D529CEA6D539CEB6DF9D2EC6DE3B4F8
:107BF000ED6D549CEE6DB4BBEF6D559CF06D569CD5
:107C0000F16DEEC9F26D579CF36DBEB4F46D589CE6
:107C1000F56D599CF66D5A9CF76DECBBF86D5B9C4D
:107C2000F96DCDD1FA6D5C9CFB6DEDCCFC6DB5EDC5
:107C3000FD6D5D9CFE6D5E9CFF6D5F9C006E609CAB
:107C4000016E619C026E629C036E639C046E649C78
:107C5000056EE5C7066E659C076E669C086E679CA0
:107C6000096E689C0A6EA8D40B6E699C0C6ECBE4FE
:107C70000D6ED5D70E6EC2E40F6E6A9C106EA5BD58
:107C8000116EC5E4126E6B9C136E6C9C146EE6D381
:107C9000156E6D9C166EC9E4176EF8C9186E6E9C51
:107CA000196E6F9C1A6EBEE41B6E709C1C6E719CEC
:107CB0001D6EE5D31E6E729C1F6E739C206EFEC7F8
:107CC000216EC9B6226E749C236EFCD4246EB3B2AE
:107CD000256ED7E4266E759C276E769C286E779C61
:107CE000296EC2CE2A6E789C2B6ECDE42C6E799CC8
:107CF0002D6EBCCE2E6E7A9C2F6EDBB8306E7B9CC8
:107D0000316E7C9C326ED6E4336E7D9C346ECABF7D
:107D1000356E7E9C366E809C376E819C386ECED3DD
:107D2000396E829C3A6EECC33B6E839C3C6E849CA5
:107D30003D6E859C3E6E869C3F6E879C406E889C07
:107D4000416E899C426E8A9C436EC8C5446ED8E4DD
:107D5000456E8B9C466E8C9C476E8D9C486E8E9CAF
:107D6000496E8F9C4A6E909C4B6E919C4C6E929C7F
:107D70004D6EC4CD4E6ECFE44F6E939C506E949C6E
:107D8000516E959C526E969C536ED4E4546ED5E41D
:107D9000556E979C566EFEBA576E989C586EE6CFFD
:107DA000596E999C5A6E9A9C5B6EBFD55C6E9B9C7B
:107DB0005D6E9C9C5E6E9D9C5F6ED2E4606E9E9C30
:107DC000616E9F9C626EA09C636EA19C646EA29C7F
:107DD000656EA39C666EA49C676EA59C686EA69C4F
:107DE000696EA79C6A6EA89C6B6ED0E46C6EA99CB1
:107DF0006D6EAA9C6E6ECEE46F6EAB9C706EAC9C8A
:107E0000716EAD9C726EAE9C736EAF9C746EB09CC6
:107E1000756EB19C766EB29C776EB39C786EB49C96
:107E2000796EB59C7A6EB69C7B6EB79C7C6EB89C66
:107E30007D6EB99C7E6EE5CD7F6EAACA806EBA9CBF
:107E4000816EBB9C826EBC9C836EA3C0846EBD9C05
:107E5000856EA6BD866ED3E4876EBE9C886EBF9C81
:107E6000896EC8B88A6EC09C8B6EC19C8C6EC29C99
:107E70008D6EC39C8E6EC49C8F6EE7E4906EB4D4FE
:107E8000916EC59C926EC69C936EC79C946EC89C66
:107E9000956EC99C966ECA9C976ECB9C986EDBE4DF
:107EA000996ECC9C9A6ECD9C9B6ECE9C9C6EEFC1C5
:107EB0009D6ECF9C9E6ED09C9F6EE9E4A06ED19C7F
:107EC000A16ED29CA26EE7D2A36ED39CA46ED49C6A
:107ED000A56EDFE4A66ED59CA76EE0E4A86ED69CE6
:107EE000A96ED79CAA6EAACFAB6ED89CAC6ED99C5B
:107EF000AD6EDA9CAE6EDB9CAF6EDDCBB06EDC9C03
:107F0000B16EDAE4B26ED1E4B36EDD9CB46EE5E43A
:107F1000B56EDE9CB66EDCC8B76EE3E4B86EDF9C6F
:107F2000B96EE09CBA6EE7C4BB6EE2E4BC6EE19C45
:107F3000BD6EE1E4BE6EE29CBF6EE39CC06EE49C4D
:107F4000C16EFCB3C26EE8E4C36EE59CC46EE69CF1
:107F5000C56EE79CC66EE89CC76EE1B5C86EE99C2D
:107F6000C96EEA9CCA6EEB9CCB6ECCD7CC6EEC9CF7
:107F7000CD6EED9CCE6EEE9CCF6EE6E4D06EEF9CA7
:107F8000D16EACBBD26EF09CD36ED2D7D46ECFCCB8
:107F9000D56EF8EBD66EF19CD76EE4E4D86EF29C09
:107FA000D96EF39CDA6EF6B9DB6EF49CDC6EF59C50
:107FB000DD6EF69CDE6ECDD6DF6ED9E4E06EDCE4DD
:107FC000E16EFAC2E26EDEE4E36EF79CE46ECBC2D1
:107FD000E56EC4C0E66ED0C2E76EF89CE86EF5B1FF
:107FE000E96EB2CCEA6EF99CEB6EFA9CEC6EFB9CEF
:107FF000ED6EFC9CEE6EFD9CEF6EFE9CF06E409D67
:10800000F16E419DF26E429DF36E439DF46ECEB5CE
:10801000F56E449DF66E459DF76E469DF86E479D44
:10802000F96EEFE4FA6E489DFB6E499DFC6E4A9D29
:10803000FD6E4B9DFE6E4C9DFF6E4D9D006F4E9DE7
:10804000016F4F9D026FAFC6036F509D046F519D2E
:10805000056F529D066FE1C6076F539D086F549DD3
:10806000096FF5E40A6F559D0B6F569D0C6F579D78
:108070000D6F589D0E6F599D0F6FA9C2106F5A9DBD
:10808000116F5B9D126F5C9D136FECC0146FDDD19F
:10809000156FEEE4166F5D9D176F5E9D186F5F9D07
:1080A000196F609D1A6F619D1B6F629D1C6F639DB0
:1080B0001D6F649D1E6F659D1F6F669D206FAEC412
:1080C000216F679D226F689D236F699D246FEDE48A
:1080D000256F6A9D266F6B9D276F6C9D286F6D9D28
:1080E000296FF6E42A6FF4E42B6FFEC22C6F6E9DAD
:1080F0002D6FDDE42E6F6F9D2F6FF0E4306F709D5C
:10810000316FFECA326F719D336FC4D5346F729D6B
:10811000356F739D366FF1E4376F749D386F759DC1
:10812000396F769D3A6F779D3B6F789D3C6F799D57
:108130003D6F7A9D3E6FFAD13F6F7B9D406F7C9D76
:10814000416F7D9D426F7E9D436F809D446F819DF9
:10815000456F829D466FEBE4476FECE4486F839D6B
:10816000496F849D4A6F859D4B6FF2E44C6F869DED
:108170004D6FABCE4E6F879D4F6F889D506F899D21
:10818000516F8A9D526F8B9D536F8C9D546F8D9D47
:10819000556F8E9D566F8F9D576F909D586FCBC5B5
:1081A000596F919D5A6F929D5B6F939D5C6FB1C7A4
:1081B0005D6F949D5E6FBAC25F6F959D606F969D77
:1081C000616F979D626FEAE4636F989D646F999DFC
:1081D000656F9A9D666FCAC1676F9B9D686F9C9D16
:1081E000696F9D9D6A6F9E9D6B6F9F9D6C6FA09D3B
:1081F0006D6FB6CC6E6FB1B36F6FA19D706FA29DA6
:10820000716FA39D726FFBE4736FA49D746FF3E4B1
:10821000756FA59D766FA69D776FA79D786FFAE421
:10822000796FA89D7A6FFDE47B6FA99D7C6FFCE45C
:108230007D6FAA9D7E6FAB9D7F6FAC9D806FAD9D66
:10824000816FAE9D826FAF9D836FB09D846FCEB303
:10825000856FB19D866FB29D876FB39D886FBAB3EE
:10826000896FF7E48A6FB49D8B6FB59D8C6FF9E4CD
:108270008D6FF8E48E6FECC58F6FB69D906FB79DD4
:10828000916FB89D926FB99D936FBA9D946FBB9D8E
:10829000956FBC9D966FBD9D976FBE9D986FBF9D5E
:1082A000996FC09D9A6FC19D9B6FC29D9C6FBDC011
:1082B0009D6FC39D9E6FC49D9F6FC59DA06FC69D02
:1082C000A16FE8D4A26FC79DA36FC89DA46FC99D7D
:1082D000A56FCA9DA66FCB9DA76FA2E5A86FCC9D89
:1082E000A96FCD9DAA6FCE9DAB6FCF9DAC6FD09D7A
:1082F000AD6FD19DAE6FD29DAF6FD39DB06FD49D4A
:10830000B16FD59DB26FD69DB36FC4B0B46FD79D1A
:10831000B56FD89DB66FA4E5B76FD99DB86FDA9DDC
:10832000B96FA3E5BA6FDB9DBB6FDC9DBC6FDD9DB4
:10833000BD6FDE9DBE6FDF9DBF6FE09DC06FA4BCB3
:10834000C16FE19DC26FA5E5C36FE29DC46FE39D60
:10835000C56FE49DC66FE59DC76FE69DC86FE79D3D
:10836000C96FA1E5CA6FE89DCB6FE99DCC6FEA9D0F
:10837000CD6FEB9DCE6FEC9DCF6FED9DD06FEE9DE1
:10838000D16FFEE4D26FF4B1D36FEF9DD46FF09D47
:10839000D56FF19DD66FF29DD76FF39DD86FF49D89
:1083A000D96FF59DDA6FF69DDB6FF79DDC6FF89D59
:1083B000DD6FF99DDE6FA8E5DF6FFA9DE06FA9E53F
:1083C000E16FA6E5E26FFB9DE36FFC9DE46FFD9D11
:1083D000E56FFE9DE66F409EE76F419EE86F429E0F
:1083E000E96F439EEA6F449EEB6F459EEC6F469E9D
:1083F000ED6F479EEE6FA7E5EF6FAAE5F06F489E21
:10840000F16F499EF26F4A9EF36F4B9EF46F4C9E44
:10841000F56F4D9EF66F4E9EF76F4F9EF86F509E14
:10842000F96F519EFA6F529EFB6F539EFC6F549EE4
:10843000FD6F559EFE6F569EFF6F579E0070589EB3
:108440000170599E02705A9E03705B9E04705C9E80
:1084500005705D9E06705E9E07705F9E0870609E50
:108460000970619E0A70629E0B70639E0C70649E20
:108470000D70659E0E70669E0F70679E1070689EF0
:108480001170D9C61270699E13706A9E14706B9E2B
:1084900015706C9E16706D9E17706E9E18706F9E94
:1084A0001970709E1A70ABE51B70ADE51C70719E63
:1084B0001D70729E1E70739E1F70749E2070759E3C
:1084C0002170769E2270779E2370ACE52470789E92
:1084D0002570799E26707A9E27707B9E28707C9EE0
:1084E00029707D9E2A707E9E2B70809E2C70819EAE
:1084F0002D70829E2E70839E2F70849E3070859E7C
:108500003170869E3270879E3370889E3470899E4B
:108510003570AFE536708A9E37708B9E38708C9EB2
:108520003970AEE53A708D9E3B708E9E3C708F9E8A
:108530003D70909E3E70919E3F70929E4070939EC3
:108540004170949E4270959E4370969E4470979E93
:108550004570989E4670999E47709A9E48709B9E63
:1085600049709C9E4A709D9E4B709E9E4C70E0B9D7
:108570004D709F9E4E70A09E4F70B0E55070A19EB2
:108580005170A29E5270A39E5370A49E5470A59EDB
:108590005570A69E5670A79E5770A89E5870A99EAB
:1085A0005970AA9E5A70AB9E5B70AC9E5C70AD9E7B
:1085B0005D70AE9E5E70B1E55F70AF9E6070B09E04
:1085C0006170B19E6270B29E6370B39E6470B49E1F
:1085D0006570B59E6670B69E6770B79E6870B89EEF
:1085E0006970B99E6A70BA9E6B70F0BB6C70E1ECFA
:1085F0006D70F0C36E70BB9E6F70C6B57070D2BBED
:108600007170BC9E7270BD9E7370BE9E7470BF9E72
:108610007570E9C17670EED47770C09E7870C4BE74
:108620007970C19E7A70C29E7B70C39E7C70C6D7E3
:108630007D70C49E7E70D6D47F70D3B28070BEEC45
:108640008170C59E8270C69E8370C79E8470C89ECE
:108650008570C1EA8670C99E8770CA9E8870CB9E5D
:108660008970AFC28A70B6B48B70CC9E8C70CD9E70
:108670008D70CE9E8E70D7D18F70CF9E9070D09E11
:108680009170D19E9270B4B39370D29E9470B2C820
:108690009570BBBF9670C0EC9770D39E9870D49EB7
:1086A0009970CBD69A70D59E9B70D69E9C70BFEC6D
:1086B0009D70C1EC9E70D79E9F70D89EA070D99E71
:1086C000A170DA9EA270DB9EA370DC9EA470DD9E7A
:1086D000A570DE9EA670DF9EA770E09EA870E19E4A
:1086E000A970E29EAA70E39EAB70C5ECAC70E6BECA
:1086F000AD70BFCCAE70DAC5AF70BCBEB070E49EDA
:10870000B170C6ECB270E59EB370FEB1B470E69E77
:10871000B570E79EB670E89EB770C4ECB870A8D587
:10872000B970E3B5BA70E99EBB70C2ECBC70B6C15B
:10873000BD70E3B3BE70EA9EBF70EB9EC070C3EC29
:10874000C170B8CBC270C3C0C370FECCC470EC9E05
:10875000C570ED9EC670EE9EC770EF9EC870D2C108
:10876000C970F09ECA70C8ECCB70F19ECC70F29EBE
:10877000CD70F39ECE70F49ECF70F59ED070F69EB5
:10878000D170F79ED270F89ED370F99ED470FA9E85
:10879000D570FB9ED670FC9ED770FD9ED870E6BA51
:1087A000D970D3C0DA70FE9EDB70F2D6DC70409FC9
:1087B000DD70419FDE70429FDF70CCD1E070439F3F
:1087C000E170449FE270459FE370469FE470BEBF36
:1087D000E570479FE670B3B7E770D5C9E870C7EC9E
:1087E000E970E2BBEA70489FEB70CCCCEC70FDBD49
:1087F000ED70C8C8EE70499FEF70A9CFF0704A9F26
:10880000F1704B9FF2704C9FF3704D9FF4704E9F30
:10881000F5704F9FF670509FF770E9CDF870519F3B
:10882000F970EBC5FA70529FFB70539FFC70549F18
:10883000FD70E9B7FE70559FFF70569F0071579FFE
:108840000171589F0271599F03715A9F04715B9F78
:1088500005715C9F06715D9F07715E9F08715F9F48
:108860000971C9D10A71B8BA0B71609F0C71619F0F
:108870000D71629F0E71639F0F71649F1071C9EC3F
:108880001171659F1271669F1371CAEC1471679F15
:108890001571C0BB1671CBEC1771689F1871E2ECB3
:1088A0001971BAB11A71D9B71B71699F1C716A9F8E
:1088B0001D716B9F1E716C9F1F716D9F20716E9F4C
:1088C00021716F9F2271709F2371719F2471729F1C
:1088D0002571739F2671B9BD2771749F2871759F8B
:1088E0002971769F2A71779F2B71789F2C71799FC0
:1088F0002D717A9F2E717B9F2F71CCEC3071E6D158
:108900003171CDEC32717C9F33717D9F34717E9FCC
:108910003571809F3671BBC83771819F3871829FD6
:108920003971839F3A71849F3B71859F3C71869F0B
:108930003D71879F3E71889F3F71899F40718A9FDB
:1089400041718B9F42718C9F43718D9F44718E9FAB
:108950004571D1EC46718F9F4771909F4871919FEF
:108960004971929F4A71D3EC4B71939F4C71CDBB6F
:108970004D71949F4E71E5BC4F71959F5071969FBC
:108980005171979F5271989F5371999F54719A9FFB
:1089900055719B9F56719C9F57719D9F58719E9FCB
:1089A00059719F9F5A71A09F5B71A19F5C71CFEC21
:1089B0005D71A29F5E71B7C95F71A39F6071A49F33
:1089C0006171A59F6271A69F6371A79F6471BAC30D
:1089D0006571A89F6671E3EC6771D5D56871D0ECBD
:1089E0006971A99F6A71AA9F6B71AB9F6C71AC9FF3
:1089F0006D71AD9F6E71F3D66F71AE9F7071AF9F49
:108A00007171B09F7271D2EC7371CEEC7471B19FC1
:108A10007571B29F7671B39F7771B49F7871D4EC02
:108A20007971B59F7A71D5EC7B71B69F7C71B79FD8
:108A30007D71BFC97E71B89F7F71B99F8071BA9FE8
:108A40008171BB9F8271BC9F8371BD9F8471A8CFD0
:108A50008571BE9F8671BF9F8771C09F8871C19FBE
:108A60008971C29F8A71DCD08B71C39F8C71C49F46
:108A70008D71C59F8E71C69F8F71ACD19071C79F4C
:108A80009171C89F9271C99F9371CA9F9471DBC8FD
:108A90009571CB9F9671CC9F9771CD9F9871D6ECB5
:108AA0009971F5CE9A71CE9F9B71CF9F9C71D09F8B
:108AB0009D71D19F9E71D29F9F71ECCAA071DAEC1B
:108AC000A171D39FA271D49FA371D59FA471D69F8A
:108AD000A571D79FA671D89FA771D99FA871D9EC0E
:108AE000A971DA9FAA71DB9FAB71DC9FAC71BEB03C
:108AF000AD71DD9FAE71DE9FAF71DF9FB071E09F02
:108B0000B171E19FB271E29FB371D7ECB471E39F91
:108B1000B571D8ECB671E49FB771E59FB871E69F67
:108B2000B971E4ECBA71E79FBB71E89FBC71E99F32
:108B3000BD71EA9FBE71EB9FBF71EC9FC071ED9F4D
:108B4000C171EE9FC271EF9FC371BCC8C471F09F29
:108B5000C571F19FC671F29FC771F39FC871F49FF1
:108B6000C971F59FCA71F69FCB71F79FCC71F89FC1
:108B7000CD71F99FCE71C7C1CF71FA9FD071FB9FA4
:108B8000D171FC9FD271FD9FD371FE9FD471DCEC3B
:108B9000D571E0D1D67140A0D77141A0D87142A063
:108BA000D97143A0DA7144A0DB7145A0DC7146A005
:108BB000DD7147A0DE7148A0DF7149A0E071DBECF8
:108BC000E1714AA0E2714BA0E3714CA0E4714DA0A9
:108BD000E571EFD4E6714EA0E771DDECE8714FA0CE
:108BE000E97150A0EA7151A0EB7152A0EC7153A051
:108BF000ED7154A0EE71C6DBEF7155A0F07156A077
:108C0000F17157A0F27158A0F37159A0F4715AA0F4
:108C1000F5715BA0F6715CA0F7715DA0F8715EA0C4
:108C2000F971DEECFA715FA0FB7160A0FC7161A0CC
:108C3000FD7162A0FE7163A0FF7164A0007265A067
:108C4000017266A0027267A0037268A0047269A034
:108C500005726AA00672ACB107726BA008726CA0B4
:108C600009726DA00A726EA00B726FA00C7270A0D8
:108C70000D7271A00E7272A00F7273A0107274A0A8
:108C8000117275A0127276A0137277A0147278A078
:108C9000157279A016727AA017727BA018727CA048
:108CA00019727DA01A727EA01B7280A01C7281A016
:108CB0001D72DFEC1E7282A01F7283A0207284A03E
:108CC000217285A0227286A0237287A0247288A0B8
:108CD000257289A026728AA027728BA02872E0ECE8
:108CE00029728CA02A72A6D72B728DA02C72C0C5B7
:108CF0002D728EA02E728FA02F7290A03072BCEBBE
:108D00003172AEB0327291A0337292A0347293A0DD
:108D10003572F4BE3672B8B83772AFD23872D6B088
:108D20003972F9B53A7294A03B72B3D83C7295A0EF
:108D30003D72ACCB3E7296A03F72DDE3407297A0CD
:108D4000417298A0427299A043729AA044729BA06B
:108D500045729CA046729DA04772ACC64872E6B0B0
:108D600049729EA04A729FA04B72A0A04C72C6C5C9
:108D70004D72B9EB4E72A1A04F72A2A05072A3A087
:108D80005172A4A05272BAEB5372A5A05472A6A05D
:108D90005572A7A05672BBEB5772A8A05872A9A033
:108DA0005972C0D15A72AAA05B72A3C55C72ABA003
:108DB0005D72F2EA5E72ACA05F72B2C46072ADA086
:108DC0006172B5C46272CEC06372AEA06472AFA0AD
:108DD0006572B0A06672F3EA6772C1C46872B1A02E
:108DE0006972EFCE6A72B2A06B72B3A06C72B4A05B
:108DF0006D72B5A06E72F0EA6F72F4EA7072B6A08E
:108E00007172B7A07272FCC97372B8A07472B9A003
:108E10007572A3C77672BAA07772BBA07872BCA035
:108E20007972D8CC7A72FECE7B72BDA07C72BEA065
:108E30007D72BFA07E72F5EA7F72F6EA8072ACCFD7
:108E40008172E7C08272C0A08372C1A08472F7EA07
:108E50008572C2A08672C3A08772C4A08872C5A0A2
:108E60008972C6A08A72BFB68B72F8EA8C72C7A0EC
:108E70008D72F9EA8E72C8A08F72FAEA9072C9A058
:108E80009172CAA09272FBEA9372CBA09472CCA0AA
:108E90009572CDA09672CEA09772CFA09872D0A0F6
:108EA0009972D1A09A72D2A09B72D3A09C72D4A0C6
:108EB0009D72D5A09E72D6A09F72F1EAA072D7A033
:108EC000A172D8A0A272D9A0A372DAA0A472DBA06A
:108ED000A572DCA0A672DDA0A772DEA0A872DFA03A
:108EE000A972E0A0AA72E1A0AB72E2A0AC72AEC817
:108EF000AD72EBE1AE72E3A0AF72B8B7B072ECE165
:108F0000B172E4A0B272E5A0B372E6A0B472EDE172
:108F1000B572E7A0B672B4D7B772EEE1B872EFE1FE
:108F2000B972CCD3BA72E8A0BB72E9A0BC72EAA055
:108F3000BD72EBA0BE72ECA0BF72EDA0C072EEA03D
:108F4000C172F1E1C272F1BFC372F0E1C472D2B575
:108F5000C572EFA0C672F0A0C772F1A0C872B7B117
:108F6000C972F2A0CA72F3A0CB72F4A0CC72F5A0C1
:108F7000CD72F3E1CE72F2E1CF72F6A0D072FCBAFC
:108F8000D172F7A0D272F4E1D372F8A0D472F9A032
:108F9000D572FAA0D672FBA0D772B7B9D872FCA06E
:108FA000D972D1BEDA72FDA0DB72FEA0DC7240AADB
:108FB000DD7241AADE72FCC4DF7242AAE072DDBA41
:108FC000E172C6BDE27243AAE37244AAE47245AA02
:108FD000E57246AAE67247AAE77248AAE872F5E186
:108FE000E972F7E1EA7249AAEB724AAAEC72C0B6DA
:108FF000ED72C1CFEE72A8CAEF72F6E1F072F8D549
:10900000F172FCD3F272F8E1F372FCE1F472F9E16F
:10901000F5724BAAF6724CAAF772FAE1F872EAC03E
:10902000F9724DAAFA72FEE1FB72A1E2FC72C7C0AE
:10903000FD724EAAFE724FAAFF7250AA007351AA87
:109040000173FBE1027352AA0373FDE1047353AA97
:10905000057354AA067355AA077356AA087357AA2C
:10906000097358AA0A73A5E20B7359AA0C735AAA7A
:109070000D735BAA0E73D4C10F735CAA10735DAA43
:1090800011735EAA12735FAA1373A3E2147360AA2A
:109090001573A8E21673FEB21773A2E2187361AAE1
:1090A000197362AA1A7363AA1B73CDC31C73C2B26D
:1090B0001D73A7E21E73A6E21F7364AA207365AA3C
:1090C0002173A4E22273A9E2237366AA247367AA18
:1090D0002573ABE2267368AA277369AA28736AAA64
:1090E0002973C9D02A73EDD62B73A8C32C73ACE2B5
:1090F0002D736BAA2E73D7CF2F736CAA30736DAA02
:109100003173AEE232736EAA33736FAA3473EFBA5F
:10911000357370AA367371AA3773E0E93873ADE21C
:109120003973AAE23A7372AA3B7373AA3C7374AAA6
:109130003D7375AA3E73ABBB3F73B3D4407376AA3D
:10914000417377AA427378AA437379AA44737AAABF
:1091500045737BAA46737CAA47737DAA48737EAA8F
:10916000497380AA4A7381AA4B7382AA4C7383AA5B
:109170004D73B0E24E7384AA4F7385AA5073AFE269
:10918000517386AA5273E1E9537387AA547388AA6C
:10919000557389AA56738AAA5773B1E258738BAA7A
:1091A00059738CAA5A738DAA5B738EAA5C738FAAAB
:1091B0005D7390AA5E7391AA5F7392AA6073B2E224
:1091C000617393AA627394AA637395AA647396AA4F
:1091D000657397AA667398AA677399AA68739AAA1F
:1091E00069739BAA6A739CAA6B739DAA6C73B3E2A2
:1091F0006D73A1CC6E739EAA6F73B4E270739FAA55
:109200007173A0AA727340AB737341AB747342ABBA
:10921000757343AB767344AB777345AB787346ABEA
:10922000797347AB7A7348AB7B7349AB7C734AABBA
:109230007D734BAB7E73B5E27F734CAB80734DABEC
:1092400081734EAB82734FAB837350AB8473FED08C
:10925000857351AB867352AB8773CAC2887353ABA5
:109260008973F1D38A7354AB8B73F5CD8C7355AB83
:109270008D7356AB8E73E0E78F7357AB907358AB1B
:109280009173E1E7927359AB93735AAB94735BABF1
:1092900095735CAB9673C1BE97735DAB98735EAB11
:1092A00099735FAB9A7360AB9B73EAC29C7361ABBB
:1092B0009D7362AB9E7363AB9F73E4E7A07364AB73
:1092C000A17365ABA273E3E7A37366ABA47367AB4B
:1092D000A57368ABA67369ABA7736AABA8736BABD6
:1092E000A973E6CDAA736CABAB73B5C3AC736DABAE
:1092F000AD736EABAE73E2E7AF73B7BBB073D6CFEF
:10930000B1736FABB273E1C1B373E9E7B47370AB20
:10931000B57371ABB67372ABB773E8E7B87373AB81
:10932000B97374ABBA73F4E7BB73A3B2BC7375AB18
:10933000BD7376ABBE7377ABBF7378ABC073EAE730
:10934000C17379ABC273E6E7C3737AABC4737BAB0B
:10935000C5737CABC6737DABC7737EABC873ECE7DC
:10936000C973EBE7CA73BAC9CB7380ABCC7381AB5B
:10937000CD73E4D5CE7382ABCF73E5E7D073A9B7D5
:10938000D173E7E7D27383ABD37384ABD47385AB6C
:10939000D57386ABD67387ABD77388ABD87389ABDD
:1093A000D973EEE7DA738AABDB738BABDC738CAB10
:1093B000DD738DABDE73F3E7DF738EABE073E9D65D
:1093C000E1738FABE27390ABE37391ABE47392AB59
:1093D000E573EDE7E67393ABE773F2E7E87394ABFD
:1093E000E973F1E7EA7395ABEB7396ABEC7397AB6C
:1093F000ED73E0B0EE7398ABEF7399ABF0739AAB8B
:10940000F1739BABF273F5E7F3739CABF4739DAB15
:10941000F5739EABF6739FABF773A0ABF87340ACDC
:10942000F97341ACFA7342ACFB7343ACFC7344ACCC
:10943000FD7345ACFE7346ACFF7347AC007448AC9B
:10944000017449AC02744AAC0374F2C704744BACA7
:109450000574C5C00674EDC007744CAC08744DACFF
:109460000974F0C10A74F0E70B744EAC0C744FAC85
:109470000D7450AC0E7451AC0F74F6E71074F6CB4B
:10948000117452AC127453AC137454AC147455ACC4
:10949000157456AC167457AC177458AC187459AC94
:1094A00019745AAC1A74A2E81B74A1E81C745BAC62
:1094B0001D745CAC1E745DAC1F745EAC20745FAC3C
:1094C000217460AC2274C1D7237461AC247462AC83
:1094D0002574FAE72674F9E7277463AC2874FBE770
:1094E000297464AC2A74F7E72B7465AC2C74FEE71E
:1094F0002D7466AC2E74FDE72F7467AC3074FCE7F6
:10950000317468AC327469AC3374D5C13474D9C762
:109510003574FDC53674C3C537746AAC38746BAC2A
:1095200039746CAC3A746DAC3B746EAC3C74EDC782
:109530003D746FAC3E7470AC3F7471AC407472ACEF
:109540004174A3E8427473AC437474AC447475AC56
:10955000457476AC467477AC477478AC487479AC93
:1095600049747AAC4A747BAC4B747CAC4C747DAC63
:109570004D747EAC4E7480AC4F7481AC507482AC30
:10958000517483AC527484AC537485AC547486ACFF
:109590005574A6E8567487AC5774A5E8587488AC1F
:1095A0005974A7E85A74F7BA5B74F8E75C74A4E8D6
:1095B0005D7489AC5E74F0C85F74AAC960748AACCB
:1095C00061748BAC62748CAC63748DAC64748EAC5F
:1095D00065748FAC667490AC677491AC687492AC2F
:1095E000697493AC6A7494AC6B7495AC6C7496ACFF
:1095F0006D74A9E86E7497AC6F7498AC7074E5B92B
:10960000717499AC72749AAC73749BAC74749CACA6
:1096100075749DAC7674FED17774A8E878749EACAE
:1096200079749FAC7A74A0AC7B7440AD7C7441AD0E
:109630007D7442AD7E74AAE87F7443AD8074ADE85A
:109640008174AEE8827444AD8374A7C1847445AD5F
:10965000857446AD867447AD8774AFE8887448ADAD
:10966000897449AD8A744AAD8B74B0E88C744BAD83
:109670008D744CAD8E74ACE88F744DAD9074B4E8BD
:1096800091744EAD92744FAD937450AD947451ADCE
:10969000957452AD967453AD977454AD987455AD9E
:1096A000997456AD9A7457AD9B7458AD9C74ABE8E1
:1096B0009D7459AD9E74B1E89F745AADA0745BADB2
:1096C000A1745CADA2745DADA3745EADA4745FAD16
:1096D000A57460ADA67461ADA774B5E8A874B2E8CE
:1096E000A974B3E8AA7462ADAB7463ADAC7464AD35
:1096F000AD7465ADAE7466ADAF7467ADB07468AD92
:10970000B17469ADB2746AADB3746BADB4746CAD61
:10971000B5746DADB6746EADB7746FADB87470AD31
:10972000B97471ADBA74B7E8BB7472ADBC7473AD83
:10973000BD7474ADBE7475ADBF7476ADC07477ADD5
:10974000C17478ADC27479ADC3747AADC4747BADA5
:10975000C5747CADC6747DADC7747EADC87480AD74
:10976000C97481ADCA7482ADCB7483ADCC7484AD41
:10977000CD7485ADCE7486ADCF7487ADD07488AD11
:10978000D17489ADD274B6E8D3748AADD4748BAD7C
:10979000D5748CADD6748DADD7748EADD8748FADB5
:1097A000D97490ADDA7491ADDB7492ADDC74CFB93D
:1097B000DD7493ADDE74ACF0DF7494ADE074ADF0A5
:1097C000E17495ADE274B0C6E374EAB0E474BFC866
:1097D000E57496ADE674DFCDE77497ADE87498ADA7
:1097E000E97499ADEA749AADEB749BADEC749CADE1
:1097F000ED749DADEE74CDCEEF74B1EAF0749EAD14
:10980000F1749FADF274A0ADF37440AEF474B2EA9B
:10981000F57441AEF674BFC6F774C9B4F87442AEBD
:10982000F97443AEFA7444AEFB7445AEFC7446AEB4
:10983000FD7447AEFE7448AEFF74B3EA007549AEDE
:1098400001754AAE02754BAE03754CAE0475E7D593
:1098500005754DAE06754EAE07754FAE087550AE28
:10986000097551AE0A7552AE0B7553AE0C7554AEF8
:109870000D75F9DD0E7555AE0F75B4EA107556AE5F
:109880001175B5EA127557AE1375B6EA147558AE70
:10989000157559AE16755AAE17755BAE1875CAB800
:1098A0001975B0DF1A75F5C91B755CAE1C75F0CC67
:1098B0001D755DAE1E755EAE1F75FAC920755FAE73
:1098C000217560AE227561AE237562AE247563AEFC
:1098D0002575FBC9267564AE277565AE2875C3D39B
:1098E0002975A6CB2A7566AE2B75A6B82C75AEF079
:1098F0002D75C2B12E7567AE2F75B8E53075EFCCFA
:109900003175C9D33275D7BC3375EAC9347568AEC1
:109910003575E7B5367569AE3775D0C43875E9B5B4
:1099200039756AAE3A75AEEE3B75ADBB3C756BAE44
:109930003D756CAE3E75DEE73F756DAE4075AFEEC2
:1099400041756EAE42756FAE437570AE447571AEC3
:109950004575A9B3467572AE477573AE4875B2EEDC
:10996000497574AE4A7575AE4B75B1EE4C75E7BD71
:109970004D7576AE4E75B0EE4F75B7CE507577AE6D
:10998000517578AE527579AE53757AAE5475CFC5B0
:1099900055757BAE56757CAE57757DAE58757EAEEF
:1099A0005975F4C15A75CEDB5B75B3EE5C75F3D0B7
:1099B0005D7580AE5E7581AE5F7582AE607583AE9B
:1099C000617584AE627585AE637586AE647587AE6B
:1099D0006575D4C26675E8C6677588AE687589AE68
:1099E00069758AAE6A75ACB76B758BAE6C758CAEEB
:1099F0006D758DAE6E758EAE6F758FAE707590AEE7
:109A0000717591AE7275B4EE737592AE7475EBB3F9
:109A1000757593AE767594AE777595AE7875FBBB1C
:109A20007975B5EE7A7596AE7B7597AE7C7598AE06
:109A30007D7599AE7E759AAE7F75DCE780759BAEBD
:109A400081759CAE82759DAE8375B6EE84759EAEB3
:109A500085759FAE8675AEBD8775A0AE887540AF23
:109A6000897541AF8A7542AF8B75E2F18C7543AF52
:109A70008D7544AF8E7545AF8F75E8CA907546AF4A
:109A80009175C9D29275DAF0937547AF9475DBF092
:109A9000957548AF9675DCF09775C6C1987549AF56
:109AA0009975EDB89A75CEBE9B754AAF9C754BAF54
:109AB0009D75DEF09E754CAF9F75B1C5A075DDF04C
:109AC000A175F1D1A2754DAFA375E0F0A475CCB02E
:109AD000A575EABDA6754EAFA7754FAFA87550AF77
:109AE000A97551AFAA7552AFAB75DFD2AC75DFF077
:109AF000AD7553AFAE75AFB4AF75E8B7B075E6F0FE
:109B0000B175E5F0B275A3C6B375E1F0B475E2F0D6
:109B1000B575C3B4B67554AFB77555AFB875E3F046
:109B2000B975EED5BA7556AFBB7557AFBC75DBCC02
:109B3000BD75D2BEBE75B2BCBF7558AFC07559AF4A
:109B4000C1755AAFC275E8F0C375E7F0C475E4F0AB
:109B5000C575A1B2C6755BAFC775A2D6C875B8D3B7
:109B6000C975B7BECA75ACC8CB755CAFCC755DAFF7
:109B7000CD75EAF0CE755EAFCF755FAFD07560AFD3
:109B8000D17561AFD275F7D1D37562AFD475CCD62C
:109B9000D575DBBAD675E9F0D77563AFD875BBB6A6
:109BA000D97564AFDA7565AFDB75B4CDDC7566AFBA
:109BB000DD7567AFDE75A6C6DF7568AFE07569AFA6
:109BC000E1756AAFE275A1C1E375EBF0E475EEF003
:109BD000E5756BAFE675EDF0E775F0F0E875ECF064
:109BE000E9756CAFEA75BEBBEB75EFF0EC756DAF68
:109BF000ED756EAFEE756FAFEF7570AFF075B5CCFC
:109C0000F175F2F0F27571AFF37572AFF475D5B30B
:109C1000F57573AFF67574AFF77575AFF87576AF08
:109C2000F975D4B1FA7577AFFB7578AFFC75F3F0C1
:109C3000FD7579AFFE757AAFFF75F4F00076F6F03A
:109C40000176E1B402767BAF0376F1F004767CAF67
:109C50000576F7F006767DAF07767EAF087680AFA3
:109C6000097681AF0A76FAF00B7682AF0C76F8F0BF
:109C70000D7683AF0E7684AF0F7685AF1076F5F054
:109C8000117686AF127687AF137688AF147689AFD8
:109C90001576FDF016768AAF1776F9F01876FCF097
:109CA0001976FEF01A768BAF1B76A1F11C768CAF7D
:109CB0001D768DAF1E768EAF1F76C1CE2076A4F1B5
:109CC00021768FAF2276A3F1237690AF2476F6C16A
:109CD0002576FBF02676DDCA277691AF287692AFFF
:109CE0002976F1B42A76F1B12B76B1CC2C7693AFEC
:109CF0002D76A6F12E7694AF2F7695AF3076A7F11C
:109D0000317696AF327697AF3376ACF13476CED5E6
:109D10003576A9F1367698AF377699AF3876B3C8ED
:109D200039769AAF3A769BAF3B769CAF3C76A2F100
:109D30003D769DAF3E76ABF13F76A8F14076A5F13A
:109D400041769EAF42769FAF4376AAF14476A0AFAC
:109D5000457640B0467641B0477642B0487643B04B
:109D6000497644B04A7645B04B7646B04C76A9B0B9
:109D70004D76ADF14E7647B04F7648B0507649B04B
:109D800051764AB052764BB053764CB05476AFF120
:109D900055764DB05676B1F157764EB058764FB0F5
:109DA000597650B05A7651B05B7652B05C76B0F1CD
:109DB0005D7653B05E76AEF15F7654B0607655B0A6
:109DC000617656B0627657B06376A2D1647658B0A9
:109DD000657659B066765AB067765BB068765CB0E7
:109DE00069765DB06A765EB06B76B2F16C765FB024
:109DF0006D7660B06E7661B06F76B3F1707662B0FA
:109E0000717663B0727664B0737665B0747666B05E
:109E1000757667B0767668B0777669B07876EFB9A0
:109E200079766AB07A766BB07B76C7B57C766CB0A3
:109E30007D76D7B07E76D9B07F766DB080766EB005
:109E400081766FB08276EDD4837670B08476C4B5B7
:109E5000857671B08676D4BD8776CABB8876A7F042
:109E6000897672B08A7673B08B76DEB88C7674B0F1
:109E70008D7675B08E76A8F08F7676B0907677B0C6
:109E80009176A8B0927678B09376A9F0947679B06E
:109E900095767AB09676EECD97767BB098767CB054
:109EA0009976AAF09A767DB09B767EB09C7680B04B
:109EB0009D7681B09E7682B09F7683B0A07684B086
:109EC000A17685B0A27686B0A37687B0A476ABF0F3
:109ED000A57688B0A67689B0A7768AB0A8768BB02A
:109EE000A9768CB0AA768DB0AB768EB0AC768FB0FA
:109EF000AD7690B0AE76A4C6AF7691B0B07692B0A3
:109F0000B176E5D6B276E4F1B37693B0B476E5F106
:109F1000B57694B0B67695B0B77696B0B87697B079
:109F2000B97698B0BA7699B0BB769AB0BC769BB049
:109F3000BD769CB0BE769DB0BF76F3C3C0769EB0B2
:109F4000C1769FB0C276DBD3C376A0B0C47640B1F1
:109F5000C576D1D6C676E8C5C77641B1C876AFD347
:109F6000C97642B1CA76E6D2CB7643B1CC7644B15B
:109F7000CD76C1EECE76BBB0CF76B5D5D076CED18C
:109F8000D176E0BCD276D0BAD37645B1D476F8BFDC
:109F9000D57646B1D676C7B8D776C1B5D876CCC512
:109FA000D97647B1DA7648B1DB76A2CADC7649B118
:109FB000DD764AB1DE764BB1DF76CBC3E0764CB1CD
:109FC000E1764DB1E2764EB1E3764FB1E47650B131
:109FD000E576C2EEE67651B1E77652B1E87653B156
:109FE000E97654B1EA7655B1EB7656B1EC7657B1D5
:109FF000ED7658B1EE76BFC4EF76A2B6F07659B1E1
:10A00000F176ECEDF276A4C3F3765AB1F476B1D6DC
:10A01000F5765BB1F6765CB1F7765DB1F876E0CFB8
:10A02000F976EFEDFA765EB1FB765FB1FC76CEC5E0
:10A03000FD7660B1FE76DCB6FF7661B1007762B185
:10A040000177A1CA027763B1037764B10477EDEDBC
:10A05000057765B1067766B10777F0ED0877F1ED22
:10A060000977BCC30A7767B10B77B4BF0C7768B1C7
:10A070000D77EEED0E7769B10F776AB110776BB19E
:10A0800011776CB112776DB113776EB114776FB130
:10A09000157770B1167771B1177772B1187773B100
:10A0A0001977F4ED1A77F2ED1B7774B11C7775B15F
:10A0B0001D7776B11E7777B11F77E6D52077DFC39E
:10A0C000217778B12277F3ED237779B124777AB1CC
:10A0D00025777BB12677F6ED27777CB12877A3D556
:10A0E0002977A3D12A777DB12B777EB12C7780B1E8
:10A0F0002D77F5ED2E7781B12F77D0C3307782B1F0
:10A10000317783B1327784B1337785B1347786B1D3
:10A110003577F7ED3677F4BF3777ECBE3877F8ED63
:10A12000397787B13A77F7CC3B7788B13C77DBD189
:10A130003D7789B13E778AB13F778BB14077C5D7FC
:10A140004177F6D542778CB14377FCED44778DB1FA
:10A1500045778EB146778FB14777FBED487790B161
:10A16000497791B14A7792B14B7793B14C7794B1DB
:10A170004D7795B14E7796B14F7797B15077F9ED0E
:10A180005177FAED527798B1537799B154779AB1E4
:10A1900055779BB156779CB157779DB158779EB153
:10A1A00059779FB15A77FDED5B77A6BE5C77A0B17A
:10A1B0005D7740B25E7741B25F7742B2607743B27B
:10A1C0006177AFCB6277A1EE6377BDB6647744B2B7
:10A1D0006577A2EE6677C0C4677745B26877FEED13
:10A1E000697746B26A7747B26B77DEBD6C77C7B2E4
:10A1F0006D7748B26E7749B26F774AB270774BB2DB
:10A2000071774CB272774DB273774EB274774FB2AA
:10A21000757750B2767751B2777752B2787753B27A
:10A220007977C3B67A7754B27B7755B27C7756B2DA
:10A230007D77A5EE7E77BAD87F77A3EE8077A6EEFE
:10A24000817757B2827758B2837759B28477E9C35E
:10A250008577F2B386775AB287775BB288775CB23C
:10A2600089775DB28A775EB28B775FB28C77A7EE23
:10A270008D77A4EE8E77B9CF8F7760B2907761B289
:10A280009177A8EE9277F7C2937762B2947763B230
:10A29000957764B2967765B2977766B2987767B22A
:10A2A000997768B29A7769B29B776AB29C776BB2FA
:10A2B0009D776CB29E776DB29F77A9EEA077AAEEDC
:10A2C000A1776EB2A277ABDEA3776FB2A47770B23C
:10A2D000A577B3C6A67771B2A777C6C7A87772B2BB
:10A2E000A977F5D6AA77C9B5AB7773B2AC77B2CBFD
:10A2F000AD7774B2AE7775B2AF7776B2B077ABEEBA
:10A30000B17777B2B27778B2B377ABCDB47779B2B1
:10A31000B577ACEEB6777AB2B7777BB2B8777CB266
:10A32000B9777DB2BA777EB2BB77B0D5BC7780B251
:10A33000BD77ADEEBE7781B2BF77C4F6C07782B28B
:10A34000C17783B2C27784B2C37785B2C47786B24D
:10A35000C57787B2C67788B2C77789B2C8778AB21D
:10A36000C9778BB2CA778CB2CB778DB2CC778EB2ED
:10A37000CD77C7DBCE778FB2CF7790B2D07791B25F
:10A38000D17792B2D27793B2D37794B2D47795B291
:10A39000D57796B2D67797B2D777A3B4D87798B255
:10A3A000D97799B2DA779AB2DB77ACC3DC77E6F18A
:10A3B000DD779BB2DE779CB2DF779DB2E0779EB20D
:10A3C000E1779FB2E277B8CAE377D3D2E477A0B25D
:10A3D000E577AAD6E67740B3E777F2EFE87741B3BF
:10A3E000E977D8BEEA7742B3EB77C3BDEC77F3EFFA
:10A3F000ED77CCB6EE77ABB0EF7743B3F07744B3FD
:10A40000F17745B3F27746B3F377AFCAF47747B342
:10A41000F57748B3F677B6EDF77749B3F877B7ED48
:10A42000F9774AB3FA774BB3FB774CB3FC774DB36C
:10A43000FD77F9CEFE77AFB7FF77F3BF0078B8EDC1
:10A440000178EBC20278B0C903784EB304784FB3F9
:10A45000057850B3067851B3077852B3087853B3F0
:10A460000978B9ED0A7854B30B7855B30C78F6C671
:10A470000D78B3BF0E7856B30F7857B3107858B332
:10A480001178BCED1278F8C5137859B31478D0D18F
:10A4900015785AB31678A9D71778BAED1878BBEDA6
:10A4A00019785BB31A78E2D11B785CB31C78BFEDE6
:10A4B0001D78C0ED1E785DB31F78C4ED20785EB3C3
:10A4C00021785FB3227860B32378C8ED247861B334
:10A4D0002578C6ED2678CEED2778E8D5287862B3C2
:10A4E0002978C9ED2A7863B32B7864B32C78C7ED4B
:10A4F0002D78BEED2E7865B32F7866B33078E9C538
:10A50000317867B3327868B3337869B33478C6C6C4
:10A5100035786AB336786BB33778E9C93878D2D4EE
:10A520003978C1ED3A78C2ED3B78C3ED3C78C5EDA2
:10A530003D786CB33E78F9C03F786DB34078A1B4F4
:10A5400041786EB342786FB3437870B3447871B397
:10A550004578E8B9467872B34778D0ED487873B358
:10A56000497874B34A7875B34B7876B34C78D1EDAB
:10A570004D7877B34E78CAED4F7878B35078CFEDF9
:10A58000517879B35278F8CE53787AB354787BB354
:10A590005578B6CB5678CCED5778CDED58787CB35E
:10A5A00059787DB35A787EB35B7880B35C7881B399
:10A5B0005D78F5CF5E7882B35F7883B3607884B3DB
:10A5C000617885B3627886B3637887B3647888B33B
:10A5D000657889B366788AB367788BB368788CB30B
:10A5E00069788DB36A78D2ED6B78F2C16C78B2D3AA
:10A5F0006D78CBED6E78B7C86F788EB370788FB307
:10A60000717890B3727891B3737892B3747893B38E
:10A61000757894B3767895B37778EFBC787896B3FD
:10A62000797897B37A7898B37B7899B37C78F0C5CA
:10A630007D789AB37E789BB37F789CB380789DB306
:10A6400081789EB382789FB38378A0B3847840B436
:10A65000857841B4867842B48778D6ED887843B45B
:10A660008978EFB58A7844B48B7845B48C78B5C2D4
:10A670008D78ADB08E78E9CB8F7846B4907847B4BA
:10A680009178AEB1927848B49378D4ED947849B487
:10A6900095784AB496784BB49778EBCD9878E2B534
:10A6A00099784CB49A78D5ED9B78D3ED9C78D7ED1A
:10A6B0009D784DB49E784EB49F78FAB5A0784FB48B
:10A6C000A178D8EDA27850B4A378D9EDA47851B48C
:10A6D000A578DCEDA67852B4A778CCB1A87853B4AD
:10A6E000A97854B4AA7855B4AB7856B4AC7857B4BA
:10A6F000AD7858B4AE7859B4AF785AB4B078F6C5DE
:10A70000B178EEBCB278DAEDB378BCCCB478EAB20A
:10A71000B5785BB4B6785CB4B7785DB4B8785EB43D
:10A72000B978DBEDBA785FB4BB7860B4BC7861B45B
:10A73000BD7862B4BE78EBC4BF7863B4C07864B44B
:10A74000C178C5B4C27865B4C37866B4C47867B458
:10A75000C578F5B0C67868B4C77869B4C8786AB403
:10A76000C978DFEDCA78DAC0CB78E8B4CC786BB4BE
:10A77000CD786CB4CE786DB4CF786EB4D078CDC5CA
:10A78000D1786FB4D27870B4D37871B4D478DDED69
:10A79000D578C4BFD67872B4D77873B4D87874B487
:10A7A000D978DEEDDA7875B4DB7876B4DC7877B416
:10A7B000DD7878B4DE7879B4DF787AB4E0787BB489
:10A7C000E1787CB4E2787DB4E3787EB4E47880B458
:10A7D000E57881B4E67882B4E77883B4E878A5C4F4
:10A7E000E97884B4EA7885B4EB7886B4EC78E0ED67
:10A7F000ED7887B4EE7888B4EF7889B4F0788AB4CD
:10A80000F1788BB4F278E1EDF3788CB4F478E3ED81
:10A81000F5788DB4F6788EB4F778D7C1F8788FB420
:10A82000F97890B4FA78C7BBFB7891B4FC7892B40D
:10A83000FD7893B4FE7894B4FF7895B4007996B41B
:10A840000179B8BD027997B4037998B4047999B4C1
:10A850000579E2ED06799AB407799BB408799CB43E
:10A8600009799DB40A799EB40B799FB40C79A0B490
:10A870000D7940B50E7941B50F7942B5107943B5E0
:10A88000117944B5127945B51379E4ED147946B5DB
:10A89000157947B5167948B5177949B518794AB584
:10A8A00019794BB51A794CB51B794DB51C794EB554
:10A8B0001D794FB51E79E6ED1F7950B5207951B558
:10A8C000217952B5227953B5237954B52479E5ED30
:10A8D000257955B5267956B5277957B5287958B5CC
:10A8E000297959B52A795AB52B795BB52C795CB59C
:10A8F0002D795DB52E795EB52F795FB5307960B56C
:10A90000317961B5327962B5337963B53479E7ED80
:10A91000357964B5367965B5377966B5387967B50F
:10A92000397968B53A79BECA3B79EAEC3C79F1C02D
:10A930003D7969B53E79E7C93F796AB54079EBEC75
:10A940004179EEC642796BB543796CB544796DB502
:10A9500045796EB54679ECEC47796FB54879EDC627
:10A960004979EDEC4A7970B54B7971B54C7972B58E
:10A970004D7973B54E7974B54F7975B5507976B513
:10A98000517977B5527978B55379F0EC547979B536
:10A9900055797AB55679E6D75779F3EC58797BB57E
:10A9A00059797CB55A79F1EC5B79EEEC5C79EFEC96
:10A9B0005D79A3D75E79F1C95F79EECB6079F4EC6C
:10A9C00061797DB56279F2EC63797EB5647980B5A1
:10A9D0006579E9CF667981B56779F6EC6879B1C6B2
:10A9E000697982B56A7983B56B7984B56C7985B5F7
:10A9F0006D79C0BC6E7986B56F79F5EC707987B5E5
:10AA0000717988B5727989B573798AB574798BB59E
:10AA100075798CB576798DB57779BBB57879F6BBD4
:10AA200079798EB57A79F7EC7B798FB57C7990B5A9
:10AA30007D7991B57E7992B57F7993B58079F7D993
:10AA40008179FBBD827994B5837995B58479BBC250
:10AA50008579F8EC867996B5877997B5887998B530
:10AA6000897999B58A79F9EC8B799AB58C799BB506
:10AA70008D799CB58E799DB58F79A3B890799EB567
:10AA800091799FB59279A0B5937940B6947941B602
:10AA9000957942B6967943B6977944B6987945B692
:10AAA000997946B69A79FAEC9B7947B69C7948B67B
:10AAB0009D7949B69E794AB69F794BB6A0794CB636
:10AAC000A1794DB6A2794EB6A3794FB6A47950B606
:10AAD000A57951B6A67952B6A779FBECA87953B6F9
:10AAE000A97954B6AA7955B6AB7956B6AC7957B6AA
:10AAF000AD7958B6AE7959B6AF795AB6B0795BB67A
:10AB0000B1795CB6B2795DB6B379FCECB4795EB676
:10AB1000B5795FB6B67960B6B77961B6B87962B61D
:10AB2000B979EDD3BA79AED8BB79EBC0BC7963B64D
:10AB3000BD79DDC7BE79CCBABF7964B6C079E3D040
:10AB4000C179BDCBC27965B6C379BACDC47966B6D1
:10AB5000C57967B6C679D1B8C77968B6C87969B614
:10AB6000C979FCB1CA796AB6CB79EFC7CC796BB633
:10AB7000CD79D6D6CE796CB6CF796DB6D0796EB6A2
:10AB8000D179C6BFD279EBC3D3796FB6D47970B619
:10AB9000D579F5EFD67971B6D77972B6D879D8C3A9
:10ABA000D97973B6DA7974B6DB7975B6DC7976B6AD
:10ABB000DD7977B6DE7978B6DF79E2D7E07979B6F4
:10ABC000E1797AB6E2797BB6E379F7EFE479D3B34A
:10ABD000E5797CB6E679D8C7E779EDD1E8797DB635
:10ABE000E979C8D6EA797EB6EB79F8EFEC7980B6E8
:10ABF000ED79F6EFEE7981B6EF79FDBBF079C6B36A
:10AC0000F17982B6F27983B6F37984B6F47985B6B0
:10AC1000F57986B6F67987B6F77988B6F879D5BD2D
:10AC2000F97989B6FA798AB6FB79C6D2FC798BB6FE
:10AC3000FD79E0BBFE798CB6FF798DB6007AA1CFA5
:10AC4000017A8EB6027AFCEF037AFBEF047A8FB6B4
:10AC5000057A90B6067AF9EF077A91B6087A92B635
:10AC6000097A93B60A7A94B60B7ACCB30C7A95B675
:10AC70000D7AD4C90E7AB0CB0F7A96B6107A97B601
:10AC8000117A98B6127A99B6137A9AB6147AFEEFB8
:10AC9000157A9BB6167A9CB6177ADEB0187A9DB6EE
:10ACA000197A9EB61A7AC9D61B7A9FB61C7AA0B6B4
:10ACB0001D7A40B71E7AFDEF1F7A41B7207AEDB3B7
:10ACC000217A42B7227A43B7237AD5F6247A44B759
:10ACD000257A45B7267A46B7277A47B7287A48B7FC
:10ACE000297A49B72A7A4AB72B7A4BB72C7A4CB7CC
:10ACF0002D7A4DB72E7A4EB72F7A4FB7307A50B79C
:10AD0000317A51B7327A52B7337AC8CE347A53B7E0
:10AD1000357A54B7367A55B7377AA2F0387A56B7BB
:10AD2000397AA1F03A7A57B73B7ABEB53C7ADABCA9
:10AD30003D7AFCBB3E7A58B73F7AE5B8407A59B7BE
:10AD4000417A5AB7427A5BB7437A5CB7447A5DB7C7
:10AD5000457A5EB7467AC2C4477A5FB7487A60B729
:10AD6000497A61B74A7A62B74B7A63B74C7A64B76B
:10AD70004D7A65B74E7A66B74F7A67B7507A68B73B
:10AD8000517AA3F0527A69B7537A6AB7547A6BB79B
:10AD9000557A6CB7567A6DB7577AEBCB587A6EB74F
:10ADA000597A6FB75A7A70B75B7A71B75C7A72B7B3
:10ADB0005D7A73B75E7A74B75F7A75B7607A76B783
:10ADC000617A77B7627A78B7637A79B7647A7AB753
:10ADD000657A7BB7667A7CB7677A7DB7687A7EB723
:10ADE000697A80B76A7A81B76B7A82B76C7A83B7EF
:10ADF0006D7A84B76E7A85B76F7A86B7707AA6F067
:10AE0000717A87B7727A88B7737A89B7747AA8D15A
:10AE1000757A8AB7767ABFBE777AEEC7787AB6F156
:10AE2000797AB7F17A7AD5BF7B7A8BB77C7A8CB78F
:10AE30007D7A8DB77E7A8EB77F7AA9B4807AB8F1A1
:10AE4000817ABBCD827A8FB7837AD4C7847AADD525
:10AE5000857A90B7867AB9F1877A91B7887ABAF10C
:10AE6000897A92B78A7A93B78B7A94B78C7A95B7A6
:10AE70008D7ACFC78E7A96B78F7A97B7907A98B730
:10AE8000917AA4D2927ACFD6937A99B7947A9AB7D4
:10AE9000957ABBF1967AD1BD977AB0B4987ABDBE57
:10AEA000997A9BB79A7A9CB79B7A9DB79C7ADCB4C7
:10AEB0009D7AD1CE9E7A9EB79F7ADFBFA07ABDF1F0
:10AEC000A17A9FB7A27AA0B7A37A40B8A47A41B872
:10AED000A57AFABFA67ABCF1A77A42B8A87ABFF1E0
:10AEE000A97A43B8AA7A44B8AB7A45B8AC7ABEF12D
:10AEF000AD7AC0F1AE7A46B8AF7A47B8B07A48B802
:10AF0000B17A49B8B27A4AB8B37AC1F1B47A4BB8D7
:10AF1000B57A4CB8B67A4DB8B77A4EB8B87A4FB859
:10AF2000B97A50B8BA7A51B8BB7A52B8BC7A53B829
:10AF3000BD7A54B8BE7A55B8BF7AFEC1C07A56B849
:10AF4000C17A57B8C27A58B8C37A59B8C47A5AB8CD
:10AF5000C57A5BB8C67A5CB8C77A5DB8C87A5EB89D
:10AF6000C97A5FB8CA7A60B8CB7AA2C1CC7A61B824
:10AF7000CD7A62B8CE7A63B8CF7A64B8D07A65B841
:10AF8000D17A66B8D27A67B8D37A68B8D47A69B811
:10AF9000D57A6AB8D67AFACAD77A6BB8D87A6CB842
:10AFA000D97ABED5DA7A6DB8DB7A6EB8DC7A6FB84A
:10AFB000DD7A70B8DE7ABABEDF7AB9BEE07AC2D581
:10AFC000E17A71B8E27A72B8E37AA2BFE47A73B830
:10AFD000E57AAFCDE67AB5F1E77A74B8E87A75B874
:10AFE000E97A76B8EA7A77B8EB7A78B8EC7A79B811
:10AFF000ED7ADFBDEE7A7AB8EF7ACBB6F07A7BB82D
:10B00000F17A7CB8F27A7DB8F37A7EB8F47A80B8B7
:10B01000F57A81B8F67A82B8F77A83B8F87A84B884
:10B02000F97AF1D6FA7AC3F3FB7A85B8FC7A86B856
:10B03000FD7AC4F3FE7A87B8FF7ACDB8007B88B872
:10B04000017B89B8027B8AB8037BC6F3047BC7F314
:10B05000057B8BB8067BCAB0077B8CB8087BC5F331
:10B06000097B8DB80A7BC9F30B7BF1CB0C7B8EB8C7
:10B070000D7B8FB80E7B90B80F7BCBF3107B91B814
:10B08000117BA6D0127B92B8137B93B8147BCAB104
:10B09000157BC8F3167B94B8177B95B8187B96B8C8
:10B0A000197BCFF31A7B97B81B7BD1B51C7B98B863
:10B0B0001D7B99B81E7BD7F31F7B9AB8207BD2F3F8
:10B0C000217B9BB8227B9CB8237B9DB8247BD4F347
:10B0D000257BD3F3267BFBB7277B9EB8287BBFB1AC
:10B0E000297B9FB82A7BCEF32B7BCAF32C7BDAB566
:10B0F0002D7BA0B82E7BD0F32F7B40B9307B41B99C
:10B10000317BD1F3327B42B9337BD5F3347B43B906
:10B11000357B44B9367B45B9377B46B9387BCDF3AF
:10B12000397B47B93A7BE3BC3B7B48B93C7BFDC1EB
:10B130003D7B49B93E7BD6F33F7B4AB9407B4BB957
:10B14000417B4CB9427B4DB9437B4EB9447B4FB9EF
:10B15000457BDAF3467B50B9477BCCF3487B51B94A
:10B16000497BC8B54A7B52B94B7BEEBD4C7BDCF3C7
:10B170004D7B53B94E7B54B94F7BA4B7507BF0BF86
:10B18000517BFED6527BB2CD537B55B9547BF0B484
:10B19000557B56B9567BDFB2577B57B9587BD8F3EE
:10B1A000597B58B95A7BD9F35B7BB8C95C7B59B9D9
:10B1B0005D7BDDF35E7B5AB95F7B5BB9607BDEF361
:10B1C000617B5CB9627BE1F3637B5DB9647B5EB9F3
:10B1D000657B5FB9667B60B9677B61B9687B62B983
:10B1E000697B63B96A7B64B96B7B65B96C7B66B953
:10B1F0006D7B67B96E7BDFF36F7B68B9707B69B974
:10B20000717BE3F3727BE2F3737B6AB9747B6BB996
:10B21000757BDBF3767B6CB9777BEABF787B6DB9A6
:10B22000797BEFB37A7B6EB97B7BE0F37C7B6FB984
:10B230007D7B70B97E7BA9C77F7B71B9807BF2BCB7
:10B24000817B72B9827B73B9837B74B9847B75B956
:10B25000857BEBF3867B76B9877B77B9887B78B97A
:10B26000897B79B98A7B7AB98B7B7BB98C7B7CB9FA
:10B270008D7BBFB98E7B7DB98F7B7EB9907BE4F3EC
:10B28000917B80B9927B81B9937B82B9947BADB27B
:10B29000957BFEBB967B83B9977BE3CB987B84B988
:10B2A000997B85B99A7B86B99B7B87B99C7BEDF3AB
:10B2B0009D7BE9F39E7B88B99F7B89B9A07B8AB986
:10B2C000A17BDCB9A27BEEF3A37B8BB9A47B8CB909
:10B2D000A57B8DB9A67BE5F3A77BE6F3A87BEAF314
:10B2E000A97BE1C2AA7BECF3AB7BEFF3AC7BE8F389
:10B2F000AD7BFDBCAE7B8EB9AF7B8FB9B07B90B917
:10B30000B17BE4CFB27B91B9B37B92B9B47BF0F35C
:10B31000B57B93B9B67B94B9B77B95B9B87BE7F3A6
:10B32000B97B96B9BA7B97B9BB7B98B9BC7B99B905
:10B33000BD7B9AB9BE7B9BB9BF7B9CB9C07B9DB9D5
:10B34000C17BF2F3C27B9EB9C37B9FB9C47BA0B91A
:10B35000C57B40BAC67BADD7C77BAAC6C87B41BAFE
:10B36000C97B42BACA7B43BACB7B44BACC7BF3F3EA
:10B37000CD7B45BACE7B46BACF7B47BAD07B48BAA5
:10B38000D17BF1F3D27B49BAD37BA8C2D47B4ABA32
:10B39000D57B4BBAD67B4CBAD77B4DBAD87B4EBA4D
:10B3A000D97BDDB8DA7BF5F3DB7B4FBADC7B50BAB7
:10B3B000DD7BF4F3DE7B51BADF7B52BAE07B53BA1C
:10B3C000E17BDBB4E27B54BAE37B55BAE47B56BA4B
:10B3D000E57BF6F3E67BF7F3E77B57BAE87B58BAF1
:10B3E000E97B59BAEA7BF8F3EB7B5ABAEC7B5BBAA0
:10B3F000ED7B5CBAEE7BBAC0EF7B5DBAF07B5EBAE8
:10B40000F17BE9C0F27B5FBAF37B60BAF47B61BA8F
:10B41000F57B62BAF67B63BAF77BF1C5F87B64BA59
:10B42000F97B65BAFA7B66BAFB7B67BAFC7BFBF3F8
:10B43000FD7B68BAFE7BFAF3FF7B69BA007C6ABACF
:10B44000017C6BBA027C6CBA037C6DBA047C6EBA68
:10B45000057C6FBA067C70BA077CD8B4087C71BAD8
:10B46000097C72BA0A7C73BA0B7CFEF30C7CF9F38C
:10B470000D7C74BA0E7C75BA0F7CFCF3107C76BA26
:10B48000117C77BA127C78BA137C79BA147C7ABAB8
:10B49000157C7BBA167CFDF3177C7CBA187C7DBAD0
:10B4A000197C7EBA1A7C80BA1B7C81BA1C7C82BA59
:10B4B0001D7C83BA1E7C84BA1F7CA1F4207C85BAD3
:10B4C000217C86BA227C87BA237C88BA247C89BAFC
:10B4D000257C8ABA267CA3F4277CC9BB287C8BBA3E
:10B4E000297C8CBA2A7CA2F42B7C8DBA2C7C8EBA57
:10B4F0002D7C8FBA2E7C90BA2F7C91BA307C92BA78
:10B50000317C93BA327C94BA337C95BA347C96BA47
:10B51000357C97BA367C98BA377C99BA387CA4F4D3
:10B52000397C9ABA3A7C9BBA3B7C9CBA3C7C9DBAEB
:10B530003D7C9EBA3E7C9FBA3F7CBEB2407CA6F466
:10B54000417CA5F4427CA0BA437C40BB447C41BB17
:10B55000457C42BB467C43BB477C44BB487C45BBE7
:10B56000497C46BB4A7C47BB4B7C48BB4C7C49BBB7
:10B570004D7CAEBC4E7C4ABB4F7C4BBB507C4CBB25
:10B58000517C4DBB527C4EBB537C4FBB547C50BB5B
:10B59000557C51BB567C52BB577C53BB587C54BB2B
:10B5A000597C55BB5A7C56BB5B7C57BB5C7C58BBFB
:10B5B0005D7C59BB5E7C5ABB5F7C5BBB607C5CBBCB
:10B5C000617C5DBB627C5EBB637C5FBB647C60BB9B
:10B5D000657C61BB667C62BB677C63BB687C64BB6B
:10B5E000697C65BB6A7C66BB6B7C67BB6C7C68BB3B
:10B5F0006D7C69BB6E7C6ABB6F7C6BBB707C6CBB0B
:10B60000717C6DBB727C6EBB737CD7C3747CE1D9DB
:10B61000757C6FBB767C70BB777C71BB787C72BBB2
:10B62000797C73BB7A7C74BB7B7CE0C07C7CCCF483
:10B630007D7CD1D77E7C75BB7F7C76BB807C77BBE5
:10B64000817C78BB827C79BB837C7ABB847C7BBB2E
:10B65000857C7CBB867C7DBB877C7EBB887C80BBFD
:10B66000897CDBB78A7C81BB8B7C82BB8C7C83BB77
:10B670008D7C84BB8E7C85BB8F7C86BB907C87BB9E
:10B68000917CCEF4927CA3C1937C88BB947C89BBD3
:10B69000957CC9C6967C8ABB977CD6B4987CB3D57A
:10B6A000997C8BBB9A7C8CBB9B7C8DBB9C7CD0F4A7
:10B6B0009D7CCFF49E7CD1F49F7CDACBA07C8EBBAA
:10B6C000A17C8FBBA27CD2F4A37C90BBA47CC1D410
:10B6D000A57CE0D6A67C91BBA77C92BBA87C93BB43
:10B6E000A97C94BBAA7CE0B7AB7C95BBAC7C96BB39
:10B6F000AD7C97BBAE7CB8C1AF7C98BBB07C99BB2E
:10B70000B17CBBC1B27CD3F4B37CACBEB47C9ABB7D
:10B71000B57C9BBBB67C9CBBB77C9DBBB87C9EBB01
:10B72000B97CE2B4BA7C9FBBBB7CA0BBBC7CD4F42C
:10B73000BD7CD5F4BE7CABBEBF7C40BCC07C41BCF4
:10B74000C17CD6F4C27C42BCC37C43BCC47C44BC38
:10B75000C57CDBF4C67C45BCC77CD7F4C87CDAF476
:10B76000C97C46BCCA7CFDBACB7C47BCCC7CD8F437
:10B77000CD7CD9F4CE7C48BCCF7C49BCD07C4ABCC3
:10B78000D17C4BBCD27C4CBCD37C4DBCD47C4EBC5D
:10B79000D57CE2B8D67CC7CCD77CDCF4D87C4FBC57
:10B7A000D97CDAB2DA7C50BCDB7C51BCDC7CD3C304
:10B7B000DD7C52BCDE7C53BCDF7CE3D4E07CB7BFD5
:10B7C000E17C54BCE27C55BCE37C56BCE47C57BCB9
:10B7D000E57C58BCE67C59BCE77C5ABCE87CDDF4CF
:10B7E000E97C5BBCEA7C5CBCEB7C5DBCEC7C5EBC5D
:10B7F000ED7C5FBCEE7C60BCEF7CB4C5F07C61BCD2
:10B80000F17C62BCF27C63BCF37C64BCF47C65BC00
:10B81000F57C66BCF67C67BCF77C68BCF87CE9F418
:10B82000F97C69BCFA7C6ABCFB7CB5CFFC7C6BBC48
:10B83000FD7C6CBCFE7C6DBCFF7C6EBC007D6FBC77
:10B84000017D70BC027D71BC037D72BC047D73BC44
:10B85000057D74BC067D75BC077D76BC087D77BC14
:10B86000097D78BC0A7DC9CE0B7D79BC0C7D7ABC84
:10B870000D7D7BBC0E7D7CBC0F7D7DBC107D7EBCB8
:10B88000117D80BC127D81BC137D82BC147D83BC84
:10B89000157D84BC167D85BC177D86BC187D87BC54
:10B8A000197D88BC1A7D89BC1B7D8ABC1C7D8BBC24
:10B8B0001D7D8CBC1E7D8DBC1F7D8EBC207DD8CB9C
:10B8C000217D8FBC227DF7CB237D90BC247D91BC54
:10B8D000257D92BC267D93BC277DF4BD287D94BC3C
:10B8E000297D95BC2A7D96BC2B7DCFD72C7D97BC1E
:10B8F0002D7D98BC2E7D99BC2F7DDBC0307D9ABC00
:10B90000317D9BBC327D9CBC337D9DBC347D9EBC17
:10B91000357D9FBC367DA0BC377D40BD387D41BDA7
:10B92000397D42BD3A7D43BD3B7D44BD3C7D45BD37
:10B930003D7D46BD3E7D47BD3F7D48BD407D49BD07
:10B94000417D4ABD427D4BBD437D4CBD447D4DBDD7
:10B95000457D4EBD467D4FBD477D50BD487D51BDA7
:10B96000497D52BD4A7D53BD4B7D54BD4C7D55BD77
:10B970004D7D56BD4E7D57BD4F7D58BD507D59BD47
:10B98000517D5ABD527D5BBD537D5CBD547D5DBD17
:10B99000557D5EBD567D5FBD577D60BD587D61BDE7
:10B9A000597D62BD5A7D63BD5B7D64BD5C7D65BDB7
:10B9B0005D7D66BD5E7D67BD5F7D68BD607D69BD87
:10B9C000617D6ABD627D6BBD637D6CBD647D6DBD57
:10B9D000657D6EBD667D6FBD677D70BD687D71BD27
:10B9E000697D72BD6A7D73BD6B7D74BD6C7D75BDF7
:10B9F0006D7D76BD6E7DF5D06F7D77BD707D78BD38
:10BA0000717D79BD727D7ABD737D7BBD747D7CBD9A
:10BA1000757D7DBD767D7EBD777DEAF4787D80BDC8
:10BA2000797D81BD7A7D82BD7B7D83BD7C7D84BD3A
:10BA30007D7D85BD7E7D86BD7F7D87BD807D88BD0A
:10BA4000817D89BD827D8ABD837D8BBD847D8CBDDA
:10BA5000857D8DBD867D8EBD877D8FBD887D90BDAA
:10BA6000897D91BD8A7D92BD8B7D93BD8C7D94BD7A
:10BA70008D7D95BD8E7D96BD8F7D97BD907D98BD4A
:10BA8000917D99BD927D9ABD937D9BBD947D9CBD1A
:10BA9000957D9DBD967D9EBD977D9FBD987DA0BDEA
:10BAA000997D40BE9A7D41BE9B7D42BE9C7D43BE3A
:10BAB0009D7D44BE9E7D45BE9F7D46BEA07D47BE0A
:10BAC000A17D48BEA27D49BEA37D4ABEA47D4BBEDA
:10BAD000A57D4CBEA67DEBF4A77D4DBEA87D4EBED8
:10BAE000A97D4FBEAA7D50BEAB7D51BEAC7D52BE7E
:10BAF000AD7D53BEAE7DECF4AF7D54BEB07D55BE82
:10BB0000B17D56BEB27D57BEB37D58BEB47D59BE21
:10BB1000B57D5ABEB67D5BBEB77D5CBEB87D5DBEF1
:10BB2000B97D5EBEBA7D5FBEBB7D60BEBC7D61BEC1
:10BB3000BD7D62BEBE7D63BEBF7D64BEC07D65BE91
:10BB4000C17D66BEC27D67BEC37D68BEC47D69BE61
:10BB5000C57D6ABEC67D6BBEC77D6CBEC87D6DBE31
:10BB6000C97D6EBECA7D6FBECB7D70BECC7D71BE01
:10BB7000CD7D72BECE7D73BECF7D74BED07D75BED1
:10BB8000D17D76BED27D77BED37D78BED47D79BEA1
:10BB9000D57D7ABED67D7BBED77D7CBED87D7DBE71
:10BBA000D97D7EBEDA7D80BEDB7D81BEDC7D82BE3E
:10BBB000DD7D83BEDE7D84BEDF7D85BEE07D86BE0D
:10BBC000E17D87BEE27D88BEE37D89BEE47D8ABEDD
:10BBD000E57D8BBEE67D8CBEE77D8DBEE87D8EBEAD
:10BBE000E97D8FBEEA7D90BEEB7D91BEEC7D92BE7D
:10BBF000ED7D93BEEE7D94BEEF7D95BEF07D96BE4D
:10BC0000F17D97BEF27D98BEF37D99BEF47D9ABE1C
:10BC1000F57D9BBEF67D9CBEF77D9DBEF87D9EBEEC
:10BC2000F97D9FBEFA7DA0BEFB7D40BFFC7D41BF7C
:10BC3000FD7D42BFFE7D43BFFF7D44BF007E45BF0B
:10BC4000017E46BF027E47BF037E48BF047E49BFD8
:10BC5000057E4ABF067E4BBF077E4CBF087E4DBFA8
:10BC6000097E4EBF0A7E4FBF0B7E50BF0C7E51BF78
:10BC70000D7E52BF0E7E53BF0F7E54BF107E55BF48
:10BC8000117E56BF127E57BF137E58BF147E59BF18
:10BC9000157E5ABF167E5BBF177E5CBF187E5DBFE8
:10BCA000197E5EBF1A7E5FBF1B7E60BF1C7E61BFB8
:10BCB0001D7E62BF1E7E63BF1F7E64BF207E65BF88
:10BCC000217E66BF227E67BF237E68BF247E69BF58
:10BCD000257E6ABF267E6BBF277E6CBF287E6DBF28
:10BCE000297E6EBF2A7E6FBF2B7E70BF2C7E71BFF8
:10BCF0002D7E72BF2E7E73BF2F7E74BF307E75BFC8
:10BD0000317E76BF327E77BF337E78BF347E79BF97
:10BD1000357E7ABF367E7BBF377E7CBF387E7DBF67
:10BD2000397E7EBF3A7E80BF3B7EE3F73C7E81BF9B
:10BD30003D7E82BF3E7E83BF3F7E84BF407E85BF07
:10BD4000417EB1B7427E86BF437E87BF447E88BFB7
:10BD5000457E89BF467E8ABF477EEDF4487E8BBF15
:10BD6000497E8CBF4A7E8DBF4B7E8EBF4C7E8FBF7F
:10BD70004D7E90BF4E7E91BF4F7E92BF507E93BF4F
:10BD8000517E94BF527E95BF537E96BF547E97BF1F
:10BD9000557E98BF567E99BF577E9ABF587E9BBFEF
:10BDA000597E9CBF5A7E9DBF5B7E9EBF5C7E9FBFBF
:10BDB0005D7EA0BF5E7E40C05F7E41C0607E42C0AF
:10BDC000617E43C0627E44C0637E45C0647E46C0DF
:10BDD000657E47C0667E48C0677E49C0687E4AC0AF
:10BDE000697E4BC06A7E4CC06B7E4DC06C7E4EC07F
:10BDF0006D7E4FC06E7E50C06F7E51C0707E52C04F
:10BE0000717E53C0727E54C0737E55C0747E56C01E
:10BE1000757E57C0767E58C0777E59C0787E5AC0EE
:10BE2000797E5BC07A7E5CC07B7E5DC07C7E5EC0BE
:10BE30007D7E5FC07E7E60C07F7E61C0807E62C08E
:10BE4000817E63C0827EEBD7837E64C0847E65C0C2
:10BE5000857E66C0867E67C0877E68C0887E69C032
:10BE6000897E6AC08A7E6BC08B7E6CC08C7E6DC002
:10BE70008D7E6EC08E7E6FC08F7E70C0907E71C0D2
:10BE8000917E72C0927E73C0937E74C0947E75C0A2
:10BE9000957E76C0967E77C0977E78C0987E79C072
:10BEA000997E7AC09A7E7BC09B7EEEF49C7E7CC09D
:10BEB0009D7E7DC09E7E7EC09F7EF9E6A07EC0BE38
:10BEC000A17EFAE6A27EECBAA37EFBE6A47ECBCFEF
:10BED000A57EFCE6A67EBCD4A77EB6BCA87EFDE609
:10BEE000A97EFEE6AA7ECDBCAB7ED2C8AC7EB3CE28
:10BEF000AD7EA1E7AE7E80C0AF7EBFB4B07EA2E7CC
:10BF0000B17EB4C9B27ED9B8B37EC9C4B47E81C093
:10BF1000B57EDDD7B67EDAC2B77ED7B7B87EBDD6DE
:10BF2000B97EC6CEBA7EC4B7BB7E82C0BC7E83C09B
:10BF3000BD7EA6C5BE7EA3E7BF7EDFCFC07EA4E7E1
:10BF4000C17EA5E7C27EA6E7C37EB7C1C47EE9D79E
:10BF5000C57EF0C9C67EB8CFC77EAFD6C87ED5D65F
:10BF6000C97EA7E7CA7EEDB0CB7EA8E7CC7EA9E765
:10BF7000CD7EDCC9CE7EEFD2CF7EADBED07EAAE72D
:10BF8000D17EF3B0D27EDEC8D37EE1BDD47EABE7F6
:10BF9000D57EC6C8D67E84C0D77EACE7D87EE6BB49
:10BFA000D97EF8B8DA7EA4D1DB7EADE7DC7EE7C2CD
:10BFB000DD7EF8BEDE7ECABDDF7EB3CDE07EAEE7BD
:10BFC000E17EAFE7E27EEEBEE37EE5D0E47E85C0B3
:10BFD000E57EE7CBE67ED0CCE77ECCBCE87EB0E762
:10BFE000E97EA8BCEA7EF7D0EB7EB1E7EC7E86C0A6
:10BFF000ED7EF8D0EE7EB2E7EF7EB3E7F07EC2B41E
:10C00000F17EB4E7F27EB5E7F37EFEC9F47EACCEF6
:10C01000F57EE0C3F67EB7E7F77EC1B1F87EF1B3F7
:10C02000F97E87C0FA7EB8E7FB7EB9E7FC7EDBD7F6
:10C03000FD7EC0D5FE7EBAE7FF7ECCC2007FBAD7B8
:10C04000017FBBE7027FBCE7037FBDE7047FEABC5B
:10C05000057FE5C3067FC2C0077FBEE7087FBFE755
:10C06000097FA9BC0A7F88C00B7FC0E70C7FC1E7AE
:10C070000D7FB6E70E7FD0B60F7FC2E7107F89C075
:10C08000117FC3E7127FC4E7137FBABB147FDEB50D
:10C09000157FC6C2167FE0B1177FC5E7187FB5D4FC
:10C0A000197FC6E71A7FBFB81B7FC8E71C7FC7E7A9
:10C0B0001D7FECB71E7F8AC01F7FC9E7207FF8B2C3
:10C0C000217FCAE7227FCBE7237FCCE7247FCDE720
:10C0D000257FCEE7267FCFE7277FD0E7287FA7D32E
:10C0E000297FF5CB2A7FD1E72B7FD2E72C7FD3E7BF
:10C0F0002D7FD4E72E7FC9C92F7FD5E7307FD6E7C4
:10C10000317FD7E7327FD8E7337FD9E7347FC9BDA6
:10C11000357FDAE7367FBEF3377F8BC0387FD7B8FD
:10C12000397F8CC03A7FB1C83B7F8DC03C7F8EC0C9
:10C130003D7F8FC03E7F90C03F7F91C0407F92C0C7
:10C14000417F93C0427FBFF3437F94C0447FC0F3DD
:10C15000457FC1F3467F95C0477F96C0487F97C013
:10C16000497F98C04A7F99C04B7F9AC04C7F9BC043
:10C170004D7F9CC04E7F9DC04F7F9EC0507FDEB9DB
:10C18000517FF8CD527F9FC0537FA0C0547FE8D825
:10C19000557FB1BA567F40C1577FDEC2587FB7EE98
:10C1A000597F41C15A7FA3B75B7F42C15C7F43C1C6
:10C1B0005D7F44C15E7F45C15F7FB9EE607F46C150
:10C1C000617FB8EE627FD5B0637F47C1647F48C1AD
:10C1D000657F49C1667F4AC1677F4BC1687FBBEEFF
:10C1E000697FD6D56A7FEFD76B7F4CC16C7F4DC11D
:10C1F0006D7F4EC16E7FC3D66F7F4FC1707F50C1C0
:10C20000717FBDEE727FF0CA737F51C1747FBCEE47
:10C21000757F52C1767F53C1777F54C1787F55C1F6
:10C22000797FBEEE7A7F56C17B7F57C17C7F58C134
:10C230007D7F59C17E7FC0EE7F7F5AC1807F5BC109
:10C24000817FBFEE827F5CC1837F5DC1847F5EC1E1
:10C25000857F5FC1867F60C1877F61C1887F62C142
:10C26000897F63C18A7FF2D18B7F64C18C7FBCC719
:10C270008D7F65C18E7FC0C38F7F66C1907F67C190
:10C28000917F68C1927F69C1937F6AC1947FE1B851
:10C29000957F6BC1967F6CC1977F6DC1987F6EC192
:10C2A000997F6FC19A7FE7C19B7F70C19C7F71C1ED
:10C2B0009D7FC6F49E7FDFD09F7FC7F4A07F72C1B1
:10C2C000A17FDBCFA27F73C1A37F74C1A47FBAC853
:10C2D000A57F75C1A67F76C1A77FC8F4A87F77C167
:10C2E000A97F78C1AA7F79C1AB7F7AC1AC7F7BC1BE
:10C2F000AD7F7CC1AE7F7DC1AF7FC9F4B07FCAF492
:10C30000B17F7EC1B27FCBF4B37F80C1B47F81C1E6
:10C31000B57F82C1B67F83C1B77F84C1B87FFAD9A8
:10C32000B97FFEB8BA7F85C1BB7F86C1BC7FF1E50E
:10C33000BD7FF0D3BE7F87C1BF7FE0F4C07F88C1DF
:10C34000C17FCCCEC27F89C1C37F8AC1C47F8BC16C
:10C35000C57FE1B3C67F8CC1C77F8DC1C87F8EC149
:10C36000C97F8FC1CA7FB4F1CB7F90C1CC7FEED2A1
:10C37000CD7F91C1CE7FE1F4CF7F92C1D07F93C1B9
:10C38000D17F94C1D27F95C1D37F96C1D47FE8CFAE
:10C39000D57FE2F4D67F97C1D77F98C1D87FCCC72D
:10C3A000D97F99C1DA7F9AC1DB7F9BC1DC7F9CC1B9
:10C3B000DD7F9DC1DE7F9EC1DF7FD4B5E07FE4B429
:10C3C000E17FE4F4E27F9FC1E37FA0C1E47F40C24C
:10C3D000E57FE3F4E67FE5F4E77F41C2E87F42C210
:10C3E000E97FE6F4EA7F43C2EB7F44C2EC7F45C2BB
:10C3F000ED7F46C2EE7FE7F4EF7F47C2F07FB2BA2F
:10C40000F17FBFB0F27F48C2F37FE8F4F47F49C206
:10C41000F57F4AC2F67F4BC2F77F4CC2F87F4DC210
:10C42000F97F4EC2FA7F4FC2FB7FADB7FC7FEDD2E2
:10C43000FD7F50C2FE7F51C2FF7F52C20080ABD24F
:10C440000180CFC0028053C20380BCBF0480A3EB35
:10C450000580DFD50680C8EA078054C2088055C22F
:10C46000098056C20A8057C20B80F3F10C80F8B6DF
:10C470000D80A3CB0E8058C20F8059C21080CDC44E
:10C4800011805AC21280E7F113805BC21480E8F178
:10C490001580FBB81680E9F11780C4BA1880C5D49E
:10C4A0001980D2B01A805CC21B805DC21C80EAF188
:10C4B0001D805EC21E805FC21F8060C22080EBF1C3
:10C4C000218061C22280ECF1238062C2248063C299
:10C4D0002580EDF12680EEF12780EFF12880F1F143
:10C4E0002980F0F12A80D5C52B8064C22C8065C2DA
:10C4F0002D8066C22E8067C22F8068C2308069C2DC
:10C500003180F2F132806AC23380FAB634806BC275
:10C510003580F4F13680AED23780C7DE3880CACBA2
:10C5200039806CC23A806DC23B80DCB33C806EC205
:10C530003D80A2B53E806FC23F80A2B9408070C2EC
:10C54000418071C24280F4C44380F5F1448072C2DC
:10C55000458073C24680F6F1478074C2488075C238
:10C56000498076C24A80C4C14B80FBC14C80B0D6A2
:10C570004D80F7F14E8077C24F8078C2508079C2EB
:10C5800051807AC25280F8F153807BC25480AAC194
:10C5900055807CC256807DC257807EC25880B8C606
:10C5A000598080C25A80DBBE5B8081C25C8082C2BF
:10C5B0005D8083C25E8084C25F8085C2608086C2E7
:10C5C000618087C2628088C2638089C264808AC2B7
:10C5D00065808BC266808CC267808DC268808EC287
:10C5E0006980F9F16A80CFB46B808FC26C8090C291
:10C5F0006D8091C26E8092C26F8093C2708094C22F
:10C600007180FAF1728095C2738096C2748097C26D
:10C61000758098C2768099C277809AC278809BC2D2
:10C6200079809CC27A809DC27B809EC27C809FC2A2
:10C630007D80A0C27E8040C37F80B2ED8080B1ED5E
:10C64000818041C3828042C38380E0CB8480DED27C
:10C65000858043C38680C1CB8780D8D5888044C37A
:10C660008980E2C88A8045C38B80DFC08C80A1BCF2
:10C670008D8046C38E8047C38F8048C3908049C356
:10C6800091804AC392804BC39380C1EB94804CC38A
:10C6900095804DC39680A4D097804EC39880E2D6F3
:10C6A00099804FC39A80C7B69B80D8B89C80C0EB56
:10C6B0009D80CEB89E8050C39F80BFEBA080A6B364
:10C6C000A180C9B9A280ABD6A38051C3A480F4B71E
:10C6D000A580CAB7A68052C3A78053C3A88054C3FD
:10C6E000A980E7BCAA80BEB7AB80C6EBAC8055C3BF
:10C6F000AD80C7EBAE80B9B0AF80CFBFB08056C3BE
:10C70000B180C5EBB280FDD3B38057C3B480C8EB12
:10C71000B58058C3B68059C3B780C9EBB8805AC337
:10C72000B9805BC3BA80CEB7BB805CC3BC80C2EBB0
:10C73000BD80C4EBBE80F6C9BF80D7D6C080CDD542
:10C74000C180B2D0C280CFEBC380B8CEC480D0EB62
:10C75000C5805DC3C680A8B5C7805EC3C8805FC3FF
:10C76000C98060C3CA8061C3CB8062C3CC80B3B1CF
:10C77000CD80D2EBCE80A5CCCF8063C3D08064C304
:10C78000D18065C3D28066C3D38067C3D48068C3B9
:10C79000D58069C3D680D6C5D780D3EBD8806AC38D
:10C7A000D980D1EBDA80DFC5DB80CEEBDC80A4CA98
:10C7B000DD80D5EBDE80FBB0DF806BC3E0806CC337
:10C7C000E180FABAE2806DC3E3806EC3E480B7D83B
:10C7D000E580E3F1E6806FC3E780CAEBE880CBEB4E
:10C7E000E980CCEBEA80CDEBEB80D6EBEC80C0E6C9
:10C7F000ED80D9EBEE8070C3EF80E8BFF080C8D247
:10C80000F180D7EBF280DCEBF380ECB8F480D8EB6E
:10C81000F58071C3F680BABDF78072C3F880D8D0B6
:10C82000F98073C3FA80B7B0FB8074C3FC80DDEB82
:10C83000FD80DCC4FE8075C3FF8076C3008177C3B2
:10C84000018178C30281ACD6038179C304817AC3A4
:10C8500005817BC30681E0B407817CC308817DC369
:10C860000981F6C20A81B9BC0B817EC30C8180C3E9
:10C870000D81DAEB0E81DBEB0F81E0D41081EAC68B
:10C880001181D4C41281DFEB1381A7C51481F5D9BE
:10C89000158181C31681B1B2178182C31881E4EB7F
:10C8A000198183C31A81C5BD1B8184C31C8185C3C3
:10C8B0001D8186C31E81E2EB1F8187C3208188C34F
:10C8C000218189C322818AC323818BC324818CC3A4
:10C8D00025818DC326818EC327818FC3288190C374
:10C8E000298191C32A8192C32B8193C32C81E3EBCD
:10C8F0002D8194C32E8195C32F81ACB8308196C30E
:10C900003181D1CD3281E5EB338197C3348198C336
:10C91000358199C33681E1EB37819AC33881B3C140
:10C9200039819BC33A819CC33B819DC33C819EC39B
:10C930003D819FC33E81A2C63F81A0C3408140C4C8
:10C94000418141C4428142C4438143C4448144C4BF
:10C95000458145C44681F3CC478146C44881E6EB16
:10C96000498147C44A81B0C04B81B8D24C81E7EBC2
:10C970004D8148C44E8149C44F814AC45081AFB8EB
:10C980005181ADB852814BC45381E8EB5481BBC790
:10C990005581F3CD56814CC457814DC458814EC446
:10C9A0005981EAEB5A81EBEB5B814FC45C8150C447
:10C9B0005D8151C45E8152C45F8153C46081EDEBDF
:10C9C000618154C4628155C4638156C4648157C473
:10C9D0006581C8D0668158C46781F2EB688159C40B
:10C9E0006981EEEB6A815AC46B815BC46C815CC463
:10C9F0006D81F1EB6E81F9C86F815DC47081FCD1EE
:10CA00007181ECEB72815EC473815FC47481E9EB68
:10CA1000758160C4768161C4778162C4788163C4A2
:10CA20007981B9B87A81D9CF7B81E5C47C81EFEB7C
:10CA30007D81F0EB7E81DACC7F81C8CD8081F2B040
:10CA4000818164C48281F6EB838165C4848166C47C
:10CA5000858167C4868168C4878169C48881F5EB54
:10CA600089816AC48A81B2B28B816BC48C816CC4A7
:10CA70008D816DC48E816EC48F81E0B890816FC44A
:10CA80009181F7EB928170C4938171C4948172C4D7
:10CA9000958173C4968174C4978175C49881ECB1F3
:10CAA000998176C49A8177C49B81C5CC9C81A4C4AA
:10CAB0009D81A5CF9E8178C49F8179C4A0817AC4CD
:10CAC000A1817BC4A2817CC4A381F9EBA4817DC434
:10CAD000A5817EC4A681A2ECA78180C4A881F2C5ED
:10CAE000A98181C4AA81FAEBAB8182C4AC8183C4E1
:10CAF000AD8184C4AE8185C4AF8186C4B08187C452
:10CB0000B18188C4B28189C4B381C5C9B4818AC4E2
:10CB1000B5818BC4B6818CC4B7818DC4B8818EC4F5
:10CB2000B9818FC4BA81DFE2BB81FEEBBC8190C4C6
:10CB3000BD8191C4BE8192C4BF8193C4C081CECD5A
:10CB4000C181A1ECC281DBB1C381B7D3C48194C4DC
:10CB5000C58195C4C681DCD2C78196C4C88197C4FB
:10CB6000C98198C4CA81FDEBCB8199C4CC81FBEB10
:10CB7000CD819AC4CE819BC4CF819CC4D0819DC4F9
:10CB8000D1819EC4D2819FC4D381A0C4D48140C529
:10CB9000D58141C5D68142C5D78143C5D88144C519
:10CBA000D98145C5DA8146C5DB8147C5DC8148C5E9
:10CBB000DD8149C5DE814AC5DF814BC5E0814CC5B9
:10CBC000E1814DC5E2814EC5E381BCB3E4814FC52F
:10CBD000E58150C5E68151C5E781B0EAE88152C5DB
:10CBE000E98153C5EA81D4D7EB8154C5EC81ABF41C
:10CBF000ED81F4B3EE8155C5EF8156C5F08157C57F
:10CC0000F18158C5F28159C5F381C1D6F481C2D6EC
:10CC1000F5815AC5F6815BC5F7815CC5F8815DC5B4
:10CC2000F9815EC5FA815FC5FB81E9D5FC81CABE89
:10CC3000FD8160C5FE81A7F4FF8161C50082A8D295
:10CC40000182A8F40282A9F4038262C50482AAF4D4
:10CC50000582CBBE0682DFD3078263C5088264C526
:10CC6000098265C50A8266C50B8267C50C82E0C968
:10CC70000D82E1C90E8268C50F8269C51082C2F3B8
:10CC800011826AC51282E6CA13826BC51482F2CC85
:10CC900015826CC516826DC517826EC518826FC568
:10CCA000198270C51A8271C51B82B6E21C82B4CB90
:10CCB0001D8272C51E82E8CE1F82DBD6208273C51C
:10CCC0002182ADF42282AEF42382AFF4248274C5B3
:10CCD000258275C5268276C5278277C52882B2F45B
:10CCE000298278C52A82BDBA2B82B3F42C82E3B0A4
:10CCF0002D82B0F42E8279C52F82B1F43082A2BD8C
:10CD00003182D5B232827AC53382B6F43482B7F436
:10CD10003582E6B63682B0B23782CFCF3882B4F4ED
:10CD20003982ACB43A827BC53B82B5F43C827CC587
:10CD30003D827DC53E82B8F43F827EC5408280C57B
:10CD4000418281C5428282C5438283C54482B9F44F
:10CD5000458284C5468285C54782A7CD488286C55F
:10CD60004982BAF44A8287C54B82BBF44C8288C59B
:10CD70004D8289C54E828AC54F82BCF450828BC5D4
:10CD800051828CC552828DC553828EC554828FC507
:10CD9000558290C5568291C5578292C55882D2CB92
:10CDA000598293C55A82BDF45B8294C55C8295C555
:10CDB0005D8296C55E8297C55F82BEF4608298C52B
:10CDC000618299C562829AC563829BC564829CC553
:10CDD00065829DC566829EC567829FC56882BFF4D5
:10CDE0006982A0C56A8240C66B8241C66C8242C617
:10CDF0006D8243C66E82DEF46F82BCC17082E8BC75
:10CE0000718244C67282ABC97382DED17482F5E549
:10CE1000758245C6768246C6778247C6788248C6FE
:10CE20007982B3DC7A82D5D27B8249C67C824AC6BB
:10CE30007D82B4DC7E82ACB07F82B5DC80824BC662
:10CE400081824CC68282DABD83824DC68482B9DC7F
:10CE500085824EC686824FC6878250C68882C2D8D7
:10CE6000898251C68A82B7DC8B82F3D38C8252C608
:10CE70008D82D6C98E82BADC8F82B6DC908253C690
:10CE80009182BBDC9282A2C3938254C6948255C61F
:10CE9000958256C6968257C69782BCDC9882C5DCBE
:10CEA0009982BDDC9A8258C69B8259C69C82DFCE8D
:10CEB0009D82A5D69E825AC69F82CFDCA0825BC689
:10CEC000A182CDDCA2825CC6A3825DC6A482D2DC34
:10CED000A582E6BDA682ABC2A7825EC6A882B8DCE8
:10CEE000A982CBDCAA82CEDCAB82BEDCAC82D2B71C
:10CEF000AD82C5B0AE82C7DCAF82BED0B082C1DC2D
:10CF0000B182A8BBB2825FC6B382BCB7B482CCDCAC
:10CF1000B58260C6B68261C6B782C6DCB882BFDCA5
:10CF2000B982DBC7BA8262C6BB8263C6BC8264C6F2
:10CF3000BD82BFD1BE82C0DCBF8265C6C08266C66C
:10CF4000C182CADCC28267C6C38268C6C482D0DC22
:10CF5000C58269C6C6826AC6C782ADCEC882C2DC37
:10CF6000C9826BC6CA82C3DCCB82C8DCCC82C9DC76
:10CF7000CD82D4B2CE82D1DCCF82D5CBD0826CC66A
:10CF8000D182B7D4D282DBDCD382DFDCD482A6CCE0
:10CF9000D582E6DCD6826DC6D782E7C3D882DCDCD8
:10CFA000D9826EC6DA826FC6DB82C1BFDC82D9DC71
:10CFB000DD8270C6DE82FAB0DF82B6B9E082E5DCDF
:10CFC000E182D3DCE28271C6E382C4DCE482D6DC97
:10CFD000E582F4C8E682E0BFE78272C6E88273C6E3
:10CFE000E98274C6EA8275C6EB82BBC9EC8276C65A
:10CFF000ED8277C6EE8278C6EF82BDB1F08279C647
:10D00000F182A2D3F2827AC6F3827BC6F482DADCA2
:10D01000F5827CC6F6827DC6F782D5DCF8827EC6B4
:10D02000F982BBC6FA8280C6FB82DEDCFC8281C646
:10D03000FD8282C6FE8283C6FF8284C6008385C6C7
:10D040000183C2D70283AFC30383B6B70483D1C7BA
:10D050000583A9C30683E2DC0783D8DC0883EBDC05
:10D060000983D4DC0A8386C60B8387C60C83DDDC88
:10D070000D8388C60E83A5BE0F83D7DC108389C6B7
:10D080001183E0DC12838AC613838BC61483E3DC2E
:10D090001583E4DC16838CC61783F8DC18838DC6F1
:10D0A00019838EC61A83E1DC1B83A2DD1C83E7DCB7
:10D0B0001D838FC61E8390C61F8391C6208392C690
:10D0C000218393C6228394C6238395C6248396C660
:10D0D000258397C6268398C62783EBBC2883C4B4D0
:10D0E000298399C62A839AC62B83A3C32C83E7B2CC
:10D0F0002D83FADC2E839BC62F83F2DC30839CC603
:10D100003183EFDC32839DC63383FCDC3483EEDC79
:10D110003583F0D23683E8B237839EC63883D7C8CA
:10D120003983E3C83A83FBDC3B839FC63C83EDDC59
:10D130003D83A0C63E8340C73F8341C74083F7DCA1
:10D14000418342C7428343C74383F5DC448344C7DA
:10D15000458345C74683A3BE4783F4DC488346C75F
:10D160004983DDB24A8347C74B8348C74C8349C7CD
:10D170004D834AC74E834BC74F83F3DC5083F6BCC5
:10D180005183E8DC5283C4BB53834CC75483F3C040
:10D1900055834DC756834EC757834FC7588350C7D3
:10D1A000598351C75A83D4BC5B83E9DC5C83EADCD6
:10D1B0005D8352C75E83F1DC5F83F6DC6083F9DC5C
:10D1C0006183B4B5628353C76383D9C86483E7BB03
:10D1D0006583FEDC6683FDDC6783ABD36883A1DDFA
:10D1E0006983A3DD6A83A5DD6B83F1D26C83A4DD43
:10D1F0006D83A6DD6E83A7DD6F83A9D2708354C7CC
:10D20000718355C7728356C7738357C7748358C7D2
:10D21000758359C776835AC77783C9BA7883A9DDDE
:10D2200079835BC77A835CC77B83B6DD7C83B1DDA2
:10D230007D83B4DD7E835DC77F835EC780835FC7E8
:10D24000818360C7828361C7838362C7848363C726
:10D250008583B0DD8683CEC6878364C7888365C730
:10D260008983F2C08A8366C78B8367C78C8368C74C
:10D270008D8369C78E83AFC98F836AC790836BC75D
:10D2800091836CC79283ECDC9383AEDD94836DC78E
:10D2900095836EC796836FC7978370C79883B7DDF2
:10D2A000998371C79A8372C79B83F0DC9C83AFDD3F
:10D2B0009D8373C79E83B8DD9F8374C7A083ACDD55
:10D2C000A18375C7A28376C7A38377C7A48378C7D2
:10D2D000A58379C7A6837AC7A7837BC7A883B9DD4F
:10D2E000A983B3DDAA83ADDDAB83AAC4AC837CC7BD
:10D2F000AD837DC7AE837EC7AF8380C7B083A8DD13
:10D30000B183B3C0B283ABC1B383AADDB483ABDD59
:10D31000B58381C7B683B2DDB783F1BBB883B5DD12
:10D32000B983A8D3BA83BADDBB8382C7BC83BBDD14
:10D33000BD83A7C3BE8383C7BF8384C7C083D2DD39
:10D34000C183BCDDC28385C7C38386C7C48387C747
:10D35000C583D1DDC68388C7C783BDB9C88389C7E4
:10D36000C9838AC7CA83D5BECB838BC7CC83FABE99
:10D37000CD838CC7CE838DC7CF83CABAD0838EC7E7
:10D38000D1838FC7D28390C7D38391C7D483CADD9B
:10D39000D58392C7D683C5DDD78393C7D883BFDD36
:10D3A000D98394C7DA8395C7DB8396C7DC83CBB276
:10D3B000DD83C3DDDE8397C7DF83CBDDE083A4B2EB
:10D3C000E183D5DDE28398C7E38399C7E4839AC7F5
:10D3D000E583BEDDE6839BC7E7839CC7E8839DC7E3
:10D3E000E983D0C6EA83D0DDEB839EC7EC839FC779
:10D3F000ED83A0C7EE8340C8EF8341C8F083D4DD3E
:10D40000F183E2C1F283C6B7F38342C8F48343C811
:10D41000F58344C8F68345C8F78346C8F883CEDD54
:10D42000F983CFDDFA8347C8FB8348C8FC8349C82A
:10D43000FD83C4DDFE834AC8FF834BC800844CC80B
:10D440000184BDDD02844DC80384CDDD0484D1CCCC
:10D4500005844EC80684C9DD07844FC8088450C8B7
:10D46000098451C80A8452C80B84C2DD0C84C8C325
:10D470000D84BCC60E84AECE0F84CCDD108453C8A0
:10D480001184C8DD128454C8138455C8148456C846
:10D49000158457C8168458C8178459C81884C1DD24
:10D4A00019845AC81A845BC81B845CC81C84C6DDF6
:10D4B0001D84DCC21E845DC81F845EC820845FC8D2
:10D4C000218460C8228461C8238462C82484A9D3CB
:10D4D0002584AAD32684D3DD2784F4CF2884F8C8F2
:10D4E000298463C82A8464C82B8465C82C8466C8D0
:10D4F0002D8467C82E8468C82F8469C830846AC8A0
:10D500003184E6DD32846BC833846CC834846DC8E2
:10D5100035846EC836846FC8378470C83884C7DDD8
:10D52000398471C83A8472C83B8473C83C84E0DD96
:10D530003D84E4C23E8474C83F8475C8408476C884
:10D54000418477C8428478C8438479C844847AC8BF
:10D5500045847BC84684E1DD47847CC848847DC817
:10D5600049847EC84A8480C84B8481C84C8482C860
:10D570004D8483C84E8484C84F8485C8508486C82F
:10D580005184D7DD528487C8538488C8548489C89D
:10D5900055848AC856848BC85784F8D658848CC85A
:10D5A0005984D9DD5A84D8DD5B84F0B85C84D6DD3B
:10D5B0005D848DC85E848EC85F848FC8608490C887
:10D5C0006184CFC6628491C86384ADB6648492C816
:10D5D000658493C8668494C8678495C8688496C82F
:10D5E0006984E2DD6A8497C86B84F9BA6C84E1D4FB
:10D5F0006D84E7DD6E8498C86F8499C870849AC87A
:10D600007184D0B472849BC87384DADD74849CC83E
:10D610007584FBBF7684E3DD77849DC87884DFDD85
:10D6200079849EC87A84DDDD7B849FC87C84A0C811
:10D630007D8440C97E8441C97F8442C9808443C9B6
:10D64000818444C98284D9B5838445C9848446C908
:10D65000858447C9868448C98784DBDD8884DCDD0E
:10D660008984DEDD8A8449C98B84AFBD8C84E4DD86
:10D670008D844AC98E84E5DD8F844BC990844CC962
:10D6800091844DC992844EC993844FC9948450C9E2
:10D69000958451C9968452C99784F5DD988453C9FD
:10D6A0009984C9C39A8454C99B8455C99C84E2CB8C
:10D6B0009D8456C99E8457C99F8458C9A08459C95E
:10D6C000A184F2DDA2845AC9A3845BC9A4845CC985
:10D6D000A5845DC9A6845EC9A7845FC9A88460C902
:10D6E000A98461C9AA8462C9AB8463C9AC8464C9D2
:10D6F000AD8465C9AE8466C9AF84E1D8B08467C91A
:10D70000B18468C9B284D1C6B38469C9B484F4DD74
:10D71000B5846AC9B6846BC9B7846CC9B884F4D5BA
:10D72000B984F3DDBA84F0DDBB846DC9BC846EC9F5
:10D73000BD84ECDDBE846FC9BF84EFDDC08470C9D9
:10D74000C184E8DDC28471C9C38472C9C484EED0C7
:10D75000C58473C9C68474C9C78475C9C88476C9A9
:10D76000C984D8C8CA84EEDDCB8477C9CC8478C993
:10D77000CD84E9DDCE8479C9CF847AC9D084EADD4D
:10D78000D184F2CBD2847BC9D384EDDDD4847CC92F
:10D79000D5847DC9D684CDB1D7847EC9D88480C9CB
:10D7A000D98481C9DA8482C9DB8483C9DC8484C9D1
:10D7B000DD84B6C0DE8485C9DF84BBBCE084F1DDD6
:10D7C000E18486C9E28487C9E384F7DDE48488C9FB
:10D7D000E584F6DDE684EBDDE78489C9E8848AC95F
:10D7E000E9848BC9EA848CC9EB848DC9EC84EEC5CD
:10D7F000ED848EC9EE848FC9EF8490C9F084FBDD7F
:10D80000F18491C9F28492C9F38493C9F48494C9D0
:10D81000F58495C9F68496C9F78497C9F88498C9A0
:10D82000F98499C9FA849AC9FB849BC9FC84A4DE53
:10D83000FD849CC9FE849DC9FF84A3DE00859EC92A
:10D8400001859FC90285A0C9038540CA048541CAD4
:10D85000058542CA068543CA078544CA088545CA64
:10D86000098546CA0A8547CA0B8548CA0C85F8DD72
:10D870000D8549CA0E854ACA0F854BCA10854CCA08
:10D880001185EFC312854DCA1385FBC214854ECA9C
:10D8900015854FCA168550CA1785E1D5188551CA16
:10D8A000198552CA1A85B5CE1B8553CA1C8554CA20
:10D8B0001D8555CA1E8556CA1F85FDDD208557CAA0
:10D8C0002185CCB2228558CA238559CA24855ACAD3
:10D8D00025855BCA26855CCA27855DCA28855ECA00
:10D8E00029855FCA2A8560CA2B85E8C42C85DFCAD2
:10D8F0002D8561CA2E8562CA2F8563CA308564CAA8
:10D90000318565CA328566CA338567CA348568CA77
:10D91000358569CA36856ACA3785BEC73885FADD56
:10D920003985FCDD3A85FEDD3B85A2DE3C85AAB06B
:10D930003D85CEB13E856BCA3F856CCA40856DCAB8
:10D9400041856ECA42856FCA4385ACDE448570CA84
:10D95000458571CA468572CA478573CA4885A6DE61
:10D960004985B6BD4A85EFC84B8574CA4C8575CAD2
:10D970004D8576CA4E8577CA4F8578CA508579CA53
:10D9800051857ACA52857BCA53857CCA54857DCA23
:10D9900055857ECA5685A1DE578580CA588581CABD
:10D9A0005985A5DE5A8582CA5B8583CA5C8584CA8F
:10D9B0005D8585CA5E85A9DE5F8586CA608587CA62
:10D9C000618588CA628589CA63858ACA6485A8DE3A
:10D9D00065858BCA66858CCA67858DCA6885A7DE12
:10D9E00069858ECA6A858FCA6B8590CA6C8591CA13
:10D9F0006D8592CA6E8593CA6F8594CA708595CAE3
:10DA0000718596CA7285ADDE738597CA7485CCD44C
:10DA1000758598CA768599CA77859ACA78859BCA8A
:10DA20007985B3DE7A85AADE7B85AEDE7C859CCAED
:10DA30007D859DCA7E85D9C07F859ECA80859FCA07
:10DA40008185A0CA828540CB838541CB8485A1B1E5
:10DA50008585B6DE868542CB8785B1DE888543CB5A
:10DA6000898544CB8A8545CB8B8546CB8C8547CB36
:10DA70008D8548CB8E8549CB8F85B2DE90854ACB8C
:10DA800091854BCB92854CCB93854DCB94854ECBDA
:10DA900095854FCB968550CB978551CB988552CBAA
:10DAA000998553CB9A8554CB9B85A6D19C85B5DEB1
:10DAB0009D8555CB9E8556CB9F8557CBA08558CB52
:10DAC000A18559CBA2855ACBA3855BCBA485AFDEBC
:10DAD000A5855CCBA6855DCBA7855ECBA885B0DE92
:10DAE000A9855FCBAA85BDD0AB8560CBAC8561CB6A
:10DAF000AD8562CBAE85B4DEAF85EDCAB085B9DE4B
:10DB0000B18563CBB28564CBB38565CBB48566CB79
:10DB1000B58567CBB68568CBB785B8DEB88569CBE8
:10DB2000B985B7DEBA856ACBBB856BCBBC856CCBC0
:10DB3000BD856DCBBE856ECBBF856FCBC08570CBF1
:10DB4000C185BBDEC28571CBC38572CBC48573CB67
:10DB5000C58574CBC68575CBC78576CBC88577CB95
:10DB6000C985E5BDCA8578CBCB8579CBCC857ACB09
:10DB7000CD857BCBCE857CCBCF85D8B2D085EAC393
:10DB8000D1857DCBD2857ECBD385BADED48580CBC3
:10DB9000D585BAC5D68581CBD78582CBD88583CBB1
:10DBA000D98584CBDA8585CBDB8586CBDC85BCDE6D
:10DBB000DD8587CBDE8588CBDF8589CBE0858ACB89
:10DBC000E1858BCBE2858CCBE3858DCBE485D9CC0D
:10DBD000E5858ECBE6858FCBE78590CBE88591CB2D
:10DBE000E985AAB7EA8592CBEB8593CBEC8594CBFC
:10DBF000ED8595CBEE8596CBEF8597CBF08598CBD1
:10DC0000F18599CBF2859ACBF3859BCBF4859CCBA0
:10DC1000F5859DCBF6859ECBF7859FCBF885A0CB70
:10DC2000F98540CCFA8541CCFB85E5D4FC8542CC16
:10DC3000FD8543CCFE8544CCFF85BDDE008645CC0A
:10DC4000018646CC028647CC038648CC048649CC64
:10DC50000586BFDE06864ACC07864BCC08864CCCB0
:10DC600009864DCC0A864ECC0B864FCC0C8650CC08
:10DC70000D8651CC0E8652CC0F8653CC108654CCD8
:10DC80001186A2C4128655CC138656CC148657CC66
:10DC9000158658CC1686C1DE178659CC18865ACC04
:10DCA00019865BCC1A865CCC1B865DCC1C865ECC50
:10DCB0001D865FCC1E8660CC1F8661CC208662CC20
:10DCC000218663CC228664CC238665CC248666CCF0
:10DCD000258667CC268668CC2786BEDE288669CC5A
:10DCE0002986C0DE2A866ACC2B866BCC2C866CCC2F
:10DCF0002D866DCC2E866ECC2F866FCC308670CC68
:10DD0000318671CC328672CC338673CC348674CC37
:10DD1000358675CC368676CC378677CC3886BAD5BC
:10DD2000398678CC3A8679CC3B867ACC3C86C2DE82
:10DD30003D867BCC3E867CCC3F867DCC40867ECCAF
:10DD4000418680CC428681CC438682CC448683CC7B
:10DD5000458684CC468685CC478686CC488687CC4B
:10DD6000498688CC4A8689CC4B868ACC4C868BCC1B
:10DD70004D86AEF24E86A2BB4F86B2C25086B0C56B
:10DD80005186C7C252868CCC53868DCC5486AFF256
:10DD900055868ECC56868FCC578690CC588691CCA3
:10DDA000598692CC5A86E9D05B8693CC5C8694CC1B
:10DDB0005D8695CC5E86DDD35F8696CC608697CCFB
:10DDC000618698CC6286BDEB638699CC64869ACCDA
:10DDD00065869BCC66869CCC67869DCC68869ECCEF
:10DDE00069869FCC6A86A0CC6B86E6B36C86B0F25F
:10DDF0006D8640CD6E86B1F26F8641CD708642CD84
:10DE00007186ADCA728643CD738644CD748645CD86
:10DE1000758646CD768647CD778648CD788649CDBE
:10DE20007986E7BA7A86B3F27B86B5F27C86B4F25D
:10DE30007D86E4CB7E86BACF7F86B2F28086B4CA76
:10DE40008186CFD28286ECC283864ACD84864BCD32
:10DE500085864CCD86864DCD87864ECD88864FCD26
:10DE6000898650CD8A86C3CE8B86B8F28C86F6B072
:10DE70008D86B7F28E8651CD8F8652CD908653CD4A
:10DE8000918654CD928655CD9386BEF2948656CD1A
:10DE90009586CFB2968657CD978658CD988659CD20
:10DEA00099865ACD9A865BCD9B865CCD9C86C1D1E6
:10DEB0009D86BAF29E865DCD9F865ECDA0865FCDA3
:10DEC000A18660CDA28661CDA386BCF2A486E9D4EA
:10DED000A58662CDA68663CDA786BBF2A886B6F2DC
:10DEE000A986BFF2AA86BDF2AB8664CDAC86B9F234
:10DEF000AD8665CDAE8666CDAF86C7F2B086C4F27C
:10DF0000B186C6F2B28667CDB38668CDB486CAF252
:10DF1000B586C2F2B686C0F2B78669CDB8866ACD3C
:10DF2000B9866BCDBA86C5F2BB866CCDBC866DCD8D
:10DF3000BD866ECDBE866FCDBF8670CDC086FBD64A
:10DF4000C18671CDC28672CDC38673CDC486C1F23F
:10DF5000C58674CDC686F9C7C786DFC9C88675CDA4
:10DF6000C986C8F2CA86C6B9CB86B0B5CC8676CD8E
:10DF7000CD8677CDCE86C3F2CF86C9F2D086D0F2D9
:10DF8000D186D6F2D28678CDD38679CDD486D7BB4A
:10DF9000D5867ACDD6867BCDD7867CCDD886D5F270
:10DFA000D986DCCDDA867DCDDB86EBD6DC867ECDF0
:10DFB000DD8680CDDE86D2F2DF86D4F2E08681CDAA
:10DFC000E18682CDE28683CDE38684CDE486F2B815
:10DFD000E58685CDE68686CDE78687CDE88688CD41
:10DFE000E986CBF2EA8689CDEB868ACDEC868BCDAD
:10DFF000ED86CEF2EE86F9C2EF868CCDF086DDD5C9
:10E00000F186CCF2F286CDF2F386CFF2F486D3F22B
:10E01000F5868DCDF6868ECDF7868FCDF886D9F232
:10E02000F986BCD3FA8690CDFB8691CDFC8692CD45
:10E03000FD8693CDFE86EAB6FF8694CD0087F1CAB1
:10E04000018795CD0287E4B70387D7F2048796CD81
:10E05000058797CD068798CD0787D8F20887DAF22B
:10E060000987DDF20A87DBF20B8799CD0C879ACD01
:10E070000D87DCF20E879BCD0F879CCD10879DCD41
:10E0800011879ECD1287D1D11387D1F214879FCDEE
:10E090001587C9CD1687A0CD1787CFCE1887A9D6EB
:10E0A000198740CE1A87E3F21B8741CE1C87DBC35A
:10E0B0001D8742CE1E87E0F21F8743CE208744CEC5
:10E0C0002187AFC02287ECF22387DEF2248745CE7A
:10E0D0002587E1F2268746CE278747CE288748CE78
:10E0E0002987E8F22A8749CE2B874ACE2C874BCE48
:10E0F0002D874CCE2E87E2F22F874DCE30874ECE25
:10E100003187E7F232874FCE338750CE3487E6F23D
:10E11000358751CE368752CE3787E9F2388753CECE
:10E12000398754CE3A8755CE3B87DFF23C8756CEAF
:10E130003D8757CE3E87E4F23F87EAF2408758CECC
:10E14000418759CE42875ACE43875BCE44875CCE07
:10E1500045875DCE46875ECE4787ACD34887E5F2DC
:10E160004987F5B24A875FCE4B8760CE4C87F2F283
:10E170004D8761CE4E87ABD04F8762CE508763CE3E
:10E18000518764CE528765CE5387F5F2548766CEA9
:10E19000558767CE568768CE5787C8BB588769CEE4
:10E1A0005987F9F25A876ACE5B876BCE5C876CCE53
:10E1B0005D876DCE5E876ECE5F876FCE6087F0F233
:10E1C000618770CE628771CE6387F6F26487F8F25A
:10E1D0006587FAF2668772CE678773CE688774CEDA
:10E1E000698775CE6A8776CE6B8777CE6C8778CE57
:10E1F0006D8779CE6E87F3F26F877ACE7087F1F2F2
:10E2000071877BCE72877CCE73877DCE7487FBBA95
:10E2100075877ECE7687FBB5778780CE788781CE6F
:10E22000798782CE7A8783CE7B87EFF27C87F7F27D
:10E230007D87EDF27E87EEF27F8784CE808785CE64
:10E24000818786CE8287EBF28387A6F3848787CE89
:10E250008587A3F3868788CE878789CE8887A2F3B0
:10E2600089878ACE8A878BCE8B87F4F28C878CCE77
:10E270008D87DAC88E878DCE8F878ECE90878FCE92
:10E28000918790CE928791CE9387FBF2948792CE1E
:10E29000958793CE968794CE9787A5F3988795CE4A
:10E2A000998796CE9A8797CE9B8798CE9C8799CE52
:10E2B0009D879ACE9E879BCE9F87F8C3A0879CCED2
:10E2C000A1879DCEA2879ECEA3879FCEA487A0CEF6
:10E2D000A58740CFA68741CFA78742CFA887FDF269
:10E2E000A98743CFAA8744CFAB87A7F3AC87A9F30D
:10E2F000AD87A4F3AE8745CFAF87FCF2B08746CF9A
:10E30000B18747CFB28748CFB387ABF3B48749CF44
:10E31000B587AAF3B6874ACFB7874BCFB8874CCF1C
:10E32000B9874DCFBA87DDC2BB874ECFBC874FCFF1
:10E33000BD87AEF3BE8750CFBF8751CFC087B0F344
:10E34000C18752CFC28753CFC38754CFC48755CF1D
:10E35000C58756CFC687A1F3C78757CFC88758CF81
:10E36000C98759CFCA87B1F3CB87ACF3CC875ACFD3
:10E37000CD875BCFCE875CCFCF875DCFD0875ECF99
:10E38000D187AFF3D287FEF2D387ADF3D4875FCFC7
:10E39000D58760CFD68761CFD78762CFD88763CF45
:10E3A000D98764CFDA8765CFDB87B2F3DC8766CFA6
:10E3B000DD8767CFDE8768CFDF8769CFE087B4F37B
:10E3C000E1876ACFE2876BCFE3876CCFE4876DCFBD
:10E3D000E587A8F3E6876ECFE7876FCFE88770CF32
:10E3E000E98771CFEA87B3F3EB8772CFEC8773CFFE
:10E3F000ED8774CFEE87B5F3EF8775CFF08776CFD3
:10E40000F18777CFF28778CFF38779CFF4877ACF08
:10E41000F5877BCFF6877CCFF7877DCFF8877ECFD8
:10E42000F987B7D0FA8780CFFB8781CFFC8782CF6F
:10E43000FD8783CFFE87B8F3FF8784CF008885CF21
:10E44000018886CF028887CF0388F9D9048888CFCE
:10E45000058889CF06888ACF07888BCF08888CCF1C
:10E4600009888DCF0A88B9F30B888ECF0C888FCF9F
:10E470000D8890CF0E8891CF0F8892CF108893CFC0
:10E48000118894CF128895CF1388B7F3148896CF4C
:10E490001588E4C81688B6F3178897CF188898CFE0
:10E4A000198899CF1A889ACF1B88BAF31C889BCFFA
:10E4B0001D889CCF1E889DCF1F889ECF20889FCF10
:10E4C0002188BBF32288C0B42388A0CF248840D001
:10E4D000258841D0268842D0278843D0288844D038
:10E4E000298845D02A8846D02B8847D02C8848D008
:10E4F0002D8849D02E884AD02F884BD030884CD0D8
:10E5000031884DD03288C3EE33884ED034884FD016
:10E51000358850D0368851D0378852D0388853D07B
:10E520003988BCF33A8854D03B8855D03C88BDF339
:10E530003D8856D03E8857D03F8858D04088AAD1D1
:10E54000418859D042885AD043885BD04488ACF483
:10E550004588C6D046885CD047885DD048885ED064
:10E5600049885FD04A8860D04B8861D04C88D0D031
:10E570004D88DCD14E8862D04F8863D0508864D0FB
:10E58000518865D0528866D0538867D05488CECFE2
:10E59000558868D0568869D05788D6BD58886AD0C3
:10E5A0005988C3D15A886BD05B886CD05C886DD099
:10E5B0005D886ED05E886FD05F8870D0608871D0C3
:10E5C0006188E2BA6288E9E16388C2D26488C2F1F4
:10E5D0006588B9B2668872D0678873D06888EDB1F3
:10E5E0006988C3F16A8874D06B88C0C96C88C4B369
:10E5F0006D8875D06E88F2D96F8876D07088A5CB7B
:10E60000718877D07288C4F1738878D0748879D093
:10E6100075887AD076887BD07788D4D678887CD075
:10E6200079887DD07A887ED07B8880D07C8881D0A4
:10E630007D88C5F17E88C0F47F88C6F1808882D04D
:10E640008188ACD48288C7F1838883D08488C0B0A5
:10E650008588C1F4868884D0878885D08888C2F46C
:10E66000898886D08A8887D08B88FCB48C8888D0AB
:10E670008D88DBC58E8889D08F888AD090888BD092
:10E6800091888CD09288BBCC93888DD094888ED082
:10E6900095888FD09688E4D0978890D0988891D02C
:10E6A000998892D09A8893D09B8894D09C88E0CD0A
:10E6B0009D8895D09E8896D09F8897D0A08898D026
:10E6C000A18899D0A288C8F1A3889AD0A488F3D948
:10E6D000A5889BD0A6889CD0A7889DD0A8889ED0CE
:10E6E000A9889FD0AA88A0D0AB88BBB1AC8840D104
:10E6F000AD88AECFAE8841D1AF8842D1B08843D18A
:10E70000B188A4B8B28844D1B38845D1B48846D181
:10E71000B58847D1B68848D1B788CAF1B88849D1F9
:10E72000B9884AD1BA884BD1BB884CD1BC88CBF1CF
:10E73000BD884DD1BE884ED1BF884FD1C08850D141
:10E74000C188C3B2C288D1C1C38851D1C48852D153
:10E75000C588B0D7C688C9F1C78853D1C88854D1F5
:10E76000C988CCF1CA8855D1CB8856D1CC8857D12D
:10E77000CD8858D1CE88CEF1CF8859D1D0885AD102
:10E78000D1885BD1D288F6D9D3885CD1D488E1D244
:10E79000D588A3D4D6885DD1D7885ED1D888C3F474
:10E7A000D988B9C8DA885FD1DB8860D1DC8861D1CB
:10E7B000DD8862D1DE8863D1DF88C4F4E08864D16B
:10E7C000E18865D1E288CDF1E388CFF1E488E3BF49
:10E7D000E588D0F1E68866D1E78867D1E888D4F18A
:10E7E000E98868D1EA8869D1EB886AD1EC886BD175
:10E7F000ED886CD1EE886DD1EF886ED1F088D6F1BE
:10E80000F188D1F1F2886FD1F388D1C9F488E1C5DC
:10E81000F58870D1F68871D1F78872D1F888E3C293
:10E82000F988FCB9FA8873D1FB8874D1FC88D3F1DC
:10E83000FD8875D1FE88D5F1FF8876D1008977D122
:10E84000018978D10289D3B9038979D104897AD130
:10E8500005897BD106897CD107897DD108897ED144
:10E86000098980D10A89DBF10B8981D10C8982D198
:10E870000D8983D10E8984D10F8985D11089D6BAAB
:10E88000118986D11289FDB01389D9F1148987D1F4
:10E89000158988D1168989D117898AD118898BD190
:10E8A0001989D8F11A89D2F11B89DAF11C898CD126
:10E8B0001D898DD11E898ED11F898FD1208990D13C
:10E8C0002189D7F1228991D1238992D1248993D1A9
:10E8D0002589ECC8268994D1278995D1288996D194
:10E8E000298997D12A89CACD2B89DDF12C8998D124
:10E8F0002D8999D12E899AD12F899BD13089BDE557
:10E9000031899CD132899DD133899ED13489DCF102
:10E9100035899FD13689DEF13789A0D1388940D237
:10E92000398941D23A8942D23B8943D23C8944D287
:10E930003D8945D23E8946D23F8947D2408948D257
:10E940004189DFF1428949D243894AD24489E5CFDE
:10E9500045894BD246894CD247894DD248894ED2FF
:10E9600049894FD24A8950D24B8951D24C8952D2CF
:10E970004D8953D24E8954D24F8955D2508956D29F
:10E98000518957D2528958D2538959D254895AD26F
:10E9900055895BD256895CD257895DD258895ED23F
:10E9A00059895FD25A8960D25B8961D25C8962D20F
:10E9B0005D8963D25E89C5F45F89F3BD608964D2E5
:10E9C000618965D2628966D2638967D2648968D2B7
:10E9D000658969D26689E0F167896AD268896BD2F4
:10E9E00069896CD26A896DD26B896ED26C896FD25B
:10E9F0006D8970D26E8971D26F8972D2708973D22B
:10EA0000718974D2728975D2738976D2748977D2FA
:10EA1000758978D2768979D277897AD278897BD2CA
:10EA200079897CD27A897DD27B89E1F17C897ED219
:10EA30007D8980D27E8981D27F89F7CE808982D2FA
:10EA40008189AAD2828983D28389FBF1848984D285
:10EA5000858985D28689B2B8878986D2888987D206
:10EA6000898988D28A8989D28B898AD28C898BD2EA
:10EA70008D898CD28E898DD28F898ED290898FD2BA
:10EA8000918990D2928991D2938992D2948993D28A
:10EA9000958994D2968995D2978996D2988997D25A
:10EAA000998998D29A8999D29B899AD29C899BD22A
:10EAB0009D899CD29E899DD29F899ED2A0899FD2FA
:10EAC000A189A0D2A28940D3A38941D3A48942D3EA
:10EAD000A58943D3A68944D3A78945D3A88946D31A
:10EAE000A98947D3AA8948D3AB8949D3AC894AD3EA
:10EAF000AD894BD3AE894CD3AF894DD3B0894ED3BA
:10EB0000B1894FD3B28950D3B38951D3B48952D389
:10EB1000B58953D3B68954D3B78955D3B88956D359
:10EB2000B98957D3BA8958D3BB8959D3BC895AD329
:10EB3000BD895BD3BE895CD3BF895DD3C0895ED3F9
:10EB4000C189FBBCC289DBB9C3895FD3C489E6B97B
:10EB5000C589D9C3C689D3CAC789E8EAC889C0C0EC
:10EB6000C989F5BECA89E9EACB89EAEACC89EBEA28
:10EB7000CD8960D3CE89ECEACF89EDEAD089EEEA7F
:10EB8000D189EFEAD289C7BDD38961D3D48962D351
:10EB9000D58963D3D689FBF5D78964D3D88965D362
:10EBA000D98966D3DA89FDF5DB8967D3DC89FEF57F
:10EBB000DD8968D3DE89FCF5DF8969D3E0896AD312
:10EBC000E1896BD3E2896CD3E389E2BDE4896DD33B
:10EBD000E589A1F6E689A5B4E7896ED3E8896FD304
:10EBE000E98970D3EA8971D3EB89A2F6EC8972D3F3
:10EBF000ED8973D3EE8974D3EF89A3F6F08975D3C9
:10EC0000F18976D3F28977D3F389B2ECF48978D39A
:10EC1000F58979D3F6897AD3F7897BD3F8897CD3C0
:10EC2000F9897DD3FA897ED3FB8980D3FC8981D38E
:10EC3000FD8982D3FE8983D3FF8984D3008AD4D10E
:10EC4000018A85D3028A86D3038A87D3048A88D32C
:10EC5000058A89D3068A8AD3078AEAD9088A8BD398
:10EC6000098A8CD30A8A8DD30B8A8ED30C8A8FD3D0
:10EC70000D8A90D30E8A91D30F8A92D3108A93D3A0
:10EC8000118A94D3128A95D3138A96D3148A97D370
:10EC9000158A98D3168A99D3178A9AD3188A9BD340
:10ECA000198A9CD31A8A9DD31B8A9ED31C8A9FD310
:10ECB0001D8AA0D31E8A40D41F8A41D4208A42D400
:10ECC000218A43D4228A44D4238A45D4248A46D430
:10ECD000258A47D4268A48D4278A49D4288A4AD400
:10ECE000298A4BD42A8A4CD42B8A4DD42C8A4ED4D0
:10ECF0002D8A4FD42E8A50D42F8A51D4308A52D4A0
:10ED0000318A53D4328A54D4338A55D4348A56D46F
:10ED1000358A57D4368A58D4378A59D4388A5AD43F
:10ED2000398A5BD43A8A5CD43B8A5DD43C8A5ED40F
:10ED30003D8A5FD43E8AA4F63F8A60D4408A61D47B
:10ED4000418A62D4428A63D4438A64D4448A65D4B3
:10ED5000458A66D4468A67D4478A68D4488ABAEE18
:10ED6000498A69D44A8A6AD44B8A6BD44C8A6CD457
:10ED70004D8A6DD44E8A6ED44F8A6FD4508A70D427
:10ED8000518A71D4528A72D4538A73D4548A74D4F7
:10ED9000558A75D4568A76D4578A77D4588A78D4C7
:10EDA000598A79D45A8A7AD45B8A7BD45C8A7CD497
:10EDB0005D8A7DD45E8A7ED45F8A80D4608A81D465
:10EDC000618A82D4628A83D4638A84D4648A85D433
:10EDD000658A86D4668A87D4678A88D4688A89D403
:10EDE000698A8AD46A8A8BD46B8A8CD46C8A8DD4D3
:10EDF0006D8A8ED46E8A8FD46F8A90D4708A91D4A3
:10EE0000718A92D4728A93D4738A94D4748A95D472
:10EE1000758A96D4768A97D4778A98D4788A99D442
:10EE2000798AB2D57A8A9AD47B8A9BD47C8A9CD4FC
:10EE30007D8A9DD47E8A9ED47F8A9FD4808AA0D4E6
:10EE4000818A40D5828A41D5838A42D5848A43D536
:10EE5000858A44D5868A45D5878A46D5888A47D506
:10EE6000898AFED38A8ADCCC8B8A48D58C8A49D59C
:10EE70008D8A4AD58E8A4BD58F8A4CD5908A4DD5AE
:10EE8000918A4ED5928A4FD5938AC4CA948A50D516
:10EE9000958A51D5968A52D5978A53D5988A54D552
:10EEA000998A55D59A8A56D59B8A57D59C8A58D522
:10EEB0009D8A59D59E8A5AD59F8A5BD5A08A5CD5F2
:10EEC000A18A5DD5A28A5ED5A38A5FD5A48A60D5C2
:10EED000A58A61D5A68A62D5A78A63D5A88A64D592
:10EEE000A98A65D5AA8A66D5AB8A67D5AC8A68D562
:10EEF000AD8A69D5AE8A6AD5AF8A6BD5B08A6CD532
:10EF0000B18A6DD5B28A6ED5B38A6FD5B48A70D501
:10EF1000B58A71D5B68A72D5B78A73D5B88A74D5D1
:10EF2000B98A75D5BA8A76D5BB8A77D5BC8A78D5A1
:10EF3000BD8A79D5BE8A7AD5BF8A7BD5C08A7CD571
:10EF4000C18A7DD5C28A7ED5C38A80D5C48A81D53F
:10EF5000C58A82D5C68A83D5C78A84D5C88A85D50D
:10EF6000C98A86D5CA8A87D5CB8A88D5CC8A89D5DD
:10EF7000CD8A8AD5CE8A8BD5CF8A8CD5D08A8DD5AD
:10EF8000D18A8ED5D28A8FD5D38A90D5D48A91D57D
:10EF9000D58A92D5D68A93D5D78A94D5D88A95D54D
:10EFA000D98A96D5DA8A97D5DB8A98D5DC8A99D51D
:10EFB000DD8A9AD5DE8A9BD5DF8A9CD5E08A9DD5ED
:10EFC000E18A9ED5E28A9FD5E38AA0D5E48A40D61D
:10EFD000E58A41D6E68A42D6E78A43D6E88A44D60D
:10EFE000E98A45D6EA8A46D6EB8A47D6EC8A48D6DD
:10EFF000ED8A49D6EE8A4AD6EF8A4BD6F08A4CD6AD
:10F00000F18A4DD6F28A4ED6F38A4FD6F48A50D67C
:10F01000F58A51D6F68A52D6F78A53D6F88A54D64C
:10F02000F98A55D6FA8A56D6FB8A57D6FC8A58D61C
:10F03000FD8A59D6FE8A5AD6FF8A5BD6008B5CD6EB
:10F04000018B5DD6028B5ED6038B5FD6048B60D6B8
:10F05000058B61D6068B62D6078BC0E5088B63D61D
:10F06000098B64D60A8B65D60B8B66D60C8B67D65C
:10F070000D8B68D60E8B69D60F8B6AD6108B6BD62C
:10F08000118B6CD6128B6DD6138B6ED6148B6FD6FC
:10F09000158B70D6168B71D6178B72D6188B73D6CC
:10F0A000198B74D61A8B75D61B8B76D61C8B77D69C
:10F0B0001D8B78D61E8B79D61F8B7AD6208B7BD66C
:10F0C000218B7CD6228B7DD6238B7ED6248B80D63B
:10F0D000258B81D6268BA5F6278B82D6288B83D6C7
:10F0E000298B84D62A8B85D62B8B86D62C8B87D6DC
:10F0F0002D8B88D62E8B89D62F8B8AD6308B8BD6AC
:10F10000318B8CD6328B8DD6338B8ED6348B8FD67B
:10F11000358B90D6368B91D6378B92D6388B93D64B
:10F12000398B94D63A8B95D63B8B96D63C8B97D61B
:10F130003D8B98D63E8B99D63F8B9AD6408B9BD6EB
:10F14000418B9CD6428B9DD6438B9ED6448B9FD6BB
:10F15000458BA0D6468B40D7478B41D7488B42D7AB
:10F16000498B43D74A8B44D74B8B45D74C8B46D7DB
:10F170004D8B47D74E8B48D74F8B49D7508B4AD7AB
:10F18000518B4BD7528B4CD7538B4DD7548B4ED77B
:10F19000558B4FD7568B50D7578B51D7588B52D74B
:10F1A000598B53D75A8B54D75B8B55D75C8B56D71B
:10F1B0005D8B57D75E8B58D75F8B59D7608B5AD7EB
:10F1C000618B5BD7628B5CD7638B5DD7648B5ED7BB
:10F1D000658B5FD7668BAFBE678B60D7688B61D757
:10F1E000698B62D76A8B63D76B8B64D76C8BA9C62C
:10F1F0006D8B65D76E8B66D76F8B67D7708B68D733
:10F20000718B69D7728B6AD7738B6BD7748B6CD702
:10F21000758B6DD7768B6ED7778B6FD7788B70D7D2
:10F22000798B71D77A8B72D77B8B73D77C8B74D7A2
:10F230007D8B75D77E8B76D77F8B77D7808B78D772
:10F24000818B79D7828B7AD7838B7BD7848B7CD742
:10F25000858B7DD7868B7ED7878B80D7888B81D710
:10F26000898B82D78A8B83D78B8B84D78C8B85D7DE
:10F270008D8B86D78E8B87D78F8B88D7908B89D7AE
:10F28000918B8AD7928B8BD7938B8CD7948B8DD77E
:10F29000958B8ED7968B8FD7978B90D7988B91D74E
:10F2A000998B92D79A8B93D79B8B94D79C8B95D71E
:10F2B0009D8B96D79E8B97D79F8B98D7A08BA5DADF
:10F2C000A18BC6BCA28BA9B6A38BBCB8A48BCFC89C
:10F2D000A58BA5BCA68BA6DAA78BA7DAA88BD6CC64
:10F2E000A98BC3C8AA8BA8DAAB8BFDC6AC8B99D708
:10F2F000AD8BB5D1AE8BE9D2AF8BB6D1B08BC7BCDD
:10F30000B18B9AD7B28BB2BDB38BE4BBB48BA9DA05
:10F31000B58BAADAB68BC8D1B78BABDAB88BEDD088
:10F32000B98BEFB6BA8BDBC2BB8B9BD7BC8BCFCB79
:10F33000BD8BEDB7BE8BE8C9BF8BC3B7C08BF7BE23
:10F34000C18BA4D6C28BACDAC38BADDAC48BC0C67A
:10F35000C58BE7D7C68BB6CAC78B9CD7C88BA9D538
:10F36000C98BDFCBCA8BEFD5CB8BAEDACC8BDFD69C
:10F37000CD8BCAB4CE8BB0DACF8BAFDAD08B9DD722
:10F38000D18BEBD2D28BB1DAD38BB2DAD48BB3DAA6
:10F39000D58BD4CAD68BB4DAD78BABCAD88BB5DAB7
:10F3A000D98BB6DADA8BCFB3DB8BEFD6DC8BB7DA5F
:10F3B000DD8BB0BBDE8BAEB5DF8BB8DAE08BB9DAB4
:10F3C000E18BEEB9E28BAFD1E38BE8D2E48BBADA12
:10F3D000E58BC3B8E68BEACFE78BEFB2E88BBBDAFD
:10F3E000E98BBCDAEA8B9ED7EB8BEBBDEC8BDCCEEA
:10F3F000ED8BEFD3EE8BBDDAEF8BF3CEF08BBEDA75
:10F40000F18BD5D3F28BE5BBF38BBFDAF48BB5CBA5
:10F41000F58BD0CBF68BC0DAF78BEBC7F88BEED63B
:10F42000F98BC1DAFA8BB5C5FB8BC1B6FC8BC2DA9E
:10F43000FD8BCCB7FE8BCEBFFF8BC3DA008CC4DA5A
:10F44000018CADCB028CC5DA038CF7B5048CC6DA1F
:10F45000058CC2C1068CBBD7078CC7DA088CB8CC28
:10F46000098C9FD70A8CEAD20B8CB1C40C8CC8DAF9
:10F470000D8CFDB50E8CD1BB0F8CC9DA108CB3D0BE
:10F48000118CCADA128CCBDA138CBDCE148CCCDA88
:10F49000158CCDDA168CCEDA178CF7B2188CD1DA3F
:10F4A000198CCFDA1A8CE8D11B8CD0DA1C8CD5C31E
:10F4B0001D8CD2DA1E8CA0D71F8CD3DA208CD4DA24
:10F4C000218CD5DA228CBBD0238CA5D2248CF9B028
:10F4D000258CD6DA268CABC7278CD7DA288CF7BDDB
:10F4E000298CA1C32A8CD8DA2B8CD9DA2C8CFDC3B9
:10F4F0002D8CB7CC2E8CDADA2F8CDBDA308CBEC0B8
:10F50000318CD7C6328CDCDA338CDDDA348CB4C77C
:10F51000358CDEDA368CDFDA378CC8B9388C40D8D7
:10F52000398C41D83A8C42D83B8C43D83C8C44D857
:10F530003D8C45D83E8C46D83F8C47D8408C48D827
:10F54000418CEDBB428C49D8438C4AD8448C4BD873
:10F55000458C4CD8468CB9B6478CF8F4488C4DD8BD
:10F56000498CF9F44A8C4ED84B8C4FD84C8CE3CD57
:10F570004D8C50D84E8C51D84F8C52D8508C53D87B
:10F58000518C54D8528C55D8538C56D8548C57D84B
:10F59000558CB9F5568C58D8578C59D8588C5AD8A0
:10F5A000598C5BD85A8CE0EB5B8C5CD85C8C5DD85A
:10F5B0005D8C5ED85E8C5FD85F8C60D8608C61D8C3
:10F5C000618CF3CF628CBFBB638C62D8648C63D8D0
:10F5D000658C64D8668C65D8678C66D8688C67D86B
:10F5E000698C68D86A8CC0BA6B8CA5D46C8C69D8CD
:10F5F0006D8C6AD86E8C6BD86F8C6CD8708C6DD813
:10F60000718C6ED8728C6FD8738CD9E1748C70D871
:10F61000758C71D8768C72D8778C73D8788CF4F519
:10F62000798CAAB17A8CF2B27B8C74D87C8C75D828
:10F630007D8C76D87E8C77D87F8C78D8808C79D862
:10F64000818C7AD8828CF5F5838C7BD8848C7CD89D
:10F65000858CF7F5868C7DD8878C7ED8888C80D871
:10F66000898CD1BA8A8CF6F58B8C81D88C8CB2C3FC
:10F670008D8C82D88E8C83D88F8C84D8908C85D8B2
:10F68000918C86D8928C87D8938C88D8948CF9F5F5
:10F69000958C89D8968C8AD8978C8BD8988CF8F5CD
:10F6A000998C8CD89A8C8DD89B8C8ED89C8C8FD82A
:10F6B0009D8C90D89E8C91D89F8C92D8A08C93D8FA
:10F6C000A18C94D8A28C95D8A38C96D8A48C97D8CA
:10F6D000A58C98D8A68C99D8A78C9AD8A88C9BD89A
:10F6E000A98C9CD8AA8C9DD8AB8C9ED8AC8C9FD86A
:10F6F000AD8CA0D8AE8C40D9AF8C41D9B08C42D95A
:10F70000B18C43D9B28C44D9B38C45D9B48C46D989
:10F71000B58C47D9B68C48D9B78C49D9B88C4AD959
:10F72000B98C4BD9BA8C4CD9BB8C4DD9BC8C4ED929
:10F73000BD8C4FD9BE8C50D9BF8C51D9C08C52D9F9
:10F74000C18C53D9C28C54D9C38C55D9C48C56D9C9
:10F75000C58C57D9C68C58D9C78C59D9C88C5AD999
:10F76000C98C5BD9CA8C5CD9CB8C5DD9CC8C5ED969
:10F77000CD8C5FD9CE8C60D9CF8C61D9D08C62D939
:10F78000D18C63D9D28C64D9D38C65D9D48C66D909
:10F79000D58C67D9D68C68D9D78C69D9D88C6AD9D9
:10F7A000D98C6BD9DA8C6CD9DB8C6DD9DC8C6ED9A9
:10F7B000DD8C6FD9DE8C70D9DF8C71D9E08C72D979
:10F7C000E18C73D9E28C74D9E38C75D9E48C76D949
:10F7D000E58C77D9E68C78D9E78C79D9E88C7AD919
:10F7E000E98C7BD9EA8C7CD9EB8C7DD9EC8C7ED9E9
:10F7F000ED8C80D9EE8C81D9EF8C82D9F08C83D9B5
:10F80000F18C84D9F28C85D9F38C86D9F48C87D984
:10F81000F58C88D9F68C89D9F78C8AD9F88C8BD954
:10F82000F98C8CD9FA8C8DD9FB8C8ED9FC8C8FD924
:10F83000FD8C90D9FE8C91D9FF8C92D9008D93D9F3
:10F84000018D94D9028D95D9038D96D9048D97D9C0
:10F85000058D98D9068D99D9078D9AD9088D9BD990
:10F86000098D9CD90A8D9DD90B8D9ED90C8D9FD960
:10F870000D8DA0D90E8D40DA0F8D41DA108D42DA50
:10F88000118D43DA128D44DA138D45DA148D46DA80
:10F89000158D47DA168D48DA178D49DA188D4ADA50
:10F8A000198D4BDA1A8D4CDA1B8D4DDA1C8D4EDA20
:10F8B0001D8DB4B11E8DEAD51F8DBAB8208D4FDADB
:10F8C000218DB1B9228DC6B2238DF0D4248DCDCF38
:10F8D000258DDCB0268DCBD5278DF5BB288DCAD6DE
:10F8E000298DB7B72A8DB0CC2B8DB6C62C8DE1B142
:10F8F0002D8DBAB92E8DFCD62F8DE1B9308DA1B7E3
:10F90000318DFABC328DDAEA338DDBEA348DF9CCF5
:10F91000358DF3B9368DDCEA378DFBB4388DB3C342
:10F92000398DD1B73A8DD8BA3B8DDDEA3C8DF4D410
:10F930003D8DDEEA3E8DD6BC3F8DDFBB408DDFEADC
:10F94000418DDEC1428DB8C2438DDFD4448DCAD70C
:10F95000458DE0EA468DE1EA478DE4EA488DE2EA2A
:10F96000498DE3EA4A8DDEC94B8DB3B84C8DC4B6E0
:10F970004D8DE5EA4E8DEACA4F8DCDC9508DCDB47F
:10F98000518D50DA528D51DA538DD9E2548DE2C542
:10F99000558DE6EA568DB5C0578D52DA588DB8D7D9
:10F9A000598DE7EA5A8DACD75B8DFCC85C8DD3D8F6
:10F9B0005D8DCDD85E8DDED45F8D53DA608DF9D448
:10F9C000618DC4C9628DAED3638DD3B8648DE0B34D
:10F9D000658D54DA668DE2C9678DF6F4688D55DA67
:10F9E000698D56DA6A8D57DA6B8DD5BA6C8D58DA17
:10F9F0006D8DF7F46E8D59DA6F8D5ADA708DDFD711
:10FA0000718D5BDA728D5CDA738DF1F4748DB0B840
:10FA1000758DD4D5768DCFB8778DF0C6788D5DDABB
:10FA2000798D5EDA7A8D5FDA7B8D60DA7C8D61DAD2
:10FA30007D8D62DA7E8D63DA7F8D64DA808D65DAA2
:10FA4000818DC3B3828D66DA838D67DA848DF2F49B
:10FA5000858DACB3868D68DA878D69DA888D6ADA30
:10FA6000898D6BDA8A8DBDD48B8DF7C78C8D6CDA5E
:10FA70008D8D6DDA8E8D6EDA8F8D6FDA908D70DAF6
:10FA8000918DF4F4928D71DA938D72DA948DF3F492
:10FA9000958D73DA968D74DA978D75DA988D76DA9E
:10FAA000998D77DA9A8D78DA9B8D79DA9C8D7ADA6E
:10FAB0009D8D7BDA9E8D7CDA9F8DCBCCA08D7DDAFF
:10FAC000A18D7EDAA28D80DAA38DA4C8A48D81DAFF
:10FAD000A58D82DAA68D83DAA78D84DAA88D85DAE2
:10FAE000A98D86DAAA8D87DAAB8D88DAAC8D89DAB2
:10FAF000AD8D8ADAAE8D8BDAAF8D8CDAB08D8DDA82
:10FB0000B18DF5F4B28D8EDAB38DE3D7B48DBFC568
:10FB1000B58DC0F5B68D8FDAB78D90DAB88DBBF59F
:10FB2000B98D91DABA8DC3F5BB8D92DABC8DC2F571
:10FB3000BD8D93DABE8DBAD6BF8DC1F5C08D94DA76
:10FB4000C18D95DAC28D96DAC38DBED4C48DC4F54D
:10FB5000C58D97DAC68DCCF5C78D98DAC88D99DA40
:10FB6000C98D9ADACA8D9BDACB8DCFB0CC8DF8B522
:10FB7000CD8D9CDACE8DC9F5CF8DCAF5D08D9DDAAD
:10FB8000D18DDCC5D28D9EDAD38D9FDAD48DA0DAEB
:10FB9000D58D40DBD68DC5F5D78DC6F5D88D41DB2B
:10FBA000D98D42DBDA8DC7F5DB8DCBF5DC8D43DB00
:10FBB000DD8DE0BEDE8DC8F5DF8DFAB8E08D44DB6B
:10FBC000E18D45DBE28D46DBE38DD0F5E48DD3F5A9
:10FBD000E58D47DBE68D48DBE78D49DBE88DE7BF48
:10FBE000E98D4ADBEA8DF2B9EB8DBCF5EC8DCDF5F4
:10FBF000ED8D4BDBEE8D4CDBEF8DB7C2F08D4DDB29
:10FC0000F18D4EDBF28D4FDBF38DF8CCF48D50DBB4
:10FC1000F58DF9BCF68D51DBF78DCEF5F88DCFF56E
:10FC2000F98DD1F5FA8DE5B6FB8DD2F5FC8D52DB61
:10FC3000FD8DD5F5FE8D53DBFF8D54DB008E55DB3E
:10FC4000018E56DB028E57DB038E58DB048E59DBA8
:10FC5000058EBDF5068E5ADB078E5BDB088E5CDBFE
:10FC6000098ED4F50A8EBBD30B8E5DDB0C8EECB304
:10FC70000D8E5EDB0E8E5FDB0F8EA4CC108E60DBF4
:10FC8000118E61DB128E62DB138E63DB148ED6F570
:10FC9000158E64DB168E65DB178E66DB188E67DBD0
:10FCA000198E68DB1A8E69DB1B8E6ADB1C8E6BDBA0
:10FCB0001D8ED7F51E8EE1BE1F8ED8F5208E6CDB13
:10FCC000218E6DDB228EDFCC238EDBF5248E6EDB66
:10FCD000258E6FDB268E70DB278E71DB288E72DB24
:10FCE000298EC8B22A8ED9D72B8E73DB2C8ED9F5EC
:10FCF0002D8E74DB2E8EDAF52F8EDCF5308E75DBD3
:10FD0000318EE2F5328E76DB338E77DB348E78DB24
:10FD1000358EE0F5368E79DB378E7ADB388E7BDBFD
:10FD2000398EDFF53A8EDDF53B8E7CDB3C8E7DDB5C
:10FD30003D8EE1F53E8E7EDB3F8E80DB408EDEF534
:10FD4000418EE4F5428EE5F5438E81DB448EE3CCB3
:10FD5000458E82DB468E83DB478EBFE5488EB8B585
:10FD6000498EE3F54A8EE8F54B8EA3CC4C8E84DBAE
:10FD70004D8E85DB4E8E86DB4F8E87DB508E88DB8B
:10FD8000518EE6F5528EE7F5538E89DB548E8ADB71
:10FD9000558E8BDB568E8CDB578E8DDB588E8EDB33
:10FDA000598EBEF55A8E8FDB5B8E90DB5C8E91DBBD
:10FDB0005D8E92DB5E8E93DB5F8E94DB608E95DBD7
:10FDC000618E96DB628E97DB638E98DB648E99DBA7
:10FDD000658E9ADB668EC4B1678E9BDB688E9CDB7A
:10FDE000698EBFF56A8E9DDB6B8E9EDB6C8EC5B512
:10FDF0006D8EE4B26E8E9FDB6F8EECF5708EE9F542
:10FE0000718EA0DB728ED7B6738E40DC748EEDF5EA
:10FE1000758E41DC768EEAF5778E42DC788E43DC97
:10FE2000798E44DC7A8E45DC7B8E46DC7C8EEBF56D
:10FE30007D8E47DC7E8E48DC7F8EDAB4808E49DC96
:10FE4000818EEAD4828E4ADC838E4BDC848E4CDC3D
:10FE5000858EEEF5868E4DDC878EF9B3888E4EDC6E
:10FE6000898E4FDC8A8E50DC8B8E51DC8C8E52DC7E
:10FE70008D8E53DC8E8E54DC8F8EEFF5908EF1F5E7
:10FE8000918E55DC928E56DC938E57DC948EF0F575
:10FE9000958E58DC968E59DC978E5ADC988E5BDCFA
:10FEA000998E5CDC9A8E5DDC9B8E5EDC9C8EF2F51E
:10FEB0009D8E5FDC9E8EF3F59F8E60DCA08E61DCF4
:10FEC000A18E62DCA28E63DCA38E64DCA48E65DC72
:10FED000A58E66DCA68E67DCA78E68DCA88E69DC42
:10FEE000A98E6ADCAA8E6BDCAB8EEDC9AC8EAAB98A
:10FEF000AD8E6CDCAE8E6DDCAF8EFBC7B08E6EDC73
:10FF0000B18E6FDCB28EE3B6B38E70DCB48E71DC72
:10FF1000B58E72DCB68E73DCB78E74DCB88E75DC91
:10FF2000B98E76DCBA8EC9CCBB8E77DCBC8E78DC21
:10FF3000BD8E79DCBE8E7ADCBF8E7BDCC08E7CDC35
:10FF4000C18E7DDCC28E7EDCC38E80DCC48E81DC03
:10FF5000C58E82DCC68E83DCC78E84DCC88E85DCD1
:10FF6000C98E86DCCA8E87DCCB8E88DCCC8E89DCA1
:10FF7000CD8E8ADCCE8EA6EACF8E8BDCD08E8CDC4A
:10FF8000D18E8DDCD28E8EDCD38E8FDCD48E90DC45
:10FF9000D58E91DCD68E92DCD78E93DCD88E94DC15
:10FFA000D98E95DCDA8E96DCDB8E97DCDC8E98DCE5
:10FFB000DD8E99DCDE8E9ADCDF8E9BDCE08E9CDCB5
:10FFC000E18E9DDCE28E9EDCE38E9FDCE48EA0DC85
:10FFD000E58E40DDE68E41DDE78E42DDE88E43DDD5
:10FFE000E98E44DDEA8E45DDEB8E46DDEC8E47DDA5
:10FFF000ED8E48DDEE8E49DDEF8E4ADDF08E4BDD75
:020000040802F0
:10000000F18E4CDDF28E4DDDF38E4EDDF48E4FDD44
:10001000F58E50DDF68E51DDF78E52DDF88E53DD14
:10002000F98E54DDFA8E55DDFB8E56DDFC8E57DDE4
:10003000FD8E58DDFE8E59DDFF8E5ADD008F5BDDB3
:10004000018F5CDD028F5DDD038F5EDD048F5FDD80
:10005000058F60DD068F61DD078F62DD088F63DD50
:10006000098F64DD0A8F65DD0B8F66DD0C8F67DD20
:100070000D8F68DD0E8F69DD0F8F6ADD108F6BDDF0
:10008000118F6CDD128F6DDD138F6EDD148F6FDDC0
:10009000158F70DD168F71DD178F72DD188F73DD90
:1000A000198F74DD1A8F75DD1B8F76DD1C8F77DD60
:1000B0001D8F78DD1E8F79DD1F8F7ADD208F7BDD30
:1000C000218F7CDD228F7DDD238F7EDD248F80DDFF
:1000D000258F81DD268F82DD278F83DD288F84DDCC
:1000E000298F85DD2A8F86DD2B8F87DD2C8F88DD9C
:1000F0002D8F89DD2E8F8ADD2F8F8BDD308F8CDD6C
:10010000318F8DDD328F8EDD338F8FDD348F90DD3B
:10011000358F91DD368F92DD378F93DD388F94DD0B
:10012000398F95DD3A8F96DD3B8F97DD3C8F98DDDB
:100130003D8F99DD3E8F9ADD3F8F9BDD408F9CDDAB
:10014000418F9DDD428F9EDD438F9FDD448FA0DD7B
:10015000458F40DE468F41DE478F42DE488F43DECB
:10016000498F44DE4A8F45DE4B8F46DE4C8F47DE9B
:100170004D8F48DE4E8F49DE4F8F4ADE508F4BDE6B
:10018000518F4CDE528F4DDE538F4EDE548F4FDE3B
:10019000558F50DE568F51DE578F52DE588F53DE0B
:1001A000598F54DE5A8F55DE5B8F56DE5C8F57DEDB
:1001B0005D8F58DE5E8F59DE5F8F5ADE608F5BDEAB
:1001C000618F5CDE628F5DDE638F5EDE648F5FDE7B
:1001D000658F60DE668FB5B3678FFED4688FECB92C
:1001E000698FF9D06A8F61DE6B8FEDE96C8FAAD7CA
:1001F0006D8FEEE96E8FD6C26F8FEDC8708FE4BA47
:10020000718FEFE9728FF0E9738FF1E9748FE1D6A6
:10021000758FF2E9768FF3E9778FF5E9788FF4E956
:10022000798FF6E97A8FF7E97B8FE1C77C8FF8E960
:100230007D8FD8D47E8FF9E97F8FCEBD808F62DE2F
:10024000818FFAE9828FFBE9838FCFBD848FFCE930
:10025000858FA8B8868FBEC1878FFDE9888FB2B120
:10026000898FD4BB8A8FF5B98B8FFEE98C8F63DEC3
:100270008D8FA1EA8E8FA2EA8F8FA3EA908FF8B7B5
:10028000918FADBC928F64DE938FE4CA948FCEE0E1
:10029000958FAFD4968FBDCF978FB7D5988FA4EA9F
:1002A000998FDED59A8FA5EA9B8FC1D09C8FBCB960
:1002B0009D8F65DE9E8FC7B49F8FD9B1A08F66DEFC
:1002C000A18F67DEA28F68DEA38FB1C0A48F69DE25
:1002D000A58F6ADEA68F6BDEA78F6CDEA88FE6B1D6
:1002E000A98FE7B1AA8F6DDEAB8FE8B1AC8F6EDE60
:1002F000AD8F6FDEAE8F70DEAF8F71DEB08FBDB3AE
:10030000B18FE8C8B28F72DEB38F73DEB48F74DE44
:10031000B58F75DEB68FC1E5B78F76DEB88F77DE25
:10032000B98FDFB1BA8F78DEBB8F79DEBC8F7ADE12
:10033000BD8FC9C1BE8FEFB4BF8F7BDEC08F7CDEA7
:10034000C18FA8C7C28FD8D3C38F7DDEC48FF9C633
:10035000C58FB8D1C68F7EDEC78FFDB9C88FF5C2F5
:10036000C98F80DECA8F81DECB8F82DECC8F83DEA9
:10037000CD8F84DECE8FADD3CF8F85DED08FCBD423
:10038000D18FFCBDD28F86DED38FC2E5D48FB5B7B7
:10039000D58FC3E5D68F87DED78F88DED88FB9BBE0
:1003A000D98FE2D5DA8F89DEDB8FF8BDDC8FB6D44A
:1003B000DD8FA5CEDE8FACC1DF8FD9B3E08F8ADEB3
:1003C000E18F8BDEE28FF6CCE38F8CDEE48FC6E527
:1003D000E58FC4E5E68FC8E5E78F8DDEE88FCAE5D7
:1003E000E98FC7E5EA8FCFB5EB8FC8C6EC8F8EDEFD
:1003F000ED8FFCB5EE8FC5E5EF8F8FDEF08FF6CA7F
:10040000F18F90DEF28F91DEF38FC9E5F48F92DEEB
:10041000F58F93DEF68F94DEF78FD4C3F88FC5B1D6
:10042000F98FA3BCFA8F95DEFB8F96DEFC8F97DEEB
:10043000FD8FB7D7FE8F98DEFF8F99DE0090CBCD72
:100440000190CDCB0290CACA0390D3CC0490CCE5E6
:100450000590CBE50690E6C407909ADE08909BDEF7
:100460000990A1D10A90B7D10B90CDE50C909CDEFC
:100470000D90D0E50E909DDE0F90B8CD1090F0D687
:100480001190CFE51290DDB513909EDE1490BECD95
:1004900015909FDE1690D1E51790BAB61890A0DEA1
:1004A000199040DF1A90A8CD1B90E4B91C9041DF51
:1004B0001D90C5CA1E90D1B31F90D9CB2090ECD40B
:1004C0002190D2E52290EAB7239042DF249043DFC7
:1004D000259044DF2690CEE5279045DF289046DF23
:1004E000299047DF2A9048DF2B9049DF2C904ADF84
:1004F0002D90D5E52E90FEB42F90D6E530904BDFB1
:1005000031904CDF32904DDF33904EDF34904FDF2F
:100510003590D3E53690D4E5379050DF3890DDD272
:10052000399051DF3A9052DF3B90DFC23C90C6B128
:100530003D9053DF3E90E2D33F9054DF409055DF33
:100540004190DDB64290ECCB439056DF4490D7E526
:10055000459057DF469058DF4790F6D3489059DFD3
:1005600049905ADF4A905BDF4B905CDF4C905DDF37
:100570004D90E9B14E905EDF4F90F4B65090DAE5C1
:100580005190D8E55290D9E55390C0B554905FDFB3
:10059000559060DF569061DF5790C5D25890DCE5EA
:1005A000599062DF5A9063DF5B90DEE55C9064DF18
:1005B0005D9065DF5E9066DF5F9067DF609068DF6B
:1005C000619069DF6290DDE56390B2C764906ADF95
:1005D0006590A3D266906BDF67906CDF6890DBE577
:1005E00069906DDF6A906EDF6B906FDF6C9070DFEB
:1005F0006D90E2D46E90DAD56F9071DF709072DFFB
:10060000719073DF729074DF739075DF7490E0E522
:100610007590F1D7769076DF779077DF789078DFF6
:10062000799079DF7A907ADF7B907BDF7C907CDF3A
:100630007D90E1E57E907DDF7F90DCB18090FBD105
:1006400081907EDF8290E2E58390E4E5849080DF14
:10065000859081DF869082DF879083DF8890E3E555
:10066000899084DF8A9085DF8B90E5E58C9086DF2A
:100670008D9087DF8E9088DF8F9089DF90908ADF62
:100680009190D8D292908BDF9390CBB594908CDFE1
:100690009590DFE796908DDF9790F5DA98908EDF52
:1006A0009990F8DA9A908FDF9B90F6DA9C9090DF21
:1006B0009D90F7DA9E9091DF9F9092DFA09093DF5C
:1006C000A190FADAA290CFD0A390C7C4A49094DFEF
:1006D000A59095DFA690EEB0A79096DFA89097DF43
:1006E000A99098DFAA90B0D0AB9099DFAC90F9DADE
:1006F000AD909ADFAE90CAD3AF90AABAB090A2DB09
:10070000B190F1C7B2909BDFB390FCDAB490FBDA02
:10071000B590DBC9B690FDDAB7909CDFB890A1DB4D
:10072000B990DED7BA90FEDABB90DAC1BC909DDFFB
:10073000BD909EDFBE90A5DBBF909FDFC090A0DF85
:10074000C190F4D3C29040E0C39041E0C490A7DBD5
:10075000C590A4DBC69042E0C790A8DBC89043E0F8
:10076000C99044E0CA90BCBDCB9045E0CC9046E037
:10077000CD9047E0CE90C9C0CF90A3DBD090A6DB50
:10078000D190A3D6D29048E0D390A9DBD49049E091
:10079000D5904AE0D6904BE0D790ADDBD8904CE0B6
:1007A000D9904DE0DA904EE0DB90AEDBDC90ACDB34
:1007B000DD90C2BADE904FE0DF9050E0E09051E073
:1007C000E190A4BFE290ABDBE39052E0E49053E011
:1007D000E59054E0E690AADBE790C7D4E890BFB27A
:1007E000E99055E0EA9056E0EB90AFDBEC9057E0F3
:1007F000ED90F9B9EE9058E0EF90B0DBF09059E051
:10080000F1905AE0F2905BE0F3905CE0F490BBB3BF
:10081000F5905DE0F6905EE0F7905FE0F890A6B5A9
:10082000F99060E0FA9061E0FB9062E0FC9063E098
:10083000FD90BCB6FE90B1DBFF9064E0009165E0F6
:10084000019166E00291F5B6039167E00491B2DB95
:10085000059168E0069169E007916AE008916BE014
:1008600009916CE00A916DE00B916EE00C916FE0E4
:100870000D9170E00E9171E00F9172E0109173E0B4
:10088000119174E0129175E0139176E0149177E084
:10089000159178E0169179E017917AE018917BE054
:1008A0001991C9B11A917CE01B917DE01C917EE009
:1008B0001D9180E01E91B4DB1F9181E0209182E0C8
:1008C000219183E02291B3DB2391B5DB249184E075
:1008D000259185E0269186E0279187E0289188E0A0
:1008E000299189E02A918AE02B918BE02C918CE070
:1008F0002D918DE02E918EE02F91B7DB30918FE01E
:100900003191B6DB329190E0339191E0349192E0F5
:10091000359193E0369194E0379195E0389196E0E7
:100920003991B8DB3A9197E03B9198E03C9199E09E
:100930003D919AE03E919BE03F919CE040919DE08B
:1009400041919EE042919FE04391B9DB4491A0E048
:10095000459140E14691BADB479141E1489142E13E
:100960004991CFD34A91FAF44B91F5C74C91C3D733
:100970004D91E4C54E91FCF44F91FDF45091FBF480
:10098000519143E15291C6BE539144E1549145E1E6
:10099000559146E1569147E15791EFD0589148E182
:1009A000599149E15A91D3B75B914AE15C914BE18E
:1009B0005D91CDD45E91AACC5F914CE160914DE107
:1009C0006191A2F56291A1F56391A8BA6491FEF4D8
:1009D0006591D6CB66914EE167914FE1689150E108
:1009E0006991A4F56A91D2C06B9151E16C91EAB31F
:1009F0006D9152E16E91AACD6F91A5F57091A3F51D
:100A00007191B4BD7291A8F5739153E17491A9F5F8
:100A10007591CDBD7691B8C37791E1BF7891E1CB67
:100A20007991AAF57A9154E17B9155E17C9156E157
:100A30007D91A6F57E91A7F57F91F0C4809157E155
:100A4000819158E1829159E183915AE184915BE16E
:100A50008591ACF586915CE18791BCB488915DE1AC
:100A60008991EDD78A915EE18B91D7B48C91ABF5EA
:100A70008D91AEF58E915FE18F9160E19091ADF532
:100A80009191AFF59291D1D0939161E1949162E10E
:100A9000959163E1969164E1979165E1989166E1A2
:100AA000999167E19A91D1C39B91A9C89C9168E102
:100AB0009D9169E19E916AE19F916BE1A0916CE14A
:100AC000A1916DE1A291B0F5A391B1F5A4916EE170
:100AD000A5916FE1A69170E1A79171E1A89172E1F2
:100AE000A99173E1AA91B2F5AB9174E1AC9175E172
:100AF000AD91B3F5AE91B4F5AF91B5F5B09176E1A6
:100B0000B19177E1B29178E1B39179E1B491B7F520
:100B1000B591B6F5B6917AE1B7917BE1B8917CE1F8
:100B2000B9917DE1BA91B8F5BB917EE1BC9180E1CC
:100B3000BD9181E1BE9182E1BF9183E1C09184E1E9
:100B4000C19185E1C29186E1C39187E1C49188E1B9
:100B5000C59189E1C6918AE1C791C9B2C8918BE17B
:100B6000C991D4D3CA91CDCACB918CE1CC91EFC0BD
:100B7000CD91D8D6CE91B0D2CF91BFC1D0918DE1D9
:100B8000D191F0BDD2918EE1D3918FE1D49190E1DA
:100B9000D59191E1D69192E1D79193E1D89194E1E9
:100BA000D99195E1DA9196E1DB9197E1DC91AAB8D0
:100BB000DD9198E1DE9199E1DF919AE1E0919BE18D
:100BC000E1919CE1E2919DE1E3919EE1E4919FE15D
:100BD000E591A0E1E69140E2E79141E2E89142E24D
:100BE000E99143E2EA9144E2EB9145E2EC9146E27D
:100BF000ED9147E2EE9148E2EF9149E2F0914AE24D
:100C0000F1914BE2F2914CE2F3914DE2F4914EE21C
:100C1000F5914FE2F69150E2F79151E2F89152E2EC
:100C2000F99153E2FA9154E2FB9155E2FC9156E2BC
:100C3000FD9157E2FE9158E2FF9159E200925AE28B
:100C400001925BE202925CE203925DE204925EE258
:100C500005925FE2069260E2079261E2089262E228
:100C6000099263E20A9264E20B9265E20C9266E2F8
:100C70000D9267E20E9268E20F9269E210926AE2C8
:100C800011926BE212926CE213926DE214926EE298
:100C900015926FE2169270E2179271E2189272E268
:100CA000199273E21A9274E21B9275E21C9276E238
:100CB0001D9277E21E9278E21F9279E220927AE208
:100CC00021927BE222927CE223927DE224927EE2D8
:100CD000259280E2269281E2279282E2289283E2A4
:100CE000299284E22A9285E22B9286E22C9287E274
:100CF0002D9288E22E9289E22F928AE230928BE244
:100D000031928CE232928DE233928EE234928FE213
:100D1000359290E2369291E2379292E2389293E2E3
:100D2000399294E23A9295E23B9296E23C9297E2B3
:100D30003D9298E23E9299E23F929AE240929BE283
:100D400041929CE242929DE243929EE244929FE253
:100D50004592A0E2469240E3479241E3489242E343
:100D6000499243E34A9244E34B9245E34C9246E373
:100D70004D9247E34E9248E34F9249E350924AE343
:100D800051924BE352924CE353924DE354924EE313
:100D900055924FE3569250E3579251E3589252E3E3
:100DA000599253E35A9254E35B9255E35C9256E3B3
:100DB0005D9257E35E9258E35F9259E360925AE383
:100DC00061925BE362925CE363925DE364925EE353
:100DD00065925FE3669260E3679261E3689262E323
:100DE000699263E36A9264E36B9265E36C9266E3F3
:100DF0006D9267E36E9268E36F9269E370926AE3C3
:100E000071926BE372926CE373926DE37492F8BC2F
:100E100075926EE376926FE3779270E3789271E366
:100E2000799272E37A9273E37B9274E37C9275E336
:100E30007D9276E37E9277E37F9278E3809279E306
:100E400081927AE382927BE383927CE384927DE3D6
:100E500085927EE3869280E3879281E3889282E3A3
:100E6000899283E38A9284E38B9285E38C9286E372
:100E70008D9287E38E92C6F68F9288E3909289E3F3
:100E800091928AE392928BE393928CE394928DE316
:100E900095928EE396928FE3979290E3989291E3E6
:100EA000999292E39A9293E39B9294E39C9295E3B6
:100EB0009D9296E39E9297E39F9298E3A09299E386
:100EC000A1929AE3A2929BE3A3929CE3A4929DE356
:100ED000A5929EE3A6929FE3A792A0E3A89240E486
:100EE000A99241E4AA9242E4AB9243E4AC9244E476
:100EF000AD9245E4AE92C7F6AF9246E4B09247E4B5
:100F0000B19248E4B29249E4B3924AE4B4924BE419
:100F1000B5924CE4B6924DE4B7924EE4B8924FE4E9
:100F2000B99250E4BA9251E4BB9252E4BC9253E4B9
:100F3000BD9254E4BE9255E4BF9256E4C09257E489
:100F4000C19258E4C29259E4C3925AE4C4925BE459
:100F5000C5925CE4C6925DE4C7925EE4C892C8F6AE
:100F6000C9925FE4CA9260E4CB9261E4CC9262E4FD
:100F7000CD9263E4CE9264E4CF9265E4D09266E4CD
:100F8000D19267E4D29268E4D39269E4D4926AE49D
:100F9000D5926BE4D6926CE4D7926DE4D8926EE46D
:100FA000D9926FE4DA9270E4DB9271E4DC9272E43D
:100FB000DD9273E4DE9274E4DF9275E4E09276E40D
:100FC000E19277E4E29278E4E39279E4E4927AE4DD
:100FD000E5927BE4E6927CE4E7927DE4E8927EE4AD
:100FE000E99280E4EA9281E4EB9282E4EC9283E479
:100FF000ED9284E4EE9285E4EF9286E4F09287E449
:10100000F19288E4F29289E4F3928AE4F4928BE418
:10101000F5928CE4F6928DE4F7928EE4F8928FE4E8
:10102000F99290E4FA9291E4FB9292E4FC9293E4B8
:10103000FD9294E4FE9295E4FF9296E4009397E487
:10104000019398E4029399E403939AE404939BE454
:1010500005939CE406939DE407939EE408939FE424
:101060000993A0E40A9340E50B9341E50C9342E514
:101070000D9343E50E9344E50F9345E5109346E544
:10108000119347E5129348E5139349E514934AE514
:1010900015934BE516934CE517934DE518934EE5E4
:1010A00019934FE51A9350E51B9351E51C9352E5B4
:1010B0001D9353E51E9354E51F9355E5209356E584
:1010C000219357E5229358E5239359E524935AE554
:1010D00025935BE526935CE527935DE528935EE524
:1010E00029935FE52A9360E52B9361E52C9362E5F4
:1010F0002D9363E52E9364E52F9365E5309366E5C4
:10110000319367E5329368E5339369E534936AE593
:1011100035936BE536936CE537936DE538936EE563
:1011200039936FE53A9370E53B9371E53C9372E533
:101130003D9373E53E93C9F63F9374E5409375E59F
:10114000419376E5429377E5439378E5449379E5D7
:1011500045937AE546937BE547937CE548937DE5A7
:1011600049937EE54A9380E54B9381E54C9382E574
:101170004D9383E54E9384E54F9385E5509386E543
:10118000519387E5529388E5539389E554938AE513
:1011900055938BE556938CE557938DE558938EE5E3
:1011A00059938FE55A9390E55B9391E55C9392E5B3
:1011B0005D9393E55E9394E55F9395E5609396E583
:1011C000619397E5629398E5639399E564939AE553
:1011D00065939BE566939CE567939DE568939EE523
:1011E00069939FE56A93CAF66B93A0E56C9340E61A
:1011F0006D9341E66E9342E66F9343E6709344E647
:10120000719345E6729346E6739347E6749348E616
:10121000759349E676934AE677934BE678934CE6E6
:1012200079934DE67A934EE67B934FE67C9350E6B6
:101230007D9351E67E9352E67F9353E6809354E686
:10124000819355E6829356E6839357E6849358E656
:10125000859359E686935AE687935BE688935CE626
:1012600089935DE68A935EE68B935FE68C9360E6F6
:101270008D9361E68E9362E68F93CCF6909363E64E
:10128000919364E6929365E6939366E6949367E69A
:10129000959368E6969369E697936AE698936BE66A
:1012A00099936CE69A936DE69B936EE69C936FE63A
:1012B0009D9370E69E9371E69F9372E6A09373E60A
:1012C000A19374E6A29375E6A39376E6A49377E6DA
:1012D000A59378E6A69379E6A7937AE6A8937BE6AA
:1012E000A9937CE6AA937DE6AB937EE6AC9380E679
:1012F000AD9381E6AE9382E6AF9383E6B09384E646
:10130000B19385E6B29386E6B39387E6B49388E615
:10131000B59389E6B6938AE6B7938BE6B8938CE6E5
:10132000B9938DE6BA938EE6BB938FE6BC9390E6B5
:10133000BD9391E6BE9392E6BF9393E6C09394E685
:10134000C19395E6C29396E6C39397E6C49398E655
:10135000C59399E6C6939AE6C7939BE6C8939CE625
:10136000C9939DE6CA93CBF6CB939EE6CC939FE6BA
:10137000CD93A0E6CE9340E7CF9341E7D09342E7E9
:10138000D19343E7D29344E7D39345E7D49346E719
:10139000D59347E7D693E9F7D79348E7D89349E73A
:1013A000D9934AE7DA934BE7DB934CE7DC934DE7BD
:1013B000DD934EE7DE934FE7DF9350E7E09351E78D
:1013C000E19352E7E29353E7E39354E7E49355E75D
:1013D000E59356E7E69357E7E79358E7E89359E72D
:1013E000E9935AE7EA935BE7EB935CE7EC935DE7FD
:1013F000ED935EE7EE935FE7EF9360E7F09361E7CD
:10140000F19362E7F29363E7F39364E7F49365E79C
:10141000F59366E7F69367E7F79368E7F89369E76C
:10142000F9936AE7FA936BE7FB936CE7FC936DE73C
:10143000FD936EE7FE936FE7FF9370E7009471E70B
:10144000019472E7029473E7039474E7049475E7D8
:10145000059476E7069477E7079478E7089479E7A8
:1014600009947AE70A947BE70B947CE70C947DE778
:101470000D947EE70E9480E70F9481E7109482E745
:10148000119483E7129484E7139485E7149486E714
:10149000159487E7169488E7179489E718948AE7E4
:1014A00019948BE71A948CE71B948DE71C948EE7B4
:1014B0001D948FE71E9490E71F9491E7209492E784
:1014C000219493E7229494E7239495E7249496E754
:1014D000259497E7269498E7279499E728949AE724
:1014E00029949BE72A949CE72B949DE72C949EE7F4
:1014F0002D949FE72E94A0E72F9440E8309441E884
:10150000319442E8329443E8339444E8349445E813
:10151000359446E8369447E8379448E8389449E8E3
:1015200039944AE83A944BE83B944CE83C944DE8B3
:101530003D944EE83E94CDF63F944FE8409450E8F9
:10154000419451E8429452E8439453E8449454E857
:10155000459455E8469456E8479457E8489458E827
:10156000499459E84A945AE84B945BE84C945CE8F7
:101570004D945DE84E945EE84F945FE8509460E8C7
:10158000519461E8529462E8539463E8549464E897
:10159000559465E8569466E8579467E8589468E867
:1015A000599469E85A946AE85B946BE85C946CE837
:1015B0005D946DE85E946EE85F946FE8609470E807
:1015C000619471E8629472E8639473E8649474E8D7
:1015D000659475E8669476E8679477E8689478E8A7
:1015E000699479E86A947AE86B94CEF66C947BE817
:1015F0006D947CE86E947DE86F947EE8709480E84A
:10160000719481E8729482E8739483E8749484E816
:10161000759485E8769486E8779487E8789488E8E6
:10162000799489E87A948AE87B948BE87C948CE8B6
:101630007D948DE87E948EE87F948FE8809490E886
:10164000819491E8829492E8839493E8849494E856
:101650008594C4EE8694C5EE8794C6EE8894EBD547
:101660008994A4B68A94C8EE8B94C7EE8C94C9EE84
:101670008D94CAEE8E94A5C78F94CBEE9094CCEE49
:10168000919495E89294B0B79394F6B59494CDEE76
:101690009594CFEE969496E89794CEEE989497E82A
:1016A0009994C6B89A94D0EE9B94D1EE9C94D2EEC5
:1016B0009D94DBB69E94AEB39F94D3D6A094C6C43B
:1016C000A194B5B1A294D6B8A394D3EEA494D4EEC9
:1016D000A594BFD4A694D5C7A794FBBEA894D9CE91
:1016E000A994B3B9AA94D6EEAB94D5EEAC94D8EE47
:1016F000AD94D7EEAE94A5C5AF94D9EEB094DAEE22
:10170000B194AEC7B294DBEEB394AFC7B494DCEE41
:10171000B594A7B2B694DDEEB794DEEEB894DFEEE2
:10172000B994E0EEBA94E1EEBB94EAD7BC94E2EE51
:10173000BD94E3EEBE94D8BCBF94E4EEC094CBD38A
:10174000C194FACCC294ACB2C394E5C1C494E5EEA2
:10175000C594A6C7C694ADC3C79498E8C894E6EEEE
:10176000C994E7EECA94E8EECB94E9EECC94EAEEA5
:10177000CD94EBEECE94ECEECF9499E8D094EDEED0
:10178000D194EEEED294EFEED3949AE8D4949BE801
:10179000D594F0EED694F1EED794F2EED894F4EE20
:1017A000D994F3EEDA949CE8DB94F5EEDC94ADCDBD
:1017B000DD94C1C2DE94F6EEDF94F7EEE094F8EE2D
:1017C000E194A1D5E294F9EEE394B3CFE494FAEE78
:1017D000E594FBEEE6949DE8E794FCEEE894FDEEDC
:1017E000E994A1EFEA94FEEEEB94A2EFEC94F5B845
:1017F000ED94FAC3EE94A3EFEF94A4EFF094C2BD7E
:10180000F194BFD2F294F9B2F394A5EFF494A6EF59
:10181000F594A7EFF694F8D2F794A8EFF894FDD6D4
:10182000F994A9EFFA94CCC6FB949EE8FC94AAEF35
:10183000FD94ABEFFE94B4C1FF94ACEF0095FACFEA
:101840000195F8CB0295AEEF0395ADEF0495FAB391
:101850000595F8B90695AFEF0795B0EF0895E2D07A
:101860000995B1EF0A95B2EF0B95E6B70C95BFD08D
:101870000D95B3EF0E95B4EF0F95B5EF1095F1C838
:101880001195E0CC1295B6EF1395B7EF1495B8EF1C
:101890001595B9EF1695BAEF1795E0D51895BBEFEA
:1018A0001995EDB41A95AAC31B95BCEF1C959FE83A
:1018B0001D95BDEF1E95BEEF1F95BFEF2095A0E8CB
:1018C0002195FDCE2295C0EF2395E0C22495B8B4B2
:1018D0002595B6D72695F5BD279540E92895C7CF1C
:1018E0002995C3EF2A95C1EF2B95C2EF2C95C4EF34
:1018F0002D95A7B62E95FCBC2F95E2BE3095CCC396
:101900003195C5EF3295C6EF339541E93495C7EF70
:101910003595CFEF3695C8EF3795C9EF3895CAEFB3
:101920003995C2C73A95F1EF3B95CDB63C95CBEFD3
:101930003D9542E93E95CCEF3F95CDEF4095C6B63B
:101940004195BEC34295CEEF439543E94495D0EF10
:101950004595D1EF4695D2EF4795F2D5489544E9A4
:101960004995D3EF4A95F7C44B9545E94C95D4EF8B
:101970004D95F8C44E95D5EF4F95D6EF5095E4B8F8
:101980005195F7B05295D7EF5395D8EF5495D9EFBD
:10199000559546E95695DAEF5795DBEF5895DCEF0C
:1019A0005995DDEF5A9547E95B95DEEF5C95B5BE3D
:1019B0005D95E1EF5E95DFEF5F95E0EF609548E9BB
:1019C0006195E2EF6295E3EF6395CDC16495E4EF35
:1019D0006595E5EF6695E6EF6795E7EF6895E8EFC3
:1019E0006995E9EF6A95EAEF6B95EBEF6C95ECEF93
:1019F0006D95D8C06E9549E96F95EDEF7095ADC1C5
:101A00007195EEEF7295EFEF7395F0EF74954AE9EB
:101A100075954BE97695E2CF77954CE978954DE948
:101A200079954EE97A954FE97B9550E97C9551E996
:101A30007D9552E97E9553E97F95A4B3809554E94D
:101A4000819555E9829556E9839557E9849558E93A
:101A5000859559E986955AE987955BE988955CE90A
:101A600089955DE98A955EE98B955FE98C9560E9DA
:101A70008D9561E98E9562E98F9563E9909564E9AA
:101A8000919565E9929566E9939567E9949568E97A
:101A9000959569E996956AE997956BE998956CE94A
:101AA00099956DE99A956EE99B956FE99C9570E91A
:101AB0009D9571E99E9572E99F9573E9A09574E9EA
:101AC000A19575E9A29576E9A39577E9A49578E9BA
:101AD000A59579E9A6957AE9A7957BE9A8957CE98A
:101AE000A9957DE9AA957EE9AB9580E9AC9581E958
:101AF000AD9582E9AE9583E9AF9584E9B09585E926
:101B0000B19586E9B29587E9B39588E9B49589E9F5
:101B1000B5958AE9B6958BE9B7958CE9B8958DE9C5
:101B2000B9958EE9BA958FE9BB9590E9BC9591E995
:101B3000BD9592E9BE9593E9BF9594E9C09595E965
:101B4000C19596E9C29597E9C39598E9C49599E935
:101B5000C5959AE9C6959BE9C7959CE9C8959DE905
:101B6000C9959EE9CA959FE9CB95A0E9CC9540EA35
:101B7000CD9541EACE9542EACF9543EAD09544EA25
:101B8000D19545EAD29546EAD39547EAD49548EAF5
:101B9000D59549EAD6954AEAD7954BEAD8954CEAC5
:101BA000D9954DEADA954EEADB954FEADC9550EA95
:101BB000DD9551EADE9552EADF9553EAE09554EA65
:101BC000E19555EAE29556EAE39557EAE49558EA35
:101BD000E59559EAE6955AEAE7955BEAE895C5C3C3
:101BE000E995C5E3EA95C1C9EB95C6E3EC955CEAD6
:101BF000ED95D5B1EE95CACEEF95B3B4F095F2C898
:101C0000F195C7E3F295D0CFF395C8E3F495E4BC22
:101C1000F595C9E3F695CAE3F795C6C3F895A2D53D
:101C2000F995D6C4FA95EBB9FB95C5CEFC95CBE3F7
:101C3000FD95F6C3FE95CCE3FF955DEA0096A7B748
:101C40000196F3B80296D2BA0396CDE30496CEE39A
:101C50000596C4D40696CFE307965EEA0896D0E3CD
:101C60000996CBD10A96D1E30B96D2E30C96D3E337
:101C70000D96D4E30E96D6D10F96D5E31096FBB20F
:101C80001196BBC01296D6E313965FEA1496ABC0CA
:101C90001596D7E31696D8E31796D9E3189660EA17
:101CA0001996DAE31A96DBE31B9661EA1C96B7B83D
:101CB0001D96E2DA1E9662EA1F96D3B6209663EA74
:101CC0002196E4DA2296E3DA239664EA249665EA1A
:101CD000259666EA269667EA279668EA289669EACC
:101CE00029966AEA2A96E6DA2B966BEA2C966CEA33
:101CF0002D966DEA2E96EEC82F966EEA30966FEA14
:101D00003196E5DA3296C0B73396F4D13496F5D2EF
:101D10003596F3D53696D7BD379670EA389671EA80
:101D2000399672EA3A9673EA3B96E8D73C96E8DA37
:101D30003D96E7DA3E9674EA3F96A2B04096D3CD40
:101D4000419675EA4296E9DA439676EA4496BDB83A
:101D50004596CABC4696BDC24796A4C24896C2B331
:101D60004996EADA4A9677EA4B96AAC24C96B0C4EC
:101D70004D96B5BD4E9678EA4F9679EA5096DECFED
:101D800051967AEA52967BEA53967CEA5496EBDABD
:101D90005596C2C956967DEA57967EEA589680EACD
:101DA000599681EA5A9682EA5B96DDB15C9683EA9F
:101DB0005D9684EA5E9685EA5F96ECDA609686EA3E
:101DC0006196B8B66296BAD4639687EA6496FDB314
:101DD000659688EA669689EA6796EDDA6896C9D4C8
:101DE0006996D5CF6A96E3C56B968AEA6C96EEDA69
:101DF0006D968BEA6E968CEA6F968DEA70968EEAF7
:101E000071968FEA7296EFDA739690EA7496F0DA2A
:101E10007596EAC17696D5CC7796DDCF789691EA1D
:101E2000799692EA7A9693EA7B9694EA7C9695EA7A
:101E30007D9696EA7E9697EA7F9698EA809699EA4A
:101E400081969AEA82969BEA83969CEA84969DEA1A
:101E50008596E7D38696A1C287969EEA8896F1DAA0
:101E600089969FEA8A96A0EA8B96E5CB8C9640EB02
:101E70008D96F2DA8E9641EB8F96E6CB9096FED257
:101E8000919642EB929643EB939644EB9496F4B87A
:101E9000959645EB969646EB9796F3DA9896AFB003
:101EA0009996B6CF9A9647EB9B9648EB9C96CFD5E2
:101EB0009D9649EB9E964AEB9F964BEBA0964CEB7A
:101EC000A1964DEBA2964EEBA3964FEBA49650EB4A
:101ED000A59651EBA69652EBA796EDCBA89653EBA1
:101EE000A99654EBAA9655EBAB9656EBAC9657EBEE
:101EF000AD9658EBAE9659EBAF965AEBB096F4DA36
:101F0000B1965BEBB2965CEBB396C4E3B4965DEB33
:101F1000B5965EEBB696A5C1B7965FEBB89660EB4B
:101F2000B996BFF6BA9661EBBB9662EBBC96C0F66B
:101F3000BD96C1F6BE96D1C4BF9663EBC096B8C835
:101F4000C196E3D1C29664EBC39665EBC496DBD031
:101F5000C596C5D1C696AFBCC796CDB9C89666EB37
:101F6000C996F4EFCA9667EBCB9668EBCC96C6B4ED
:101F7000CD96BAD3CE96C2F6CF96FBB3D09669EB88
:101F8000D1966AEBD296C3F6D3966BEBD4966CEBF4
:101F9000D596F1B5D6966DEBD7966EEBD8966FEBDE
:101FA000D99670EBDA9671EBDB9672EBDC9673EBFD
:101FB000DD9674EBDE9675EBDF9676EBE096C5F674
:101FC000E19677EBE29678EBE39679EBE4967AEBA1
:101FD000E5967BEBE6967CEBE7967DEBE896EAD31D
:101FE000E996A7F6EA96A9D1EB967EEBEC9680EB04
:101FF000ED9681EBEE9682EBEF96A9F6F09683EBE9
:10200000F19684EBF29685EBF396A8F6F49686EBC0
:10201000F59687EBF696E3C1F796D7C0F89688EB6E
:10202000F996A2B1FA9689EBFB968AEBFC968BEBBC
:10203000FD968CEBFE96EDCEFF968DEB0097E8D0EB
:102040000197ABF602978EEB03978FEB0497F6CFD1
:10205000059790EB0697AAF60797F0D50897ACF688
:102060000997B9C30A9791EB0B9792EB0C9793EBF7
:102070000D97F4BB0E97AEF60F97ADF6109794EB55
:10208000119795EB129796EB1397DEC4149797EB85
:10209000159798EB1697D8C1179799EB18979AEB65
:1020A00019979BEB1A979CEB1B979DEB1C97AACB60
:1020B0001D979EEB1E97BCCF1F979FEB2097A0EB21
:1020C000219740EC229741EC239742EC249743EC74
:1020D000259744EC269745EC279746EC289747EC44
:1020E000299748EC2A97AFF62B9749EC2C974AECA6
:1020F0002D97B0F62E974BEC2F974CEC3097B1F60E
:1021000031974DEC3297B6C233974EEC34974FEC83
:10211000359750EC369751EC379752EC3897D4B04E
:102120003997F9C53A9753EC3B9754EC3C9755ECEB
:102130003D9756EC3E97B2F63F9757EC409758ECD8
:10214000419759EC42975AEC43975BEC44975CEC0F
:1021500045975DEC46975EEC47975FEC489760ECDF
:10216000499761EC4A9762EC4B9763EC4C9764ECAF
:102170004D9765EC4E9766EC4F9767EC509768EC7F
:10218000519769EC5297E0C75397A6F654976AECBB
:1021900055976BEC5697B8BE57976CEC58976DEC0B
:1021A0005997B2BE5A976EEC5B97E5B55C976FECAA
:1021B0005D9770EC5E97C7B75F9771EC6097BFBF94
:1021C0006197D2C36297E6C3639772EC649773EC2E
:1021D0006597CCD8669774EC679775EC689776EC42
:1021E0006997EFB86A9777EC6B9778EC6C9779EC16
:1021F0006D977AEC6E977BEC6F977CEC70977DEC2B
:1022000071977EEC729780EC7397F9BD7497A5D1A6
:10221000759781EC7697D0B0779782EC789783ECBE
:10222000799784EC7A9785EC7B9786EC7C97B0F76E
:102230007D9787EC7E9788EC7F9789EC80978AEC76
:1022400081978BEC82978CEC83978DEC84978EEC46
:102250008597B1F786978FEC879790EC889791ECEC
:10226000899792EC8A9793EC8B97ACD08C9794ECEF
:102270008D97B0B08E9795EC8F9796EC909797ECE2
:102280009197B2F79297B3F7939798EC9497B4F726
:10229000959799EC96979AEC97979BEC9897CAC765
:1022A00099979CEC9A979DEC9B979EEC9C979FEC42
:1022B0009D97A0EC9E9740ED9F9741EDA097CFBED4
:1022C000A19742EDA29743EDA397B7F7A49744EDEA
:1022D000A59745EDA69746EDA79747EDA89748ED3A
:1022E000A99749EDAA974AEDAB97B6F7AC974BED96
:1022F000AD97DEB1AE974CEDAF97B5F7B0974DED1A
:10230000B1974EEDB297B8F7B3974FEDB497B9F7D1
:10231000B59750EDB69751EDB79752EDB89753ED8D
:10232000B99754EDBA9755EDBB9756EDBC9757ED5D
:10233000BD9758EDBE9759EDBF975AEDC0975BED2D
:10234000C1975CEDC2975DEDC3975EEDC4975FEDFD
:10235000C59760EDC69761EDC79762EDC89763EDCD
:10236000C99764EDCA9765EDCB9766EDCC9767ED9D
:10237000CD9768EDCE9769EDCF976AEDD0976BED6D
:10238000D1976CEDD2976DEDD3976EEDD4976FED3D
:10239000D59770EDD69771EDD79772EDD89773ED0D
:1023A000D99774EDDA9775EDDB9776EDDC9777EDDD
:1023B000DD9778EDDE9779EDDF977AEDE0977BEDAD
:1023C000E1977CEDE2977DEDE3977EEDE49780ED7C
:1023D000E59781EDE697A4CEE797CDC8E89782ED23
:1023E000E997ABBAEA97B8E8EB97B9E8EC97BAE89F
:1023F000ED97C2BEEE9783EDEF9784EDF09785EDF4
:10240000F19786EDF29787EDF397F4D2F49788ED84
:10241000F597CFD4F697D8C9F79789EDF8978AED55
:10242000F9978BEDFA978CEDFB978DEDFC978EED80
:10243000FD978FEDFE9790EDFF9791ED009892ED4F
:10244000019893ED029894ED039895ED049896ED1C
:10245000059897ED069898ED079899ED08989AEDEC
:1024600009989BED0A989CED0B989DED0C989EEDBC
:102470000D989FED0E98A0ED0F9840EE109841EE4C
:10248000119842EE129843EE139844EE149845EEDC
:10249000159846EE169847EE179848EE189849EEAC
:1024A00019984AEE1A984BEE1B984CEE1C984DEE7C
:1024B0001D984EEE1E984FEE1F9850EE209851EE4C
:1024C000219852EE229853EE239854EE249855EE1C
:1024D000259856EE269857EE279858EE289859EEEC
:1024E00029985AEE2A985BEE2B985CEE2C985DEEBC
:1024F0002D985EEE2E985FEE2F9860EE309861EE8C
:10250000319862EE329863EE339864EE349865EE5B
:10251000359866EE369867EE379868EE389869EE2B
:1025200039986AEE3A986BEE3B986CEE3C986DEEFB
:102530003D986EEE3E986FEE3F9870EE409871EECB
:10254000419872EE429873EE439874EE449875EE9B
:10255000459876EE469877EE479878EE489879EE6B
:1025600049987AEE4A987BEE4B987CEE4C987DEE3B
:102570004D987EEE4E9880EE4F9881EE509882EE08
:10258000519883EE529884EE539885EE549886EED7
:10259000559887EE569888EE579889EE58988AEEA7
:1025A00059988BEE5A988CEE5B988DEE5C988EEE77
:1025B0005D988FEE5E9890EE5F9891EE609892EE47
:1025C000619893EE629894EE639895EE649896EE17
:1025D000659897EE669898EE679899EE68989AEEE7
:1025E00069989BEE6A989CEE6B989DEE6C989EEEB7
:1025F0006D989FEE6E98A0EE6F9840EF709841EF47
:10260000719842EF729843EF739844EF749845EFD6
:102610007598B3D27698A5B67798EAC77898FCF102
:102620007998EECF7A98B3CB7B98EBD07C98EFE794
:102630007D98E7CD7E98CBB97F98D9B68098FDF18B
:102640008198E4B08298CCCB8398FEF18498A4D48E
:102650008598ADC28698ECC18798C4C68898B1BEEB
:102660008998A1F28A98D5BC8B9846EF8C98A2F2F3
:102670008D98A3F28E9847EF8F98A4F29098C3D2CA
:102680009198B5C6929848EF9398C7CD9498A5F2C3
:10269000959849EF9698B1D39798C5BF9898E2CC92
:1026A00099984AEF9A98A6F29B98A7F29C98D5D150
:1026B0009D98EEB69E98A8F29F98A9F2A098DFB5D3
:1026C000A198AAF2A298ABF2A3984BEFA498FCB2FF
:1026D000A598ACF2A698ADF2A798A7C8A8984CEF19
:1026E000A9984DEFAA984EEFAB984FEFAC9850EFEA
:1026F000AD9851EFAE9852EFAF9853EFB09854EFBA
:10270000B19855EFB29856EFB39857EFB49858EF89
:10271000B59859EFB6985AEFB7985BEFB8985CEF59
:10272000B9985DEFBA985EEFBB985FEFBC9860EF29
:10273000BD9861EFBE9862EFBF9863EFC09864EFF9
:10274000C19865EFC29866EFC39867EFC49868EFC9
:10275000C59869EFC6986AEFC7986BEFC8986CEF99
:10276000C9986DEFCA986EEFCB986FEFCC9870EF69
:10277000CD9871EFCE98E7B7CF9872EFD09873EFFE
:10278000D198A9ECD298AAECD398ABECD49874EF7A
:10279000D598ACECD69875EFD79876EFD898AEC6AA
:1027A000D998ADECDA98AEECDB9877EFDC9878EF5F
:1027B000DD9879EFDE98C9B7DF98B3CAE0987AEF71
:1027C000E1987BEFE2987CEFE3987DEFE4987EEF71
:1027D000E59880EFE69881EFE798B8E2E898CFF7C0
:1027E000E99882EFEA9883EFEB9884EFEC9885EF15
:1027F000ED9886EFEE9887EFEF9888EFF09889EFE5
:10280000F1988AEFF2988BEFF3988CEFF4988DEFB4
:10281000F5988EEFF6988FEFF79890EFF89891EF84
:10282000F99892EFFA9893EFFB9894EFFC9895EF54
:10283000FD9896EFFE9897EFFF9898EF009999EF23
:1028400001999AEF02999BEF03999CEF04999DEFF0
:1028500005999EEF06999FEF0799A0EF089940F020
:10286000099941F00A9942F00B9943F00C9944F010
:102870000D99D0F70E9945F00F9946F01099CDB209
:10288000119947F0129948F0139949F014994AF0B8
:1028900015994BF016994CF017994DF018994EF088
:1028A00019994FF01A9950F01B9951F01C9952F058
:1028B0001D9953F01E9954F01F9955F0209956F028
:1028C000219957F0229958F0239959F024995AF0F8
:1028D00025995BF026995CF027995DF028995EF0C8
:1028E00029995FF02A9960F02B9961F02C9962F098
:1028F0002D9963F02E99D1F72F9964F0309965F0F6
:10290000319966F0329967F0339968F0349969F03B
:1029100035996AF036996BF037996CF038996DF00B
:1029200039996EF03A996FF03B9970F03C9971F0DB
:102930003D9972F03E9973F03F9974F0409975F0AB
:10294000419976F0429977F0439978F0449979F07B
:1029500045997AF046997BF047997CF048997DF04B
:1029600049997EF04A9980F04B9981F04C9982F018
:102970004D9983F04E9984F04F9985F0509986F0E7
:10298000519987F0529988F0539989F05499D3F767
:102990005599D2F756998AF057998BF058998CF03F
:1029A00059998DF05A998EF05B998FF05C9990F05F
:1029B0005D9991F05E9992F05F9993F0609994F02F
:1029C000619995F0629996F06399BBE2649997F0EA
:1029D0006599A2BC669998F06799BCE26899BDE2D6
:1029E0006999BEE26A99BFE26B99C0E26C99C1E253
:1029F0006D99B9B76E99FBD26F99A4BD7099CECA83
:102A00007199A5B17299C7CB739999F07499C2E283
:102A10007599FCB67699C4C87799C3E278999AF00B
:102A200079999BF07A99C8BD7B999CF07C99FDB10E
:102A30007D99C4E27E999DF07F99F6B68099C5E2B2
:102A40008199D9C482999EF083999FF08499C6E2B6
:102A50008599DACF8699DDB98799C7E28899A1C0AF
:102A60008999A0F08A99C8E28B99F6B28C9940F1C5
:102A70008D99C9E28E9941F18F99F3C19099CAE27B
:102A80009199CBE29299F8C29399CCE29499CDE2D4
:102A90009599CEE29699D7CA9799B8D89899E5D9D9
:102AA0009999E3CF9A9942F19B9943F19C9944F10A
:102AB0009D9945F19E9946F19F9947F1A09948F15A
:102AC000A19949F1A2994AF1A3994BF1A4994CF12A
:102AD000A599A5F0A6994DF1A7994EF1A899B0DC5A
:102AE000A9994FF1AA9950F1AB9951F1AC9952F1D2
:102AF000AD9953F1AE9954F1AF9955F1B09956F1A2
:102B0000B19957F1B29958F1B39959F1B4995AF171
:102B1000B5995BF1B6995CF1B7995DF1B8995EF141
:102B2000B9995FF1BA9960F1BB9961F1BC9962F111
:102B3000BD9963F1BE9964F1BF9965F1C09966F1E1
:102B4000C19967F1C29968F1C39969F1C4996AF1B1
:102B5000C5996BF1C6996CF1C7996DF1C8996EF181
:102B6000C9996FF1CA9970F1CB9971F1CC9972F151
:102B7000CD9973F1CE9974F1CF9975F1D09976F121
:102B8000D19977F1D29978F1D39979F1D4997AF1F1
:102B9000D5997BF1D6997CF1D7997DF1D8997EF1C1
:102BA000D99980F1DA9981F1DB9982F1DC9983F18D
:102BB000DD9984F1DE9985F1DF9986F1E09987F15D
:102BC000E19988F1E29989F1E3998AF1E4998BF12D
:102BD000E5998CF1E6998DF1E7998EF1E8998FF1FD
:102BE000E99990F1EA9991F1EB9992F1EC9993F1CD
:102BF000ED9994F1EE9995F1EF9996F1F09997F19D
:102C0000F19998F1F29999F1F3999AF1F4999BF16C
:102C1000F5999CF1F6999DF1F7999EF1F8999FF13C
:102C2000F999A0F1FA9940F2FB9941F2FC9942F22C
:102C3000FD9943F2FE9944F2FF9945F2009A46F25B
:102C4000019A47F2029A48F2039A49F2049A4AF228
:102C5000059A4BF2069A4CF2079A4DF2089A4EF2F8
:102C6000099A4FF20A9A50F20B9A51F20C9A52F2C8
:102C70000D9A53F20E9A54F20F9A55F2109A56F298
:102C8000119A57F2129A58F2139A59F2149A5AF268
:102C9000159A5BF2169A5CF2179A5DF2189A5EF238
:102CA000199A5FF21A9A60F21B9A61F21C9A62F208
:102CB0001D9A63F21E9A64F21F9A65F2209A66F2D8
:102CC000219A67F2229A68F2239A69F2249A6AF2A8
:102CD000259A6BF2269A6CF2279A6DF2289A6EF278
:102CE000299A6FF22A9A70F22B9A71F22C9A72F248
:102CF0002D9A73F22E9A74F22F9A75F2309A76F218
:102D0000319A77F2329A78F2339A79F2349A7AF2E7
:102D1000359A7BF2369A7CF2379A7DF2389A7EF2B7
:102D2000399A80F23A9A81F23B9A82F23C9A83F283
:102D30003D9A84F23E9A85F23F9A86F2409A87F253
:102D4000419A88F2429A89F2439A8AF2449A8BF223
:102D5000459A8CF2469A8DF2479A8EF2489A8FF2F3
:102D6000499A90F24A9A91F24B9A92F24C9A93F2C3
:102D70004D9A94F24E9A95F24F9A96F2509A97F293
:102D8000519A98F2529A99F2539A9AF2549A9BF263
:102D9000559A9CF2569A9DF2579A9EF2589A9FF233
:102DA000599AA0F25A9A40F35B9A41F35C9A42F323
:102DB0005D9A43F35E9A44F35F9A45F3609A46F353
:102DC000619A47F3629A48F3639A49F3649A4AF323
:102DD000659A4BF3669A4CF3679A4DF3689A4EF3F3
:102DE000699A4FF36A9A50F36B9A51F36C9AEDC259
:102DF0006D9AA6D46E9AD4CD6F9AB1D1709ADBB386
:102E0000719AFDC7729A52F3739AB5B2749ABFC29F
:102E1000759AE0E6769ABBCA779AE1E6789AE2E696
:102E2000799AD4BE7A9AE3E67B9AA4D77C9AD5CDD8
:102E30007D9AE5E67E9ADDBC7F9AE4E6809AE6E636
:102E4000819AE7E6829AEEC2839A53F3849ABEBDD2
:102E5000859AE8E6869AE6C2879AA7BA889AE9E64A
:102E6000899A54F38A9AEAE68B9AD2B38C9AE9D17A
:102E70008D9A55F38E9A56F38F9AA5BF909AEBE6EA
:102E8000919AEFC6929AECE6939AEDE6949A57F3EC
:102E9000959A58F3969AEEE6979AADC6989AEFE609
:102EA000999A59F39A9AA7C99B9AF0E69C9AF1E6E7
:102EB0009D9AF2E69E9AB9E59F9AF3E6A09AF4E607
:102EC000A19AE2C2A29AF5E6A39AF6E6A49AE8D6F7
:102ED000A59AF7E6A69A5AF3A79AF8E6A89AC7B968
:102EE000A99A5BF3AA9A5CF3AB9A5DF3AC9A5EF392
:102EF000AD9A5FF3AE9A60F3AF9A61F3B09ABBF705
:102F0000B19ABAF7B29A62F3B39A63F3B49A64F3DC
:102F1000B59A65F3B69ABEF7B79ABCF7B89AA1BA54
:102F2000B99A66F3BA9ABFF7BB9A67F3BC9AC0F72F
:102F3000BD9A68F3BE9A69F3BF9A6AF3C09AC2F762
:102F4000C19AC1F7C29AC4F7C39A6BF3C49A6CF3DF
:102F5000C59AC3F7C69A6DF3C79A6EF3C89A6FF312
:102F6000C99A70F3CA9A71F3CB9AC5F7CC9AC6F78F
:102F7000CD9A72F3CE9A73F3CF9A74F3D09A75F315
:102F8000D19AC7F7D29A76F3D39AE8CBD49A77F34B
:102F9000D59A78F3D69A79F3D79A7AF3D89ADFB894
:102FA000D99A7BF3DA9A7CF3DB9A7DF3DC9A7EF391
:102FB000DD9A80F3DE9A81F3DF9AD4F7E09A82F308
:102FC000E19AD5F7E29A83F3E39A84F3E49A85F3DE
:102FD000E59A86F3E69AD6F7E79A87F3E89A88F3B4
:102FE000E99A89F3EA9A8AF3EB9AD8F7EC9A8BF389
:102FF000ED9ADAF7EE9A8CF3EF9AD7F7F09A8DF311
:10300000F19A8EF3F29A8FF3F39A90F3F49A91F384
:10301000F59A92F3F69A93F3F79A94F3F89A95F354
:10302000F99ADBF7FA9A96F3FB9AD9F7FC9A97F399
:10303000FD9A98F3FE9A99F3FF9A9AF3009B9BF3FB
:10304000019B9CF3029B9DF3039BD7D7049B9EF3AC
:10305000059B9FF3069BA0F3079B40F4089BDCF7BE
:10306000099B41F40A9B42F40B9B43F40C9B44F4F0
:103070000D9B45F40E9B46F40F9BDDF7109B47F428
:10308000119B48F4129B49F4139BDEF7149B4AF4FE
:10309000159B4BF4169B4CF4179B4DF4189B4EF468
:1030A000199B4FF41A9B50F41B9B51F41C9B52F438
:1030B0001D9B53F41E9B54F41F9BDFF7209B55F47C
:1030C000219B56F4229B57F4239BE0F7249B58F452
:1030D000259B59F4269B5AF4279B5BF4289B5CF4B0
:1030E000299B5DF42A9B5EF42B9B5FF42C9B60F480
:1030F0002D9B61F42E9B62F42F9BCBDB309B63F402
:10310000319B64F4329BAAD8339B65F4349B66F4FC
:10311000359B67F4369B68F4379B69F4389B6AF4F7
:10312000399B6BF43A9B6CF43B9BF7E53C9BEDB908
:103130003D9B6DF43E9B6EF43F9B6FF4409B70F49F
:10314000419BFDBF429BEABB439BC9F7449BC7C65B
:10315000459BC8F7469B71F4479BCAF7489BCCF741
:10316000499BCBF74A9B72F44B9B73F44C9B74F4D2
:103170004D9BCDF74E9B75F44F9BBACE509B76F48A
:10318000519BCEF7529B77F4539B78F4549BA7C482
:10319000559B79F4569B7AF4579B7BF4589B7CF4AF
:1031A000599B7DF45A9B7EF45B9B80F45C9B81F47D
:1031B0005D9B82F45E9B83F45F9B84F4609B85F44B
:1031C000619B86F4629B87F4639B88F4649B89F41B
:1031D000659B8AF4669B8BF4679B8CF4689B8DF4EB
:1031E000699B8EF46A9B8FF46B9B90F46C9B91F4BB
:1031F0006D9B92F46E9B93F46F9B94F4709B95F48B
:10320000719B96F4729B97F4739B98F4749B99F45A
:10321000759B9AF4769B9BF4779B9CF4789B9DF42A
:10322000799B9EF47A9B9FF47B9BA0F47C9B40F55A
:103230007D9B41F57E9B42F57F9B43F5809B44F54A
:10324000819B45F5829B46F5839B47F5849B48F51A
:10325000859B49F5869B4AF5879B4BF5889B4CF5EA
:10326000899B4DF58A9B4EF58B9B4FF58C9B50F5BA
:103270008D9B51F58E9B52F58F9B53F5909B54F58A
:10328000919B55F5929B56F5939B57F5949B58F55A
:10329000959B59F5969B5AF5979B5BF5989B5CF52A
:1032A000999B5DF59A9B5EF59B9B5FF59C9B60F5FA
:1032B0009D9B61F59E9B62F59F9B63F5A09B64F5CA
:1032C000A19B65F5A29B66F5A39B67F5A49B68F59A
:1032D000A59B69F5A69B6AF5A79B6BF5A89B6CF56A
:1032E000A99B6DF5AA9B6EF5AB9B6FF5AC9B70F53A
:1032F000AD9B71F5AE9B72F5AF9B73F5B09B74F50A
:10330000B19B75F5B29B76F5B39B77F5B49B78F5D9
:10331000B59B79F5B69B7AF5B79B7BF5B89B7CF5A9
:10332000B99B7DF5BA9B7EF5BB9B80F5BC9B81F577
:10333000BD9B82F5BE9B83F5BF9B84F5C09B85F545
:10334000C19B86F5C29B87F5C39B88F5C49B89F515
:10335000C59B8AF5C69B8BF5C79B8CF5C89B8DF5E5
:10336000C99B8EF5CA9B8FF5CB9B90F5CC9B91F5B5
:10337000CD9B92F5CE9B93F5CF9B94F5D09B95F585
:10338000D19B96F5D29B97F5D39B98F5D49B99F555
:10339000D59B9AF5D69B9BF5D79B9CF5D89B9DF525
:1033A000D99B9EF5DA9B9FF5DB9BA0F5DC9B40F655
:1033B000DD9B41F6DE9B42F6DF9B43F6E09B44F645
:1033C000E19B45F6E29B46F6E39B47F6E49B48F615
:1033D000E59B49F6E69B4AF6E79B4BF6E89B4CF6E5
:1033E000E99B4DF6EA9B4EF6EB9B4FF6EC9B50F6B5
:1033F000ED9B51F6EE9B52F6EF9B53F6F09B54F685
:10340000F19B55F6F29B56F6F39B57F6F49B58F654
:10341000F59B59F6F69B5AF6F79B5BF6F89B5CF624
:10342000F99B5DF6FA9B5EF6FB9B5FF6FC9B60F6F4
:10343000FD9B61F6FE9B62F6FF9B63F6009C64F6C3
:10344000019C65F6029C66F6039C67F6049C68F690
:10345000059C69F6069C6AF6079C6BF6089C6CF660
:10346000099C6DF60A9C6EF60B9C6FF60C9C70F630
:103470000D9C71F60E9C72F60F9C73F6109C74F600
:10348000119C75F6129C76F6139C77F6149C78F6D0
:10349000159C79F6169C7AF6179C7BF6189C7CF6A0
:1034A000199C7DF61A9C7EF61B9C80F61C9C81F66E
:1034B0001D9C82F61E9C83F61F9C84F6209C85F63C
:1034C000219C86F6229C87F6239C88F6249C89F60C
:1034D000259C8AF6269C8BF6279C8CF6289C8DF6DC
:1034E000299C8EF62A9C8FF62B9C90F62C9C91F6AC
:1034F0002D9C92F62E9C93F62F9C94F6309C95F67C
:10350000319C96F6329C97F6339C98F6349C99F64B
:10351000359C9AF6369C9BF6379C9CF6389C9DF61B
:10352000399C9EF63A9C9FF63B9CA0F63C9C40F74B
:103530003D9C41F73E9C42F73F9C43F7409C44F73B
:10354000419C45F7429C46F7439C47F7449C48F70B
:10355000459C49F7469C4AF7479C4BF7489C4CF7DB
:10356000499C4DF74A9C4EF74B9C4FF74C9C50F7AB
:103570004D9C51F74E9C52F74F9C53F7509C54F77B
:10358000519C55F7529C56F7539C57F7549C58F74B
:10359000559C59F7569C5AF7579C5BF7589C5CF71B
:1035A000599C5DF75A9C5EF75B9C5FF75C9C60F7EB
:1035B0005D9C61F75E9C62F75F9C63F7609C64F7BB
:1035C000619C65F7629C66F7639C67F7649C68F78B
:1035D000659C69F7669C6AF7679C6BF7689C6CF75B
:1035E000699C6DF76A9C6EF76B9C6FF76C9C70F72B
:1035F0006D9C71F76E9C72F76F9C73F7709C74F7FB
:10360000719C75F7729C76F7739C77F7749C78F7CA
:10361000759C79F7769C7AF7779C7BF7789C7CF79A
:10362000799C7DF77A9C7EF77B9C80F77C9CE3D32A
:103630007D9C81F77E9C82F77F9CCFF6809C83F7F0
:10364000819CB3C2829CD0F6839C84F7849C85F7CE
:10365000859CD1F6869CD2F6879CD3F6889CD4F6BE
:10366000899C86F78A9C87F78B9CD6F68C9C88F77A
:103670008D9CABB18E9CD7F68F9C89F7909CD8F629
:10368000919CD9F6929CDAF6939C8AF7949CDBF68F
:10369000959CDCF6969C8BF7979C8CF7989C8DF705
:1036A000999C8EF79A9CDDF69B9CDEF69C9CCACF7B
:1036B0009D9C8FF79E9CDFF69F9CE0F6A09CE1F618
:1036C000A19CE2F6A29CE3F6A39CE4F6A49CF0C0C5
:1036D000A59CE5F6A69CE6F6A79CE7F6A89CE8F66E
:1036E000A99CE9F6AA9C90F7AB9CEAF6AC9C91F7F2
:1036F000AD9CEBF6AE9CECF6AF9C92F7B09CEDF671
:10370000B19CEEF6B29CEFF6B39CF0F6B49CF1F6E9
:10371000B59CF2F6B69CF3F6B79CF4F6B89CA8BE3E
:10372000B99C93F7BA9CF5F6BB9CF6F6BC9CF7F6F1
:10373000BD9CF8F6BE9C94F7BF9C95F7C09C96F78D
:10374000C19C97F7C29C98F7C39CFAC8C49CF9F631
:10375000C59CFAF6C69CFBF6C79CFCF6C89C99F77C
:10376000C99C9AF7CA9CFDF6CB9CFEF6CC9CA1F7AF
:10377000CD9CA2F7CE9CA3F7CF9CA4F7D09CA5F735
:10378000D19C9BF7D29C9CF7D39CA6F7D49CA7F71F
:10379000D59CA8F7D69CEEB1D79CA9F7D89CAAF7E0
:1037A000D99CABF7DA9C9DF7DB9C9EF7DC9CACF7D1
:1037B000DD9CADF7DE9CDBC1DF9CAEF7E09C9FF7A4
:1037C000E19CA0F7E29CAFF7E39C40F8E49C41F851
:1037D000E59C42F8E69C43F8E79C44F8E89C45F8F1
:1037E000E99C46F8EA9C47F8EB9C48F8EC9C49F8C1
:1037F000ED9C4AF8EE9C4BF8EF9C4CF8F09C4DF891
:10380000F19C4EF8F29C4FF8F39C50F8F49C51F860
:10381000F59C52F8F69C53F8F79C54F8F89C55F830
:10382000F99C56F8FA9C57F8FB9C58F8FC9C59F800
:10383000FD9C5AF8FE9C5BF8FF9C5CF8009D5DF8CF
:10384000019D5EF8029D5FF8039D60F8049D61F89C
:10385000059D62F8069D63F8079D64F8089D65F86C
:10386000099D66F80A9D67F80B9D68F80C9D69F83C
:103870000D9D6AF80E9D6BF80F9D6CF8109D6DF80C
:10388000119D6EF8129D6FF8139D70F8149D71F8DC
:10389000159D72F8169D73F8179D74F8189D75F8AC
:1038A000199D76F81A9D77F81B9D78F81C9D79F87C
:1038B0001D9D7AF81E9D7BF81F9D7CF8209D7DF84C
:1038C000219D7EF8229D80F8239D81F8249D82F819
:1038D000259D83F8269D84F8279D85F8289D86F8E8
:1038E000299D87F82A9D88F82B9D89F82C9D8AF8B8
:1038F0002D9D8BF82E9D8CF82F9D8DF8309D8EF888
:10390000319D8FF8329D90F8339D91F8349D92F857
:10391000359D93F8369D94F8379D95F8389D96F827
:10392000399D97F83A9D98F83B9D99F83C9D9AF8F7
:103930003D9D9BF83E9D9CF83F9D9DF8409D9EF8C7
:10394000419D9FF8429DA0F8439D40F9449D41F957
:10395000459D42F9469D43F9479D44F9489D45F9E7
:10396000499D46F94A9D47F94B9D48F94C9D49F9B7
:103970004D9D4AF94E9D4BF94F9D4CF9509D4DF987
:10398000519D4EF9529D4FF9539D50F9549D51F957
:10399000559D52F9569D53F9579D54F9589D55F927
:1039A000599D56F95A9D57F95B9D58F95C9D59F9F7
:1039B0005D9D5AF95E9D5BF95F9D5CF9609D5DF9C7
:1039C000619D5EF9629D5FF9639D60F9649D61F997
:1039D000659D62F9669D63F9679D64F9689D65F967
:1039E000699D66F96A9D67F96B9D68F96C9D69F937
:1039F0006D9D6AF96E9D6BF96F9D6CF9709D6DF907
:103A0000719D6EF9729D6FF9739D70F9749D71F9D6
:103A1000759D72F9769D73F9779D74F9789D75F9A6
:103A2000799D76F97A9D77F97B9D78F97C9D79F976
:103A30007D9D7AF97E9D7BF97F9D7CF9809D7DF946
:103A4000819D7EF9829D80F9839D81F9849D82F913
:103A5000859D83F9869D84F9879D85F9889D86F9E2
:103A6000899D87F98A9D88F98B9D89F98C9D8AF9B2
:103A70008D9D8BF98E9D8CF98F9D8DF9909D8EF982
:103A8000919D8FF9929D90F9939D91F9949D92F952
:103A9000959D93F9969D94F9979D95F9989D96F922
:103AA000999D97F99A9D98F99B9D99F99C9D9AF9F2
:103AB0009D9D9BF99E9D9CF99F9D9DF9A09D9EF9C2
:103AC000A19D9FF9A29DA0F9A39D40FAA49D41FA52
:103AD000A59D42FAA69D43FAA79D44FAA89D45FAE2
:103AE000A99D46FAAA9D47FAAB9D48FAAC9D49FAB2
:103AF000AD9D4AFAAE9D4BFAAF9D4CFAB09D4DFA82
:103B0000B19D4EFAB29D4FFAB39D50FAB49D51FA51
:103B1000B59D52FAB69D53FAB79D54FAB89D55FA21
:103B2000B99D56FABA9D57FABB9D58FABC9D59FAF1
:103B3000BD9D5AFABE9D5BFABF9D5CFAC09D5DFAC1
:103B4000C19D5EFAC29D5FFAC39D60FAC49D61FA91
:103B5000C59D62FAC69D63FAC79D64FAC89D65FA61
:103B6000C99D66FACA9D67FACB9D68FACC9D69FA31
:103B7000CD9D6AFACE9D6BFACF9D6CFAD09D6DFA01
:103B8000D19D6EFAD29D6FFAD39D70FAD49D71FAD1
:103B9000D59D72FAD69D73FAD79D74FAD89D75FAA1
:103BA000D99D76FADA9D77FADB9D78FADC9D79FA71
:103BB000DD9D7AFADE9D7BFADF9D7CFAE09D7DFA41
:103BC000E19D7EFAE29D80FAE39D81FAE49D82FA0E
:103BD000E59D83FAE69D84FAE79D85FAE89D86FADD
:103BE000E99D87FAEA9D88FAEB9D89FAEC9D8AFAAD
:103BF000ED9D8BFAEE9D8CFAEF9D8DFAF09D8EFA7D
:103C0000F19D8FFAF29D90FAF39D91FAF49D92FA4C
:103C1000F59D93FAF69D94FAF79D95FAF89D96FA1C
:103C2000F99D97FAFA9D98FAFB9D99FAFC9D9AFAEC
:103C3000FD9D9BFAFE9D9CFAFF9D9DFA009E9EFABB
:103C4000019E9FFA029EA0FA039E40FB049E41FB48
:103C5000059E42FB069E43FB079E44FB089E45FBD8
:103C6000099E46FB0A9E47FB0B9E48FB0C9E49FBA8
:103C70000D9E4AFB0E9E4BFB0F9E4CFB109E4DFB78
:103C8000119E4EFB129E4FFB139E50FB149E51FB48
:103C9000159E52FB169E53FB179E54FB189E55FB18
:103CA000199E56FB1A9E57FB1B9E58FB1C9E59FBE8
:103CB0001D9E5AFB1E9E5BFB1F9EF1C4209EAFF013
:103CC000219EA6BC229EB0F0239EF9C3249E5CFBDD
:103CD000259EB8C5269EBBD1279E5DFB289EB1F0D0
:103CE000299EB2F02A9EB3F02B9EB4F02C9EB5F024
:103CF0002D9EBCD12E9E5EFB2F9EECD1309E5FFB95
:103D0000319EB7F0329EB6F0339EA7D4349E60FB4E
:103D1000359ED2CD369EB8F0379EBAF0389EB9F0B7
:103D2000399EBBF03A9EBCF03B9E61FB3C9E62FB21
:103D30003D9EEBB83E9EBDF03F9EE8BA409E63FBC1
:103D4000419EBEF0429EBFF0439EE9BE449EC0F03D
:103D5000459EECB6469EC1F0479EC2F0489EC3F019
:103D6000499EC4F04A9EB5C84B9EC5F04C9EC6F015
:103D70004D9E64FB4E9EC7F04F9EF4C5509E65FB62
:103D8000519EC8F0529E66FB539E67FB549E68FB93
:103D9000559EC9F0569E69FB579ECAF0589EBDF7C6
:103DA000599E6AFB5A9ECBF05B9ECCF05C9ECDF098
:103DB0005D9E6BFB5E9ECEF05F9E6CFB609E6DFB1E
:103DC000619E6EFB629E6FFB639ECFF0649ED7BACE
:103DD000659E70FB669ED0F0679ED1F0689ED2F023
:103DE000699ED3F06A9ED4F06B9ED5F06C9ED6F09F
:103DF0006D9ED8F06E9E71FB6F9E72FB709EA5D378
:103E0000719ED7F0729E73FB739ED9F0749E74FB03
:103E1000759E75FB769E76FB779E77FB789E78FB8A
:103E2000799E79FB7A9E7AFB7B9E7BFB7C9E7CFB5A
:103E30007D9E7DFB7E9EBAF57F9EB9C2809E7EFBF5
:103E4000819E80FB829EE4F7839E81FB849E82FBA1
:103E5000859E83FB869E84FB879EE5F7889EE6F71A
:103E6000899E85FB8A9E86FB8B9EE7F78C9E87FB4F
:103E70008D9E88FB8E9E89FB8F9E8AFB909E8BFB7E
:103E8000919E8CFB929EE8F7939EB4C2949E8DFB0C
:103E9000959E8EFB969E8FFB979E90FB989E91FB26
:103EA000999E92FB9A9E93FB9B9E94FB9C9E95FBF6
:103EB0009D9EEAF79E9E96FB9F9EEBF7A09E97FB2A
:103EC000A19E98FBA29E99FBA39E9AFBA49E9BFB9E
:103ED000A59E9CFBA69EF3C2A79E9DFBA89E9EFB53
:103EE000A99E9FFBAA9EA0FBAB9E40FCAC9E41FC02
:103EF000AD9E42FCAE9E43FCAF9E44FCB09E45FC92
:103F0000B19E46FCB29E47FCB39E48FCB49EF0F4C2
:103F1000B59E49FCB69E4AFCB79E4BFCB89EEFF49A
:103F2000B99E4CFCBA9E4DFCBB9EE9C2BC9E4EFCA9
:103F3000BD9EE1F7BE9EE2F7BF9E4FFCC09E50FCC7
:103F4000C19E51FCC29E52FCC39E53FCC49EC6BB84
:103F5000C59E54FCC69E55FCC79E56FCC89E57FC89
:103F6000C99EE4D9CA9E58FCCB9E59FCCC9E5AFCF3
:103F7000CD9EF2CACE9EE8C0CF9EA4F0D09E5BFC40
:103F8000D19EDABAD29E5CFCD39E5DFCD49EADC7B6
:103F9000D59E5EFCD69E5FFCD79E60FCD89EACC4CE
:103FA000D99E61FCDA9E62FCDB9EECF7DC9EEDF7AD
:103FB000DD9EEEF7DE9E63FCDF9EF0F7E09EEFF7FE
:103FC000E19E64FCE29EF1F7E39E65FCE49E66FCE4
:103FD000E59EF4F7E69E67FCE79EF3F7E89E68FC33
:103FE000E99EF2F7EA9EF5F7EB9E69FCEC9E6AFC0F
:103FF000ED9E6BFCEE9E6CFCEF9EF6F7F09E6DFC6A
:10400000F19E6EFCF29E6FFCF39E70FCF49E71FCC0
:10401000F59E72FCF69E73FCF79E74FCF89E75FC90
:10402000F99EE9EDFA9E76FCFB9EEAEDFC9EEBED37
:10403000FD9E77FCFE9EBCF6FF9E78FC009F79FCFF
:10404000019F7AFC029F7BFC039F7CFC049F7DFC0C
:10405000059F7EFC069F80FC079F81FC089F82FCD9
:10406000099F83FC0A9F84FC0B9FBDF60C9F85FC77
:104070000D9FBEF60E9FA6B60F9F86FC109FBED862
:10408000119F87FC129F88FC139FC4B9149F89FC61
:10409000159F8AFC169F8BFC179FBBD8189F8CFC22
:1040A000199FB1DC1A9F8DFC1B9F8EFC1C9F8FFCFF
:1040B0001D9F90FC1E9F91FC1F9F92FC209FF3CAA6
:1040C000219F93FC229FF7F7239F94FC249F95FC4C
:1040D000259F96FC269F97FC279F98FC289F99FC7C
:1040E000299F9AFC2A9F9BFC2B9F9CFC2C9FF8F7F6
:1040F0002D9F9DFC2E9F9EFC2F9FF9F7309F9FFCCC
:10410000319FA0FC329F40FD339F41FD349F42FD13
:10411000359F43FD369F44FD379FFBF7389F45FD94
:10412000399FFAF73A9F46FD3B9FC7B13C9F47FD39
:104130003D9FFCF73E9FFDF73F9F48FD409F49FD97
:10414000419F4AFD429F4BFD439F4CFD449FFEF71C
:10415000459F4DFD469F4EFD479F4FFD489F50FD9B
:10416000499F51FD4A9F52FD4B9F53FD4C9F54FD6B
:104170004D9F55FD4E9F56FD4F9F57FD509FEBC6DF
:10418000519FB4EC529F58FD539F59FD549F5AFDC7
:10419000559F5BFD569F5CFD579F5DFD589F5EFDE3
:1041A000599F5FFD5A9F60FD5B9F61FD5C9F62FDB3
:1041B0005D9F63FD5E9F64FD5F9F65FD609F66FD83
:1041C000619F67FD629F68FD639F69FD649F6AFD53
:1041D000659F6BFD669F6CFD679F6DFD689F6EFD23
:1041E000699F6FFD6A9F70FD6B9F71FD6C9F72FDF3
:1041F0006D9F73FD6E9F74FD6F9F75FD709F76FDC3
:10420000719F77FD729F78FD739F79FD749F7AFD92
:10421000759F7BFD769F7CFD779F7DFD789F7EFD62
:10422000799F80FD7A9F81FD7B9F82FD7C9F83FD2E
:104230007D9F84FD7E9F85FD7F9FDDB3809FB3F6CC
:10424000819F86FD829F87FD839FB4F6849FE4C192
:10425000859FB5F6869FB6F6879FB7F6889FB8F616
:10426000899FB9F68A9FBAF68B9FA3C88C9FBBF62D
:104270008D9F88FD8E9F89FD8F9F8AFD909F8BFD6E
:10428000919F8CFD929F8DFD939F8EFD949F8FFD3E
:10429000959F90FD969F91FD979F92FD989F93FD0E
:1042A000999FFAC19A9FA8B99B9FE8ED9C9F94FDA6
:1042B0009D9F95FD9E9F96FD9F9FEAB9A09FDFD988
:1042C000A19F97FDA29F98FDA39F99FDA49F9AFD92
:1042D000A59F9BFD2CF99CFD79F99DFD95F99EFD0F
:1042E000E7F99FFDF1F9A0FD0CFA40FE0DFA41FE41
:1042F0000EFA42FE0FFA43FE11FA44FE13FA45FE8F
:1043000014FA46FE18FA47FE1FFA48FE20FA49FE44
:1043100021FA4AFE23FA4BFE24FA4CFE27FA4DFE00
:1043200028FA4EFE29FA4FFE30FE55A931FEF2A6BC
:1043300033FEF4A634FEF5A635FEE0A636FEE1A671
:1043400037FEF0A638FEF1A639FEE2A63AFEE3A655
:104350003BFEEEA63CFEEFA63DFEE6A63EFEE7A631
:104360003FFEE4A640FEE5A641FEE8A642FEE9A621
:1043700043FEEAA644FEEBA649FE68A94AFE69A9E7
:104380004BFE6AA94CFE6BA94DFE6CA94EFE6DA9B1
:104390004FFE6EA950FE6FA951FE70A952FE71A981
:1043A00054FE72A955FE73A956FE74A957FE75A94D
:1043B00059FE76A95AFE77A95BFE78A95CFE79A919
:1043C0005DFE7AA95EFE7BA95FFE7CA960FE7DA9E9
:1043D00061FE7EA962FE80A963FE81A964FE82A9B6
:1043E00065FE83A966FE84A968FE85A969FE86A983
:1043F0006AFE87A96BFE88A901FFA1A302FFA2A301
:1044000003FFA3A304FFE7A105FFA5A306FFA6A33F
:1044100007FFA7A308FFA8A309FFA9A30AFFAAA350
:104420000BFFABA30CFFACA30DFFADA30EFFAEA320
:104430000FFFAFA310FFB0A311FFB1A312FFB2A3F0
:1044400013FFB3A314FFB4A315FFB5A316FFB6A3C0
:1044500017FFB7A318FFB8A319FFB9A31AFFBAA390
:104460001BFFBBA31CFFBCA31DFFBDA31EFFBEA360
:104470001FFFBFA320FFC0A321FFC1A322FFC2A330
:1044800023FFC3A324FFC4A325FFC5A326FFC6A300
:1044900027FFC7A328FFC8A329FFC9A32AFFCAA3D0
:1044A0002BFFCBA32CFFCCA32DFFCDA32EFFCEA3A0
:1044B0002FFFCFA330FFD0A331FFD1A332FFD2A370
:1044C00033FFD3A334FFD4A335FFD5A336FFD6A340
:1044D00037FFD7A338FFD8A339FFD9A33AFFDAA310
:1044E0003BFFDBA33CFFDCA33DFFDDA33EFFDEA3E0
:1044F0003FFFDFA340FFE0A341FFE1A342FFE2A3B0
:1045000043FFE3A344FFE4A345FFE5A346FFE6A37F
:1045100047FFE7A348FFE8A349FFE9A34AFFEAA34F
:104520004BFFEBA34CFFECA34DFFEDA34EFFEEA31F
:104530004FFFEFA350FFF0A351FFF1A352FFF2A3EF
:1045400053FFF3A354FFF4A355FFF5A356FFF6A3BF
:1045500057FFF7A358FFF8A359FFF9A35AFFFAA38F
:104560005BFFFBA35CFFFCA35DFFFDA35EFFABA1B4
:10457000E0FFE9A1E1FFEAA1E2FF56A9E3FFFEA304
:10458000E4FF57A9E5FFA4A3000000008000AC20D1
:104590004081024E4181044E4281054E4381064EC8
:1045A00044810F4E4581124E4681174E47811F4E62
:1045B0004881204E4981214E4A81234E4B81264E0F
:1045C0004C81294E4D812E4E4E812F4E4F81314EC2
:1045D0005081334E5181354E5281374E53813C4E7E
:1045E0005481404E5581414E5681424E5781444E32
:1045F0005881464E59814A4E5A81514E5B81554EE3
:104600005C81574E5D815A4E5E815B4E5F81624E8A
:104610006081634E6181644E6281654E6381674E45
:104620006481684E65816A4E66816B4E67816C4E0F
:1046300068816D4E69816E4E6A816F4E6B81724EDC
:104640006C81744E6D81754E6E81764E6F81774EA2
:104650007081784E7181794E72817A4E73817B4E72
:1046600074817C4E75817D4E76817F4E7781804E40
:104670007881814E7981824E7A81834E7B81844E0E
:104680007C81854E7D81874E7E818A4E8081904ED1
:104690008181964E8281974E8381994E84819C4E72
:1046A00085819D4E86819E4E8781A34E8881AA4E2C
:1046B0008981AF4E8A81B04E8B81B14E8C81B44ED0
:1046C0008D81B64E8E81B74E8F81B84E9081B94E96
:1046D0009181BC4E9281BD4E9381BE4E9481C84E55
:1046E0009581CC4E9681CF4E9781D04E9881D24EF7
:1046F0009981DA4E9A81DB4E9B81DC4E9C81E04EA3
:104700009D81E24E9E81E64E9F81E74EA081E94E5B
:10471000A181ED4EA281EE4EA381EF4EA481F14E18
:10472000A581F44EA681F84EA781F94EA881FA4ED4
:10473000A981FC4EAA81FE4EAB81004FAC81024F95
:10474000AD81034FAE81044FAF81054FB081064F5D
:10475000B181074FB281084FB3810B4FB4810C4F29
:10476000B581124FB681134FB781144FB881154FE1
:10477000B981164FBA811C4FBB811D4FBC81214F9F
:10478000BD81234FBE81284FBF81294FC0812C4F4F
:10479000C1812D4FC2812E4FC381314FC481334F10
:1047A000C581354FC681374FC781394FC8813B4FCF
:1047B000C9813E4FCA813F4FCB81404FCC81414F91
:1047C000CD81424FCE81444FCF81454FD081474F5D
:1047D000D181484FD281494FD3814A4FD4814B4F29
:1047E000D5814C4FD681524FD781544FD881564FE7
:1047F000D981614FDA81624FDB81664FDC81684F7E
:10480000DD816A4FDE816B4FDF816D4FE0816E4F3E
:10481000E181714FE281724FE381754FE481774FFF
:10482000E581784FE681794FE7817A4FE8817D4FC6
:10483000E981804FEA81814FEB81824FEC81854F86
:10484000ED81864FEE81874FEF818A4FF0818C4F4B
:10485000F1818E4FF281904FF381924FF481934F0B
:10486000F581954FF681964FF781984FF881994FD2
:10487000F9819A4FFA819C4FFB819E4FFC819F4F9B
:10488000FD81A14FFE81A24F4082A44F4182AB4FD8
:104890004282AD4F4382B04F4482B14F4582B24F06
:1048A0004682B34F4782B44F4882B64F4982B74FD2
:1048B0004A82B84F4B82B94F4C82BA4F4D82BB4FA0
:1048C0004E82BC4F4F82BD4F5082BE4F5182C04F6F
:1048D0005282C14F5382C24F5482C64F5582C74F36
:1048E0005682C84F5782C94F5882CB4F5982CC4FFE
:1048F0005A82CD4F5B82D24F5C82D34F5D82D44FC0
:104900005E82D54F5F82D64F6082D94F6182DB4F86
:104910006282E04F6382E24F6482E44F6582E54F3A
:104920006682E74F6782EB4F6882EC4F6982F04FF7
:104930006A82F24F6B82F44F6C82F54F6D82F64FB4
:104940006E82F74F6F82F94F7082FB4F7182FC4F7E
:104950007282FD4F7382FF4F748200507582015046
:104960007682025077820350788204507982055013
:104970007A8206507B8207507C8208507D820950E3
:104980007E820A5080820B5081820E5082821050AB
:10499000838211508482135085821550868216506E
:1049A0008782175088821B5089821D508A821E5030
:1049B0008B8220508C8222508D8223508E822450F4
:1049C0008F82275090822B5091822F5092823050AC
:1049D0009382315094823250958233509682345073
:1049E0009782355098823650998237509A82385043
:1049F0009B8239509C823B509D823D509E823F500D
:104A00009F824050A0824150A1824250A2824450D5
:104A1000A3824550A4824650A5824950A6824A509E
:104A2000A7824B50A8824D50A9825050AA82515063
:104A3000AB825250AC825350AD825450AE8256502D
:104A4000AF825750B0825850B1825950B2825B50F9
:104A5000B3825D50B4825E50B5825F50B6826050C2
:104A6000B7826150B8826250B9826350BA82645092
:104A7000BB826650BC826750BD826850BE8269505E
:104A8000BF826A50C0826B50C1826D50C2826E502C
:104A9000C3826F50C4827050C5827150C6827250FA
:104AA000C7827350C8827450C9827550CA827850C8
:104AB000CB827950CC827A50CD827C50CE827D5090
:104AC000CF828150D0828250D1828350D282845052
:104AD000D3828650D4828750D5828950D6828A501C
:104AE000D7828B50D8828C50D9828E50DA828F50E8
:104AF000DB829050DC829150DD829250DE829350B6
:104B0000DF829450E0829550E1829650E282975085
:104B1000E3829850E4829950E5829A50E6829B5055
:104B2000E7829C50E8829D50E9829E50EA829F5025
:104B3000EB82A050EC82A150ED82A250EE82A450F4
:104B4000EF82A650F082AA50F182AB50F282AD50B3
:104B5000F382AE50F482AF50F582B050F682B1507D
:104B6000F782B350F882B450F982B550FA82B65049
:104B7000FB82B750FC82B850FD82B950FE82BC5017
:104B80004083BD504183BE504283BF504383C050D9
:104B90004483C1504583C2504683C3504783C450A9
:104BA0004883C5504983C6504A83C7504B83C85079
:104BB0004C83C9504D83CA504E83CB504F83CC5049
:104BC0005083CD505183CE505283D0505383D15017
:104BD0005483D2505583D3505683D4505783D550E5
:104BE0005883D7505983D8505A83D9505B83DB50B0
:104BF0005C83DC505D83DD505E83DE505F83DF507D
:104C00006083E0506183E1506283E2506383E3504C
:104C10006483E4506583E5506683E8506783E95018
:104C20006883EA506983EB506A83EF506B83F050DE
:104C30006C83F1506D83F2506E83F4506F83F650A5
:104C40007083F7507183F8507283F9507383FA5070
:104C50007483FC507583FD507683FE507783FF503C
:104C600078830051798301517A8302517B83035108
:104C70007C8304517D8305517E83085180830951D3
:104C800081830A5182830C5183830D5184830E5199
:104C900085830F5186831051878311518883135167
:104CA000898314518A8315518B8316518C83175134
:104CB0008D8318518E8319518F831A5190831B5104
:104CC00091831C5192831D5193831E5194831F51D4
:104CD00095832051968322519783235198832451A1
:104CE000998325519A8326519B8327519C83285170
:104CF0009D8329519E832A519F832B51A0832C5140
:104D0000A1832D51A2832E51A3832F51A48330510F
:104D1000A5833151A6833251A7833351A8833451DF
:104D2000A9833551AA833651AB833751AC833851AF
:104D3000AD833951AE833A51AF833B51B0833C517F
:104D4000B1833D51B2833E51B3834251B483475145
:104D5000B5834A51B6834C51B7834E51B8834F51F6
:104D6000B9835051BA835251BB835351BC835751BD
:104D7000BD835851BE835951BF835B51C0835D5180
:104D8000C1835E51C2835F51C3836051C48361514B
:104D9000C5836351C6836451C7836651C883675115
:104DA000C9836951CA836A51CB836F51CC837251D5
:104DB000CD837A51CE837E51CF837F51D08383516F
:104DC000D1838451D2838651D3838751D4838A512E
:104DD000D5838B51D6838E51D7838F51D8839051F1
:104DE000D9839151DA839351DB839451DC839851B9
:104DF000DD839A51DE839D51DF839E51E0839F5175
:104E0000E183A151E283A351E383A651E483A75137
:104E1000E583A851E683A951E783AA51E883AD5100
:104E2000E983AE51EA83B451EB83B851EC83B951B5
:104E3000ED83BA51EE83BE51EF83BF51F083C15170
:104E4000F183C251F283C351F383C551F483C85136
:104E5000F583CA51F683CD51F783CE51F883D051F3
:104E6000F983D251FA83D351FB83D451FC83D551BA
:104E7000FD83D651FE83D7514084D8514184D95106
:104E80004284DA514384DC514484DE514584DF514D
:104E90004684E2514784E3514884E5514984E65110
:104EA0004A84E7514B84E8514C84E9514D84EA51DE
:104EB0004E84EC514F84EE515084F1515184F251A3
:104EC0005284F4515384F7515484FE515584045252
:104ED000568405525784095258840B5259840C52F7
:104EE0005A840F525B8410525C8413525D841452B6
:104EF0005E8415525F841C5260841E5261841F526E
:104F00006284215263842252648423526584255230
:104F1000668426526784275268842A5269842C52F8
:104F20006A842F526B8431526C8432526D843452B5
:104F30006E8435526F843C5270843E527184445268
:104F40007284455273844652748447527584485221
:104F50007684495277844B5278844E5279844F52EA
:104F60007A8452527B8453527C8455527D845752AA
:104F70007E8458528084595281845A5282845B5272
:104F800083845D5284845F52858460528684625239
:104F90008784635288846452898466528A84685202
:104FA0008B846B528C846C528D846D528E846E52C5
:104FB0008F8470529084715291847352928474528F
:104FC000938475529484765295847752968478525D
:104FD0009784795298847A5299847B529A847C522D
:104FE0009B847E529C8480529D8483529E848452F2
:104FF0009F848552A0848652A1848752A2848952BC
:10500000A3848A52A4848B52A5848C52A6848D5288
:10501000A7848E52A8848F52A9849152AA84925256
:10502000AB849452AC849552AD849652AE84975220
:10503000AF849852B0849952B1849A52B2849C52EF
:10504000B384A452B484A552B584A652B684A752A0
:10505000B784AE52B884AF52B984B052BA84B45255
:10506000BB84B552BC84B652BD84B752BE84B8521C
:10507000BF84B952C084BA52C184BB52C284BC52EC
:10508000C384BD52C484C052C584C152C684C252B6
:10509000C784C452C884C552C984C652CA84C8527F
:1050A000CB84CA52CC84CC52CD84CD52CE84CE5245
:1050B000CF84CF52D084D152D184D352D284D4520F
:1050C000D384D552D484D752D584D952D684DA52D7
:1050D000D784DB52D884DC52D984DD52DA84DE52A4
:1050E000DB84E052DC84E152DD84E252DE84E35270
:1050F000DF84E552E084E652E184E752E284E8523C
:10510000E384E952E484EA52E584EB52E684EC520B
:10511000E784ED52E884EE52E984EF52EA84F152DA
:10512000EB84F252EC84F352ED84F452EE84F552A7
:10513000EF84F652F084F752F184F852F284FB5275
:10514000F384FC52F484FD52F5840153F684025337
:10515000F7840353F8840453F9840753FA840953FA
:10516000FB840A53FC840B53FD840C53FE840E53C2
:10517000408511534185125342851353438514537F
:105180004485185345851B5346851C5347851E533C
:1051900048851F53498522534A8524534B852553FF
:1051A0004C8527534D8528534E8529534F852B53C6
:1051B00050852C5351852D5352852F535385305391
:1051C000548531535585325356853353578534535F
:1051D00058853553598536535A8537535B8538532F
:1051E0005C853C535D853D535E8540535F854253EE
:1051F000608544536185465362854B5363854C53A8
:1052000064854D536585505366855453678558535F
:105210006885595369855B536A855D536B85655312
:105220006C8568536D856A536E856C536F856D53BD
:1052300070857253718576537285795373857B536C
:1052400074857C5375857D5376857E537785805331
:1052500078858153798583537A8587537B858853F5
:105260007C858A537D858E537E858F5380859053B0
:10527000818591538285925383859353848594537A
:1052800085859653868597538785995388859B5343
:1052900089859C538A859E538B85A0538C85A15309
:1052A0008D85A4538E85A7538F85AA539085AB53C4
:1052B0009185AC539285AD539385AF539485B0538C
:1052C0009585B1539685B2539785B3539885B4535A
:1052D0009985B5539A85B7539B85B8539C85B95327
:1052E0009D85BA539E85BC539F85BD53A085BE53F3
:1052F000A185C053A285C353A385C453A485C553B8
:10530000A585C653A685C753A785CE53A885CF5379
:10531000A985D053AA85D253AB85D353AC85D55339
:10532000AD85DA53AE85DC53AF85DD53B085DE53F2
:10533000B185E153B285E253B385E753B485F453A5
:10534000B585FA53B685FE53B785FF53B88500542B
:10535000B9850254BA850554BB850754BC850B54E6
:10536000BD851454BE851854BF851954C0851A5480
:10537000C1851C54C2852254C3852454C485255438
:10538000C5852A54C6853054C7853354C8853654DC
:10539000C9853754CA853A54CB853D54CC853F5492
:1053A000CD854154CE854254CF854454D085455453
:1053B000D1854754D2854954D3854C54D4854D5416
:1053C000D5854E54D6854F54D7855154D8855A54D7
:1053D000D9855D54DA855E54DB855F54DC85605485
:1053E000DD856154DE856354DF856554E08567544F
:1053F000E1856954E2856A54E3856B54E4856C5415
:10540000E5856D54E6856E54E7856F54E8857054E4
:10541000E9857454EA857954EB857A54EC857E5499
:10542000ED857F54EE858154EF858354F085855456
:10543000F1858754F2858854F3858954F4858A541C
:10544000F5858D54F6859154F7859354F8859754D6
:10545000F9859854FA859C54FB859E54FC859F548D
:10546000FD85A054FE85A1544086A2544186A554D2
:105470004286AE544386B0544486B2544586B554F1
:105480004686B6544786B7544886B9544986BA54B6
:105490004A86BC544B86BE544C86C3544D86C55474
:1054A0004E86CA544F86CB545086D6545186D85413
:1054B0005286DB545386E0545486E1545586E254B8
:1054C0005686E3545786E4545886EB545986EC5478
:1054D0005A86EF545B86F0545C86F1545D86F45432
:1054E0005E86F5545F86F6546086F7546186F854FC
:1054F0006286F9546386FB546486FE5465860055C3
:105500006686025567860355688604556986055583
:105510006A8608556B860A556C860B556D860C5548
:105520006E860D556F860E55708612557186135511
:1055300072861555738616557486175575861855D7
:105540007686195577861A5578861C5579861D55A5
:105550007A861E557B861F557C8621557D8625556E
:105560007E862655808628558186295582862B552C
:1055700083862D55848632558586345586863555E5
:105580008786365588863855898639558A863A55AC
:105590008B863B558C863D558D8640558E86425573
:1055A0008F864555908647559186485592864B552E
:1055B00093864C5594864D5595864E5596864F55F7
:1055C0009786515598865255998653559A865455C3
:1055D0009B8657559C8658559D8659559E865A558B
:1055E0009F865B55A0865D55A1865E55A2865F5558
:1055F000A3866055A4866255A5866355A686685520
:10560000A7866955A8866B55A9866F55AA867055D9
:10561000AB867155AC867255AD867355AE867455A2
:10562000AF867955B0867A55B1867D55B2867F555D
:10563000B3868555B4868655B5868C55B6868D5508
:10564000B7868E55B8869055B9869255BA869355C9
:10565000BB869555BC869655BD869755BE869A5590
:10566000BF869B55C0869E55C186A055C286A15552
:10567000C386A255C486A355C586A455C686A5551E
:10568000C786A655C886A855C986A955CA86AA55EB
:10569000CB86AB55CC86AC55CD86AD55CE86AE55BA
:1056A000CF86AF55D086B055D186B255D286B45587
:1056B000D386B655D486B855D586BA55D686BC5548
:1056C000D786BF55D886C055D986C155DA86C2550A
:1056D000DB86C355DC86C655DD86C755DE86C855D4
:1056E000DF86CA55E086CB55E186CE55E286CF559A
:1056F000E386D055E486D555E586D755E686D85558
:10570000E786D955E886DA55E986DB55EA86DE551F
:10571000EB86E055EC86E255ED86E755EE86E955D9
:10572000EF86ED55F086EE55F186F055F286F1558F
:10573000F386F455F486F655F586F855F686F95550
:10574000F786FA55F886FB55F986FC55FA86FF551B
:10575000FB860256FC860356FD860456FE860556D9
:10576000408706564187075642870A5643870B569D
:1057700044870D564587105646871156478712565F
:1057800048871356498714564A8715564B8716562D
:105790004C8717564D8719564E871A564F871C56F9
:1057A00050871D56518720565287215653872256BF
:1057B0005487255655872656568728565787295683
:1057C00058872A5659872B565A872E565B872F564D
:1057D0005C8730565D8733565E8735565F87375610
:1057E0006087385661873A5662873C5663873D56D4
:1057F00064873E566587405666874156678742569E
:1058000068874356698744566A8745566B8746566C
:105810006C8747566D8748566E8749566F874A563C
:1058200070874B5671874F56728750567387515603
:1058300074875256758753567687555677875656CE
:1058400078875A5679875B567A875D567B875E568E
:105850007C875F567D8760567E876156808763565A
:1058600081876556828766568387675684876D561B
:1058700085876E5686876F568787705688877256DB
:10588000898773568A8774568B8775568C877756A7
:105890008D8778568E8779568F877A5690877D5672
:1058A00091877E5692877F5693878056948781563C
:1058B000958782569687835697878456988787560A
:1058C000998788569A8789569B878A569C878B56D4
:1058D0009D878C569E878D569F879056A0879156A0
:1058E000A1879256A2879456A3879556A487965669
:1058F000A5879756A6879856A7879956A8879A5638
:10590000A9879B56AA879C56AB879D56AC879E5607
:10591000AD879F56AE87A056AF87A156B087A256D7
:10592000B187A456B287A556B387A656B487A756A3
:10593000B587A856B687A956B787AA56B887AB5673
:10594000B987AC56BA87AD56BB87AE56BC87B05642
:10595000BD87B156BE87B256BF87B356C087B4560F
:10596000C187B556C287B656C387B856C487B956DD
:10597000C587BA56C687BB56C787BD56C887BE56A9
:10598000C987BF56CA87C056CB87C156CC87C25677
:10599000CD87C356CE87C456CF87C556D087C65647
:1059A000D187C756D287C856D387C956D487CB5616
:1059B000D587CC56D687CD56D787CE56D887CF56E3
:1059C000D987D056DA87D156DB87D256DC87D356B3
:1059D000DD87D556DE87D656DF87D856E087D9567D
:1059E000E187DC56E287E356E387E556E487E6562F
:1059F000E587E756E687E856E787E956E887EA56F7
:105A0000E987EC56EA87EE56EB87EF56EC87F256BD
:105A1000ED87F356EE87F656EF87F756F087F85680
:105A2000F187FB56F287FC56F3870057F48701573E
:105A3000F5870257F6870557F7870757F8870B57FB
:105A4000F9870C57FA870D57FB870E57FC870F57BE
:105A5000FD871057FE87115740881257418813570A
:105A60004288145743881557448816574588175756
:105A7000468818574788195748881A5749881B5726
:105A80004A881D574B881E574C8820574D882157F0
:105A90004E8822574F8824575088255751882657BB
:105AA0005288275753882B57548831575588325777
:105AB0005688345757883557588836575988375736
:105AC0005A8838575B883C575C883D575D883F57FC
:105AD0005E8841575F8843576088445761884557BF
:105AE00062884657638848576488495765884B578A
:105AF000668852576788535768885457698855573E
:105B00006A8856576B8858576C8859576D88625702
:105B10006E8863576F8865577088675771886C57B0
:105B200072886E577388705774887157758872576A
:105B30007688745777887557788878577988795731
:105B40007A887A577B887D577C887E577D887F57F7
:105B50007E888057808881578188875782888857B8
:105B60008388895784888A5785888D5786888E5779
:105B700087888F5788889057898891578A88945743
:105B80008B8895578C8896578D8897578E8898570D
:105B90008F88995790889A5791889C5792889D57DB
:105BA00093889E5794889F579588A5579688A8579D
:105BB0009788AA579888AC579988AF579A88B05752
:105BC0009B88B1579C88B3579D88B5579E88B65718
:105BD0009F88B757A088B957A188BA57A288BB57E2
:105BE000A388BC57A488BD57A588BE57A688BF57B1
:105BF000A788C057A888C157A988C457AA88C5577D
:105C0000AB88C657AC88C757AD88C857AE88C95748
:105C1000AF88CA57B088CC57B188CD57B288D05713
:105C2000B388D157B488D357B588D657B688D757D5
:105C3000B788DB57B888DC57B988DE57BA88E15790
:105C4000BB88E257BC88E357BD88E557BE88E65756
:105C5000BF88E757C088E857C188E957C288EA5724
:105C6000C388EB57C488EC57C588EE57C688F057F1
:105C7000C788F157C888F257C988F357CA88F557BB
:105C8000CB88F657CC88F757CD88FB57CE88FC5782
:105C9000CF88FE57D088FF57D1880158D288035843
:105CA000D3880458D4880558D5880858D688095808
:105CB000D7880A58D8880C58D9880E58DA880F58CF
:105CC000DB881058DC881258DD881358DE88145899
:105CD000DF881658E0881758E1881858E2881A5863
:105CE000E3881B58E4881C58E5881D58E6881F582F
:105CF000E7882258E8882358E9882558EA882658F2
:105D0000EB882758EC882858ED882958EE882B58BE
:105D1000EF882C58F0882D58F1882E58F2882F588B
:105D2000F3883158F4883258F5883358F688345857
:105D3000F7883658F8883758F9883858FA88395823
:105D4000FB883A58FC883B58FD883C58FE883D58F3
:105D500040893E5841893F584289405843894158BB
:105D60004489425845894358468945584789465889
:105D700048894758498948584A8949584B894A5857
:105D80004C894B584D894E584E894F584F89505821
:105D900050895258518953585289555853895658E9
:105DA000548957585589595856895A5857895B58B4
:105DB00058895C5859895D585A895F585B89605881
:105DC0005C8961585D8962585E8963585F8964584F
:105DD000608966586189675862896858638969581B
:105DE00064896A5865896D5866896E5867896F58E5
:105DF00068897058698971586A8972586B897358B3
:105E00006C8974586D8975586E8976586F89775882
:105E1000708978587189795872897A5873897B5852
:105E200074897C5875897D5876897F58778982581E
:105E300078898458798986587A8987587B898858DF
:105E40007C898A587D898B587E898C5880898D58A9
:105E500081898E5882898F58838990588489915876
:105E6000858994588689955887899658888997583E
:105E7000898998588A899B588B899C588C899D5808
:105E80008D89A0588E89A1588F89A2589089A358CE
:105E90009189A4589289A5589389A6589489A7589E
:105EA0009589AA589689AB589789AC589889AD5866
:105EB0009989AE589A89AF589B89B0589C89B15836
:105EC0009D89B2589E89B3589F89B458A089B55806
:105ED000A189B658A289B758A389B858A489B958D6
:105EE000A589BA58A689BB58A789BD58A889BE58A4
:105EF000A989BF58AA89C058AB89C258AC89C35870
:105F0000AD89C458AE89C658AF89C758B089C8583A
:105F1000B189C958B289CA58B389CB58B489CC5809
:105F2000B589CD58B689CE58B789CF58B889D058D9
:105F3000B989D258BA89D358BB89D458BC89D658A4
:105F4000BD89D758BE89D858BF89D958C089DA5871
:105F5000C189DB58C289DC58C389DD58C489DE5841
:105F6000C589DF58C689E058C789E158C889E25811
:105F7000C989E358CA89E558CB89E658CC89E758DE
:105F8000CD89E858CE89E958CF89EA58D089ED58AB
:105F9000D189EF58D289F158D389F258D489F4586D
:105FA000D589F558D689F758D789F858D889FA5835
:105FB000D989FB58DA89FC58DB89FD58DC89FE5801
:105FC000DD89FF58DE890059DF890159E0890359CD
:105FD000E1890559E2890659E3890859E489095993
:105FE000E5890A59E6890B59E7890C59E8890E5960
:105FF000E9891059EA891159EB891259EC89135929
:10600000ED891759EE891859EF891B59F0891D59E7
:10601000F1891E59F2892059F3892159F4892259AD
:10602000F5892359F6892659F7892859F8892C5971
:10603000F9893059FA893259FB893359FC89355924
:10604000FD893659FE893B59408A3D59418A3E595E
:10605000428A3F59438A4059448A4359458A45599F
:10606000468A4659478A4A59488A4C59498A4D595D
:106070004A8A50594B8A52594C8A53594D8A595918
:106080004E8A5B594F8A5C59508A5D59518A5E59D4
:10609000528A5F59538A6159548A6359558A64599F
:1060A000568A6659578A6759588A6859598A695968
:1060B0005A8A6A595B8A6B595C8A6C595D8A6D5938
:1060C0005E8A6E595F8A6F59608A7059618A715908
:1060D000628A7259638A7559648A7759658A7A59CE
:1060E000668A7B59678A7C59688A7E59698A7F5992
:1060F0006A8A80596B8A85596C8A89596D8A8B594D
:106100006E8A8C596F8A8E59708A8F59718A90590C
:10611000728A9159738A9459748A9559758A9859D3
:10612000768A9A59778A9B59788A9C59798A9D5997
:106130007A8A9F597B8AA0597C8AA1597D8AA25963
:106140007E8AA659808AA759818AAC59828AAD591C
:10615000838AB059848AB159858AB359868AB459D9
:10616000878AB559888AB659898AB7598A8AB859A7
:106170008B8ABA598C8ABC598D8ABD598E8ABF596F
:106180008F8AC059908AC159918AC259928AC3593B
:10619000938AC459948AC559958AC759968AC85909
:1061A000978AC959988ACC59998ACD599A8ACE59D1
:1061B0009B8ACF599C8AD5599D8AD6599E8AD9598E
:1061C0009F8ADB59A08ADE59A18ADF59A28AE05949
:1061D000A38AE159A48AE259A58AE459A68AE65914
:1061E000A78AE759A88AE959A98AEA59AA8AEB59DC
:1061F000AB8AED59AC8AEE59AD8AEF59AE8AF059A7
:10620000AF8AF159B08AF259B18AF359B28AF45976
:10621000B38AF559B48AF659B58AF759B68AF85946
:10622000B78AFA59B88AFC59B98AFD59BA8AFE590F
:10623000BB8A005ABC8A025ABD8A0A5ABE8A0B5AC5
:10624000BF8A0D5AC08A0E5AC18A0F5AC28A105A82
:10625000C38A125AC48A145AC58A155AC68A165A4B
:10626000C78A175AC88A195AC98A1A5ACA8A1B5A17
:10627000CB8A1D5ACC8A1E5ACD8A215ACE8A225ADE
:10628000CF8A245AD08A265AD18A275AD28A285AA3
:10629000D38A2A5AD48A2B5AD58A2C5AD68A2D5A6E
:1062A000D78A2E5AD88A2F5AD98A305ADA8A335A3C
:1062B000DB8A355ADC8A375ADD8A385ADE8A395AFF
:1062C000DF8A3A5AE08A3B5AE18A3D5AE28A3E5ACC
:1062D000E38A3F5AE48A415AE58A425AE68A435A97
:1062E000E78A445AE88A455AE98A475AEA8A485A64
:1062F000EB8A4B5AEC8A4C5AED8A4D5AEE8A4E5A2A
:10630000EF8A4F5AF08A505AF18A515AF28A525AF9
:10631000F38A535AF48A545AF58A565AF68A575AC7
:10632000F78A585AF88A595AF98A5B5AFA8A5C5A93
:10633000FB8A5D5AFC8A5E5AFD8A5F5AFE8A605A61
:10634000408B615A418B635A428B645A438B655A26
:10635000448B665A458B685A468B695A478B6B5AF1
:10636000488B6C5A498B6D5A4A8B6E5A4B8B6F5ABD
:106370004C8B705A4D8B715A4E8B725A4F8B735A8D
:10638000508B785A518B795A528B7B5A538B7C5A4B
:10639000548B7D5A558B7E5A568B805A578B815A17
:1063A000588B825A598B835A5A8B845A5B8B855AE5
:1063B0005C8B865A5D8B875A5E8B885A5F8B895AB5
:1063C000608B8A5A618B8B5A628B8C5A638B8D5A85
:1063D000648B8E5A658B8F5A668B905A678B915A55
:1063E000688B935A698B945A6A8B955A6B8B965A21
:1063F0006C8B975A6D8B985A6E8B995A6F8B9C5AEF
:10640000708B9D5A718B9E5A728B9F5A738BA05AB8
:10641000748BA15A758BA25A768BA35A778BA45A88
:10642000788BA55A798BA65A7A8BA75A7B8BA85A58
:106430007C8BA95A7D8BAB5A7E8BAC5A808BAD5A24
:10644000818BAE5A828BAF5A838BB05A848BB15AF0
:10645000858BB45A868BB65A878BB75A888BB95AB4
:10646000898BBA5A8A8BBB5A8B8BBC5A8C8BBD5A80
:106470008D8BBF5A8E8BC05A8F8BC35A908BC45A48
:10648000918BC55A928BC65A938BC75A948BC85A14
:10649000958BCA5A968BCB5A978BCD5A988BCE5ADE
:1064A000998BCF5A9A8BD05A9B8BD15A9C8BD35AAB
:1064B0009D8BD55A9E8BD75A9F8BD95AA08BDA5A6F
:1064C000A18BDB5AA28BDD5AA38BDE5AA48BDF5A39
:1064D000A58BE25AA68BE45AA78BE55AA88BE75AFC
:1064E000A98BE85AAA8BEA5AAB8BEC5AAC8BED5AC3
:1064F000AD8BEE5AAE8BEF5AAF8BF05AB08BF25A8F
:10650000B18BF35AB28BF45AB38BF55AB48BF65A5B
:10651000B58BF75AB68BF85AB78BF95AB88BFA5A2B
:10652000B98BFB5ABA8BFC5ABB8BFD5ABC8BFE5AFB
:10653000BD8BFF5ABE8B005BBF8B015BC08B025BC8
:10654000C18B035BC28B045BC38B055BC48B065B97
:10655000C58B075BC68B085BC78B0A5BC88B0B5B65
:10656000C98B0C5BCA8B0D5BCB8B0E5BCC8B0F5B33
:10657000CD8B105BCE8B115BCF8B125BD08B135B03
:10658000D18B145BD28B155BD38B185BD48B195BCF
:10659000D58B1A5BD68B1B5BD78B1C5BD88B1D5B9B
:1065A000D98B1E5BDA8B1F5BDB8B205BDC8B215B6B
:1065B000DD8B225BDE8B235BDF8B245BE08B255B3B
:1065C000E18B265BE28B275BE38B285BE48B295B0B
:1065D000E58B2A5BE68B2B5BE78B2C5BE88B2D5BDB
:1065E000E98B2E5BEA8B2F5BEB8B305BEC8B315BAB
:1065F000ED8B335BEE8B355BEF8B365BF08B385B73
:10660000F18B395BF28B3A5BF38B3B5BF48B3C5B3E
:10661000F58B3D5BF68B3E5BF78B3F5BF88B415B0D
:10662000F98B425BFA8B435BFB8B445BFC8B455BDA
:10663000FD8B465BFE8B475B408C485B418C495B26
:10664000428C4A5B438C4B5B448C4C5B458C4D5B72
:10665000468C4E5B478C4F5B488C525B498C565B3B
:106660004A8C5E5B4B8C605B4C8C615B4D8C675BDA
:106670004E8C685B4F8C6B5B508C6D5B518C6E5B92
:10668000528C6F5B538C725B548C745B558C765B55
:10669000568C775B578C785B588C795B598C7B5B1D
:1066A0005A8C7C5B5B8C7E5B5C8C7F5B5D8C825BE5
:1066B0005E8C865B5F8C8A5B608C8D5B618C8E5B95
:1066C000628C905B638C915B648C925B658C945B59
:1066D000668C965B678C9F5B688CA75B698CA85BFC
:1066E0006A8CA95B6B8CAC5B6C8CAD5B6D8CAE5BB0
:1066F0006E8CAF5B6F8CB15B708CB25B718CB75B77
:10670000728CBA5B738CBB5B748CBC5B758CC05B2E
:10671000768CC15B778CC35B788CC85B798CC95BEA
:106720007A8CCA5B7B8CCB5B7C8CCD5B7D8CCE5BAF
:106730007E8CCF5B808CD15B818CD45B828CD55B73
:10674000838CD65B848CD75B858CD85B868CD95B3D
:10675000878CDA5B888CDB5B898CDC5B8A8CE05B0A
:106760008B8CE25B8C8CE35B8D8CE65B8E8CE75BC9
:106770008F8CE95B908CEA5B918CEB5B928CEC5B91
:10678000938CED5B948CEF5B958CF15B968CF25B5C
:10679000978CF35B988CF45B998CF55B9A8CF65B29
:1067A0009B8CF75B9C8CFD5B9D8CFE5B9E8C005CE8
:1067B0009F8C025CA08C035CA18C055CA28C075CA6
:1067C000A38C085CA48C0B5CA58C0C5CA68C0D5C6B
:1067D000A78C0E5CA88C105CA98C125CAA8C135C34
:1067E000AB8C175CAC8C195CAD8C1B5CAE8C1E5CEE
:1067F000AF8C1F5CB08C205CB18C215CB28C235CB4
:10680000B38C265CB48C285CB58C295CB68C2A5C75
:10681000B78C2B5CB88C2D5CB98C2E5CBA8C2F5C41
:10682000BB8C305CBC8C325CBD8C335CBE8C355C0C
:10683000BF8C365CC08C375CC18C435CC28C445CC2
:10684000C38C465CC48C475CC58C4C5CC68C4D5C70
:10685000C78C525CC88C535CC98C545CCA8C565C27
:10686000CB8C575CCC8C585CCD8C5A5CCE8C5B5CF2
:10687000CF8C5C5CD08C5D5CD18C5F5CD28C625CBC
:10688000D38C645CD48C675CD58C685CD68C695C7A
:10689000D78C6A5CD88C6B5CD98C6C5CDA8C6D5C48
:1068A000DB8C705CDC8C725CDD8C735CDE8C745C0D
:1068B000DF8C755CE08C765CE18C775CE28C785CDC
:1068C000E38C7B5CE48C7C5CE58C7D5CE68C7E5CA4
:1068D000E78C805CE88C835CE98C845CEA8C855C6A
:1068E000EB8C865CEC8C875CED8C895CEE8C8A5C36
:1068F000EF8C8B5CF08C8E5CF18C8F5CF28C925CFC
:10690000F38C935CF48C955CF58C9D5CF68C9E5CB2
:10691000F78C9F5CF88CA05CF98CA15CFA8CA45C71
:10692000FB8CA55CFC8CA65CFD8CA75CFE8CA85C3B
:10693000408DAA5C418DAE5C428DAF5C438DB05CF6
:10694000448DB25C458DB45C468DB65C478DB95CB8
:10695000488DBA5C498DBB5C4A8DBC5C4B8DBE5C7E
:106960004C8DC05C4D8DC25C4E8DC35C4F8DC55C43
:10697000508DC65C518DC75C528DC85C538DC95C0F
:10698000548DCA5C558DCC5C568DCD5C578DCE5CDC
:10699000588DCF5C598DD05C5A8DD15C5B8DD35CAA
:1069A0005C8DD45C5D8DD55C5E8DD65C5F8DD75C77
:1069B000608DD85C618DDA5C628DDB5C638DDC5C44
:1069C000648DDD5C658DDE5C668DDF5C678DE05C13
:1069D000688DE25C698DE35C6A8DE75C6B8DE95CD8
:1069E0006C8DEB5C6D8DEC5C6E8DEE5C6F8DEF5C99
:1069F000708DF15C718DF25C728DF35C738DF45C63
:106A0000748DF55C758DF65C768DF75C778DF85C32
:106A1000788DF95C798DFA5C7A8DFC5C7B8DFD5C00
:106A20007C8DFE5C7D8DFF5C7E8D005D808D015DCB
:106A3000818D045D828D055D838D085D848D095D8A
:106A4000858D0A5D868D0B5D878D0C5D888D0D5D56
:106A5000898D0F5D8A8D105D8B8D115D8C8D125D22
:106A60008D8D135D8E8D155D8F8D175D908D185DED
:106A7000918D195D928D1A5D938D1C5D948D1D5DB8
:106A8000958D1F5D968D205D978D215D988D225D82
:106A9000998D235D9A8D255D9B8D285D9C8D2A5D4A
:106AA0009D8D2B5D9E8D2C5D9F8D2F5DA08D305D0E
:106AB000A18D315DA28D325DA38D335DA48D355DD9
:106AC000A58D365DA68D375DA78D385DA88D395DA6
:106AD000A98D3A5DAA8D3B5DAB8D3C5DAC8D3F5D74
:106AE000AD8D405DAE8D415DAF8D425DB08D435D3E
:106AF000B18D445DB28D455DB38D465DB48D485D0D
:106B0000B58D495DB68D4D5DB78D4E5DB88D4F5DD0
:106B1000B98D505DBA8D515DBB8D525DBC8D535D9D
:106B2000BD8D545DBE8D555DBF8D565DC08D575D6D
:106B3000C18D595DC28D5A5DC38D5C5DC48D5E5D36
:106B4000C58D5F5DC68D605DC78D615DC88D625D01
:106B5000C98D635DCA8D645DCB8D655DCC8D665DD1
:106B6000CD8D675DCE8D685DCF8D6A5DD08D6D5D9D
:106B7000D18D6E5DD28D705DD38D715DD48D725D62
:106B8000D58D735DD68D755DD78D765DD88D775D2E
:106B9000D98D785DDA8D795DDB8D7A5DDC8D7B5DFD
:106BA000DD8D7C5DDE8D7D5DDF8D7E5DE08D7F5DCD
:106BB000E18D805DE28D815DE38D835DE48D845D9B
:106BC000E58D855DE68D865DE78D875DE88D885D69
:106BD000E98D895DEA8D8A5DEB8D8B5DEC8D8C5D39
:106BE000ED8D8D5DEE8D8E5DEF8D8F5DF08D905D09
:106BF000F18D915DF28D925DF38D935DF48D945DD9
:106C0000F58D955DF68D965DF78D975DF88D985DA8
:106C1000F98D9A5DFA8D9B5DFB8D9C5DFC8D9E5D73
:106C2000FD8D9F5DFE8DA05D408EA15D418EA25DBC
:106C3000428EA35D438EA45D448EA55D458EA65D08
:106C4000468EA75D478EA85D488EA95D498EAA5DD8
:106C50004A8EAB5D4B8EAC5D4C8EAD5D4D8EAE5DA8
:106C60004E8EAF5D4F8EB05D508EB15D518EB25D78
:106C7000528EB35D538EB45D548EB55D558EB65D48
:106C8000568EB85D578EB95D588EBA5D598EBB5D14
:106C90005A8EBC5D5B8EBD5D5C8EBE5D5D8EBF5DE4
:106CA0005E8EC05D5F8EC15D608EC25D618EC35DB4
:106CB000628EC45D638EC65D648EC75D658EC85D81
:106CC000668EC95D678ECA5D688ECB5D698ECC5D50
:106CD0006A8ECE5D6B8ECF5D6C8ED05D6D8ED15D1C
:106CE0006E8ED25D6F8ED35D708ED45D718ED55DEC
:106CF000728ED65D738ED75D748ED85D758ED95DBC
:106D0000768EDA5D778EDC5D788EDF5D798EE05D84
:106D10007A8EE35D7B8EE45D7C8EEA5D7D8EEC5D3C
:106D20007E8EED5D808EF05D818EF55D828EF65DEE
:106D3000838EF85D848EF95D858EFA5D868EFB5DAF
:106D4000878EFC5D888EFF5D898E005E8A8E045E74
:106D50008B8E075E8C8E095E8D8E0A5E8E8E0B5E2C
:106D60008F8E0D5E908E0E5E918E125E928E135EF1
:106D7000938E175E948E1E5E958E1F5E968E205E9D
:106D8000978E215E988E225E998E235E9A8E245E67
:106D90009B8E255E9C8E285E9D8E295E9E8E2A5E31
:106DA0009F8E2B5EA08E2C5EA18E2F5EA28E305EFB
:106DB000A38E325EA48E335EA58E345EA68E355EC3
:106DC000A78E365EA88E395EA98E3A5EAA8E3E5E8A
:106DD000AB8E3F5EAC8E405EAD8E415EAE8E435E4E
:106DE000AF8E465EB08E475EB18E485EB28E495E13
:106DF000B38E4A5EB48E4B5EB58E4D5EB68E4E5EE1
:106E0000B78E4F5EB88E505EB98E515EBA8E525EAE
:106E1000BB8E535EBC8E565EBD8E575EBE8E585E78
:106E2000BF8E595EC08E5A5EC18E5C5EC28E5D5E44
:106E3000C38E5F5EC48E605EC58E635EC68E645E0A
:106E4000C78E655EC88E665EC98E675ECA8E685ED6
:106E5000CB8E695ECC8E6A5ECD8E6B5ECE8E6C5EA6
:106E6000CF8E6D5ED08E6E5ED18E6F5ED28E705E76
:106E7000D38E715ED48E755ED58E775ED68E795E3A
:106E8000D78E7E5ED88E815ED98E825EDA8E835EEC
:106E9000DB8E855EDC8E885EDD8E895EDE8E8C5EAE
:106EA000DF8E8D5EE08E8E5EE18E925EE28E985E6B
:106EB000E38E9B5EE48E9D5EE58EA15EE68EA25E15
:106EC000E78EA35EE88EA45EE98EA85EEA8EA95ED8
:106ED000EB8EAA5EEC8EAB5EED8EAC5EEE8EAE5EA1
:106EE000EF8EAF5EF08EB05EF18EB15EF28EB25E6E
:106EF000F38EB45EF48EBA5EF58EBB5EF68EBC5E2B
:106F0000F78EBD5EF88EBF5EF98EC05EFA8EC15EF2
:106F1000FB8EC25EFC8EC35EFD8EC45EFE8EC55EC1
:106F2000408FC65E418FC75E428FC85E438FCB5E87
:106F3000448FCC5E458FCD5E468FCE5E478FCF5E51
:106F4000488FD05E498FD45E4A8FD55E4B8FD75E17
:106F50004C8FD85E4D8FD95E4E8FDA5E4F8FDC5EE0
:106F6000508FDD5E518FDE5E528FDF5E538FE05EAD
:106F7000548FE15E558FE25E568FE35E578FE45E7D
:106F8000588FE55E598FE65E5A8FE75E5B8FE95E4C
:106F90005C8FEB5E5D8FEC5E5E8FED5E5F8FEE5E15
:106FA000608FEF5E618FF05E628FF15E638FF25EE5
:106FB000648FF35E658FF55E668FF85E678FF95EAE
:106FC000688FFB5E698FFC5E6A8FFD5E6B8F055F6D
:106FD0006C8F065F6D8F075F6E8F095F6F8F0C5F21
:106FE000708F0D5F718F0E5F728F105F738F125FE6
:106FF000748F145F758F165F768F195F778F1A5FA6
:10700000788F1C5F798F1D5F7A8F1E5F7B8F215F6A
:107010007C8F225F7D8F235F7E8F245F808F285F30
:10702000818F2B5F828F2C5F838F2E5F848F305FE9
:10703000858F325F868F335F878F345F888F355FB0
:10704000898F365F8A8F375F8B8F385F8C8F3B5F7E
:107050008D8F3D5F8E8F3E5F8F8F3F5F908F415F43
:10706000918F425F928F435F938F445F948F455F10
:10707000958F465F968F475F978F485F988F495FE0
:10708000998F4A5F9A8F4B5F9B8F4C5F9C8F4D5FB0
:107090009D8F4E5F9E8F4F5F9F8F515FA08F545F7C
:1070A000A18F595FA28F5A5FA38F5B5FA48F5C5F34
:1070B000A58F5E5FA68F5F5FA78F605FA88F635FFE
:1070C000A98F655FAA8F675FAB8F685FAC8F6B5FBF
:1070D000AD8F6E5FAE8F6F5FAF8F725FB08F745F7B
:1070E000B18F755FB28F765FB38F785FB48F7A5F41
:1070F000B58F7D5FB68F7E5FB78F7F5FB88F835F01
:10710000B98F865FBA8F8D5FBB8F8E5FBC8F8F5FAD
:10711000BD8F915FBE8F935FBF8F945FC08F965F6F
:10712000C18F9A5FC28F9B5FC38F9D5FC48F9E5F2D
:10713000C58F9F5FC68FA05FC78FA25FC88FA35FF9
:10714000C98FA45FCA8FA55FCB8FA65FCC8FA75FC7
:10715000CD8FA95FCE8FAB5FCF8FAC5FD08FAF5F8E
:10716000D18FB05FD28FB15FD38FB25FD48FB35F57
:10717000D58FB45FD68FB65FD78FB85FD88FB95F22
:10718000D98FBA5FDA8FBB5FDB8FBE5FDC8FBF5FEB
:10719000DD8FC05FDE8FC15FDF8FC25FE08FC75FB3
:1071A000E18FC85FE28FCA5FE38FCB5FE48FCE5F72
:1071B000E58FD35FE68FD45FE78FD55FE88FDA5F27
:1071C000E98FDB5FEA8FDC5FEB8FDE5FEC8FDF5FE9
:1071D000ED8FE25FEE8FE35FEF8FE55FF08FE65FAD
:1071E000F18FE85FF28FE95FF38FEC5FF48FEF5F71
:1071F000F58FF05FF68FF25FF78FF35FF88FF45F34
:10720000F98FF65FFA8FF75FFB8FF95FFC8FFA5FFC
:10721000FD8FFC5FFE8F0760409008604190096021
:1072200042900B6043900C60449010604590116058
:1072300046901360479017604890186049901A6014
:107240004A901E604B901F604C9022604D902360CE
:107250004E9024604F902C6050902D6051902E6085
:10726000529030605390316054903260559033604A
:107270005690346057903660589037605990386017
:107280005A9039605B903A605C903D605D903E60E2
:107290005E9040605F9044606090456061904660A1
:1072A00062904760639048606490496065904A606E
:1072B00066904C6067904E6068904F606990516036
:1072C0006A9053606B9054606C9056606D905760FC
:1072D0006E9058606F905B6070905C6071905E60C3
:1072E00072905F607390606074906160759065608B
:1072F0007690666077906E60789071607990726039
:107300007A9074607B9075607C9077607D907E60F1
:107310007E908060809081608190826082908560A4
:1073200083908660849087608590886086908A606C
:1073300087908B6088908E6089908F608A90906033
:107340008B9091608C9093608D9095608E909760FB
:107350008F9098609090996091909C6092909E60C0
:107360009390A1609490A2609590A4609690A5607F
:107370009790A7609890A9609990AA609A90AE6043
:107380009B90B0609C90B3609D90B5609E90B660FD
:107390009F90B760A090B960A190BA60A290BD60C4
:1073A000A390BE60A490BF60A590C060A690C1608D
:1073B000A790C260A890C360A990C460AA90C7605B
:1073C000AB90C860AC90C960AD90CC60AE90CD6021
:1073D000AF90CE60B090CF60B190D060B290D260EC
:1073E000B390D360B490D460B590D660B690D760B7
:1073F000B790D960B890DB60B990DE60BA90E16078
:10740000BB90E260BC90E360BD90E460BE90E5603C
:10741000BF90EA60C090F160C190F260C290F560E8
:10742000C390F760C490F860C590FB60C690FC60A4
:10743000C790FD60C890FE60C990FF60CA9002616D
:10744000CB900361CC900461CD900561CE90076133
:10745000CF900A61D0900B61D1900C61D2901061F5
:10746000D3901161D4901261D5901361D6901461BC
:10747000D7901661D8901761D9901861DA90196188
:10748000DB901B61DC901C61DD901D61DE901E6154
:10749000DF902161E0902261E1902561E290286116
:1074A000E3902961E4902A61E5902C61E6902D61DA
:1074B000E7902E61E8902F61E9903061EA903161A8
:1074C000EB903261EC903361ED903461EE90356178
:1074D000EF903661F0903761F1903861F290396148
:1074E000F3903A61F4903B61F5903C61F6903D6118
:1074F000F7903E61F8904061F9904161FA904261E5
:10750000FB904361FC904461FD904561FE904661B3
:10751000409147614191496142914B6143914D6175
:1075200044914F6145915061469152614791536139
:1075300048915461499156614A9157614B91586104
:107540004C9159614D915A614E915B614F915C61D3
:1075500050915E6151915F6152916061539161619F
:10756000549163615591646156916561579166616B
:107570005891696159916A615A916B615B916C6133
:107580005C916D615D916E615E916F615F91716102
:1075900060917261619173616291746163917661CE
:1075A000649178616591796166917A6167917B6197
:1075B00068917C6169917D616A917E616B917F6167
:1075C0006C9180616D9181616E9182616F91836137
:1075D0007091846171918561729186617391876107
:1075E000749188617591896176918A6177918C61D6
:1075F00078918D6179918F617A9190617B919161A0
:107600007C9192617D9193617E919561809196616B
:1076100081919761829198618391996184919A6136
:1076200085919B6186919C6187919E6188919F6104
:107630008991A0618A91A1618B91A2618C91A361D2
:107640008D91A4618E91A5618F91A6619091AA619F
:107650009191AB619291AD619391AE619491AF6163
:107660009591B0619691B1619791B2619891B36132
:107670009991B4619A91B5619B91B6619C91B86101
:107680009D91B9619E91BA619F91BB61A091BC61CE
:10769000A191BD61A291BF61A391C061A491C1619B
:1076A000A591C361A691C461A791C561A891C66166
:1076B000A991C761AA91C961AB91CC61AC91CD612F
:1076C000AD91CE61AE91CF61AF91D061B091D361F8
:1076D000B191D561B291D661B391D761B491D861BE
:1076E000B591D961B691DA61B791DB61B891DC618E
:1076F000B991DD61BA91DE61BB91DF61BC91E0615E
:10770000BD91E161BE91E261BF91E361C091E4612D
:10771000C191E561C291E761C391E861C491E961FA
:10772000C591EA61C691EB61C791EC61C891ED61C9
:10773000C991EE61CA91EF61CB91F061CC91F16199
:10774000CD91F261CE91F361CF91F461D091F66168
:10775000D191F761D291F861D391F961D491FA6135
:10776000D591FB61D691FC61D791FD61D891FE6105
:10777000D9910062DA910162DB910262DC910362CD
:10778000DD910462DE910562DF910762E09109629A
:10779000E1911362E2911462E3911962E4911C6237
:1077A000E5911D62E6911E62E7912062E8912362F5
:1077B000E9912662EA912762EB912862EC912962B5
:1077C000ED912B62EE912D62EF912F62F09130627C
:1077D000F1913162F2913262F3913562F491366245
:1077E000F5913862F6913962F7913A62F8913B620D
:1077F000F9913C62FA914262FB914462FC914562CC
:10780000FD914662FE914A6240924F6241925062FF
:10781000429255624392566244925762459259622F
:1078200046925A6247925C6248925D6249925E62F9
:107830004A925F624B9260624C9261624D926262C8
:107840004E9264624F926562509268625192716288
:107850005292726253927462549275625592776238
:107860005692786257927A6258927B6259927D6200
:107870005A9281625B9282625C9283625D928562BF
:107880005E9286625F9287626092886261928B628A
:1078900062928C6263928D6264928E6265928F6254
:1078A00066929062679294626892996269929C6211
:1078B0006A929D626B929E626C92A3626D92A662C6
:1078C0006E92A7626F92A9627092AA627192AD6283
:1078D0007292AE627392AF627492B0627592B2624B
:1078E0007692B3627792B4627892B6627992B76216
:1078F0007A92B8627B92BA627C92BE627D92C062DA
:107900007E92C1628092C3628192CB628292CF6288
:107910008392D1628492D5628592DD628692DE6224
:107920008792E0628892E1628992E4628A92EA62D6
:107930008B92EB628C92F0628D92F2628E92F56283
:107940008F92F8629092F9629192FA629292FB623F
:1079500093920063949203639592046396920563F5
:107960009792066398920A6399920B639A920C63BA
:107970009B920D639C920F639D9210639E92126383
:107980009F921363A0921463A1921563A29217634E
:10799000A3921863A4921963A5921C63A69226630E
:1079A000A7922763A8922963A9922C63AA922D63B8
:1079B000AB922E63AC923063AD923163AE9233637F
:1079C000AF923463B0923563B1923663B29237634B
:1079D000B3923863B4923B63B5923C63B6923E6314
:1079E000B7923F63B8924063B9924163BA924463DD
:1079F000BB924763BC924863BD924A63BE92516397
:107A0000BF925263C0925363C1925463C292566351
:107A1000C3925763C4925863C5925963C6925A631E
:107A2000C7925B63C8925C63C9925D63CA926063EC
:107A3000CB926463CC926563CD926663CE926863A9
:107A4000CF926A63D0926B63D1926C63D2926F6370
:107A5000D3927063D4927263D5927363D692746337
:107A6000D7927563D8927863D9927963DA927C63FE
:107A7000DB927D63DC927E63DD927F63DE928163C5
:107A8000DF928363E0928463E1928563E29286638E
:107A9000E3928B63E4928D63E5929163E692936344
:107AA000E7929463E8929563E9929763EA92996307
:107AB000EB929A63EC929B63ED929C63EE929D63D2
:107AC000EF929E63F0929F63F192A163F292A4639E
:107AD000F392A663F492AB63F592AF63F692B1634F
:107AE000F792B263F892B563F992B663FA92B9630A
:107AF000FB92BB63FC92BD63FD92BF63FE92C063C9
:107B00004093C1634193C2634293C3634393C5638C
:107B10004493C7634593C8634693CA634793CB6353
:107B20004893CC634993D1634A93D3634B93D46313
:107B30004C93D5634D93D7634E93D8634F93D963DA
:107B40005093DA635193DB635293DC635393DD63A9
:107B50005493DF635593E2635693E4635793E5636D
:107B60005893E6635993E7635A93E8635B93EB6337
:107B70005C93EC635D93EE635E93EF635F93F063FE
:107B80006093F1636193F3636293F5636393F763C7
:107B90006493F9636593FA636693FB636793FC638D
:107BA0006893FE63699303646A9304646B93066449
:107BB0006C9307646D9308646E9309646F930A6411
:107BC00070930D6471930E647293116473931264D5
:107BD0007493156475931664769317647793186499
:107BE0007893196479931A647A931D647B931F6464
:107BF0007C9322647D9323647E9324648093256424
:107C000081932764829328648393296484932B64EB
:107C100085932E6486932F648793306488933164B0
:107C2000899332648A9333648B9335648C9336647E
:107C30008D9337648E9338648F93396490933B644B
:107C400091933C6492933E64939340649493426412
:107C5000959343649693496497934B6498934C64CB
:107C600099934D649A934E649B934F649C93506494
:107C70009D9351649E9353649F935564A09356645F
:107C8000A1935764A2935964A3935A64A4935B6429
:107C9000A5935C64A6935D64A7935F64A8936064F6
:107CA000A9936164AA936264AB936364AC936464C4
:107CB000AD936564AE936664AF936864B0936A6491
:107CC000B1936B64B2936C64B3936E64B4936F645A
:107CD000B5937064B6937164B7937264B893736428
:107CE000B9937464BA937564BB937664BC937764F8
:107CF000BD937B64BE937C64BF937D64C0937E64BC
:107D0000C1937F64C2938064C3938164C49383648A
:107D1000C5938664C6938864C7938964C8938A644C
:107D2000C9938B64CA938C64CB938D64CC938E641B
:107D3000CD938F64CE939064CF939364D0939464E7
:107D4000D1939764D2939864D3939A64D4939B64A9
:107D5000D5939C64D6939D64D7939F64D893A06475
:107D6000D993A164DA93A264DB93A364DC93A56442
:107D7000DD93A664DE93A764DF93A864E093AA640E
:107D8000E193AB64E293AF64E393B164E493B264D0
:107D9000E593B364E693B464E793B664E893B96497
:107DA000E993BB64EA93BD64EB93BE64EC93BF6458
:107DB000ED93C164EE93C364EF93C464F093C6641F
:107DC000F193C764F293C864F393C964F493CA64EB
:107DD000F593CB64F693CC64F793CF64F893D164B6
:107DE000F993D364FA93D464FB93D564FC93D6647B
:107DF000FD93D964FE93DA644094DB644194DC64BF
:107E00004294DD644394DF644494E0644594E16407
:107E10004694E3644794E5644894E7644994E864CD
:107E20004A94E9644B94EA644C94EB644D94EC649A
:107E30004E94ED644F94EE645094EF645194F0646A
:107E40005294F1645394F2645494F3645594F4643A
:107E50005694F5645794F6645894F7645994F8640A
:107E60005A94F9645B94FA645C94FB645D94FC64DA
:107E70005E94FD645F94FE646094FF6461940165A8
:107E80006294026563940365649404656594056572
:107E900066940665679407656894086569940A6541
:107EA0006A940B656B940C656C940D656D940E650E
:107EB0006E940F656F9410657094116571941365DD
:107EC00072941465739415657494166575941765AA
:107ED0007694196577941A6578941B6579941C6576
:107EE0007A941D657B941E657C941F657D94206546
:107EF0007E94216580942265819423658294246513
:107F000083942665849427658594286586942965DD
:107F100087942A6588942C6589942D658A943065A8
:107F20008B9431658C9432658D9433658E9437656E
:107F30008F943A6590943C6591943D659294406528
:107F400093944165949442659594436596944465F1
:107F5000979446659894476599944A659A944B65B9
:107F60009B944D659C944E659D9450659E9452657E
:107F70009F945365A0945465A1945765A294586545
:107F8000A3945A65A4945C65A5945F65A694606506
:107F9000A7946165A8946465A9946565AA946765CA
:107FA000AB946865AC946965AD946A65AE946D6593
:107FB000AF946E65B0946F65B1947165B29473655A
:107FC000B3947565B4947665B5947865B69479651F
:107FD000B7947A65B8947B65B9947C65BA947D65ED
:107FE000BB947E65BC947F65BD948065BE948165BD
:107FF000BF948265C0948365C1948465C29485658D
:10800000C3948665C4948865C5948965C6948A6559
:10801000C7948D65C8948E65C9948F65CA9492651E
:10802000CB949465CC949565CD949665CE949865E3
:10803000CF949A65D0949D65D1949E65D294A065A5
:10804000D394A265D494A365D594A665D694A86567
:10805000D794AA65D894AC65D994AE65DA94B16525
:10806000DB94B265DC94B365DD94B465DE94B565EC
:10807000DF94B665E094B765E194B865E294BA65BB
:10808000E394BB65E494BE65E594BF65E694C06582
:10809000E794C265E894C765E994C865EA94C96540
:1080A000EB94CA65EC94CD65ED94D065EE94D16502
:1080B000EF94D365F094D465F194D565F294D865C6
:1080C000F394D965F494DA65F594DB65F694DC6590
:1080D000F794DD65F894DE65F994DF65FA94E1655F
:1080E000FB94E365FC94E465FD94EA65FE94EB651E
:1080F0004095F2654195F3654295F4654395F565C4
:108100004495F8654595F9654695FB654795FC6589
:108110004895FD654995FE654A95FF654B95016655
:108120004C9504664D9505664E9507664F95086615
:108130005095096651950B6652950D6653951066DC
:10814000549511665595126656951666579517669D
:108150005895186659951A665A951B665B951C6664
:108160005C951E665D9521665E9522665F95236629
:1081700060952466619526666295296663952A66F0
:1081800064952B6665952C6666952E6667953066B8
:1081900068953266699533666A9537666B95386679
:1081A0006C9539666D953A666E953B666F953D6642
:1081B00070953F6671954066729542667395446608
:1081C00074954566759546667695476677954866D3
:1081D0007895496679954A667A954D667B954E669F
:1081E0007C9550667D9551667E955866809559665A
:1081F00081955B6682955C6683955D6684955E6617
:1082000085956066869562668795636688956566DE
:10821000899567668A9569668B956A668C956B66A3
:108220008D956C668E956D668F957166909572666C
:10823000919573669295756693957866949579662F
:1082400095957B6696957C6697957D6698957F66F5
:10825000999580669A9581669B9583669C958566BF
:108260009D9586669E9588669F958966A0958A6687
:10827000A1958B66A2958D66A3958E66A4958F6653
:10828000A5959066A6959266A7959366A89594661F
:10829000A9959566AA959866AB959966AC959A66E8
:1082A000AD959B66AE959C66AF959E66B0959F66B4
:1082B000B195A066B295A166B395A266B495A36682
:1082C000B595A466B695A566B795A666B895A96650
:1082D000B995AA66BA95AB66BB95AC66BC95AD661A
:1082E000BD95AF66BE95B066BF95B166C095B266E6
:1082F000C195B366C295B566C395B666C495B766B3
:10830000C595B866C695BA66C795BB66C895BC667E
:10831000C995BD66CA95BF66CB95C066CC95C1664A
:10832000CD95C266CE95C366CF95C466D095C56619
:10833000D195C666D295C766D395C866D495C966E9
:10834000D595CA66D695CB66D795CC66D895CD66B9
:10835000D995CE66DA95CF66DB95D066DC95D16689
:10836000DD95D266DE95D366DF95D466E095D56659
:10837000E195D666E295D766E395D866E495DA6628
:10838000E595DE66E695DF66E795E066E895E166E9
:10839000E995E266EA95E366EB95E466EC95E566B9
:1083A000ED95E766EE95E866EF95EA66F095EB6683
:1083B000F195EC66F295ED66F395EE66F495EF6651
:1083C000F595F166F695F566F795F666F895F86613
:1083D000F995FA66FA95FB66FB95FD66FC950167D3
:1083E000FD950267FE950367409604674196056711
:1083F000429606674396076744960C6745960E6754
:1084000046960F6747961167489612674996136715
:108410004A9616674B9618674C9619674D961A67D9
:108420004E961C674F961E6750962067519621679F
:10843000529622675396236754962467559625676C
:10844000569627675796296758962E67599630672C
:108450005A9632675B9633675C9636675D963767E8
:108460005E9638675F96396760963B6761963C67B2
:1084700062963E6763963F67649641676596446778
:10848000669645676796476768964A6769964B6739
:108490006A964D676B9652676C9654676D965567F2
:1084A0006E9657676F9658677096596771965A67B8
:1084B00072965B6773965D6774966267759663677D
:1084C00076966467779666677896676779966B673E
:1084D0007A966C677B966E677C9671677D967467FB
:1084E0007E967667809678678196796782967A67B6
:1084F00083967B6784967D6785968067869682677C
:108500008796836788968567899686678A9688673F
:108510008B968A678C968C678D968D678E968E6704
:108520008F968F67909691679196926792969367D0
:1085300093969467949696679596996796969B6797
:1085400097969F679896A0679996A1679A96A46751
:108550009B96A6679C96A9679D96AC679E96AE670C
:108560009F96B167A096B267A196B467A296B967C5
:10857000A396BA67A496BB67A596BC67A696BD6787
:10858000A796BE67A896BF67A996C067AA96C26756
:10859000AB96C567AC96C667AD96C767AE96C8671B
:1085A000AF96C967B096CA67B196CB67B296CC67EB
:1085B000B396CD67B496CE67B596D567B696D667AF
:1085C000B796D767B896DB67B996DF67BA96E16763
:1085D000BB96E367BC96E467BD96E667BE96E76721
:1085E000BF96E867C096EA67C196EB67C296ED67EB
:1085F000C396EE67C496F267C596F567C696F667AA
:10860000C796F767C896F867C996F967CA96FA6772
:10861000CB96FB67CC96FC67CD96FE67CE9601683D
:10862000CF960268D0960368D1960468D296066801
:10863000D3960D68D4961068D5961268D6961468AD
:10864000D7961568D8961868D9961968DA961A6870
:10865000DB961B68DC961C68DD961E68DE961F683C
:10866000DF962068E0962268E1962368E296246807
:10867000E3962568E4962668E5962768E6962868D6
:10868000E7962B68E8962C68E9962D68EA962E689E
:10869000EB962F68EC963068ED963168EE9634686C
:1086A000EF963568F0963668F1963A68F2963B6830
:1086B000F3963F68F4964768F5964B68F6964D68D2
:1086C000F7964F68F8965268F9965668FA96576882
:1086D000FB965868FC965968FD965A68FE965B684A
:1086E00040975C6841975D6842975E6843975F6812
:1086F00044976A6845976C6846976D6847976E68B7
:1087000048976F68499770684A9771684B97726885
:108710004C9773684D9775684E9778684F9779684E
:1087200050977A6851977B6852977C6853977D6819
:1087300054977E6855977F685697806857978268E8
:1087400058978468599787685A9788685B978968AB
:108750005C978A685D978B685E978C685F978D6879
:1087600060978E6861979068629791686397926846
:108770006497946865979568669796686797986810
:108780006897996869979A686A979B686B979C68DD
:108790006C979D686D979E686E979F686F97A068AD
:1087A0007097A1687197A3687297A4687397A5687A
:1087B0007497A9687597AA687697AB687797AC683D
:1087C0007897AE687997B1687A97B2687B97B46802
:1087D0007C97B6687D97B7687E97B8688097B968C8
:1087E0008197BA688297BB688397BC688497BD6895
:1087F0008597BE688697BF688797C1688897C36862
:108800008997C4688A97C5688B97C6688C97C7682C
:108810008D97C8688E97CA688F97CC689097CE68F6
:108820009197CF689297D0689397D1689497D368BF
:108830009597D4689697D6689797D7689897D96888
:108840009997DB689A97DC689B97DD689C97DE6850
:108850009D97DF689E97E1689F97E268A097E4681C
:10886000A197E568A297E668A397E768A497E868E8
:10887000A597E968A697EA68A797EB68A897EC68B8
:10888000A997ED68AA97EF68AB97F268AC97F36881
:10889000AD97F468AE97F668AF97F768B097F86849
:1088A000B197FB68B297FD68B397FE68B497FF680D
:1088B000B5970069B6970269B7970369B8970469D5
:1088C000B9970669BA970769BB970869BC970969A0
:1088D000BD970A69BE970C69BF970F69C097116968
:1088E000C1971369C2971469C3971569C49716692C
:1088F000C5971769C6971869C7971969C8971A69FC
:10890000C9971B69CA971C69CB971D69CC971E69CB
:10891000CD972169CE972269CF972369D097256992
:10892000D1972669D2972769D3972869D49729695F
:10893000D5972A69D6972B69D7972C69D8972E692E
:10894000D9972F69DA973169DB973269DC973369F8
:10895000DD973569DE973669DF973769E0973869C3
:10896000E1973A69E2973B69E3973C69E4973E698E
:10897000E5974069E6974169E7974369E897446955
:10898000E9974569EA974669EB974769EC97486923
:10899000ED974969EE974A69EF974B69F0974C69F3
:1089A000F1974D69F2974E69F3974F69F4975069C3
:1089B000F5975169F6975269F7975369F897556992
:1089C000F9975669FA975869FB975969FC975B695B
:1089D000FD975C69FE975F6940986169419862699B
:1089E00042986469439865694498676945986869DD
:1089F0004698696947986A6948986C6949986D69A9
:108A00004A986F694B9870694C9872694D98736970
:108A10004E9874694F9875695098766951987A693B
:108A200052987B6953987D6954987E6955987F69FF
:108A300056988169579883695898856959988A69C1
:108A40005A988B695B988C695C988E695D988F6980
:108A50005E9890695F98916960989269619893694E
:108A600062989669639897696498996965989A6914
:108A700066989D6967989E6968989F696998A069DA
:108A80006A98A1696B98A2696C98A3696D98A469AA
:108A90006E98A5696F98A6697098A9697198AA6976
:108AA0007298AC697398AE697498AF697598B0693B
:108AB0007698B2697798B3697898B5697998B66904
:108AC0007A98B8697B98B9697C98BA697D98BC69CD
:108AD0007E98BD698098BE698198BF698298C06997
:108AE0008398C2698498C3698598C4698698C56962
:108AF0008798C6698898C7698998C8698A98C96932
:108B00008B98CB698C98CD698D98CF698E98D169F7
:108B10008F98D2699098D3699198D5699298D669BF
:108B20009398D7699498D8699598D9699698DA698D
:108B30009798DC699898DD699998DE699A98E16957
:108B40009B98E2699C98E3699D98E4699E98E56921
:108B50009F98E669A098E769A198E869A298E969F1
:108B6000A398EA69A498EB69A598EC69A698EE69C0
:108B7000A798EF69A898F069A998F169AA98F3698C
:108B8000AB98F469AC98F569AD98F669AE98F76959
:108B9000AF98F869B098F969B198FA69B298FB6929
:108BA000B398FC69B498FE69B598006AB698016AF2
:108BB000B798026AB898036AB998046ABA98056ABD
:108BC000BB98066ABC98076ABD98086ABE98096A8D
:108BD000BF980B6AC0980C6AC1980D6AC2980E6A59
:108BE000C3980F6AC498106AC598116AC698126A29
:108BF000C798136AC898146AC998156ACA98166AF9
:108C0000CB98196ACC981A6ACD981B6ACE981C6AC0
:108C1000CF981D6AD0981E6AD198206AD298226A8D
:108C2000D398236AD498246AD598256AD698266A58
:108C3000D798276AD898296AD9982B6ADA982C6A23
:108C4000DB982D6ADC982E6ADD98306ADE98326AED
:108C5000DF98336AE098346AE198366AE298376AB6
:108C6000E398386AE498396AE5983A6AE6983B6A84
:108C7000E7983C6AE8983F6AE998406AEA98416A4E
:108C8000EB98426AEC98436AED98456AEE98466A1A
:108C9000EF98486AF098496AF1984A6AF2984B6AE4
:108CA000F3984C6AF4984D6AF5984E6AF6984F6AB4
:108CB000F798516AF898526AF998536AFA98546A80
:108CC000FB98556AFC98566AFD98576AFE985A6A4E
:108CD00040995C6A41995D6A42995E6A43995F6A0C
:108CE0004499606A4599626A4699636A4799646AD9
:108CF0004899666A4999676A4A99686A4B99696AA4
:108D00004C996A6A4D996B6A4E996C6A4F996D6A73
:108D100050996E6A51996F6A5299706A5399726A42
:108D20005499736A5599746A5699756A5799766A0F
:108D30005899776A5999786A5A997A6A5B997B6ADD
:108D40005C997D6A5D997E6A5E997F6A5F99816AA6
:108D50006099826A6199836A6299856A6399866A71
:108D60006499876A6599886A6699896A67998A6A3F
:108D700068998B6A69998C6A6A998D6A6B998F6A0E
:108D80006C99926A6D99936A6E99946A6F99956AD3
:108D90007099966A7199986A7299996A73999A6AA0
:108DA00074999B6A75999C6A76999D6A77999E6A6F
:108DB00078999F6A7999A16A7A99A26A7B99A36A3C
:108DC0007C99A46A7D99A56A7E99A66A8099A76A0A
:108DD0008199A86A8299AA6A8399AD6A8499AE6AD0
:108DE0008599AF6A8699B06A8799B16A8899B26A9B
:108DF0008999B36A8A99B46A8B99B56A8C99B66A6B
:108E00008D99B76A8E99B86A8F99B96A9099BA6A3A
:108E10009199BB6A9299BC6A9399BD6A9499BE6A0A
:108E20009599BF6A9699C06A9799C16A9899C26ADA
:108E30009999C36A9A99C46A9B99C56A9C99C66AAA
:108E40009D99C76A9E99C86A9F99C96AA099CA6A7A
:108E5000A199CB6AA299CC6AA399CD6AA499CE6A4A
:108E6000A599CF6AA699D06AA799D16AA899D26A1A
:108E7000A999D36AAA99D46AAB99D56AAC99D66AEA
:108E8000AD99D76AAE99D86AAF99D96AB099DA6ABA
:108E9000B199DB6AB299DC6AB399DD6AB499DE6A8A
:108EA000B599DF6AB699E06AB799E16AB899E26A5A
:108EB000B999E36ABA99E46ABB99E56ABC99E66A2A
:108EC000BD99E76ABE99E86ABF99E96AC099EA6AFA
:108ED000C199EB6AC299EC6AC399ED6AC499EE6ACA
:108EE000C599EF6AC699F06AC799F16AC899F26A9A
:108EF000C999F36ACA99F46ACB99F56ACC99F66A6A
:108F0000CD99F76ACE99F86ACF99F96AD099FA6A39
:108F1000D199FB6AD299FC6AD399FD6AD499FE6A09
:108F2000D599FF6AD699006BD799016BD899026BD6
:108F3000D999036BDA99046BDB99056BDC99066BA5
:108F4000DD99076BDE99086BDF99096BE0990A6B75
:108F5000E1990B6BE2990C6BE3990D6BE4990E6B45
:108F6000E5990F6BE699106BE799116BE899126B15
:108F7000E999136BEA99146BEB99156BEC99166BE5
:108F8000ED99176BEE99186BEF99196BF0991A6BB5
:108F9000F1991B6BF2991C6BF3991D6BF4991E6B85
:108FA000F5991F6BF699256BF799266BF899286B45
:108FB000F999296BFA992A6BFB992B6BFC992C6B0D
:108FC000FD992D6BFE992E6B409A2F6B419A306B59
:108FD000429A316B439A336B449A346B459A356BA2
:108FE000469A366B479A386B489A3B6B499A3C6B6A
:108FF0004A9A3D6B4B9A3F6B4C9A406B4D9A416B32
:109000004E9A426B4F9A446B509A456B519A486BFB
:10901000529A4A6B539A4B6B549A4D6B559A4E6BBE
:10902000569A4F6B579A506B589A516B599A526B8C
:109030005A9A536B5B9A546B5C9A556B5D9A566B5C
:109040005E9A576B5F9A586B609A5A6B619A5B6B2A
:10905000629A5C6B639A5D6B649A5E6B659A5F6BF8
:10906000669A606B679A616B689A686B699A696BBC
:109070006A9A6B6B6B9A6C6B6C9A6D6B6D9A6E6B7C
:109080006E9A6F6B6F9A706B709A716B719A726B4C
:10909000729A736B739A746B749A756B759A766B1C
:1090A000769A776B779A786B789A7A6B799A7D6BE8
:1090B0007A9A7E6B7B9A7F6B7C9A806B7D9A856BAC
:1090C0007E9A886B809A8C6B819A8E6B829A8F6B5A
:1090D000839A906B849A916B859A946B869A956B20
:1090E000879A976B889A986B899A996B8A9A9C6BE6
:1090F0008B9A9D6B8C9A9E6B8D9A9F6B8E9AA06BB0
:109100008F9AA26B909AA36B919AA46B929AA56B7B
:10911000939AA66B949AA76B959AA86B969AA96B4B
:10912000979AAB6B989AAC6B999AAD6B9A9AAE6B17
:109130009B9AAF6B9C9AB06B9D9AB16B9E9AB26BE7
:109140009F9AB66BA09AB86BA19AB96BA29ABA6BA8
:10915000A39ABB6BA49ABC6BA59ABD6BA69ABE6B77
:10916000A79AC06BA89AC36BA99AC46BAA9AC66B3C
:10917000AB9AC76BAC9AC86BAD9AC96BAE9ACA6B07
:10918000AF9ACC6BB09ACE6BB19AD06BB29AD16BCE
:10919000B39AD86BB49ADA6BB59ADC6BB69ADD6B7E
:1091A000B79ADE6BB89ADF6BB99AE06BBA9AE26B4A
:1091B000BB9AE36BBC9AE46BBD9AE56BBE9AE66B17
:1091C000BF9AE76BC09AE86BC19AE96BC29AEC6BE5
:1091D000C39AED6BC49AEE6BC59AF06BC69AF16BAD
:1091E000C79AF26BC89AF46BC99AF66BCA9AF76B76
:1091F000CB9AF86BCC9AFA6BCD9AFB6BCE9AFC6B40
:10920000CF9AFE6BD09AFF6BD19A006CD29A016C08
:10921000D39A026CD49A036CD59A046CD69A086CD3
:10922000D79A096CD89A0A6CD99A0B6CDA9A0C6C9A
:10923000DB9A0E6CDC9A126CDD9A176CDE9A1C6C51
:10924000DF9A1D6CE09A1E6CE19A206CE29A236C06
:10925000E39A256CE49A2B6CE59A2C6CE69A2D6CBB
:10926000E79A316CE89A336CE99A366CEA9A376C73
:10927000EB9A396CEC9A3A6CED9A3B6CEE9A3C6C3A
:10928000EF9A3E6CF09A3F6CF19A436CF29A446C00
:10929000F39A456CF49A486CF59A4B6CF69A4C6CC0
:1092A000F79A4D6CF89A4E6CF99A4F6CFA9A516C89
:1092B000FB9A526CFC9A536CFD9A566CFE9A586C51
:1092C000409B596C419B5A6C429B626C439B636C04
:1092D000449B656C459B666C469B676C479B6B6CBF
:1092E000489B6C6C499B6D6C4A9B6E6C4B9B6F6C86
:1092F0004C9B716C4D9B736C4E9B756C4F9B776C4C
:10930000509B786C519B7A6C529B7B6C539B7C6C12
:10931000549B7F6C559B806C569B846C579B876CD1
:10932000589B8A6C599B8B6C5A9B8D6C5B9B8E6C8B
:109330005C9B916C5D9B926C5E9B956C5F9B966C4D
:10934000609B976C619B986C629B9A6C639B9C6C16
:10935000649B9D6C659B9E6C669BA06C679BA26CDE
:10936000689BA86C699BAC6C6A9BAF6C6B9BB06C88
:109370006C9BB46C6D9BB56C6E9BB66C6F9BB76C45
:10938000709BBA6C719BC06C729BC16C739BC26CFE
:10939000749BC36C759BC66C769BC76C779BC86CC3
:1093A000789BCB6C799BCD6C7A9BCE6C7B9BCF6C86
:1093B0007C9BD16C7D9BD26C7E9BD86C809BD96C46
:1093C000819BDA6C829BDC6C839BDD6C849BDF6C05
:1093D000859BE46C869BE66C879BE76C889BE96CBD
:1093E000899BEC6C8A9BED6C8B9BF26C8C9BF46C78
:1093F0008D9BF96C8E9BFF6C8F9B006D909B026D1B
:10940000919B036D929B056D939B066D949B086DDC
:10941000959B096D969B0A6D979B0D6D989B0F6DA3
:10942000999B106D9A9B116D9B9B136D9C9B146D6A
:109430009D9B156D9E9B166D9F9B186DA09B1C6D33
:10944000A19B1D6DA29B1F6DA39B206DA49B216DF5
:10945000A59B226DA69B236DA79B246DA89B266DC3
:10946000A99B286DAA9B296DAB9B2C6DAC9B2D6D88
:10947000AD9B2F6DAE9B306DAF9B346DB09B366D49
:10948000B19B376DB29B386DB39B3A6DB49B3F6D0A
:10949000B59B406DB69B426DB79B446DB89B496DC3
:1094A000B99B4C6DBA9B506DBB9B556DBC9B566D6B
:1094B000BD9B576DBE9B586DBF9B5B6DC09B5D6D2B
:1094C000C19B5F6DC29B616DC39B626DC49B646DEC
:1094D000C59B656DC69B676DC79B686DC89B6B6DB3
:1094E000C99B6C6DCA9B6D6DCB9B706DCC9B716D78
:1094F000CD9B726DCE9B736DCF9B756DD09B766D42
:10950000D19B796DD29B7A6DD39B7B6DD49B7D6D06
:10951000D59B7E6DD69B7F6DD79B806DD89B816DD3
:10952000D99B836DDA9B846DDB9B866DDC9B876D9D
:10953000DD9B8A6DDE9B8B6DDF9B8D6DE09B8F6D60
:10954000E19B906DE29B926DE39B966DE49B976D22
:10955000E59B986DE69B996DE79B9A6DE89B9C6DEA
:10956000E99BA26DEA9BA56DEB9BAC6DEC9BAD6D91
:10957000ED9BB06DEE9BB16DEF9BB36DF09BB46D49
:10958000F19BB66DF29BB76DF39BB96DF49BBA6D11
:10959000F59BBB6DF69BBC6DF79BBD6DF89BBE6DDF
:1095A000F99BC16DFA9BC26DFB9BC36DFC9BC86DA3
:1095B000FD9BC96DFE9BCA6D409CCD6D419CCE6DDF
:1095C000429CCF6D439CD06D449CD26D459CD36D25
:1095D000469CD46D479CD56D489CD76D499CDA6DEF
:1095E0004A9CDB6D4B9CDC6D4C9CDF6D4D9CE26DB1
:1095F0004E9CE36D4F9CE56D509CE76D519CE86D72
:10960000529CE96D539CEA6D549CED6D559CEF6D39
:10961000569CF06D579CF26D589CF46D599CF56DFD
:109620005A9CF66D5B9CF86D5C9CFA6D5D9CFD6DC3
:109630005E9CFE6D5F9CFF6D609C006E619C016E88
:10964000629C026E639C036E649C046E659C066E55
:10965000669C076E679C086E689C096E699C0B6E21
:109660006A9C0F6E6B9C126E6C9C136E6D9C156EDB
:109670006E9C186E6F9C196E709C1B6E719C1C6E9C
:10968000729C1E6E739C1F6E749C226E759C266E5F
:10969000769C276E779C286E789C2A6E799C2C6E1F
:1096A0007A9C2E6E7B9C306E7C9C316E7D9C336EE2
:1096B0007E9C356E809C366E819C376E829C396EA6
:1096C000839C3B6E849C3C6E859C3D6E869C3E6E6E
:1096D000879C3F6E889C406E899C416E8A9C426E3E
:1096E0008B9C456E8C9C466E8D9C476E8E9C486E06
:1096F0008F9C496E909C4A6E919C4B6E929C4C6ED6
:10970000939C4F6E949C506E959C516E969C526E9D
:10971000979C556E989C576E999C596E9A9C5A6E60
:109720009B9C5C6E9C9C5D6E9D9C5E6E9E9C606E28
:109730009F9C616EA09C626EA19C636EA29C646EF5
:10974000A39C656EA49C666EA59C676EA69C686EC5
:10975000A79C696EA89C6A6EA99C6C6EAA9C6D6E93
:10976000AB9C6F6EAC9C706EAD9C716EAE9C726E5D
:10977000AF9C736EB09C746EB19C756EB29C766E2D
:10978000B39C776EB49C786EB59C796EB69C7A6EFD
:10979000B79C7B6EB89C7C6EB99C7D6EBA9C806ECB
:1097A000BB9C816EBC9C826EBD9C846EBE9C876E91
:1097B000BF9C886EC09C8A6EC19C8B6EC29C8C6E56
:1097C000C39C8D6EC49C8E6EC59C916EC69C926E21
:1097D000C79C936EC89C946EC99C956ECA9C966EED
:1097E000CB9C976ECC9C996ECD9C9A6ECE9C9B6EBA
:1097F000CF9C9D6ED09C9E6ED19CA06ED29CA16E83
:10980000D39CA36ED49CA46ED59CA66ED69CA86E49
:10981000D79CA96ED89CAB6ED99CAC6EDA9CAD6E11
:10982000DB9CAE6EDC9CB06EDD9CB36EDE9CB56ED8
:10983000DF9CB86EE09CB96EE19CBC6EE29CBE6E93
:10984000E39CBF6EE49CC06EE59CC36EE69CC46E58
:10985000E79CC56EE89CC66EE99CC86EEA9CC96E22
:10986000EB9CCA6EEC9CCC6EED9CCD6EEE9CCE6EED
:10987000EF9CD06EF09CD26EF19CD66EF29CD86EAE
:10988000F39CD96EF49CDB6EF59CDC6EF69CDD6E71
:10989000F79CE36EF89CE76EF99CEA6EFA9CEB6E1F
:1098A000FB9CEC6EFC9CED6EFD9CEE6EFE9CEF6EE8
:1098B000409DF06E419DF16E429DF26E439DF36EB0
:1098C000449DF56E459DF66E469DF76E479DF86E7C
:1098D000489DFA6E499DFB6E4A9DFC6E4B9DFD6E48
:1098E0004C9DFE6E4D9DFF6E4E9D006F4F9D016F16
:1098F000509D036F519D046F529D056F539D076FDF
:10990000549D086F559D0A6F569D0B6F579D0C6FA8
:10991000589D0D6F599D0E6F5A9D106F5B9D116F75
:109920005C9D126F5D9D166F5E9D176F5F9D186F3A
:10993000609D196F619D1A6F629D1B6F639D1C6F07
:10994000649D1D6F659D1E6F669D1F6F679D216FD6
:10995000689D226F699D236F6A9D256F6B9D266FA1
:109960006C9D276F6D9D286F6E9D2C6F6F9D2E6F68
:10997000709D306F719D326F729D346F739D356F26
:10998000749D376F759D386F769D396F779D3A6FEF
:10999000789D3B6F799D3C6F7A9D3D6F7B9D3F6FBE
:1099A0007C9D406F7D9D416F7E9D426F809D436F8A
:1099B000819D446F829D456F839D486F849D496F53
:1099C000859D4A6F869D4C6F879D4E6F889D4F6F1A
:1099D000899D506F8A9D516F8B9D526F8C9D536FE7
:1099E0008D9D546F8E9D556F8F9D566F909D576FB7
:1099F000919D596F929D5A6F939D5B6F949D5D6F82
:109A0000959D5F6F969D606F979D616F989D636F49
:109A1000999D646F9A9D656F9B9D676F9C9D686F14
:109A20009D9D696F9E9D6A6F9F9D6B6FA09D6C6FE2
:109A3000A19D6F6FA29D706FA39D716FA49D736FA9
:109A4000A59D756FA69D766FA79D776FA89D796F71
:109A5000A99D7B6FAA9D7D6FAB9D7E6FAC9D7F6F37
:109A6000AD9D806FAE9D816FAF9D826FB09D836F06
:109A7000B19D856FB29D866FB39D876FB49D8A6FD0
:109A8000B59D8B6FB69D8F6FB79D906FB89D916F91
:109A9000B99D926FBA9D936FBB9D946FBC9D956F5E
:109AA000BD9D966FBE9D976FBF9D986FC09D996F2E
:109AB000C19D9A6FC29D9B6FC39D9D6FC49D9E6FFC
:109AC000C59D9F6FC69DA06FC79DA26FC89DA36FC8
:109AD000C99DA46FCA9DA56FCB9DA66FCC9DA86F95
:109AE000CD9DA96FCE9DAA6FCF9DAB6FD09DAC6F62
:109AF000D19DAD6FD29DAE6FD39DAF6FD49DB06F32
:109B0000D59DB16FD69DB26FD79DB46FD89DB56FFF
:109B1000D99DB76FDA9DB86FDB9DBA6FDC9DBB6FC7
:109B2000DD9DBC6FDE9DBD6FDF9DBE6FE09DBF6F95
:109B3000E19DC16FE29DC36FE39DC46FE49DC56F5E
:109B4000E59DC66FE69DC76FE79DC86FE89DCA6F2C
:109B5000E99DCB6FEA9DCC6FEB9DCD6FEC9DCE6FF9
:109B6000ED9DCF6FEE9DD06FEF9DD36FF09DD46FC5
:109B7000F19DD56FF29DD66FF39DD76FF49DD86F91
:109B8000F59DD96FF69DDA6FF79DDB6FF89DDC6F61
:109B9000F99DDD6FFA9DDF6FFB9DE26FFC9DE36F2A
:109BA000FD9DE46FFE9DE56F409EE66F419EE76F71
:109BB000429EE86F439EE96F449EEA6F459EEB6FBD
:109BC000469EEC6F479EED6F489EF06F499EF16F89
:109BD0004A9EF26F4B9EF36F4C9EF46F4D9EF56F55
:109BE0004E9EF66F4F9EF76F509EF86F519EF96F25
:109BF000529EFA6F539EFB6F549EFC6F559EFD6FF5
:109C0000569EFE6F579EFF6F589E0070599E0170C2
:109C10005A9E02705B9E03705C9E04705D9E057090
:109C20005E9E06705F9E0770609E0870619E097060
:109C3000629E0A70639E0B70649E0C70659E0D7030
:109C4000669E0E70679E0F70689E1070699E1270FF
:109C50006A9E13706B9E14706C9E15706D9E1670CC
:109C60006E9E17706F9E1870709E1970719E1C709A
:109C7000729E1D70739E1E70749E1F70759E207064
:109C8000769E2170779E2270789E2470799E257032
:109C90007A9E26707B9E27707C9E28707D9E297000
:109CA0007E9E2A70809E2B70819E2C70829E2D70CD
:109CB000839E2E70849E2F70859E3070869E31709C
:109CC000879E3270889E3370899E34708A9E36706B
:109CD0008B9E37708C9E38708D9E3A708E9E3B7036
:109CE0008F9E3C70909E3D70919E3E70929E3F7004
:109CF000939E4070949E4170959E4270969E4370D4
:109D0000979E4470989E4570999E46709A9E4770A3
:109D10009B9E48709C9E49709D9E4A709E9E4B7073
:109D20009F9E4D70A09E4E70A19E5070A29E51703D
:109D3000A39E5270A49E5370A59E5470A69E55700B
:109D4000A79E5670A89E5770A99E5870AA9E5970DB
:109D5000AB9E5A70AC9E5B70AD9E5C70AE9E5D70AB
:109D6000AF9E5F70B09E6070B19E6170B29E627077
:109D7000B39E6370B49E6470B59E6570B69E667047
:109D8000B79E6770B89E6870B99E6970BA9E6A7017
:109D9000BB9E6E70BC9E7170BD9E7270BE9E7370D5
:109DA000BF9E7470C09E7770C19E7970C29E7A709B
:109DB000C39E7B70C49E7D70C59E8170C69E82705E
:109DC000C79E8370C89E8470C99E8670CA9E877025
:109DD000CB9E8870CC9E8B70CD9E8C70CE9E8D70ED
:109DE000CF9E8F70D09E9070D19E9170D29E9370B6
:109DF000D39E9770D49E9870D59E9A70D69E9B7075
:109E0000D79E9E70D89E9F70D99EA070DA9EA1703A
:109E1000DB9EA270DC9EA370DD9EA470DE9EA5700A
:109E2000DF9EA670E09EA770E19EA870E29EA970DA
:109E3000E39EAA70E49EB070E59EB270E69EB47098
:109E4000E79EB570E89EB670E99EBA70EA9EBE7055
:109E5000EB9EBF70EC9EC470ED9EC570EE9EC6700A
:109E6000EF9EC770F09EC970F19ECB70F29ECC70D1
:109E7000F39ECD70F49ECE70F59ECF70F69ED0709E
:109E8000F79ED170F89ED270F99ED370FA9ED4706E
:109E9000FB9ED570FC9ED670FD9ED770FE9EDA703C
:109EA000409FDC70419FDD70429FDE70439FE070F9
:109EB000449FE170459FE270469FE370479FE570C5
:109EC000489FEA70499FEE704A9FF0704B9FF17077
:109ED0004C9FF2704D9FF3704E9FF4704F9FF57042
:109EE000509FF670519FF870529FFA70539FFB700D
:109EF000549FFC70559FFE70569FFF70579F0071D6
:109F0000589F0171599F02715A9F03715B9F0471A1
:109F10005C9F05715D9F06715E9F07715F9F087171
:109F2000609F0B71619F0C71629F0D71639F0E7139
:109F3000649F0F71659F1171669F1271679F147105
:109F4000689F1771699F1B716A9F1C716B9F1D71C0
:109F50006C9F1E716D9F1F716E9F20716F9F21718D
:109F6000709F2271719F2371729F2471739F25715D
:109F7000749F2771759F2871769F2971779F2A7129
:109F8000789F2B71799F2C717A9F2D717B9F2E71F9
:109F90007C9F32717D9F33717E9F3471809F3571BC
:109FA000819F3771829F3871839F3971849F3A7185
:109FB000859F3B71869F3C71879F3D71889F3E7155
:109FC000899F3F718A9F40718B9F41718C9F427125
:109FD0008D9F43718E9F44718F9F4671909F4771F3
:109FE000919F4871929F4971939F4B71949F4D71BE
:109FF000959F4F71969F5071979F5171989F527185
:10A00000999F53719A9F54719B9F55719C9F567154
:10A010009D9F57719E9F58719F9F5971A09F5A7124
:10A02000A19F5B71A29F5D71A39F5F71A49F6071EF
:10A03000A59F6171A69F6271A79F6371A89F6571BB
:10A04000A99F6971AA9F6A71AB9F6B71AC9F6C717C
:10A05000AD9F6D71AE9F6F71AF9F7071B09F717149
:10A06000B19F7471B29F7571B39F7671B49F777110
:10A07000B59F7971B69F7B71B79F7C71B89F7E71D8
:10A08000B99F7F71BA9F8071BB9F8171BC9F8271A4
:10A09000BD9F8371BE9F8571BF9F8671C09F877171
:10A0A000C19F8871C29F8971C39F8B71C49F8C713E
:10A0B000C59F8D71C69F8E71C79F9071C89F91710A
:10A0C000C99F9271CA9F9371CB9F9571CC9F9671D6
:10A0D000CD9F9771CE9F9A71CF9F9B71D09F9C719E
:10A0E000D19F9D71D29F9E71D39FA171D49FA27168
:10A0F000D59FA371D69FA471D79FA571D89FA67134
:10A10000D99FA771DA9FA971DB9FAA71DC9FAB7100
:10A11000DD9FAD71DE9FAE71DF9FAF71E09FB071CB
:10A12000E19FB171E29FB271E39FB471E49FB67198
:10A13000E59FB771E69FB871E79FBA71E89FBB7161
:10A14000E99FBC71EA9FBD71EB9FBE71EC9FBF712F
:10A15000ED9FC071EE9FC171EF9FC271F09FC471FE
:10A16000F19FC571F29FC671F39FC771F49FC871CB
:10A17000F59FC971F69FCA71F79FCB71F89FCC719B
:10A18000F99FCD71FA9FCF71FB9FD071FC9FD17168
:10A19000FD9FD271FE9FD37140A0D67141A0D771AF
:10A1A00042A0D87143A0D97144A0DA7145A0DB71F7
:10A1B00046A0DC7147A0DD7148A0DE7149A0DF71C7
:10A1C0004AA0E1714BA0E2714CA0E3714DA0E47193
:10A1D0004EA0E6714FA0E87150A0E97151A0EA715C
:10A1E00052A0EB7153A0EC7154A0ED7155A0EF712A
:10A1F00056A0F07157A0F17158A0F27159A0F371F7
:10A200005AA0F4715BA0F5715CA0F6715DA0F771C6
:10A210005EA0F8715FA0FA7160A0FB7161A0FC7193
:10A2200062A0FD7163A0FE7164A0FF7165A0007261
:10A2300066A0017267A0027268A0037269A004722E
:10A240006AA005726BA007726CA008726DA00972FB
:10A250006EA00A726FA00B7270A00C7271A00D72CA
:10A2600072A00E7273A00F7274A0107275A011729A
:10A2700076A0127277A0137278A0147279A015726A
:10A280007AA016727BA017727CA018727DA019723A
:10A290007EA01A7280A01B7281A01C7282A01E7206
:10A2A00083A01F7284A0207285A0217286A02272D2
:10A2B00087A0237288A0247289A025728AA02672A2
:10A2C0008BA027728CA029728DA02B728EA02D726C
:10A2D0008FA02E7290A02F7291A0327292A0337232
:10A2E00093A0347294A03A7295A03C7296A03E72EC
:10A2F00097A0407298A0417299A042729AA04372AE
:10A300009BA044729CA045729DA046729EA049727B
:10A310009FA04A72A0A04B72A1A04E72A2A04F7241
:10A32000A3A05072A4A05172A5A05372A6A054720B
:10A33000A7A05572A8A05772A9A05872AAA05A72D5
:10A34000ABA05C72ACA05E72ADA06072AEA0637296
:10A35000AFA06472B0A06572B1A06872B2A06A7258
:10A36000B3A06B72B4A06C72B5A06D72B6A070721F
:10A37000B7A07172B8A07372B9A07472BAA07672E5
:10A38000BBA07772BCA07872BDA07B72BEA07C72AD
:10A39000BFA07D72C0A08272C1A08372C2A085726C
:10A3A000C3A08672C4A08772C5A08872C6A0897235
:10A3B000C7A08C72C8A08E72C9A09072CAA09172F8
:10A3C000CBA09372CCA09472CDA09572CEA09672C1
:10A3D000CFA09772D0A09872D1A09972D2A09A7291
:10A3E000D3A09B72D4A09C72D5A09D72D6A09E7261
:10A3F000D7A0A072D8A0A172D9A0A272DAA0A3722D
:10A40000DBA0A472DCA0A572DDA0A672DEA0A772FC
:10A41000DFA0A872E0A0A972E1A0AA72E2A0AB72CC
:10A42000E3A0AE72E4A0B172E5A0B272E6A0B3728E
:10A43000E7A0B572E8A0BA72E9A0BB72EAA0BC724C
:10A44000EBA0BD72ECA0BE72EDA0BF72EEA0C07218
:10A45000EFA0C572F0A0C672F1A0C772F2A0C972D7
:10A46000F3A0CA72F4A0CB72F5A0CC72F6A0CF72A2
:10A47000F7A0D172F8A0D372F9A0D472FAA0D57265
:10A48000FBA0D672FCA0D872FDA0DA72FEA0DB722F
:10A49000A1A10030A2A10130A3A10230A4A1B70064
:10A4A000A5A1C902A6A1C702A7A1A800A8A103301F
:10A4B000A9A10530AAA11420ABA15EFFACA1162072
:10A4C000ADA12620AEA11820AFA11920B0A11C205B
:10A4D000B1A11D20B2A11430B3A11530B4A1083030
:10A4E000B5A10930B6A10A30B7A10B30B8A10C3024
:10A4F000B9A10D30BAA10E30BBA10F30BCA11630EE
:10A50000BDA11730BEA11030BFA11130C0A1B10054
:10A51000C1A1D700C2A1F700C3A13622C4A127223E
:10A52000C5A12822C6A11122C7A10F22C8A12A2293
:10A53000C9A12922CAA10822CBA13722CCA11A2263
:10A54000CDA1A522CEA12522CFA12022D0A11223C8
:10A55000D1A19922D2A12B22D3A12E22D4A1612252
:10A56000D5A14C22D6A14822D7A13D22D8A11D2297
:10A57000D9A16022DAA16E22DBA16F22DCA16422C4
:10A58000DDA16522DEA11E22DFA13522E0A1342259
:10A59000E1A14226E2A14026E3A1B000E4A13220DD
:10A5A000E5A13320E6A10321E7A104FFE8A1A4006F
:10A5B000E9A1E0FFEAA1E1FFEBA13020ECA1A700B7
:10A5C000EDA11621EEA10626EFA10526F0A1CB25CF
:10A5D000F1A1CF25F2A1CE25F3A1C725F4A1C6256F
:10A5E000F5A1A125F6A1A025F7A1B325F8A1B225D3
:10A5F000F9A13B20FAA19221FBA19021FCA191217C
:10A60000FDA19321FEA11330A1A27021A2A271216C
:10A61000A3A27221A4A27321A5A27421A6A27521CE
:10A62000A7A27621A8A27721A9A27821AAA279219E
:10A63000B1A28824B2A28924B3A28A24B4A28B2412
:10A64000B5A28C24B6A28D24B7A28E24B8A28F24E2
:10A65000B9A29024BAA29124BBA29224BCA29324B2
:10A66000BDA29424BEA29524BFA29624C0A2972482
:10A67000C1A29824C2A29924C3A29A24C4A29B2452
:10A68000C5A27424C6A27524C7A27624C8A27724C2
:10A69000C9A27824CAA27924CBA27A24CCA27B2492
:10A6A000CDA27C24CEA27D24CFA27E24D0A27F2462
:10A6B000D1A28024D2A28124D3A28224D4A2832432
:10A6C000D5A28424D6A28524D7A28624D8A2872402
:10A6D000D9A26024DAA26124DBA26224DCA2632472
:10A6E000DDA26424DEA26524DFA26624E0A2672442
:10A6F000E1A26824E2A26924E5A22032E6A2213286
:10A70000E7A22232E8A22332E9A22432EAA22532C9
:10A71000EBA22632ECA22732EDA22832EEA2293299
:10A72000F1A26021F2A26121F3A26221F4A26321CD
:10A73000F5A26421F6A26521F7A26621F8A267219D
:10A74000F9A26821FAA26921FBA26A21FCA26B216D
:10A75000A1A301FFA2A302FFA3A303FFA4A3E5FFFC
:10A76000A5A305FFA6A306FFA7A307FFA8A308FFAD
:10A77000A9A309FFAAA30AFFABA30BFFACA30CFF7D
:10A78000ADA30DFFAEA30EFFAFA30FFFB0A310FF4D
:10A79000B1A311FFB2A312FFB3A313FFB4A314FF1D
:10A7A000B5A315FFB6A316FFB7A317FFB8A318FFED
:10A7B000B9A319FFBAA31AFFBBA31BFFBCA31CFFBD
:10A7C000BDA31DFFBEA31EFFBFA31FFFC0A320FF8D
:10A7D000C1A321FFC2A322FFC3A323FFC4A324FF5D
:10A7E000C5A325FFC6A326FFC7A327FFC8A328FF2D
:10A7F000C9A329FFCAA32AFFCBA32BFFCCA32CFFFD
:10A80000CDA32DFFCEA32EFFCFA32FFFD0A330FFCC
:10A81000D1A331FFD2A332FFD3A333FFD4A334FF9C
:10A82000D5A335FFD6A336FFD7A337FFD8A338FF6C
:10A83000D9A339FFDAA33AFFDBA33BFFDCA33CFF3C
:10A84000DDA33DFFDEA33EFFDFA33FFFE0A340FF0C
:10A85000E1A341FFE2A342FFE3A343FFE4A344FFDC
:10A86000E5A345FFE6A346FFE7A347FFE8A348FFAC
:10A87000E9A349FFEAA34AFFEBA34BFFECA34CFF7C
:10A88000EDA34DFFEEA34EFFEFA34FFFF0A350FF4C
:10A89000F1A351FFF2A352FFF3A353FFF4A354FF1C
:10A8A000F5A355FFF6A356FFF7A357FFF8A358FFEC
:10A8B000F9A359FFFAA35AFFFBA35BFFFCA35CFFBC
:10A8C000FDA35DFFFEA3E3FFA1A44130A2A442309B
:10A8D000A3A44330A4A44430A5A44530A6A4463084
:10A8E000A7A44730A8A44830A9A44930AAA44A3054
:10A8F000ABA44B30ACA44C30ADA44D30AEA44E3024
:10A90000AFA44F30B0A45030B1A45130B2A45230F3
:10A91000B3A45330B4A45430B5A45530B6A45630C3
:10A92000B7A45730B8A45830B9A45930BAA45A3093
:10A93000BBA45B30BCA45C30BDA45D30BEA45E3063
:10A94000BFA45F30C0A46030C1A46130C2A4623033
:10A95000C3A46330C4A46430C5A46530C6A4663003
:10A96000C7A46730C8A46830C9A46930CAA46A30D3
:10A97000CBA46B30CCA46C30CDA46D30CEA46E30A3
:10A98000CFA46F30D0A47030D1A47130D2A4723073
:10A99000D3A47330D4A47430D5A47530D6A4763043
:10A9A000D7A47730D8A47830D9A47930DAA47A3013
:10A9B000DBA47B30DCA47C30DDA47D30DEA47E30E3
:10A9C000DFA47F30E0A48030E1A48130E2A48230B3
:10A9D000E3A48330E4A48430E5A48530E6A4863083
:10A9E000E7A48730E8A48830E9A48930EAA48A3053
:10A9F000EBA48B30ECA48C30EDA48D30EEA48E3023
:10AA0000EFA48F30F0A49030F1A49130F2A49230F2
:10AA1000F3A49330A1A5A130A2A5A230A3A5A33091
:10AA2000A4A5A430A5A5A530A6A5A630A7A5A730A6
:10AA3000A8A5A830A9A5A930AAA5AA30ABA5AB3076
:10AA4000ACA5AC30ADA5AD30AEA5AE30AFA5AF3046
:10AA5000B0A5B030B1A5B130B2A5B230B3A5B33016
:10AA6000B4A5B430B5A5B530B6A5B630B7A5B730E6
:10AA7000B8A5B830B9A5B930BAA5BA30BBA5BB30B6
:10AA8000BCA5BC30BDA5BD30BEA5BE30BFA5BF3086
:10AA9000C0A5C030C1A5C130C2A5C230C3A5C33056
:10AAA000C4A5C430C5A5C530C6A5C630C7A5C73026
:10AAB000C8A5C830C9A5C930CAA5CA30CBA5CB30F6
:10AAC000CCA5CC30CDA5CD30CEA5CE30CFA5CF30C6
:10AAD000D0A5D030D1A5D130D2A5D230D3A5D33096
:10AAE000D4A5D430D5A5D530D6A5D630D7A5D73066
:10AAF000D8A5D830D9A5D930DAA5DA30DBA5DB3036
:10AB0000DCA5DC30DDA5DD30DEA5DE30DFA5DF3005
:10AB1000E0A5E030E1A5E130E2A5E230E3A5E330D5
:10AB2000E4A5E430E5A5E530E6A5E630E7A5E730A5
:10AB3000E8A5E830E9A5E930EAA5EA30EBA5EB3075
:10AB4000ECA5EC30EDA5ED30EEA5EE30EFA5EF3045
:10AB5000F0A5F030F1A5F130F2A5F230F3A5F33015
:10AB6000F4A5F430F5A5F530F6A5F630A1A69103CD
:10AB7000A2A69203A3A69303A4A69403A5A6950355
:10AB8000A6A69603A7A69703A8A69803A9A6990325
:10AB9000AAA69A03ABA69B03ACA69C03ADA69D03F5
:10ABA000AEA69E03AFA69F03B0A6A003B1A6A103C5
:10ABB000B2A6A303B3A6A403B4A6A503B5A6A60391
:10ABC000B6A6A703B7A6A803B8A6A903C1A6B10352
:10ABD000C2A6B203C3A6B303C4A6B403C5A6B503F5
:10ABE000C6A6B603C7A6B703C8A6B803C9A6B903C5
:10ABF000CAA6BA03CBA6BB03CCA6BC03CDA6BD0395
:10AC0000CEA6BE03CFA6BF03D0A6C003D1A6C10364
:10AC1000D2A6C303D3A6C403D4A6C503D5A6C60330
:10AC2000D6A6C703D7A6C803D8A6C903E0A635FE93
:10AC3000E1A636FEE2A639FEE3A63AFEE4A63FFE12
:10AC4000E5A640FEE6A63DFEE7A63EFEE8A641FEDE
:10AC5000E9A642FEEAA643FEEBA644FEEEA63BFEB4
:10AC6000EFA63CFEF0A637FEF1A638FEF2A631FEB6
:10AC7000F4A633FEF5A634FEA1A71004A2A7110482
:10AC8000A3A71204A4A71304A5A71404A6A7150438
:10AC9000A7A70104A8A71604A9A71704AAA7180420
:10ACA000ABA71904ACA71A04ADA71B04AEA71C04DC
:10ACB000AFA71D04B0A71E04B1A71F04B2A72004AC
:10ACC000B3A72104B4A72204B5A72304B6A724047C
:10ACD000B7A72504B8A72604B9A72704BAA728044C
:10ACE000BBA72904BCA72A04BDA72B04BEA72C041C
:10ACF000BFA72D04C0A72E04C1A72F04D1A73004DD
:10AD0000D2A73104D3A73204D4A73304D5A734047F
:10AD1000D6A73504D7A75104D8A73604D9A7370436
:10AD2000DAA73804DBA73904DCA73A04DDA73B0423
:10AD3000DEA73C04DFA73D04E0A73E04E1A73F04F3
:10AD4000E2A74004E3A74104E4A74204E5A74304C3
:10AD5000E6A74404E7A74504E8A74604E9A7470493
:10AD6000EAA74804EBA74904ECA74A04EDA74B0463
:10AD7000EEA74C04EFA74D04F0A74E04F1A74F0433
:10AD800040A8CA0241A8CB0242A8D90243A8132076
:10AD900044A8152045A8252046A8352047A8052108
:10ADA00048A8092149A896214AA897214BA898218B
:10ADB0004CA899214DA815224EA81F224FA8232246
:10ADC00050A8522251A8662252A8672253A8BF2237
:10ADD00054A8502555A8512556A8522557A85325A3
:10ADE00058A8542559A855255AA856255BA8572573
:10ADF0005CA858255DA859255EA85A255FA85B2543
:10AE000060A85C2561A85D2562A85E2563A85F2512
:10AE100064A8602565A8612566A8622567A86325E2
:10AE200068A8642569A865256AA866256BA86725B2
:10AE30006CA868256DA869256EA86A256FA86B2582
:10AE400070A86C2571A86D2572A86E2573A86F2552
:10AE500074A8702575A8712576A8722577A8732522
:10AE600078A8812579A882257AA883257BA88425BE
:10AE70007CA885257DA886257EA8872580A888258D
:10AE800081A8892582A88A2583A88B2584A88C255A
:10AE900085A88D2586A88E2587A88F2588A8932527
:10AEA00089A894258AA895258BA8BC258CA8BD25A2
:10AEB0008DA8E2258EA8E3258FA8E42590A8E52596
:10AEC00091A8092692A8952293A8123094A81D3023
:10AED00095A81E30A1A80101A2A8E100A3A8CE0157
:10AEE000A4A8E000A5A81301A6A8E900A7A81B0133
:10AEF000A8A8E800A9A82B01AAA8ED00ABA8D0013A
:10AF0000ACA8EC00ADA84D01AEA8F300AFA8D201EB
:10AF1000B0A8F200B1A86B01B2A8FA00B3A8D4019E
:10AF2000B4A8F900B5A8D601B6A8D801B7A8DA0127
:10AF3000B8A8DC01B9A8FC00BAA8EA00BBA8510275
:10AF4000BDA84401BEA84801C0A86102C5A805313A
:10AF5000C6A80631C7A80731C8A80831C9A8093151
:10AF6000CAA80A31CBA80B31CCA80C31CDA80D3121
:10AF7000CEA80E31CFA80F31D0A81031D1A81131F1
:10AF8000D2A81231D3A81331D4A81431D5A81531C1
:10AF9000D6A81631D7A81731D8A81831D9A8193191
:10AFA000DAA81A31DBA81B31DCA81C31DDA81D3161
:10AFB000DEA81E31DFA81F31E0A82031E1A8213131
:10AFC000E2A82231E3A82331E4A82431E5A8253101
:10AFD000E6A82631E7A82731E8A82831E9A82931D1
:10AFE00040A9213041A9223042A9233043A924306D
:10AFF00044A9253045A9263046A9273047A928303D
:10B0000048A9293049A9A3324AA98E334BA98F33C5
:10B010004CA99C334DA99D334EA99E334FA9A13312
:10B0200050A9C43351A9CE3352A9D13353A9D23335
:10B0300054A9D53355A930FE56A9E2FF57A9E4FF1C
:10B0400059A921215AA931325CA9102060A9FC30EC
:10B0500061A99B3062A99C3063A9FD3064A9FE30D0
:10B0600065A9063066A99D3067A99E3068A949FE8A
:10B0700069A94AFE6AA94BFE6BA94CFE6CA94DFE5C
:10B080006DA94EFE6EA94FFE6FA950FE70A951FE2C
:10B0900071A952FE72A954FE73A955FE74A956FEF9
:10B0A00075A957FE76A959FE77A95AFE78A95BFEC5
:10B0B00079A95CFE7AA95DFE7BA95EFE7CA95FFE94
:10B0C0007DA960FE7EA961FE80A962FE81A963FE62
:10B0D00082A964FE83A965FE84A966FE85A968FE2F
:10B0E00086A969FE87A96AFE88A96BFE96A9073022
:10B0F000A4A90025A5A90125A6A90225A7A903257C
:10B10000A8A90425A9A90525AAA90625ABA907254B
:10B11000ACA90825ADA90925AEA90A25AFA90B251B
:10B12000B0A90C25B1A90D25B2A90E25B3A90F25EB
:10B13000B4A91025B5A91125B6A91225B7A91325BB
:10B14000B8A91425B9A91525BAA91625BBA917258B
:10B15000BCA91825BDA91925BEA91A25BFA91B255B
:10B16000C0A91C25C1A91D25C2A91E25C3A91F252B
:10B17000C4A92025C5A92125C6A92225C7A92325FB
:10B18000C8A92425C9A92525CAA92625CBA92725CB
:10B19000CCA92825CDA92925CEA92A25CFA92B259B
:10B1A000D0A92C25D1A92D25D2A92E25D3A92F256B
:10B1B000D4A93025D5A93125D6A93225D7A933253B
:10B1C000D8A93425D9A93525DAA93625DBA937250B
:10B1D000DCA93825DDA93925DEA93A25DFA93B25DB
:10B1E000E0A93C25E1A93D25E2A93E25E3A93F25AB
:10B1F000E4A94025E5A94125E6A94225E7A943257B
:10B20000E8A94425E9A94525EAA94625EBA947254A
:10B21000ECA94825EDA94925EEA94A25EFA94B251A
:10B2200040AADC7241AADD7242AADF7243AAE2722E
:10B2300044AAE37245AAE47246AAE57247AAE672F6
:10B2400048AAE77249AAEA724AAAEB724BAAF572B7
:10B250004CAAF6724DAAF9724EAAFD724FAAFE725E
:10B2600050AAFF7251AA007352AA027353AA047320
:10B2700054AA057355AA067356AA077357AA0873EA
:10B2800058AA097359AA0B735AAA0C735BAA0D73B7
:10B290005CAA0F735DAA10735EAA11735FAA127382
:10B2A00060AA147361AA187362AA197363AA1A7345
:10B2B00064AA1F7365AA207366AA237367AA2473FE
:10B2C00068AA267369AA27736AAA28736BAA2D73C2
:10B2D0006CAA2F736DAA30736EAA32736FAA337380
:10B2E00070AA357371AA367372AA3A7373AA3B7344
:10B2F00074AA3C7375AA3D7376AA407377AA41730A
:10B3000078AA427379AA43737AAA44737BAA4573D5
:10B310007CAA46737DAA47737EAA487380AA4973A4
:10B3200081AA4A7382AA4B7383AA4C7384AA4E7370
:10B3300085AA4F7386AA517387AA537388AA547338
:10B3400089AA55738AAA56738BAA58738CAA597303
:10B350008DAA5A738EAA5B738FAA5C7390AA5D73D1
:10B3600091AA5E7392AA5F7393AA617394AA62739F
:10B3700095AA637396AA647397AA657398AA66736D
:10B3800099AA67739AAA68739BAA69739CAA6A733D
:10B390009DAA6B739EAA6E739FAA7073A0AA717305
:10B3A00040AB727341AB737342AB747343AB757351
:10B3B00044AB767345AB777346AB787347AB797321
:10B3C00048AB7A7349AB7B734AAB7C734BAB7D73F1
:10B3D0004CAB7F734DAB80734EAB81734FAB8273BD
:10B3E00050AB837351AB857352AB867353AB887389
:10B3F00054AB8A7355AB8C7356AB8D7357AB8F734D
:10B4000058AB907359AB92735AAB93735BAB947315
:10B410005CAB95735DAB97735EAB98735FAB9973E1
:10B4200060AB9A7361AB9C7362AB9D7363AB9E73AD
:10B4300064ABA07365ABA17366ABA37367ABA47376
:10B4400068ABA57369ABA6736AABA7736BABA87344
:10B450006CABAA736DABAC736EABAD736FABB1730A
:10B4600070ABB47371ABB57372ABB67373ABB873C7
:10B4700074ABB97375ABBC7376ABBD7377ABBE738E
:10B4800078ABBF7379ABC1737AABC3737BABC47357
:10B490007CABC5737DABC6737EABC77380ABCB7320
:10B4A00081ABCC7382ABCE7383ABD27384ABD373DB
:10B4B00085ABD47386ABD57387ABD67388ABD773A4
:10B4C00089ABD8738AABDA738BABDB738CABDC7371
:10B4D0008DABDD738EABDF738FABE17390ABE2733B
:10B4E00091ABE37392ABE47393ABE67394ABE87305
:10B4F00095ABEA7396ABEB7397ABEC7398ABEE73CB
:10B5000099ABEF739AABF0739BABF1739CABF37396
:10B510009DABF4739EABF5739FABF673A0ABF77363
:10B5200040ACF87341ACF97342ACFA7343ACFB73B3
:10B5300044ACFC7345ACFD7346ACFE7347ACFF7383
:10B5400048AC007449AC01744AAC02744BAC04744E
:10B550004CAC07744DAC08744EAC0B744FAC0C740F
:10B5600050AC0D7451AC0E7452AC117453AC1274D7
:10B5700054AC137455AC147456AC157457AC1674A3
:10B5800058AC177459AC18745AAC19745BAC1C7471
:10B590005CAC1D745DAC1E745EAC1F745FAC20743B
:10B5A00060AC217461AC237462AC247463AC277406
:10B5B00064AC297465AC2B7466AC2D7467AC2F74C5
:10B5C00068AC317469AC32746AAC37746BAC387483
:10B5D0006CAC39746DAC3A746EAC3B746FAC3D744A
:10B5E00070AC3E7471AC3F7472AC407473AC427416
:10B5F00074AC437475AC447476AC457477AC4674E3
:10B6000078AC477479AC48747AAC49747BAC4A74B2
:10B610007CAC4B747DAC4C747EAC4D7480AC4E7481
:10B6200081AC4F7482AC507483AC517484AC52744E
:10B6300085AC537486AC547487AC567488AC58741B
:10B6400089AC5D748AAC60748BAC61748CAC6274D0
:10B650008DAC63748EAC64748FAC657490AC66749E
:10B6600091AC677492AC687493AC697494AC6A746E
:10B6700095AC6B7496AC6C7497AC6E7498AC6F743C
:10B6800099AC71749AAC72749BAC73749CAC747406
:10B690009DAC75749EAC78749FAC7974A0AC7A74D0
:10B6A00040AD7B7441AD7C7442AD7D7443AD7F741D
:10B6B00044AD827445AD847446AD857447AD8674DF
:10B6C00048AD887449AD89744AAD8A744BAD8C74A9
:10B6D0004CAD8D744DAD8F744EAD91744FAD927471
:10B6E00050AD937451AD947452AD957453AD96743E
:10B6F00054AD977455AD987456AD997457AD9A740E
:10B7000058AD9B7459AD9D745AAD9F745BADA074D8
:10B710005CADA1745DADA2745EADA3745FADA474A5
:10B7200060ADA57461ADA67462ADAA7463ADAB746F
:10B7300064ADAC7465ADAD7466ADAE7467ADAF7439
:10B7400068ADB07469ADB1746AADB2746BADB37409
:10B750006CADB4746DADB5746EADB6746FADB774D9
:10B7600070ADB87471ADB97472ADBB7473ADBC74A7
:10B7700074ADBD7475ADBE7476ADBF7477ADC07475
:10B7800078ADC17479ADC2747AADC3747BADC47445
:10B790007CADC5747DADC6747EADC77480ADC87414
:10B7A00081ADC97482ADCA7483ADCB7484ADCC74E1
:10B7B00085ADCD7486ADCE7487ADCF7488ADD074B1
:10B7C00089ADD1748AADD3748BADD4748CADD5747E
:10B7D0008DADD6748EADD7748FADD87490ADD9744D
:10B7E00091ADDA7492ADDB7493ADDD7494ADDF741A
:10B7F00095ADE17496ADE57497ADE77498ADE874D6
:10B8000099ADE9749AADEA749BADEB749CADEC74A0
:10B810009DADED749EADF0749FADF174A0ADF2746A
:10B8200040AEF37441AEF57442AEF87443AEF974B1
:10B8300044AEFA7445AEFB7446AEFC7447AEFD747C
:10B8400048AEFE7449AE00754AAE01754BAE027546
:10B850004CAE03754DAE05754EAE06754FAE077511
:10B8600050AE087551AE097552AE0A7553AE0B75E0
:10B8700054AE0C7555AE0E7556AE107557AE1275AA
:10B8800058AE147559AE15755AAE16755BAE177570
:10B890005CAE1B755DAE1D755EAE1E755FAE207530
:10B8A00060AE217561AE227562AE237563AE2475FC
:10B8B00064AE267565AE277566AE2A7567AE2E75C1
:10B8C00068AE347569AE36756AAE39756BAE3C7567
:10B8D0006CAE3D756DAE3F756EAE41756FAE427527
:10B8E00070AE437571AE447572AE467573AE4775F2
:10B8F00074AE497575AE4A7576AE4D7577AE5075B6
:10B9000078AE517579AE52757AAE53757BAE55757A
:10B910007CAE56757DAE57757EAE587580AE5D7542
:10B9200081AE5E7582AE5F7583AE607584AE617503
:10B9300085AE627586AE637587AE647588AE6775D1
:10B9400089AE68758AAE69758BAE6B758CAE6C7599
:10B950008DAE6D758EAE6E758FAE6F7590AE707567
:10B9600091AE717592AE737593AE757594AE767532
:10B9700095AE777596AE7A7597AE7B7598AE7C75F9
:10B9800099AE7D759AAE7E759BAE80759CAE8175C5
:10B990009DAE82759EAE84759FAE8575A0AE87758F
:10B9A00040AF887541AF897542AF8A7543AF8C75DA
:10B9B00044AF8D7545AF8E7546AF907547AF9375A3
:10B9C00048AF957549AF98754AAF9B754BAF9C755D
:10B9D0004CAF9E754DAFA2754EAFA6754FAFA77514
:10B9E00050AFA87551AFA97552AFAA7553AFAD75D9
:10B9F00054AFB67555AFB77556AFBA7557AFBB757F
:10BA000058AFBF7559AFC0755AAFC1755BAFC6753A
:10BA10005CAFCB755DAFCC755EAFCE755FAFCF75EC
:10BA200060AFD07561AFD17562AFD37563AFD775B5
:10BA300064AFD97565AFDA7566AFDC7567AFDD7574
:10BA400068AFDF7569AFE0756AAFE1756BAFE5753B
:10BA50006CAFE9756DAFEC756EAFED756FAFEE75F0
:10BA600070AFEF7571AFF27572AFF37573AFF575B7
:10BA700074AFF67575AFF77576AFF87577AFFA7581
:10BA800078AFFB7579AFFD757AAFFE757BAF027647
:10BA90007CAF04767DAF06767EAF077680AF087602
:10BAA00081AF097682AF0B7683AF0D7684AF0E76C9
:10BAB00085AF0F7686AF117687AF127688AF137693
:10BAC00089AF14768AAF16768BAF1A768CAF1C7658
:10BAD0008DAF1D768EAF1E768FAF217690AF237619
:10BAE00091AF277692AF287693AF2C7694AF2E76CF
:10BAF00095AF2F7696AF317697AF327698AF367690
:10BB000099AF37769AAF39769BAF3A769CAF3B7652
:10BB10009DAF3D769EAF41769FAF4276A0AF447613
:10BB200040B0457641B0467642B0477643B048765D
:10BB300044B0497645B04A7646B04B7647B04E762B
:10BB400048B04F7649B050764AB051764BB05276F5
:10BB50004CB053764DB055764EB057764FB05876C0
:10BB600050B0597651B05A7652B05B7653B05D768C
:10BB700054B05F7655B0607656B0617657B0627655
:10BB800058B0647659B065765AB066765BB0677621
:10BB90005CB068765DB069765EB06A765FB06C76F0
:10BBA00060B06D7661B06E7662B0707663B07176BB
:10BBB00064B0727665B0737666B0747667B0757689
:10BBC00068B0767669B077766AB079766BB07A7657
:10BBD0006CB07C766DB07F766EB080766FB081761B
:10BBE00070B0837671B0857672B0897673B08A76DC
:10BBF00074B08C7675B08D7676B08F7677B090769F
:10BC000078B0927679B094767AB095767BB0977664
:10BC10007CB098767DB09A767EB09B7680B09C762C
:10BC200081B09D7682B09E7683B09F7684B0A076F8
:10BC300085B0A17686B0A27687B0A37688B0A576C7
:10BC400089B0A6768AB0A7768BB0A8768CB0A97694
:10BC50008DB0AA768EB0AB768FB0AC7690B0AD7664
:10BC600091B0AF7692B0B07693B0B37694B0B5762B
:10BC700095B0B67696B0B77697B0B87698B0B976F4
:10BC800099B0BA769AB0BB769BB0BC769CB0BD76C4
:10BC90009DB0BE769EB0C0769FB0C176A0B0C37690
:10BCA000A1B04A55A2B03F96A3B0C357A4B0286331
:10BCB000A5B0CE54A6B00955A7B0C054A8B091768F
:10BCC000A9B04C76AAB03C85ABB0EE77ACB07E8222
:10BCD000ADB08D78AEB03172AFB09896B0B08D97F0
:10BCE000B1B0286CB2B0895BB3B0FA4FB4B009639D
:10BCF000B5B09766B6B0B85CB7B0FA80B8B048686F
:10BD0000B9B0AE80BAB00266BBB0CE76BCB0F95165
:10BD1000BDB05665BEB0AC71BFB0F17FC0B0848815
:10BD2000C1B0B250C2B06559C3B0CA61C4B0B36F3C
:10BD3000C5B0AD82C6B04C63C7B05262C8B0ED5357
:10BD4000C9B02754CAB0067BCBB06B51CCB0A47538
:10BD5000CDB0F45DCEB0D462CFB0CB8DD0B07697FD
:10BD6000D1B08A62D2B01980D3B05D57D4B03897C1
:10BD7000D5B0627FD6B03872D7B07D76D8B0CF67F5
:10BD8000D9B07E76DAB04664DBB0704FDCB0258D7A
:10BD9000DDB0DC62DEB0177ADFB09165E0B0ED7344
:10BDA000E1B02C64E2B07362E3B02C82E4B081981D
:10BDB000E5B07F67E6B04872E7B06E62E8B0CC628B
:10BDC000E9B0344FEAB0E374EBB04A53ECB09E52A2
:10BDD000EDB0CA7EEEB0A690EFB02E5EF0B08668F1
:10BDE000F1B09C69F2B08081F3B0D17EF4B0D2683A
:10BDF000F5B0C578F6B08C86F7B05195F8B08D5097
:10BE0000F9B0248CFAB0DE82FBB0DE80FCB00553C2
:10BE1000FDB01289FEB0655240B1C47641B1C7761B
:10BE200042B1C97643B1CB7644B1CC7645B1D37635
:10BE300046B1D57647B1D97648B1DA7649B1DC76E4
:10BE40004AB1DD764BB1DE764CB1E0764DB1E176AC
:10BE50004EB1E2764FB1E37650B1E47651B1E67679
:10BE600052B1E77653B1E87654B1E97655B1EA7646
:10BE700056B1EB7657B1EC7658B1ED7659B1F07614
:10BE80005AB1F3765BB1F5765CB1F6765DB1F776D3
:10BE90005EB1FA765FB1FB7660B1FD7661B1FF7697
:10BEA00062B1007763B1027764B1037765B105775A
:10BEB00066B1067767B10A7768B10C7769B10E771A
:10BEC0006AB10F776BB110776CB111776DB11277E2
:10BED0006EB113776FB1147770B1157771B11677B2
:10BEE00072B1177773B1187774B11B7775B11C777E
:10BEF00076B11D7777B11E7778B1217779B1237745
:10BF00007AB124777BB125777CB127777DB12A7709
:10BF10007EB12B7780B12C7781B12E7782B13077CB
:10BF200083B1317784B1327785B1337786B1347795
:10BF300087B1397788B13B7789B13D778AB13E7750
:10BF40008BB13F778CB142778DB144778EB1457715
:10BF50008FB1467790B1487791B1497792B14A77DE
:10BF600093B14B7794B14C7795B14D7796B14E77AD
:10BF700097B14F7798B1527799B153779AB1547777
:10BF80009BB155779CB156779DB157779EB1587745
:10BF90009FB15977A0B15C77A1B18485A2B1F99620
:10BFA000A3B1DD4FA4B12158A5B17199A6B19D5B94
:10BFB000A7B1B162A8B1A562A9B1B466AAB1798CE2
:10BFC000ABB18D9CACB10672ADB16F67AEB191787B
:10BFD000AFB1B260B0B15153B1B11753B2B1888FA4
:10BFE000B3B1CC80B4B11D8DB5B1A194B6B10D5033
:10BFF000B7B1C872B8B10759B9B1EB60BAB119712C
:10C00000BBB1AB88BCB15459BDB1EF82BEB12C6796
:10C01000BFB1287BC0B1295DC1B1F77EC2B12D751A
:10C02000C3B1F56CC4B1668EC5B1F88FC6B13C9092
:10C03000C7B13B9FC8B1D46BC9B11991CAB1147BC8
:10C04000CBB17C5FCCB1A778CDB1D684CEB13D85E4
:10C05000CFB1D56BD0B1D96BD1B1D66BD2B1015EB6
:10C06000D3B1875ED4B1F975D5B1ED95D6B15D6523
:10C07000D7B10A5FD8B1C55FD9B19F8FDAB1C158C6
:10C08000DBB1C281DCB17F90DDB15B96DEB1AD97F3
:10C09000DFB1B98FE0B1167FE1B12C8DE2B1416221
:10C0A000E3B1BF4FE4B1D853E5B15E53E6B1A88F19
:10C0B000E7B1A98FE8B1AB8FE9B14D90EAB107685C
:10C0C000EBB16A5FECB19881EDB16888EEB1D69CB6
:10C0D000EFB18B61F0B12B52F1B12A76F2B16C5F06
:10C0E000F3B18C65F4B1D26FF5B1E86EF6B1BE5B19
:10C0F000F7B14864F8B17551F9B1B051FAB1C467FC
:10C10000FBB1194EFCB1C979FDB17C99FEB1B37098
:10C1100040B25D7741B25E7742B25F7743B26077FB
:10C1200044B2647745B2677746B2697747B26A77B7
:10C1300048B26D7749B26E774AB26F774BB270777B
:10C140004CB271774DB272774EB273774FB274774B
:10C1500050B2757751B2767752B2777753B278771B
:10C1600054B27A7755B27B7756B27C7757B28177E3
:10C1700058B2827759B283775AB286775BB28777A3
:10C180005CB288775DB289775EB28A775FB28B776F
:10C1900060B28F7761B2907762B2937763B294772F
:10C1A00064B2957765B2967766B2977767B29877FB
:10C1B00068B2997769B29A776AB29B776BB29C77CB
:10C1C0006CB29D776DB29E776EB2A1776FB2A37796
:10C1D00070B2A47771B2A67772B2A87773B2AB7758
:10C1E00074B2AD7775B2AE7776B2AF7777B2B1771A
:10C1F00078B2B27779B2B4777AB2B6777BB2B777E2
:10C200007CB2B8777DB2B9777EB2BA7780B2BC77AC
:10C2100081B2BE7782B2C07783B2C17784B2C2776F
:10C2200085B2C37786B2C47787B2C57788B2C6773E
:10C2300089B2C7778AB2C8778BB2C9778CB2CA770E
:10C240008DB2CB778EB2CC778FB2CE7790B2CF77DC
:10C2500091B2D07792B2D17793B2D27794B2D377AA
:10C2600095B2D47796B2D57797B2D67798B2D87779
:10C2700099B2D9779AB2DA779BB2DD779CB2DE7742
:10C280009DB2DF779EB2E0779FB2E177A0B2E4770C
:10C29000A1B2C575A2B2765EA3B2BB73A4B2E083AD
:10C2A000A5B2AD64A6B2E862A7B2B594A8B2E26C3A
:10C2B000A9B25A53AAB2C352ABB20F64ACB2C29481
:10C2C000ADB2947BAEB22F4FAFB21B5EB0B236822E
:10C2D000B1B21681B2B28A81B3B2246EB4B2CA6C62
:10C2E000B5B2739AB6B25563B7B25C53B8B2FA54EA
:10C2F000B9B26588BAB2E057BBB20D4EBCB2035EAC
:10C30000BDB2656BBEB23F7CBFB2E890C0B21660F2
:10C31000C1B2E664C2B21C73C3B2C188C4B2506772
:10C32000C5B24D62C6B2228DC7B26C77C8B2298E33
:10C33000C9B2C791CAB2695FCBB2DC83CCB22185E6
:10C34000CDB21099CEB2C253CFB29586D0B28B6B1C
:10C35000D1B2ED60D2B2E860D3B27F70D4B2CD82F8
:10C36000D5B23182D6B2D34ED7B2A76CD8B2CF8570
:10C37000D9B2CD64DAB2D97CDBB2FD69DCB2F96640
:10C38000DDB24983DEB29553DFB2567BE0B2A74FF0
:10C39000E1B28C51E2B24B6DE3B2425CE4B26D8E1D
:10C3A000E5B2D263E6B2C953E7B22C83E8B2368372
:10C3B000E9B2E567EAB2B478EBB23D64ECB2DF5BB8
:10C3C000EDB2945CEEB2EE5DEFB2E78BF0B2C66216
:10C3D000F1B2F467F2B27A8CF3B20064F4B2BA63E9
:10C3E000F5B24987F6B28B99F7B2178CF8B2207F75
:10C3F000F9B2F294FAB2A74EFBB21096FCB2A4982E
:10C40000FDB20C66FEB2167340B3E67741B3E8772F
:10C4100042B3EA7743B3EF7744B3F07745B3F177AC
:10C4200046B3F27747B3F47748B3F57749B3F77774
:10C430004AB3F9774BB3FA774CB3FB774DB3FC773C
:10C440004EB303784FB3047850B3057851B30678F0
:10C4500052B3077853B3087854B30A7855B30B78BE
:10C4600056B30E7857B30F7858B3107859B3137882
:10C470005AB315785BB319785CB31B785DB31E783B
:10C480005EB320785FB3217860B3227861B32478FB
:10C4900062B3287863B32A7864B32B7865B32E78B7
:10C4A00066B32F7867B3317868B3327869B333787D
:10C4B0006AB335786BB336786CB33D786DB33F783B
:10C4C0006EB341786FB3427870B3437871B34478F8
:10C4D00072B3467873B3487874B3497875B34A78C1
:10C4E00076B34B7877B34D7878B34F7879B351788A
:10C4F0007AB353787BB354787CB358787DB359784A
:10C500007EB35A7880B35B7881B35C7882B35E780F
:10C5100083B35F7884B3607885B3617886B36278DB
:10C5200087B3637888B3647889B365788AB36678AB
:10C530008BB367788CB368788DB369788EB36F7876
:10C540008FB3707890B3717891B3727892B3737837
:10C5500093B3747894B3757895B3767896B3787806
:10C5600097B3797898B37A7899B37B789AB37D78D2
:10C570009BB37E789CB37F789DB380789EB381789F
:10C580009FB38278A0B38378A1B33A57A2B31D5C5E
:10C59000A3B3385EA4B37F95A5B37F50A6B3A080A4
:10C5A000A7B38253A8B35E65A9B34575AAB3315545
:10C5B000ABB32150ACB3858DADB38462AEB39E9462
:10C5C000AFB31D67B0B33256B1B36E6FB2B3E25DB5
:10C5D000B3B33554B4B39270B5B3668FB6B36F626C
:10C5E000B7B3A464B8B3A363B9B37B5FBAB3886FBE
:10C5F000BBB3F490BCB3E381BDB3B08FBEB3185CE2
:10C60000BFB36866C0B3F15FC1B3896CC2B348966B
:10C61000C3B3818DC4B36C88C5B39164C6B3F079DC
:10C62000C7B3CE57C8B3596AC9B31062CAB3485426
:10C63000CBB3584ECCB30B7ACDB3E960CEB3846F95
:10C64000CFB3DA8BD0B37F62D1B31E90D2B38B9AC3
:10C65000D3B3E479D4B30354D5B3F475D6B301633B
:10C66000D7B31953D8B3606CD9B3DF8FDAB31B5F7C
:10C67000DBB3709ADCB33B80DDB37F9FDEB3884FC2
:10C68000DFB33A5CE0B3648DE1B3C57FE2B3A56587
:10C69000E3B3BD70E4B34551E5B3B251E6B36B8685
:10C6A000E7B3075DE8B3A05BE9B3BD62EAB36C91A1
:10C6B000EBB37475ECB30C8EEDB3207AEEB301617D
:10C6C000EFB3797BF0B3C74EF1B3F87EF2B3857761
:10C6D000F3B3114EF4B3ED81F5B31D52F6B3FA5135
:10C6E000F7B3716AF8B3A853F9B3878EFAB3049518
:10C6F000FBB3CF96FCB3C16EFDB36496FEB35A692B
:10C7000040B4847841B4857842B4867843B488785C
:10C7100044B48A7845B48B7846B48F7847B490781F
:10C7200048B4927849B494784AB495784BB49678E2
:10C730004CB499784DB49D784EB49E784FB4A0789F
:10C7400050B4A27851B4A47852B4A67853B4A8785F
:10C7500054B4A97855B4AA7856B4AB7857B4AC7829
:10C7600058B4AD7859B4AE785AB4AF785BB4B578F4
:10C770005CB4B6785DB4B7785EB4B8785FB4BA78B4
:10C7800060B4BB7861B4BC7862B4BD7863B4BF7880
:10C7900064B4C07865B4C27866B4C37867B4C4784A
:10C7A00068B4C67869B4C7786AB4C8786BB4CC7812
:10C7B0006CB4CD786DB4CE786EB4CF786FB4D178D8
:10C7C00070B4D27871B4D37872B4D67873B4D778A1
:10C7D00074B4D87875B4DA7876B4DB7877B4DC786A
:10C7E00078B4DD7879B4DE787AB4DF787BB4E07839
:10C7F0007CB4E1787DB4E2787EB4E37880B4E47808
:10C8000081B4E57882B4E67883B4E77884B4E978D3
:10C8100085B4EA7886B4EB7887B4ED7888B4EE789E
:10C8200089B4EF788AB4F0788BB4F1788CB4F3786B
:10C830008DB4F5788EB4F6788FB4F87890B4F97832
:10C8400091B4FB7892B4FC7893B4FD7894B4FE78FC
:10C8500095B4FF7896B4007997B4027998B40379C7
:10C8600099B404799AB406799BB407799CB4087991
:10C870009DB409799EB40A799FB40B79A0B40C7960
:10C88000A1B44078A2B4A850A3B4D777A4B41064DC
:10C89000A5B4E689A6B40459A7B4E363A8B4DD5DE2
:10C8A000A9B47F7AAAB43D69ABB4204FACB4398245
:10C8B000ADB49855AEB4324EAFB4AE75B0B4977A4D
:10C8C000B1B4625EB2B48A5EB3B4EF95B4B41B5235
:10C8D000B5B43954B6B48A70B7B47663B8B4249595
:10C8E000B9B48257BAB42566BBB43F69BCB487916A
:10C8F000BDB40755BEB4F36DBFB4AF7EC0B42288DB
:10C90000C1B43362C2B4F07EC3B4B575C4B4288375
:10C91000C5B4C178C6B4CC96C7B49E8FC8B44861BC
:10C92000C9B4F774CAB4CD8BCBB4646BCCB43A52EF
:10C93000CDB4508DCEB4216BCFB46A80D0B47184A5
:10C94000D1B4F156D2B40653D3B4CE4ED4B41B4EA8
:10C95000D5B4D151D6B4977CD7B48B91D8B4077CD9
:10C96000D9B4C34FDAB47F8EDBB4E17BDCB49C7AFC
:10C97000DDB46764DEB4145DDFB4AC50E0B40681AE
:10C98000E1B40176E2B4B97CE3B4EC6DE4B4E07FE9
:10C99000E5B45167E6B4585BE7B4F85BE8B4CB782C
:10C9A000E9B4AE64EAB41364EBB4AA63ECB42B63E9
:10C9B000EDB41995EEB42D64EFB4BE8FF0B4547B92
:10C9C000F1B42976F2B45362F3B42759F4B446545F
:10C9D000F5B4796BF6B4A350F7B43462F8B4265EBC
:10C9E000F9B4866BFAB4E34EFBB4378DFCB48B8894
:10C9F000FDB4855FFEB42E9040B50D7941B50E793A
:10CA000042B50F7943B5107944B5117945B512791E
:10CA100046B5147947B5157948B5167949B51779EA
:10CA20004AB518794BB519794CB51A794DB51B79BA
:10CA30004EB51C794FB51D7950B51F7951B5207988
:10CA400052B5217953B5227954B5237955B5257955
:10CA500056B5267957B5277958B5287959B5297922
:10CA60005AB52A795BB52B795CB52C795DB52D79F2
:10CA70005EB52E795FB52F7960B5307961B53179C2
:10CA800062B5327963B5337964B5357965B5367990
:10CA900066B5377967B5387968B5397969B53D795B
:10CAA0006AB53F796BB542796CB543796DB5447918
:10CAB0006EB545796FB5477970B54A7971B54B79DF
:10CAC00072B54C7973B54D7974B54E7975B54F79AA
:10CAD00076B5507977B5517978B5527979B5547979
:10CAE0007AB555797BB558797CB559797DB5617939
:10CAF0007EB5637980B5647981B5667982B56979E7
:10CB000083B56A7984B56B7985B56C7986B56E79AC
:10CB100087B5707988B5717989B572798AB5737975
:10CB20008BB574798CB575798DB576798EB5797943
:10CB30008FB57B7990B57C7991B57D7992B57E7909
:10CB400093B57F7994B5827995B5837996B58679D1
:10CB500097B5877998B5887999B589799AB58B7998
:10CB60009BB58C799CB58D799DB58E799EB5907964
:10CB70009FB59179A0B59279A1B52060A2B53D800D
:10CB8000A3B5C562A4B5394EA5B55553A6B5F89061
:10CB9000A7B5B863A8B5C680A9B5E665AAB52E6CD9
:10CBA000ABB5464FACB5EE60ADB5E16DAEB5DE8B65
:10CBB000AFB5395FB0B5CB86B1B5535FB2B52163C0
:10CBC000B3B55A51B4B56183B5B56368B6B5005213
:10CBD000B7B56363B8B5488EB9B51250BAB59B5CAA
:10CBE000BBB57779BCB5FC5BBDB53052BEB53B7A01
:10CBF000BFB5BC60C0B55390C1B5D776C2B5B75FFD
:10CC0000C3B5975FC4B58476C5B56C8EC6B56F7075
:10CC1000C7B57B76C8B5497BC9B5AA77CAB5F35104
:10CC2000CBB59390CCB52458CDB54E4FCEB5F46E60
:10CC3000CFB5EA8FD0B54C65D1B51B7BD2B5C472E8
:10CC4000D3B5A46DD4B5DF7FD5B5E15AD6B5B562FD
:10CC5000D7B5955ED8B53057D9B58284DAB52C7B77
:10CC6000DBB51D5EDCB51F5FDDB51290DEB5147F50
:10CC7000DFB5A098E0B58263E1B5C76EE2B59878FC
:10CC8000E3B5B970E4B57851E5B55B97E6B5AB5758
:10CC9000E7B53575E8B5434FE9B53875EAB5975E40
:10CCA000EBB5E660ECB56059EDB5C06DEEB5BF6BA8
:10CCB000EFB58978F0B5FC53F1B5D596F2B5CB5107
:10CCC000F3B50152F4B58963F5B50A54F6B59394FA
:10CCD000F7B5038CF8B5CC8DF9B53972FAB59F78F4
:10CCE000FBB57687FCB5ED8FFDB50D8CFEB5E05339
:10CCF00040B6937941B6947942B6957943B6967920
:10CD000044B6977945B6987946B6997947B69B79EE
:10CD100048B69C7949B69D794AB69E794BB69F79BB
:10CD20004CB6A0794DB6A1794EB6A2794FB6A3798B
:10CD300050B6A47951B6A57952B6A67953B6A8795A
:10CD400054B6A97955B6AA7956B6AB7957B6AC7927
:10CD500058B6AD7959B6AE795AB6AF795BB6B079F7
:10CD60005CB6B1795DB6B2795EB6B4795FB6B579C5
:10CD700060B6B67961B6B77962B6B87963B6BC7990
:10CD800064B6BF7965B6C27966B6C47967B6C57947
:10CD900068B6C77969B6C8796AB6CA796BB6CC790C
:10CDA0006CB6CE796DB6CF796EB6D0796FB6D379D1
:10CDB00070B6D47971B6D67972B6D77973B6D97997
:10CDC00074B6DA7975B6DB7976B6DC7977B6DD7963
:10CDD00078B6DE7979B6E0797AB6E1797BB6E27930
:10CDE0007CB6E5797DB6E8797EB6EA7980B6EC79ED
:10CDF00081B6EE7982B6F17983B6F27984B6F379A9
:10CE000085B6F47986B6F57987B6F67988B6F77976
:10CE100089B6F9798AB6FA798BB6FC798CB6FE793F
:10CE20008DB6FF798EB6017A8FB6047A90B6057A00
:10CE300091B6077A92B6087A93B6097A94B60A7AC6
:10CE400095B60C7A96B60F7A97B6107A98B6117A8C
:10CE500099B6127A9AB6137A9BB6157A9CB6167A58
:10CE60009DB6187A9EB6197A9FB61B7AA0B61C7A20
:10CE7000A1B6014EA2B6EF76A3B6EE53A4B689943E
:10CE8000A5B67698A6B60E9FA7B62D95A8B69A5BBE
:10CE9000A9B6A28BAAB6224EABB61C4EACB6AC510C
:10CEA000ADB66384AEB6C261AFB6A852B0B60B6879
:10CEB000B1B6974FB2B66B60B3B6BB51B4B61E6D88
:10CEC000B5B65C51B6B69662B7B69765B8B6619618
:10CED000B9B6468CBAB61790BBB6D875BCB6FD903D
:10CEE000BDB66377BEB6D26BBFB68A72C0B6EC72FF
:10CEF000C1B6FB8BC2B63558C3B67977C4B64C8D74
:10CF0000C5B65C67C6B64095C7B69A80C8B6A65E79
:10CF1000C9B6216ECAB69259CBB6EF7ACCB6ED77C8
:10CF2000CDB63B95CEB6B56BCFB6AD65D0B60E7F60
:10CF3000D1B60658D2B65151D3B61F96D4B6F95BC6
:10CF4000D5B6A958D6B62854D7B6728ED8B6666567
:10CF5000D9B67F98DAB6E456DBB69D94DCB6FE7699
:10CF6000DDB64190DEB68763DFB6C654E0B61A5927
:10CF7000E1B63A59E2B69B57E3B6B28EE4B63567EE
:10CF8000E5B6FA8DE6B63582E7B64152E8B6F0600E
:10CF9000E9B61558EAB6FE86EBB6E85CECB6459EF7
:10CFA000EDB6C44FEEB69D98EFB6B98BF0B6255AE4
:10CFB000F1B67660F2B68453F3B67C62F4B64F9065
:10CFC000F5B60291F6B67F99F7B66960F8B60C80AF
:10CFD000F9B63F51FAB63380FBB6145CFCB67599CE
:10CFE000FDB6316DFEB68C4E40B71D7A41B71F7A43
:10CFF00042B7217A43B7227A44B7247A45B7257AD3
:10D0000046B7267A47B7277A48B7287A49B7297AA0
:10D010004AB72A7A4BB72B7A4CB72C7A4DB72D7A70
:10D020004EB72E7A4FB72F7A50B7307A51B7317A40
:10D0300052B7327A53B7347A54B7357A55B7367A0D
:10D0400056B7387A57B73A7A58B73E7A59B7407ACE
:10D050005AB7417A5BB7427A5CB7437A5DB7447A94
:10D060005EB7457A5FB7477A60B7487A61B7497A61
:10D0700062B74A7A63B74B7A64B74C7A65B74D7A30
:10D0800066B74E7A67B74F7A68B7507A69B7527AFF
:10D090006AB7537A6BB7547A6CB7557A6DB7567ACC
:10D0A0006EB7587A6FB7597A70B75A7A71B75B7A98
:10D0B00072B75C7A73B75D7A74B75E7A75B75F7A68
:10D0C00076B7607A77B7617A78B7627A79B7637A38
:10D0D0007AB7647A7BB7657A7CB7667A7DB7677A08
:10D0E0007EB7687A80B7697A81B76A7A82B76B7AD5
:10D0F00083B76C7A84B76D7A85B76E7A86B76F7AA4
:10D1000087B7717A88B7727A89B7737A8AB7757A6E
:10D110008BB77B7A8CB77C7A8DB77D7A8EB77E7A27
:10D120008FB7827A90B7857A91B7877A92B7897AE2
:10D1300093B78A7A94B78B7A95B78C7A96B78E7AAA
:10D1400097B78F7A98B7907A99B7937A9AB7947A73
:10D150009BB7997A9CB79A7A9DB79B7A9EB79E7A2D
:10D160009FB7A17AA0B7A27AA1B7308DA2B7D15349
:10D17000A3B75A7FA4B74F7BA5B7104FA6B74F4EA2
:10D18000A7B70096A8B7D56CA9B7D073AAB7E98599
:10D19000ABB7065EACB76A75ADB7FB7FAEB70A6AD0
:10D1A000AFB7FE77B0B79294B1B7417EB2B7E15155
:10D1B000B3B7E670B4B7CD53B5B7D48FB6B7038362
:10D1C000B7B7298DB8B7AF72B9B76D99BAB7DB6C7D
:10D1D000BBB74A57BCB7B382BDB7B965BEB7AA8063
:10D1E000BFB73F62C0B73296C1B7A859C2B7FF4EAA
:10D1F000C3B7BF8BC4B7BA7EC5B73E65C6B7F283A7
:10D20000C7B75E97C8B76155C9B7DE98CAB7A580DA
:10D21000CBB72A53CCB7FD8BCDB72054CEB7BA804D
:10D22000CFB79F5ED0B7B86CD1B7398DD2B7AC82CB
:10D23000D3B75A91D4B72954D5B71B6CD6B7065279
:10D24000D7B7B77ED8B75F57D9B71A71DAB77E6C40
:10D25000DBB7897CDCB74B59DDB7FD4EDEB7FF5F2E
:10D26000DFB72461E0B7AA7CE1B7304EE2B7015CDA
:10D27000E3B7AB67E4B70287E5B7F05CE6B70B95B9
:10D28000E7B7CE98E8B7AF75E9B7FD70EAB7229077
:10D29000EBB7AF51ECB71D7FEDB7BD8BEEB749597A
:10D2A000EFB7E451F0B75B4FF1B72654F2B72B5903
:10D2B000F3B77765F4B7A480F5B7755BF6B7766218
:10D2C000F7B7C262F8B7908FF9B7455EFAB71F6C2F
:10D2D000FBB7267BFCB70F4FFDB7D84FFEB70D67E6
:10D2E00040B8A37A41B8A47A42B8A77A43B8A97AD9
:10D2F00044B8AA7A45B8AB7A46B8AE7A47B8AF7A9E
:10D3000048B8B07A49B8B17A4AB8B27A4BB8B47A68
:10D310004CB8B57A4DB8B67A4EB8B77A4FB8B87A35
:10D3200050B8B97A51B8BA7A52B8BB7A53B8BC7A05
:10D3300054B8BD7A55B8BE7A56B8C07A57B8C17AD3
:10D3400058B8C27A59B8C37A5AB8C47A5BB8C57AA1
:10D350005CB8C67A5DB8C77A5EB8C87A5FB8C97A71
:10D3600060B8CA7A61B8CC7A62B8CD7A63B8CE7A3E
:10D3700064B8CF7A65B8D07A66B8D17A67B8D27A0D
:10D3800068B8D37A69B8D47A6AB8D57A6BB8D77ADC
:10D390006CB8D87A6DB8DA7A6EB8DB7A6FB8DC7AA6
:10D3A00070B8DD7A71B8E17A72B8E27A73B8E47A6B
:10D3B00074B8E77A75B8E87A76B8E97A77B8EA7A2D
:10D3C00078B8EB7A79B8EC7A7AB8EE7A7BB8F07AFA
:10D3D0007CB8F17A7DB8F27A7EB8F37A80B8F47AC4
:10D3E00081B8F57A82B8F67A83B8F77A84B8F87A91
:10D3F00085B8FB7A86B8FC7A87B8FE7A88B8007B55
:10D4000089B8017B8AB8027B8BB8057B8CB8077B17
:10D410008DB8097B8EB80C7B8FB80D7B90B80E7BD6
:10D4200091B8107B92B8127B93B8137B94B8167B9B
:10D4300095B8177B96B8187B97B81A7B98B81C7B61
:10D4400099B81D7B9AB81F7B9BB8217B9CB8227B27
:10D450009DB8237B9EB8277B9FB8297BA0B82D7BE6
:10D46000A1B86E6DA2B8AA6DA3B88F79A4B8B1881F
:10D47000A5B8175FA6B82B75A7B89A62A8B8858F0C
:10D48000A9B8EF4FAAB8DC91ABB8A765ACB82F81AB
:10D49000ADB85181AEB89C5EAFB85081B0B8748D54
:10D4A000B1B86F52B2B88689B3B84B8DB4B80D59C4
:10D4B000B5B88550B6B8D84EB7B81C96B8B836725D
:10D4C000B9B87981BAB81F8DBBB8CC5BBCB8A38B97
:10D4D000BDB84496BEB88759BFB81A7FC0B890543B
:10D4E000C1B87656C2B80E56C3B8E58BC4B8396514
:10D4F000C5B88269C6B89994C7B8D676C8B8896ED7
:10D50000C9B8725ECAB81875CBB84667CCB8D167CF
:10D51000CDB8FF7ACEB89D80CFB8768DD0B81F61D8
:10D52000D1B8C679D2B86265D3B8638DD4B8885102
:10D53000D5B81A52D6B8A294D7B8387FD8B89B803D
:10D54000D9B8B27EDAB8975CDBB82F6EDCB860670A
:10D55000DDB8D97BDEB88B76DFB8D89AE0B88F819A
:10D56000E1B8947FE2B8D57CE3B81E64E4B8509586
:10D57000E5B83F7AE6B84A54E7B8E554E8B84C6BEA
:10D58000E9B80164EAB80862EBB83D9EECB8F380F4
:10D59000EDB89975EEB87252EFB86997F0B85B8440
:10D5A000F1B83C68F2B8E486F3B80196F4B8949602
:10D5B000F5B8EC94F6B82A4EF7B80454F8B8D97E0A
:10D5C000F9B83968FAB8DF8DFBB81580FCB8F46695
:10D5D000FDB89A5EFEB8B97F40B92F7B41B9307B68
:10D5E00042B9327B43B9347B44B9357B45B9367B8C
:10D5F00046B9377B47B9397B48B93B7B49B93D7B55
:10D600004AB93F7B4BB9407B4CB9417B4DB9427B1A
:10D610004EB9437B4FB9447B50B9467B51B9487BE7
:10D6200052B94A7B53B94D7B54B94E7B55B9537BA4
:10D6300056B9557B57B9577B58B9597B59B95C7B5B
:10D640005AB95E7B5BB95F7B5CB9617B5DB9637B1B
:10D650005EB9647B5FB9657B60B9667B61B9677BE6
:10D6600062B9687B63B9697B64B96A7B65B96B7BB6
:10D6700066B96C7B67B96D7B68B96F7B69B9707B84
:10D680006AB9737B6BB9747B6CB9767B6DB9787B47
:10D690006EB97A7B6FB97C7B70B97D7B71B97F7B0A
:10D6A00072B9817B73B9827B74B9837B75B9847BD2
:10D6B00076B9867B77B9877B78B9887B79B9897B9E
:10D6C0007AB98A7B7BB98B7B7CB98C7B7DB98E7B6D
:10D6D0007EB98F7B80B9917B81B9927B82B9937B34
:10D6E00083B9967B84B9987B85B9997B86B99A7BF7
:10D6F00087B99B7B88B99E7B89B99F7B8AB9A07BC0
:10D700008BB9A37B8CB9A47B8DB9A57B8EB9AE7B7D
:10D710008FB9AF7B90B9B07B91B9B27B92B9B37B33
:10D7200093B9B57B94B9B67B95B9B77B96B9B97BFC
:10D7300097B9BA7B98B9BB7B99B9BC7B9AB9BD7BC9
:10D740009BB9BE7B9CB9BF7B9DB9C07B9EB9C27B98
:10D750009FB9C37BA0B9C47BA1B9C257A2B93F800E
:10D76000A3B99768A4B9E55DA5B93B65A6B99F5271
:10D77000A7B96D60A8B99A9FA9B99B4FAAB9AC8EF9
:10D78000ABB96C51ACB9AB5BADB9135FAEB9E95D88
:10D79000AFB95E6CB0B9F162B1B9218DB2B9715156
:10D7A000B3B9A994B4B9FE52B5B99F6CB6B9DF82CA
:10D7B000B7B9D772B8B9A257B9B98467BAB92D8DBC
:10D7C000BBB91F59BCB99C8FBDB9C783BEB99554AD
:10D7D000BFB98D7BC0B9304FC1B9BD6CC2B9645BF4
:10D7E000C3B9D159C4B9139FC5B9E453C6B9CA86E0
:10D7F000C7B9A89AC8B9378CC9B9A180CAB9456553
:10D80000CBB97E98CCB9FA56CDB9C796CEB92E52BF
:10D81000CFB9DC74D0B95052D1B9E15BD2B902634F
:10D82000D3B90289D4B9564ED5B9D062D6B92A60D7
:10D83000D7B9FA68D8B97351D9B9985BDAB9A05198
:10D84000DBB9C289DCB9A17BDDB98699DEB9507F2D
:10D85000DFB9EF60E0B94C70E1B92F8DE2B9495101
:10D86000E3B97F5EE4B91B90E5B97074E6B9C48989
:10D87000E7B92D57E8B94578E9B9525FEAB99F9FF2
:10D88000EBB9FA95ECB9688FEDB93C9BEEB9E18B39
:10D89000EFB97876F0B94268F1B9DC67F2B9EA8D90
:10D8A000F3B9358DF4B93D52F5B98A8FF6B9DA6E10
:10D8B000F7B9CD68F8B90595F9B9ED90FAB9FD5603
:10D8C000FBB99C67FCB9F988FDB9C78FFEB9C8548C
:10D8D00040BAC57B41BAC87B42BAC97B43BACA7B4E
:10D8E00044BACB7B45BACD7B46BACE7B47BACF7B19
:10D8F00048BAD07B49BAD27B4ABAD47B4BBAD57BE3
:10D900004CBAD67B4DBAD77B4EBAD87B4FBADB7BAD
:10D9100050BADC7B51BADE7B52BADF7B53BAE07B74
:10D9200054BAE27B55BAE37B56BAE47B57BAE77B3D
:10D9300058BAE87B59BAE97B5ABAEB7B5BBAEC7B05
:10D940005CBAED7B5DBAEF7B5EBAF07B5FBAF27BCF
:10D9500060BAF37B61BAF47B62BAF57B63BAF67B9B
:10D9600064BAF87B65BAF97B66BAFA7B67BAFB7B67
:10D9700068BAFD7B69BAFF7B6ABA007C6BBA017C2E
:10D980006CBA027C6DBA037C6EBA047C6FBA057CFB
:10D9900070BA067C71BA087C72BA097C73BA0A7CC8
:10D9A00074BA0D7C75BA0E7C76BA107C77BA117C8D
:10D9B00078BA127C79BA137C7ABA147C7BBA157C5B
:10D9C0007CBA177C7DBA187C7EBA197C80BA1A7C26
:10D9D00081BA1B7C82BA1C7C83BA1D7C84BA1E7CF3
:10D9E00085BA207C86BA217C87BA227C88BA237CBF
:10D9F00089BA247C8ABA257C8BBA287C8CBA297C8B
:10DA00008DBA2B7C8EBA2C7C8FBA2D7C90BA2E7C52
:10DA100091BA2F7C92BA307C93BA317C94BA327C22
:10DA200095BA337C96BA347C97BA357C98BA367CF2
:10DA300099BA377C9ABA397C9BBA3A7C9CBA3B7CBF
:10DA40009DBA3C7C9EBA3D7C9FBA3E7CA0BA427C8B
:10DA5000A1BAB89AA2BA695BA3BA776DA4BA266CC8
:10DA6000A5BAA54EA6BAB35BA7BA879AA8BA63911E
:10DA7000A9BAA861AABAAF90ABBAE997ACBA2B54CD
:10DA8000ADBAB56DAEBAD25BAFBAFD51B0BA8A5578
:10DA9000B1BA557FB2BAF07FB3BABC64B4BA4D63C1
:10DAA000B5BAF165B6BABE61B7BA8D60B8BA0A71D7
:10DAB000B9BA576CBABA496CBBBA2F59BCBA6D67C0
:10DAC000BDBA2A82BEBAD558BFBA8E56C0BA6A8CC1
:10DAD000C1BAEB6BC2BADD90C3BA7D59C4BA178024
:10DAE000C5BAF753C6BA696DC7BA7554C8BA9D5559
:10DAF000C9BA7783CABACF83CBBA3868CCBABE79F1
:10DB0000CDBA8C54CEBA554FCFBA0854D0BAD276CB
:10DB1000D1BA898CD2BA0296D3BAB36CD4BAB86DE2
:10DB2000D5BA6B8DD6BA1089D7BA649ED8BA3A8D59
:10DB3000D9BA3F56DABAD19EDBBAD575DCBA885F5E
:10DB4000DDBAE072DEBA6860DFBAFC54E0BAA84E13
:10DB5000E1BA2A6AE2BA6188E3BA5260E4BA708F25
:10DB6000E5BAC454E6BAD870E7BA7986E8BA3F9EF7
:10DB7000E9BA2A6DEABA8F5BEBBA185FECBAA27EFB
:10DB8000EDBA8955EEBAAF4FEFBA3473F0BA3C54E0
:10DB9000F1BA9A53F2BA1950F3BA0E54F4BA7C544B
:10DBA000F5BA4E4EF6BAFD5FF7BA5A74F8BAF6589F
:10DBB000F9BA6B84FABAE180FBBA7487FCBAD07206
:10DBC000FDBACA7CFEBA566E40BB437C41BB447C66
:10DBD00042BB457C43BB467C44BB477C45BB487C41
:10DBE00046BB497C47BB4A7C48BB4B7C49BB4C7C11
:10DBF0004ABB4E7C4BBB4F7C4CBB507C4DBB517CDD
:10DC00004EBB527C4FBB537C50BB547C51BB557CAC
:10DC100052BB567C53BB577C54BB587C55BB597C7C
:10DC200056BB5A7C57BB5B7C58BB5C7C59BB5D7C4C
:10DC30005ABB5E7C5BBB5F7C5CBB607C5DBB617C1C
:10DC40005EBB627C5FBB637C60BB647C61BB657CEC
:10DC500062BB667C63BB677C64BB687C65BB697CBC
:10DC600066BB6A7C67BB6B7C68BB6C7C69BB6D7C8C
:10DC70006ABB6E7C6BBB6F7C6CBB707C6DBB717C5C
:10DC80006EBB727C6FBB757C70BB767C71BB777C26
:10DC900072BB787C73BB797C74BB7A7C75BB7E7CF1
:10DCA00076BB7F7C77BB807C78BB817C79BB827CB8
:10DCB0007ABB837C7BBB847C7CBB857C7DBB867C88
:10DCC0007EBB877C80BB887C81BB8A7C82BB8B7C53
:10DCD00083BB8C7C84BB8D7C85BB8E7C86BB8F7C20
:10DCE00087BB907C88BB937C89BB947C8ABB967CE9
:10DCF0008BBB997C8CBB9A7C8DBB9B7C8EBBA07CA8
:10DD00008FBBA17C90BBA37C91BBA67C92BBA77C64
:10DD100093BBA87C94BBA97C95BBAB7C96BBAC7C2D
:10DD200097BBAD7C98BBAF7C99BBB07C9ABBB47CF5
:10DD30009BBBB57C9CBBB67C9DBBB77C9EBBB87CBB
:10DD40009FBBBA7CA0BBBB7CA1BB275FA2BB4E869E
:10DD5000A3BB2C55A4BBA462A5BB924EA6BBAA6CC8
:10DD6000A7BB3762A8BBB182A9BBD754AABB4E538D
:10DD7000ABBB3E73ACBBD16EADBB3B75AEBB125201
:10DD8000AFBB1653B0BBDD8BB1BBD069B2BB8A5FF2
:10DD9000B3BB0060B4BBEE6DB5BB4F57B6BB226BD7
:10DDA000B7BBAF73B8BB5368B9BBD88FBABB137FCF
:10DDB000BBBB6263BCBBA360BDBB2455BEBBEA75E5
:10DDC000BFBB628CC0BB1571C1BBA36DC2BBA65BE0
:10DDD000C3BB7B5EC4BB5283C5BB4C61C6BBC49E88
:10DDE000C7BBFA78C8BB5787C9BB277CCABB877635
:10DDF000CBBBF051CCBBF660CDBB4C71CEBB436608
:10DE0000CFBB4C5ED0BB4D60D1BB0E8CD2BB707013
:10DE1000D3BB2563D4BB898FD5BBBD5FD6BB626046
:10DE2000D7BBD486D8BBDE56D9BBC16BDABB9460F6
:10DE3000DBBB6761DCBB4953DDBBE060DEBB666614
:10DE4000DFBB3F8DE0BBFD79E1BB1A4FE2BBE97060
:10DE5000E3BB476CE4BBB38BE5BBF28BE6BBD87E80
:10DE6000E7BB6483E8BB0F66E9BB5A5AEABB429B37
:10DE7000EBBB516DECBBF76DEDBB418CEEBB3B6D6D
:10DE8000EFBB194FF0BB6B70F1BBB783F2BB1662EF
:10DE9000F3BBD160F4BB0D97F5BB278DF6BB78794A
:10DEA000F7BBFB51F8BB3E57F9BBFA57FABB3A67D1
:10DEB000FBBB7875FCBB3D7AFDBBEF79FEBB957B68
:10DEC00040BCBF7C41BCC07C42BCC27C43BCC37C68
:10DED00044BCC47C45BCC67C46BCC97C47BCCB7C2E
:10DEE00048BCCE7C49BCCF7C4ABCD07C4BBCD17CEE
:10DEF0004CBCD27C4DBCD37C4EBCD47C4FBCD87CBB
:10DF000050BCDA7C51BCDB7C52BCDD7C53BCDE7C7B
:10DF100054BCE17C55BCE27C56BCE37C57BCE47C41
:10DF200058BCE57C59BCE67C5ABCE77C5BBCE97C10
:10DF30005CBCEA7C5DBCEB7C5EBCEC7C5FBCED7CDD
:10DF400060BCEE7C61BCF07C62BCF17C63BCF27CAA
:10DF500064BCF37C65BCF47C66BCF57C67BCF67C79
:10DF600068BCF77C69BCF97C6ABCFA7C6BBCFC7C45
:10DF70006CBCFD7C6DBCFE7C6EBCFF7C6FBC007D10
:10DF800070BC017D71BC027D72BC037D73BC047DDD
:10DF900074BC057D75BC067D76BC077D77BC087DAD
:10DFA00078BC097D79BC0B7D7ABC0C7D7BBC0D7D7A
:10DFB0007CBC0E7D7DBC0F7D7EBC107D80BC117D48
:10DFC00081BC127D82BC137D83BC147D84BC157D15
:10DFD00085BC167D86BC177D87BC187D88BC197DE5
:10DFE00089BC1A7D8ABC1B7D8BBC1C7D8CBC1D7DB5
:10DFF0008DBC1E7D8EBC1F7D8FBC217D90BC237D82
:10E0000091BC247D92BC257D93BC267D94BC287D4B
:10E0100095BC297D96BC2A7D97BC2C7D98BC2D7D16
:10E0200099BC2E7D9ABC307D9BBC317D9CBC327DE1
:10E030009DBC337D9EBC347D9FBC357DA0BC367DB0
:10E04000A1BC8C80A2BC6599A3BCF98FA4BCC06F95
:10E05000A5BCA58BA6BC219EA7BCEC59A8BCE97E9B
:10E06000A9BC097FAABC0954ABBC8167ACBCD86809
:10E07000ADBC918FAEBC4D7CAFBCC696B0BCCA5394
:10E08000B1BC2560B2BCBE75B3BC726CB4BC73537A
:10E09000B5BCC95AB6BCA77EB7BC2463B8BCE051B6
:10E0A000B9BC0A81BABCF15DBBBCDF84BCBC806278
:10E0B000BDBC8051BEBC635BBFBC0E4FC0BC6D79A4
:10E0C000C1BC4252C2BCB860C3BC4E6DC4BCC45BD0
:10E0D000C5BCC25BC6BCA18BC7BCB08BC8BCE2656B
:10E0E000C9BCCC5FCABC4596CBBC9359CCBCE77EBF
:10E0F000CDBCAA7ECEBC0956CFBCB767D0BC3959BF
:10E10000D1BC734FD2BCB65BD3BCA052D4BC5A8333
:10E11000D5BC8A98D6BC3E8DD7BC3275D8BCBE94CF
:10E12000D9BC4750DABC3C7ADBBCF74EDCBCB667E6
:10E13000DDBC7E9ADEBCC15ADFBC7C6BE0BCD17614
:10E14000E1BC5A57E2BC165CE3BC3A7BE4BCF495F4
:10E15000E5BC4E71E6BC7C51E7BCA980E8BC70828E
:10E16000E9BC7859EABC047FEBBC2783ECBCC068EF
:10E17000EDBCEC67EEBCB178EFBC7778F0BCE36245
:10E18000F1BC6163F2BC807BF3BCED4FF4BC6A521E
:10E19000F5BCCF51F6BC5083F7BCDB69F8BC749278
:10E1A000F9BCF58DFABC318DFBBCC189FCBC2E9548
:10E1B000FDBCAD7BFEBCF64E40BD377D41BD387D1C
:10E1C00042BD397D43BD3A7D44BD3B7D45BD3C7D6F
:10E1D00046BD3D7D47BD3E7D48BD3F7D49BD407D3F
:10E1E0004ABD417D4BBD427D4CBD437D4DBD447D0F
:10E1F0004EBD457D4FBD467D50BD477D51BD487DDF
:10E2000052BD497D53BD4A7D54BD4B7D55BD4C7DAE
:10E2100056BD4D7D57BD4E7D58BD4F7D59BD507D7E
:10E220005ABD517D5BBD527D5CBD537D5DBD547D4E
:10E230005EBD557D5FBD567D60BD577D61BD587D1E
:10E2400062BD597D63BD5A7D64BD5B7D65BD5C7DEE
:10E2500066BD5D7D67BD5E7D68BD5F7D69BD607DBE
:10E260006ABD617D6BBD627D6CBD637D6DBD647D8E
:10E270006EBD657D6FBD667D70BD677D71BD687D5E
:10E2800072BD697D73BD6A7D74BD6B7D75BD6C7D2E
:10E2900076BD6D7D77BD6F7D78BD707D79BD717DFB
:10E2A0007ABD727D7BBD737D7CBD747D7DBD757DCA
:10E2B0007EBD767D80BD787D81BD797D82BD7A7D94
:10E2C00083BD7B7D84BD7C7D85BD7D7D86BD7E7D62
:10E2D00087BD7F7D88BD807D89BD817D8ABD827D32
:10E2E0008BBD837D8CBD847D8DBD857D8EBD867D02
:10E2F0008FBD877D90BD887D91BD897D92BD8A7DD2
:10E3000093BD8B7D94BD8C7D95BD8D7D96BD8E7DA1
:10E3100097BD8F7D98BD907D99BD917D9ABD927D71
:10E320009BBD937D9CBD947D9DBD957D9EBD967D41
:10E330009FBD977DA0BD987DA1BD6550A2BD3082D7
:10E34000A3BD5152A4BD6F99A5BD106EA6BD856E2B
:10E35000A7BDA76DA8BDFA5EA9BDF550AABDDC5941
:10E36000ABBD065CACBD466DADBD5F6CAEBD86752C
:10E37000AFBD8B84B0BD6868B1BD5659B2BDB28B1C
:10E38000B3BD2053B4BD7191B5BD4D96B6BD4985A1
:10E39000B7BD1269B8BD0179B9BD2671BABDF680A5
:10E3A000BBBDA44EBCBDCA90BDBD476DBEBD849A69
:10E3B000BFBD075AC0BDBC56C1BD0564C2BDF09407
:10E3C000C3BDEB77C4BDA54FC5BD1A81C6BDE17203
:10E3D000C7BDD289C8BD7A99C9BD347FCABDDE7EAA
:10E3E000CBBD7F52CCBD5965CDBD7591CEBD7F8F64
:10E3F000CFBD838FD0BDEB53D1BD967AD2BDED6337
:10E40000D3BDA563D4BD8676D5BDF879D6BD578872
:10E41000D7BD3696D8BD2A62D9BDAB52DABD82824D
:10E42000DBBD5468DCBD7067DDBD7763DEBD6B7737
:10E43000DFBDED7AE0BD016DE1BDD37EE2BDE389D4
:10E44000E3BDD059E4BD1262E5BDC985E6BDA58234
:10E45000E7BD4C75E8BD1F50E9BDCB4EEABDA575C3
:10E46000EBBDEB8BECBD4A5CEDBDFE5DEEBD4B7BC9
:10E47000EFBDA465F0BDD191F1BDCA4EF2BD256DD1
:10E48000F3BD5F89F4BD277DF5BD2695F6BDC54E6C
:10E49000F7BD288CF8BDDB8FF9BD7397FABD4B66CD
:10E4A000FBBD8179FCBDD18FFDBDEC70FEBD786DEB
:10E4B00040BE997D41BE9A7D42BE9B7D43BE9C7D00
:10E4C00044BE9D7D45BE9E7D46BE9F7D47BEA07DD0
:10E4D00048BEA17D49BEA27D4ABEA37D4BBEA47DA0
:10E4E0004CBEA57D4DBEA77D4EBEA87D4FBEA97D6D
:10E4F00050BEAA7D51BEAB7D52BEAC7D53BEAD7D3C
:10E5000054BEAF7D55BEB07D56BEB17D57BEB27D07
:10E5100058BEB37D59BEB47D5ABEB57D5BBEB67DD7
:10E520005CBEB77D5DBEB87D5EBEB97D5FBEBA7DA7
:10E5300060BEBB7D61BEBC7D62BEBD7D63BEBE7D77
:10E5400064BEBF7D65BEC07D66BEC17D67BEC27D47
:10E5500068BEC37D69BEC47D6ABEC57D6BBEC67D17
:10E560006CBEC77D6DBEC87D6EBEC97D6FBECA7DE7
:10E5700070BECB7D71BECC7D72BECD7D73BECE7DB7
:10E5800074BECF7D75BED07D76BED17D77BED27D87
:10E5900078BED37D79BED47D7ABED57D7BBED67D57
:10E5A0007CBED77D7DBED87D7EBED97D80BEDA7D26
:10E5B00081BEDB7D82BEDC7D83BEDD7D84BEDE7DF3
:10E5C00085BEDF7D86BEE07D87BEE17D88BEE27DC3
:10E5D00089BEE37D8ABEE47D8BBEE57D8CBEE67D93
:10E5E0008DBEE77D8EBEE87D8FBEE97D90BEEA7D63
:10E5F00091BEEB7D92BEEC7D93BEED7D94BEEE7D33
:10E6000095BEEF7D96BEF07D97BEF17D98BEF27D02
:10E6100099BEF37D9ABEF47D9BBEF57D9CBEF67DD2
:10E620009DBEF77D9EBEF87D9FBEF97DA0BEFA7DA2
:10E63000A1BE3D5CA2BEB252A3BE4683A4BE62513F
:10E64000A5BE0E83A6BE5B77A7BE7666A8BEB89CA5
:10E65000A9BEAC4EAABECA60ABBEBE7CACBEB37C8B
:10E66000ADBECF7EAEBE954EAFBE668BB0BE6F6602
:10E67000B1BE8898B2BE5997B3BE8358B4BE6C651C
:10E68000B5BE5C95B6BE845FB7BEC975B8BE5697B9
:10E69000B9BEDF7ABABEDE7ABBBEC051BCBEAF70B7
:10E6A000BDBE987ABEBEEA63BFBE767AC0BEA07E0B
:10E6B000C1BE9673C2BEED97C3BE454EC4BE787050
:10E6C000C5BE5D4EC6BE5291C7BEA953C8BE5165F8
:10E6D000C9BEE765CABEFC81CBBE0582CCBE8E54E6
:10E6E000CDBE315CCEBE9A75CFBEA097D0BED862EB
:10E6F000D1BED972D2BEBD75D3BE455CD4BE799AA7
:10E70000D5BECA83D6BE405CD7BE8054D8BEE9779A
:10E71000D9BE3E4EDABEAE6CDBBE5A80DCBED262E3
:10E72000DDBE6E63DEBEE85DDFBE7751E0BEDD8D2F
:10E73000E1BE1E8EE2BE2F95E3BEF14FE4BEE5536F
:10E74000E5BEE760E6BEAC70E7BE6752E8BE506368
:10E75000E9BE439EEABE1F5AEBBE2650ECBE377799
:10E76000EDBE7753EEBEE27EEFBE8564F0BE2B6554
:10E77000F1BE8962F2BE9863F3BE1450F4BE3572E6
:10E78000F5BEC989F6BEB351F7BEC08BF8BEDD7EBB
:10E79000F9BE4757FABECC83FBBEA794FCBE9B5183
:10E7A000FDBE1B54FEBEFB5C40BFFB7D41BFFC7D3C
:10E7B00042BFFD7D43BFFE7D44BFFF7D45BF007E60
:10E7C00046BF017E47BF027E48BF037E49BF047E2D
:10E7D0004ABF057E4BBF067E4CBF077E4DBF087EFD
:10E7E0004EBF097E4FBF0A7E50BF0B7E51BF0C7ECD
:10E7F00052BF0D7E53BF0E7E54BF0F7E55BF107E9D
:10E8000056BF117E57BF127E58BF137E59BF147E6C
:10E810005ABF157E5BBF167E5CBF177E5DBF187E3C
:10E820005EBF197E5FBF1A7E60BF1B7E61BF1C7E0C
:10E8300062BF1D7E63BF1E7E64BF1F7E65BF207EDC
:10E8400066BF217E67BF227E68BF237E69BF247EAC
:10E850006ABF257E6BBF267E6CBF277E6DBF287E7C
:10E860006EBF297E6FBF2A7E70BF2B7E71BF2C7E4C
:10E8700072BF2D7E73BF2E7E74BF2F7E75BF307E1C
:10E8800076BF317E77BF327E78BF337E79BF347EEC
:10E890007ABF357E7BBF367E7CBF377E7DBF387EBC
:10E8A0007EBF397E80BF3A7E81BF3C7E82BF3D7E87
:10E8B00083BF3E7E84BF3F7E85BF407E86BF427E53
:10E8C00087BF437E88BF447E89BF457E8ABF467E20
:10E8D0008BBF487E8CBF497E8DBF4A7E8EBF4B7EEC
:10E8E0008FBF4C7E90BF4D7E91BF4E7E92BF4F7EBC
:10E8F00093BF507E94BF517E95BF527E96BF537E8C
:10E9000097BF547E98BF557E99BF567E9ABF577E5B
:10E910009BBF587E9CBF597E9DBF5A7E9EBF5B7E2B
:10E920009FBF5C7EA0BF5D7EA1BFCA4FA2BFE37A3E
:10E93000A3BF5A6DA4BFE190A5BF8F9AA6BF805513
:10E94000A7BF9654A8BF6153A9BFAF54AABF005F29
:10E95000ABBFE963ACBF7769ADBFEF51AEBF6861D4
:10E96000AFBF0A52B0BF2A58B1BFD852B2BF4E573C
:10E97000B3BF0D78B4BF0B77B5BFB75EB6BF7761D5
:10E98000B7BFE07CB8BF5B62B9BF9762BABFA24EA7
:10E99000BBBF9570BCBF0380BDBFF762BEBFE47054
:10E9A000BFBF6097C0BF7757C1BFDB82C2BFEF67F1
:10E9B000C3BFF568C4BFD578C5BF9798C6BFD17926
:10E9C000C7BFF358C8BFB354C9BFEF53CABF346EF3
:10E9D000CBBF4B51CCBF3B52CDBFA25BCEBFFE8B5A
:10E9E000CFBFAF80D0BF4355D1BFA657D2BF736052
:10E9F000D3BF5157D4BF2D54D5BF7A7AD6BF5060FC
:10EA0000D7BF545BD8BFA763D9BFA062DABFE353B7
:10EA1000DBBF6362DCBFC75BDDBFAF67DEBFED544A
:10EA2000DFBF9F7AE0BFE682E1BF7791E2BF935EEE
:10EA3000E3BFE488E4BF3859E5BFAE57E6BF0E63D5
:10EA4000E7BFE88DE8BFEF80E9BF5757EABF777BA4
:10EA5000EBBFA94FECBFEB5FEDBFBD5BEEBF3E6B05
:10EA6000EFBF2153F0BF507BF1BFC272F2BF4668C7
:10EA7000F3BFFF77F4BF3677F5BFF765F6BFB55143
:10EA8000F7BF8F4EF8BFD476F9BFBF5CFABFA57A47
:10EA9000FBBF7584FCBF4E59FDBF419BFEBF80503C
:10EAA00040C05E7E41C05F7E42C0607E43C0617EEA
:10EAB00044C0627E45C0637E46C0647E47C0657EBA
:10EAC00048C0667E49C0677E4AC0687E4BC0697E8A
:10EAD0004CC06A7E4DC06B7E4EC06C7E4FC06D7E5A
:10EAE00050C06E7E51C06F7E52C0707E53C0717E2A
:10EAF00054C0727E55C0737E56C0747E57C0757EFA
:10EB000058C0767E59C0777E5AC0787E5BC0797EC9
:10EB10005CC07A7E5DC07B7E5EC07C7E5FC07D7E99
:10EB200060C07E7E61C07F7E62C0807E63C0817E69
:10EB300064C0837E65C0847E66C0857E67C0867E35
:10EB400068C0877E69C0887E6AC0897E6BC08A7E05
:10EB50006CC08B7E6DC08C7E6EC08D7E6FC08E7ED5
:10EB600070C08F7E71C0907E72C0917E73C0927EA5
:10EB700074C0937E75C0947E76C0957E77C0967E75
:10EB800078C0977E79C0987E7AC0997E7BC09A7E45
:10EB90007CC09C7E7DC09D7E7EC09E7E80C0AE7E01
:10EBA00081C0B47E82C0BB7E83C0BC7E84C0D67E62
:10EBB00085C0E47E86C0EC7E87C0F97E88C00A7F6F
:10EBC00089C0107F8AC01E7F8BC0377F8CC0397F81
:10EBD0008DC03B7F8EC03C7F8FC03D7F90C03E7F0D
:10EBE00091C03F7F92C0407F93C0417F94C0437FDC
:10EBF00095C0467F96C0477F97C0487F98C0497FA1
:10EC000099C04A7F9AC04B7F9BC04C7F9CC04D7F70
:10EC10009DC04E7F9EC04F7F9FC0527FA0C0537F3C
:10EC2000A1C08899A2C02761A3C0836EA4C0645705
:10EC3000A5C00666A6C04663A7C0F056A8C0EC6291
:10EC4000A9C06962AAC0D35EABC01496ACC083579A
:10EC5000ADC0C962AEC08755AFC02187B0C04A8180
:10EC6000B1C0A38FB2C06655B3C0B183B4C06567ED
:10EC7000B5C0568DB6C0DD84B7C06A5AB8C00F683B
:10EC8000B9C0E662BAC0EE7BBBC01196BCC0705181
:10EC9000BDC09C6FBEC0308CBFC0FD63C0C0C88902
:10ECA000C1C0D261C2C0067FC3C0C270C4C0E56E1D
:10ECB000C5C00574C6C09469C7C0FC72C8C0CA5E2E
:10ECC000C9C0CE90CAC01767CBC06A6DCCC05E63A6
:10ECD000CDC0B352CEC06272CFC00180D0C06C4FE5
:10ECE000D1C0E559D2C06A91D3C0D970D4C09D6D4E
:10ECF000D5C0D252D6C0504ED7C0F796D8C06D9569
:10ED0000D9C07E85DAC0CA78DBC02F7DDCC0215136
:10ED1000DDC09257DEC0C264DFC08B80E0C07B7C68
:10ED2000E1C0EA6CE2C0F168E3C05E69E4C0B751DB
:10ED3000E5C09853E6C0A868E7C08172E8C0CE9EDF
:10ED4000E9C0F17BEAC0F872EBC0BB79ECC0136F8D
:10ED5000EDC00674EEC04E67EFC0CC91F0C0A49C2D
:10ED6000F1C03C79F2C08983F3C05483F4C00F54DE
:10ED7000F5C01768F6C03D4EF7C08953F8C0B152D0
:10ED8000F9C03E78FAC08653FBC02952FCC08850B7
:10ED9000FDC08B4FFEC0D04F40C1567F41C1597F4F
:10EDA00042C15B7F43C15C7F44C15D7F45C15E7FE3
:10EDB00046C1607F47C1637F48C1647F49C1657FA9
:10EDC0004AC1667F4BC1677F4CC16B7F4DC16C7F71
:10EDD0004EC16D7F4FC16F7F50C1707F51C1737F36
:10EDE00052C1757F53C1767F54C1777F55C1787FFB
:10EDF00056C17A7F57C17B7F58C17C7F59C17D7FC7
:10EE00005AC17F7F5BC1807F5CC1827F5DC1837F90
:10EE10005EC1847F5FC1857F60C1867F61C1877F5E
:10EE200062C1887F63C1897F64C18B7F65C18D7F2B
:10EE300066C18F7F67C1907F68C1917F69C1927FF2
:10EE40006AC1937F6BC1957F6CC1967F6DC1977FBF
:10EE50006EC1987F6FC1997F70C19B7F71C19C7F8C
:10EE600072C1A07F73C1A27F74C1A37F75C1A57F4A
:10EE700076C1A67F77C1A87F78C1A97F79C1AA7F13
:10EE80007AC1AB7F7BC1AC7F7CC1AD7F7DC1AE7FE2
:10EE90007EC1B17F80C1B37F81C1B47F82C1B57FA4
:10EEA00083C1B67F84C1B77F85C1BA7F86C1BB7F6E
:10EEB00087C1BE7F88C1C07F89C1C27F8AC1C37F2D
:10EEC0008BC1C47F8CC1C67F8DC1C77F8EC1C87FF7
:10EED0008FC1C97F90C1CB7F91C1CD7F92C1CF7FC0
:10EEE00093C1D07F94C1D17F95C1D27F96C1D37F8A
:10EEF00097C1D67F98C1D77F99C1D97F9AC1DA7F50
:10EF00009BC1DB7F9CC1DC7F9DC1DD7F9EC1DE7F1D
:10EF10009FC1E27FA0C1E37FA1C1E275A2C1CB7A0C
:10EF2000A3C1927CA4C1A56CA5C1B696A6C19B52F3
:10EF3000A7C18374A8C1E954A9C1E94FAAC15480EB
:10EF4000ABC1B283ACC1DE8FADC17095AEC1C95E3D
:10EF5000AFC11C60B0C19F6DB1C1185EB2C15B652D
:10EF6000B3C13881B4C1FE94B5C14B60B6C1BC70A9
:10EF7000B7C1C37EB8C1AE7CB9C1C951BAC181683D
:10EF8000BBC1B17CBCC16F82BDC1244EBEC1868FE6
:10EF9000BFC1CF91C0C17E66C1C1AE4EC2C1058C9A
:10EFA000C3C1A964C4C14A80C5C1DA50C6C197753E
:10EFB000C7C1CE71C8C1E55BC9C1BD8FCAC1666F8B
:10EFC000CBC1864ECCC18264CDC16395CEC1D65E25
:10EFD000CFC19965D0C11752D1C1C288D2C1C87002
:10EFE000D3C1A352D4C10E73D5C13374D6C19767B0
:10EFF000D7C1F778D8C11697D9C1344EDAC1BB90C2
:10F00000DBC1DE9CDCC1CB6DDDC1DB51DEC1418DDE
:10F01000DFC11D54E0C1CE62E1C1B273E2C1F18330
:10F02000E3C1F696E4C1849FE5C1C394E6C1364FBF
:10F03000E7C19A7FE8C1CC51E9C17570EAC1759604
:10F04000EBC1AD5CECC18698EDC1E653EEC1E44E78
:10F05000EFC19C6EF0C10974F1C1B469F2C16B7863
:10F06000F3C18F99F4C15975F5C11852F6C12476D0
:10F07000F7C1416DF8C1F367F9C16D51FAC1999FAC
:10F08000FBC14B80FCC19954FDC13C7BFEC1BF7AE2
:10F0900040C2E47F41C2E77F42C2E87F43C2EA7FC9
:10F0A00044C2EB7F45C2EC7F46C2ED7F47C2EF7F93
:10F0B00048C2F27F49C2F47F4AC2F57F4BC2F67F55
:10F0C0004CC2F77F4DC2F87F4EC2F97F4FC2FA7F24
:10F0D00050C2FD7F51C2FE7F52C2FF7F53C20280E9
:10F0E00054C2078055C2088056C2098057C20A80A0
:10F0F00058C20E8059C20F805AC211805BC2138061
:10F100005CC21A805DC21B805EC21D805FC21E8011
:10F1100060C21F8061C2218062C2238063C22480DA
:10F1200064C22B8065C22C8066C22D8067C22E808F
:10F1300068C22F8069C230806AC232806BC234805C
:10F140006CC239806DC23A806EC23C806FC23E8014
:10F1500070C2408071C2418072C2448073C24580D7
:10F1600074C2478075C2488076C2498077C24E809B
:10F1700078C24F8079C250807AC251807BC253805E
:10F180007CC255807DC256807EC2578080C2598025
:10F1900081C25B8082C25C8083C25D8084C25E80EB
:10F1A00085C25F8086C2608087C2618088C26280BB
:10F1B00089C263808AC264808BC265808CC266808B
:10F1C0008DC267808EC268808FC26B8090C26C8057
:10F1D00091C26D8092C26E8093C26F8094C2708023
:10F1E00095C2728096C2738097C2748098C27580EF
:10F1F00099C276809AC277809BC278809CC27980BF
:10F200009DC27A809EC27B809FC27C80A0C27D808E
:10F21000A1C28696A2C28457A3C2E262A4C2479644
:10F22000A5C27C69A6C2045AA7C20264A8C2D37B45
:10F23000A9C20F6FAAC24B96ABC2A682ACC26253E0
:10F24000ADC28598AEC2905EAFC28970B0C2B363E2
:10F25000B1C26453B2C24F86B3C2819CB4C2939E02
:10F26000B5C28C78B6C23297B7C2EF8DB8C2428DA4
:10F27000B9C27F9EBAC25E6FBBC28479BCC2555F01
:10F28000BDC24696BEC22E62BFC2749AC0C2155499
:10F29000C1C2DD94C2C2A34FC3C2C565C4C2655C0E
:10F2A000C5C2615CC6C2157FC7C25186C8C22F6C79
:10F2B000C9C28B5FCAC28773CBC2E46ECCC2FF7E69
:10F2C000CDC2E65CCEC21B63CFC26A5BD0C2E66E23
:10F2D000D1C27553D2C2714ED3C2A063D4C2657578
:10F2E000D5C2A162D6C26E8FD7C2264FD8C2D14E28
:10F2F000D9C2A66CDAC2B67EDBC2BA8BDCC21D8470
:10F30000DDC2BA87DEC2577FDFC23B90E0C22395E1
:10F31000E1C2A97BE2C2A19AE3C2F888E4C23D84BB
:10F32000E5C21B6DE6C2869AE7C2DC7EE8C2885958
:10F33000E9C2BB9EEAC29B73EBC20178ECC2828633
:10F34000EDC26C9AEEC2829AEFC21B56F0C21754FD
:10F35000F1C2CB57F2C2704EF3C2A69EF4C256530E
:10F36000F5C2C88FF6C20981F7C29277F8C29299A6
:10F37000F9C2EE86FAC2E16EFBC21385FCC2FC66DE
:10F38000FDC26261FEC22B6F40C37E8041C381809B
:10F3900042C3828043C3858044C3888045C38A803A
:10F3A00046C38D8047C38E8048C38F8049C39080F9
:10F3B0004AC391804BC392804CC394804DC39580C7
:10F3C0004EC397804FC3998050C39E8051C3A38082
:10F3D00052C3A68053C3A78054C3A88055C3AC8032
:10F3E00056C3B08057C3B38058C3B58059C3B680E5
:10F3F0005AC3B8805BC3B9805CC3BB805DC3C580A2
:10F400005EC3C7805FC3C88060C3C98061C3CA8050
:10F4100062C3CB8063C3CF8064C3D08065C3D18017
:10F4200066C3D28067C3D38068C3D48069C3D580E4
:10F430006AC3D8806BC3DF806CC3E0806DC3E28099
:10F440006EC3E3806FC3E68070C3EE8071C3F58046
:10F4500072C3F78073C3F98074C3FB8075C3FE80E9
:10F4600076C3FF8077C3008178C3018179C30381AC
:10F470007AC304817BC305817CC307817DC3088176
:10F480007EC30B8180C30C8181C3158182C3178128
:10F4900083C3198184C31B8185C31C8186C31D81DD
:10F4A00087C31F8188C3208189C321818AC32281A8
:10F4B0008BC323818CC324818DC325818EC3268178
:10F4C0008FC3278190C3288191C3298192C32A8148
:10F4D00093C32B8194C32D8195C32E8196C3308114
:10F4E00097C3338198C3348199C335819AC33781D7
:10F4F0009BC339819CC33A819DC33B819EC33C81A0
:10F500009FC33D81A0C33F81A1C3298CA2C3928226
:10F51000A3C32B83A4C3F276A5C3136CA6C3D95F80
:10F52000A7C3BD83A8C32B73A9C30583AAC31A9518
:10F53000ABC3DB6BACC3DB77ADC3C694AEC36F5359
:10F54000AFC30283B0C39251B1C33D5EB2C38C8CD2
:10F55000B3C3388DB4C3484EB5C3AB73B6C39A6753
:10F56000B7C38568B8C37691B9C30997BAC3647144
:10F57000BBC3A16CBCC30977BDC3925ABEC341953E
:10F58000BFC3CF6BC0C38E7FC1C32766C2C3D05B6E
:10F59000C3C3B959C4C39A5AC5C3E895C6C3F7953E
:10F5A000C7C3EC4EC8C30C84C9C39984CAC3AC6A30
:10F5B000CBC3DF76CCC33095CDC31B73CEC3A66857
:10F5C000CFC35F5BD0C32F77D1C39A91D2C361976A
:10F5D000D3C3DC7CD4C3F78FD5C31C8CD6C3255FC3
:10F5E000D7C3737CD8C3D879D9C3C589DAC3CC6CE7
:10F5F000DBC31C87DCC3C65BDDC3425EDEC3C968F8
:10F60000DFC32077E0C3F57EE1C39551E2C34D51DE
:10F61000E3C3C952E4C3295AE5C3057FE6C3629731
:10F62000E7C3D782E8C3CF63E9C38477EAC3D08551
:10F63000EBC3D279ECC33A6EEDC3995EEEC3995930
:10F64000EFC31185F0C36D70F1C3116CF2C3BF62DB
:10F65000F3C3BF76F4C34F65F5C3AF60F6C3FD9542
:10F66000F7C30E66F8C39F87F9C3239EFAC3ED94D0
:10F67000FBC30D54FCC37D54FDC32C8CFEC37864C6
:10F6800040C4408141C4418142C4428143C443815A
:10F6900044C4448145C4458146C4478147C4498127
:10F6A00048C44D8149C44E814AC44F814BC45281E4
:10F6B0004CC456814DC457814EC458814FC45B81A0
:10F6C00050C45C8151C45D8152C45E8153C45F816A
:10F6D00054C4618155C4628156C4638157C4648136
:10F6E00058C4668159C468815AC46A815BC46B81FD
:10F6F0005CC46C815DC46F815EC472815FC47381C0
:10F7000060C4758161C4768162C4778163C4788185
:10F7100064C4818165C4838166C4848167C4858132
:10F7200068C4868169C487816AC489816BC48B81FE
:10F730006CC48C816DC48D816EC48E816FC49081C8
:10F7400070C4928171C4938172C4948173C4958191
:10F7500074C4968175C4978176C4998177C49A815F
:10F7600078C49E8179C49F817AC4A0817BC4A18121
:10F770007CC4A2817DC4A4817EC4A58180C4A781EC
:10F7800081C4A98182C4AB8183C4AC8184C4AD81AE
:10F7900085C4AE8186C4AF8187C4B08188C4B1817D
:10F7A00089C4B2818AC4B4818BC4B5818CC4B6814A
:10F7B0008DC4B7818EC4B8818FC4B98190C4BC8117
:10F7C00091C4BD8192C4BE8193C4BF8194C4C481DD
:10F7D00095C4C58196C4C78197C4C88198C4C9819E
:10F7E00099C4CB819AC4CD819BC4CE819CC4CF8166
:10F7F0009DC4D0819EC4D1819FC4D281A0C4D38135
:10F80000A1C47964A2C41186A3C4216AA4C49C8142
:10F81000A5C4E878A6C46964A7C4549BA8C4B96207
:10F82000A9C42B67AAC4AB83ABC4A858ACC4D89EE8
:10F83000ADC4AB6CAEC4206FAFC4DE5BB0C44C963D
:10F84000B1C40B8CB2C45F72B3C4D067B4C4C76216
:10F85000B5C46172B6C4A94EB7C4C659B8C4CD6B9D
:10F86000B9C49358BAC4AE66BBC4555EBCC4DF52BB
:10F87000BDC45561BEC42867BFC4EE76C0C46677F8
:10F88000C1C46772C2C4467AC3C4FF62C4C4EA5426
:10F89000C5C45054C6C4A094C7C4A390C8C41C5ABD
:10F8A000C9C4B37ECAC4166CCBC4434ECCC476590B
:10F8B000CDC41080CEC44859CFC45753D0C4377577
:10F8C000D1C4BE96D2C4CA56D3C42063D4C4118155
:10F8D000D5C47C60D6C4F995D7C4D66DD8C462545B
:10F8E000D9C48199DAC48551DBC4E95ADCC4FD80EE
:10F8F000DDC4AE59DEC41397DFC42A50E0C4E56C02
:10F90000E1C43C5CE2C4DF62E3C4604FE4C43F5343
:10F91000E5C47B81E6C40690E7C4BA6EE8C42B85D3
:10F92000E9C4C862EAC4745EEBC4BE78ECC4B564D2
:10F93000EDC47B63EEC4F55FEFC4185AF0C47F9149
:10F94000F1C41F9EF2C43F5CF3C44F63F4C4428011
:10F95000F5C47D5BF6C46E55F7C44A95F8C44D9561
:10F96000F9C4856DFAC4A860FBC4E067FCC4DE720C
:10F97000FDC4DD51FEC4815B40C5D48141C5D58144
:10F9800042C5D68143C5D78144C5D88145C5D981F3
:10F9900046C5DA8147C5DB8148C5DC8149C5DD81C3
:10F9A0004AC5DE814BC5DF814CC5E0814DC5E18193
:10F9B0004EC5E2814FC5E48150C5E58151C5E68160
:10F9C00052C5E88153C5E98154C5EB8155C5EE8127
:10F9D00056C5EF8157C5F08158C5F18159C5F281EF
:10F9E0005AC5F5815BC5F6815CC5F7815DC5F881B7
:10F9F0005EC5F9815FC5FA8160C5FD8161C5FF8182
:10FA000062C5038263C5078264C5088265C5098231
:10FA100066C50A8267C50B8268C50E8269C50F82FA
:10FA20006AC511826BC513826CC515826DC51682BD
:10FA30006EC517826FC5188270C5198271C51A828A
:10FA400072C51D8273C5208274C5248275C5258246
:10FA500076C5268277C5278278C5298279C52E8208
:10FA60007AC532827BC53A827CC53C827DC53D82A7
:10FA70007EC53F8280C5408281C5418282C5428267
:10FA800083C5438284C5458285C5468286C5488232
:10FA900087C54A8288C54C8289C54D828AC54E82F7
:10FAA0008BC550828CC551828DC552828EC55382C2
:10FAB0008FC5548290C5558291C5568292C5578292
:10FAC00093C5598294C55B8295C55C8296C55D825B
:10FAD00097C55E8298C5608299C561829AC5628227
:10FAE0009BC563829CC564829DC565829EC56682F6
:10FAF0009FC56782A0C56982A1C5E762A2C5DE6C09
:10FB0000A3C55B72A4C56D62A5C5AE94A6C5BD7E36
:10FB1000A7C51381A8C5536DA9C59C51AAC5045F8B
:10FB2000ABC57459ACC5AA52ADC51260AEC5735908
:10FB3000AFC59666B0C55086B1C59F75B2C52A637C
:10FB4000B3C5E661B4C5EF7CB5C5FA8BB6C5E6545E
:10FB5000B7C5276BB8C5259EB9C5B46BBAC5D585E1
:10FB6000BBC55554BCC57650BDC5A46CBEC56A5551
:10FB7000BFC5B48DC0C52C72C1C5155EC2C51560A8
:10FB8000C3C53674C4C5CD62C5C59263C6C54C72C3
:10FB9000C7C5985FC8C5436EC9C53E6DCAC5006577
:10FBA000CBC5586FCCC5D876CDC5D078CEC5FC7640
:10FBB000CFC55475D0C52452D1C5DB53D2C5534EE1
:10FBC000D3C59E5ED4C5C165D5C52A80D6C5D680AD
:10FBD000D7C59B62D8C58654D9C52852DAC5AE7040
:10FBE000DBC58D88DCC5D18DDDC5E16CDEC5785403
:10FBF000DFC5DA80E0C5F957E1C5F488E2C5548D68
:10FC0000E3C56A96E4C54D91E5C5694FE6C59B6CB1
:10FC1000E7C5B755E8C5C676E9C53078EAC5A86234
:10FC2000EBC5F970ECC58E6FEDC56D5FEEC5EC846C
:10FC3000EFC5DA68F0C57C78F1C5F77BF2C5A8811D
:10FC4000F3C50B67F4C54F9EF5C56763F6C5B0787D
:10FC5000F7C56F57F8C51278F9C53997FAC57962B3
:10FC6000FBC5AB62FCC58852FDC53574FEC5D76BBC
:10FC700040C66A8241C66B8242C66C8243C66D82B0
:10FC800044C6718245C6758246C6768247C677826B
:10FC900048C6788249C67B824AC67C824BC680822F
:10FCA0004CC681824DC683824EC685824FC68682EF
:10FCB00050C6878251C6898252C68C8253C69082B2
:10FCC00054C6938255C6948256C6958257C696826C
:10FCD00058C69A8259C69B825AC69E825BC6A0822B
:10FCE0005CC6A2825DC6A3825EC6A7825FC6B282E0
:10FCF00060C6B58261C6B68262C6BA8263C6BB827E
:10FD000064C6BC8265C6BF8266C6C08267C6C28240
:10FD100068C6C38269C6C5826AC6C6826BC6C98206
:10FD20006CC6D0826DC6D6826EC6D9826FC6DA82A4
:10FD300070C6DD8271C6E28272C6E78273C6E8824F
:10FD400074C6E98275C6EA8276C6EC8277C6ED8211
:10FD500078C6EE8279C6F0827AC6F2827BC6F382DA
:10FD60007CC6F5827DC6F6827EC6F88280C6FA829F
:10FD700081C6FC8282C6FD8283C6FE8284C6FF8263
:10FD800085C6008386C60A8387C60B8388C60D8313
:10FD900089C610838AC612838BC613838CC61683CA
:10FDA0008DC618838EC619838FC61D8390C61E8389
:10FDB00091C61F8392C6208393C6218394C6228353
:10FDC00095C6238396C6248397C6258398C6268323
:10FDD00099C629839AC62A839BC62E839CC63083E4
:10FDE0009DC632839EC637839FC63B83A0C63D8394
:10FDF000A1C66455A2C63E81A3C6B275A4C6AE769E
:10FE0000A5C63953A6C6DE75A7C6FB50A8C6415C79
:10FE1000A9C66C8BAAC6C77BABC64F50ACC647728F
:10FE2000ADC6979AAEC6D898AFC6026FB0C6E27498
:10FE3000B1C66879B2C68764B3C6A577B4C6FC629A
:10FE4000B5C69198B6C62B8DB7C6C154B8C65880F2
:10FE5000B9C6524EBAC66A57BBC6F982BCC60D8433
:10FE6000BDC6735EBEC6ED51BFC6F674C0C6C48BB8
:10FE7000C1C64F5CC2C66157C3C6FC6CC4C6879876
:10FE8000C5C6465AC6C63478C7C6449BC8C6EB8F9B
:10FE9000C9C6957CCAC65652CBC65162CCC6FA9426
:10FEA000CDC6C64ECEC68683CFC66184D0C6E98392
:10FEB000D1C6B284D2C6D457D3C63467D4C603578A
:10FEC000D5C66E66D6C6666DD7C6318CD8C6DD6619
:10FED000D9C61170DAC61F67DBC63A6BDCC6166876
:10FEE000DDC61A62DEC6BB59DFC6034EE0C6C4518A
:10FEF000E1C6066FE2C6D267E3C68F6CE4C67651F0
:10FF0000E5C6CB68E6C64759E7C6676BE8C66675BF
:10FF1000E9C60E5DEAC61081EBC6509FECC6D765F8
:10FF2000EDC64879EEC64179EFC6919AF0C6778D55
:10FF3000F1C6825CF2C65E4EF3C6014FF4C62F5482
:10FF4000F5C65159F6C60C78F7C66856F8C6146C53
:10FF5000F9C6C48FFAC6035FFBC67D6CFCC6E36CB2
:10FF6000FDC6AB8BFEC6906340C73E8341C73F834F
:10FF700042C7418343C7428344C7448345C745833F
:10FF800046C7488347C74A8348C74B8349C74C8302
:10FF90004AC74D834BC74E834CC753834DC75583C8
:10FFA0004EC756834FC7578350C7588351C759838D
:10FFB00052C75D8353C7628354C7708355C771832B
:10FFC00056C7728357C7738358C7748359C77583DD
:10FFD0005AC776835BC779835CC77A835DC77E83A4
:10FFE0005EC77F835FC7808360C7818361C7828369
:10FFF00062C7838363C7848364C7878365C7888335
:020000040803EF
:1000000066C78A8367C78B8368C78C8369C78D83FC
:100010006AC78F836BC790836CC791836DC79483C6
:100020006EC795836FC7968370C7978371C799838F
:1000300072C79A8373C79D8374C79F8375C7A18353
:1000400076C7A28377C7A38378C7A48379C7A5831C
:100050007AC7A6837BC7A7837CC7AC837DC7AD83E4
:100060007EC7AE8380C7AF8381C7B58382C7BB839A
:1000700083C7BE8384C7BF8385C7C28386C7C38344
:1000800087C7C48388C7C68389C7C8838AC7C9830B
:100090008BC7CB838CC7CD838DC7CE838EC7D083D0
:1000A0008FC7D18390C7D28391C7D38392C7D5839B
:1000B00093C7D78394C7D98395C7DA8396C7DB8361
:1000C00097C7DE8398C7E28399C7E3839AC7E4831F
:1000D0009BC7E6839CC7E7839DC7E8839EC7EB83E6
:1000E0009FC7EC83A0C7ED83A1C77060A2C73D6D19
:1000F000A3C77572A4C76662A5C78E94A6C7C59428
:10010000A7C74353A8C7C18FA9C77E7BAAC7DF4E25
:10011000ABC7268CACC77E4EADC7D49EAEC7B194DC
:10012000AFC7B394B0C74D52B1C75C6FB2C763904D
:10013000B3C7456DB4C7348CB5C71158B6C74C5D4D
:10014000B7C7206BB8C7496BB9C7AA67BAC75B54B2
:10015000BBC75481BCC78C7FBDC79958BEC7378504
:10016000BFC73A5FC0C7A262C1C7476AC2C7399555
:10017000C3C77265C4C78460C5C76568C6C7A777AB
:10018000C7C7544EC8C7A84FC9C7E75DCAC7989725
:10019000CBC7AC64CCC7D87FCDC7ED5CCEC7CF4F43
:1001A000CFC78D7AD0C70752D1C70483D2C7144EA8
:1001B000D3C72F60D4C7837AD5C7A694D6C7B54F07
:1001C000D7C7B24ED8C7E679D9C73474DAC7E45274
:1001D000DBC7B982DCC7D264DDC7BD79DEC7DD5BB2
:1001E000DFC7816CE0C75297E1C77B8FE2C7226C03
:1001F000E3C73E50E4C77F53E5C7056EE6C7CE644C
:10020000E7C77466E8C7306CE9C7C560EAC7779886
:10021000EBC7F78BECC7865EEDC73C74EEC7777A09
:10022000EFC7CB79F0C7184EF1C7B190F2C703748E
:10023000F3C7426CF4C7DA56F5C74B91F6C7C56CE5
:10024000F7C78B8DF8C73A53F9C7C686FAC7F26667
:10025000FBC7AF8EFCC7485CFDC7719AFEC7206E16
:1002600040C8EE8341C8EF8342C8F38343C8F48398
:1002700044C8F58345C8F68346C8F78347C8FA8360
:1002800048C8FB8349C8FC834AC8FE834BC8FF8328
:100290004CC800844DC802844EC805844FC80784EA
:1002A00050C8088451C8098452C80A8453C81084AD
:1002B00054C8128455C8138456C8148457C815846A
:1002C00058C8168459C817845AC819845BC81A8438
:1002D0005CC81B845DC81E845EC81F845FC8208400
:1002E00060C8218461C8228462C8238463C82984C9
:1002F00064C82A8465C82B8466C82C8467C82D848A
:1003000068C82E8469C82F846AC830846BC8328458
:100310006CC833846DC834846EC835846FC8368425
:1003200070C8378471C8398472C83A8473C83B84F2
:1003300074C83E8475C83F8476C8408477C84184B9
:1003400078C8428479C843847AC844847BC8458489
:100350007CC847847DC848847EC8498480C84A8454
:1003600081C84B8482C84C8483C84D8484C84E8421
:1003700085C84F8486C8508487C8528488C85384EF
:1003800089C854848AC855848BC856848CC85884BC
:100390008DC85D848EC85E848FC85F8490C8608479
:1003A00091C8628492C8648493C8658494C8668442
:1003B00095C8678496C8688497C86A8498C86E840C
:1003C00099C86F849AC870849BC872849CC87484CE
:1003D0009DC877849EC879849FC87B84A0C87C848C
:1003E000A1C8D653A2C8365AA3C88B9FA4C8A38D50
:1003F000A5C8BB53A6C80857A7C8A798A8C84367ED
:10040000A9C89B91AAC8C96CABC86851ACC8CA75C9
:10041000ADC8F362AEC8AC72AFC83852B0C89D5216
:10042000B1C83A7FB2C89470B3C83876B4C87453B0
:10043000B5C84A9EB6C8B769B7C86E78B8C8C0967E
:10044000B9C8D988BAC8A47FBBC83671BCC8C37143
:10045000BDC88951BEC8D367BFC8E474C0C8E458DA
:10046000C1C81865C2C8B756C3C8A98BC4C8769995
:10047000C5C87062C6C8D57EC7C8F960C8C8ED7067
:10048000C9C8EC58CAC8C14ECBC8BA4ECCC8CD5F9B
:10049000CDC8E797CEC8FB4ECFC8A48BD0C80352B7
:1004A000D1C88A59D2C8AB7ED3C85462D4C8CD4E05
:1004B000D5C8E565D6C80E62D7C83883D8C8C98400
:1004C000D9C86383DAC88D87DBC89471DCC8B66E7F
:1004D000DDC8B95BDEC8D27EDFC89751E0C8C9630A
:1004E000E1C8D467E2C88980E3C83983E4C81588C5
:1004F000E5C81251E6C87A5BE7C88259E8C8B18FEF
:10050000E9C8734EEAC85D6CEBC86551ECC8258933
:10051000EDC86F8FEEC82E96EFC84A85F0C85E749E
:10052000F1C81095F2C8F095F3C8A66DF4C8E5823D
:10053000F5C8315FF6C89264F7C8126DF8C8288410
:10054000F9C86E81FAC8C39CFBC85E58FCC85B8DB5
:10055000FDC8094EFEC8C15340C97D8441C97E848F
:1005600042C97F8443C9808444C9818445C9838446
:1005700046C9848447C9858448C9868449C98A8410
:100580004AC98D844BC98F844CC990844DC99184CC
:100590004EC992844FC9938450C9948451C995849B
:1005A00052C9968453C9988454C99A8455C99B8466
:1005B00056C99D8457C99E8458C99F8459C9A0842F
:1005C0005AC9A2845BC9A3845CC9A4845DC9A584FB
:1005D0005EC9A6845FC9A78460C9A88461C9A984CB
:1005E00062C9AA8463C9AB8464C9AC8465C9AD849B
:1005F00066C9AE8467C9B08468C9B18469C9B38467
:100600006AC9B5846BC9B6846CC9B7846DC9BB842B
:100610006EC9BC846FC9BE8470C9C08471C9C284EC
:1006200072C9C38473C9C58474C9C68475C9C784B3
:1006300076C9C88477C9CB8478C9CC8479C9CE847B
:100640007AC9CF847BC9D2847CC9D4847DC9D5843E
:100650007EC9D78480C9D88481C9D98482C9DA8403
:1006600083C9DB8484C9DC8485C9DE8486C9E184CE
:1006700087C9E28488C9E48489C9E7848AC9E8848F
:100680008BC9E9848CC9EA848DC9EB848EC9ED8459
:100690008FC9EE8490C9EF8491C9F18492C9F28424
:1006A00093C9F38494C9F48495C9F58496C9F684F2
:1006B00097C9F78498C9F88499C9F9849AC9FA84C2
:1006C0009BC9FB849CC9FD849DC9FE849EC900858D
:1006D0009FC90185A0C90285A1C91E4FA2C9636532
:1006E000A3C95168A4C9D355A5C9274EA6C9146486
:1006F000A7C99A9AA8C96B62A9C9C25AAAC95F7444
:10070000ABC97282ACC9A96DADC9EE68AEC9E7507C
:10071000AFC98E83B0C90278B1C94067B2C9395236
:10072000B3C9996CB4C9B17EB5C9BB50B6C96555DA
:10073000B7C95E71B8C95B7BB9C95266BAC9CA7319
:10074000BBC9EB82BCC94967BDC9715CBEC9205237
:10075000BFC97D71C0C96B88C1C9EA95C2C9559628
:10076000C3C9C564C4C9618DC5C9B381C6C984552F
:10077000C7C9556CC8C94762C9C92E7FCAC9925832
:10078000CBC9244FCCC94655CDC94F8DCEC94C6677
:10079000CFC90A4ED0C91A5CD1C9F388D2C9A268A0
:1007A000D3C94E63D4C90D7AD5C9E770D6C98D8235
:1007B000D7C9FA52D8C9F697D9C9115CDAC9E85431
:1007C000DBC9B590DCC9CD7EDDC96259DEC94A8D71
:1007D000DFC9C786E0C90C82E1C90D82E2C9668D16
:1007E000E3C94464E4C9045CE5C95161E6C9896DA3
:1007F000E7C93E79E8C9BE8BE9C93778EAC93375DC
:10080000EBC97B54ECC9384FEDC9AB8EEEC9F16D25
:10081000EFC9205AF0C9C57EF1C95E79F2C9886C6A
:10082000F3C9A15BF4C9765AF5C91A75F6C9BE8039
:10083000F7C94E61F8C9176EF9C9F058FAC91F75A2
:10084000FBC92575FCC97272FDC94753FEC9F37E09
:1008500040CA038541CA048542CA058543CA068544
:1008600044CA078545CA088546CA098547CA0A8514
:1008700048CA0B8549CA0D854ACA0E854BCA0F85E1
:100880004CCA10854DCA12854ECA14854FCA1585AB
:1008900050CA168551CA188552CA198553CA1B8574
:1008A00054CA1C8555CA1D8556CA1E8557CA20853F
:1008B00058CA228559CA23855ACA24855BCA258508
:1008C0005CCA26855DCA27855ECA28855FCA2985D8
:1008D00060CA2A8561CA2D8562CA2E8563CA2F85A2
:1008E00064CA308565CA318566CA328567CA338570
:1008F00068CA348569CA35856ACA36856BCA3E8539
:100900006CCA3F856DCA40856ECA41856FCA4285F3
:1009100070CA448571CA458572CA468573CA4785BF
:1009200074CA4B8575CA4C8576CA4D8577CA4E8583
:1009300078CA4F8579CA50857ACA51857BCA528553
:100940007CCA53857DCA54857ECA558580CA578521
:1009500081CA588582CA5A8583CA5B8584CA5C85E8
:1009600085CA5D8586CA5F8587CA608588CA6185B4
:1009700089CA62858ACA63858BCA65858CCA668581
:100980008DCA67858ECA69858FCA6A8590CA6B854C
:1009900091CA6C8592CA6D8593CA6E8594CA6F851B
:1009A00095CA708596CA718597CA738598CA7585E8
:1009B00099CA76859ACA77859BCA78859CCA7C85B0
:1009C0009DCA7D859ECA7F859FCA8085A0CA818574
:1009D000A1CA0177A2CADB76A3CA6952A4CADC8085
:1009E000A5CA2357A6CA085EA7CA3159A8CAEE727B
:1009F000A9CABD65AACA7F6EABCAD78BACCA385C20
:100A0000ADCA7186AECA4153AFCAF377B0CAFE62AF
:100A1000B1CAF665B2CAC04EB3CADF98B4CA8086FE
:100A2000B5CA9E5BB6CAC68BB7CAF253B8CAE277DC
:100A3000B9CA7F4FBACA4E5CBBCA769ABCCACB59F8
:100A4000BDCA0F5FBECA3A79BFCAEB58C0CA164EBC
:100A5000C1CAFF67C2CA8B4EC3CAED62C4CA938AB9
:100A6000C5CA1D90C6CABF52C7CA2F66C8CADC55C0
:100A7000C9CA6C56CACA0290CBCAD54ECCCA8D4FD1
:100A8000CDCACA91CECA7099CFCA0F6CD0CA025EC5
:100A9000D1CA4360D2CAA45BD3CAC689D4CAD58B93
:100AA000D5CA3665D6CA4B62D7CA9699D8CA885B6A
:100AB000D9CAFF5BDACA8863DBCA2E55DCCAD753B2
:100AC000DDCA2676DECA7D51DFCA2C85E0CAA26760
:100AD000E1CAB368E2CA8A6BE3CA9262E4CA938F3E
:100AE000E5CAD453E6CA1282E7CAD16DE8CA8F7547
:100AF000E9CA664EEACA4E8DEBCA705BECCA9F71BA
:100B0000EDCAAF85EECA9166EFCAD966F0CA727FA8
:100B1000F1CA0087F2CACD9EF3CA209FF4CA5E5C78
:100B2000F5CA2F67F6CAF08FF7CA1168F8CA5F676F
:100B3000F9CA0D62FACAD67AFBCA8558FCCAB65EF3
:100B4000FDCA7065FECA316F40CB828541CB83857B
:100B500042CB868543CB888544CB898545CB8A8526
:100B600046CB8B8547CB8C8548CB8D8549CB8E85F5
:100B70004ACB90854BCB91854CCB92854DCB9385C1
:100B80004ECB94854FCB958550CB968551CB978591
:100B900052CB988553CB998554CB9A8555CB9D855F
:100BA00056CB9E8557CB9F8558CBA08559CBA18529
:100BB0005ACBA2855BCBA3855CCBA5855DCBA685F7
:100BC0005ECBA7855FCBA98560CBAB8561CBAC85C0
:100BD00062CBAD8563CBB18564CBB28565CBB38584
:100BE00066CBB48567CBB58568CBB68569CBB88550
:100BF0006ACBBA856BCBBB856CCBBC856DCBBD8519
:100C00006ECBBE856FCBBF8570CBC08571CBC285E7
:100C100072CBC38573CBC48574CBC58575CBC685B4
:100C200076CBC78577CBC88578CBCA8579CBCB8582
:100C30007ACBCC857BCBCD857CCBCE857DCBD1854E
:100C40007ECBD28580CBD48581CBD68582CBD78510
:100C500083CBD88584CBD98585CBDA8586CBDB85DC
:100C600087CBDD8588CBDE8589CBDF858ACBE085A8
:100C70008BCBE1858CCBE2858DCBE3858ECBE58577
:100C80008FCBE68590CBE78591CBE88592CBEA8543
:100C900093CBEB8594CBEC8595CBED8596CBEE8510
:100CA00097CBEF8598CBF08599CBF1859ACBF285E0
:100CB0009BCBF3859CCBF4859DCBF5859ECBF685B0
:100CC0009FCBF785A0CBF885A1CB5560A2CB37523F
:100CD000A3CB0D80A4CB5464A5CB7088A6CB29757B
:100CE000A7CB055EA8CB1368A9CBF462AACB1C974F
:100CF000ABCBCC53ACCB3D72ADCB018CAECB346C1B
:100D0000AFCB6177B0CB0E7AB1CB2E54B2CBAC77F0
:100D1000B3CB7A98B4CB1C82B5CBF48BB6CB5578D9
:100D2000B7CB1467B8CBC170B9CBAF65BACB9564FC
:100D3000BBCB3656BCCB1D60BDCBC179BECBF85307
:100D4000BFCB1D4EC0CB7B6BC1CB8680C2CBFA5BC9
:100D5000C3CBE355C4CBDB56C5CB3A4FC6CB3C4FD8
:100D6000C7CB7299C8CBF35DC9CB7E67CACB38803D
:100D7000CBCB0260CCCB8298CDCB0190CECB8B5B22
:100D8000CFCBBC8BD0CBF58BD1CB1C64D2CB5882D4
:100D9000D3CBDE64D4CBFD55D5CBCF82D6CB6591FA
:100DA000D7CBD74FD8CB207DD9CB1F90DACB9F7C28
:100DB000DBCBF350DCCB5158DDCBAF6EDECBBF5B72
:100DC000DFCBC98BE0CB8380E1CB7891E2CB9C84F5
:100DD000E3CB977BE4CB7D86E5CB8B96E6CB8F96FA
:100DE000E7CBE57EE8CBD39AE9CB8E78EACB815C82
:100DF000EBCB577AECCB4290EDCBA796EECB5F795D
:100E0000EFCB595BF0CB5F63F1CB0B7BF2CBD184A3
:100E1000F3CBAD68F4CB0655F5CB297FF6CB107438
:100E2000F7CB227DF8CB0195F9CB4062FACB4C5839
:100E3000FBCBD64EFCCB835BFDCB7959FECB545814
:100E400040CCF98541CCFA8542CCFC8543CCFD856C
:100E500044CCFE8545CC008646CC018647CC028634
:100E600048CC038649CC04864ACC06864BCC078600
:100E70004CCC08864DCC09864ECC0A864FCC0B86CE
:100E800050CC0C8651CC0D8652CC0E8653CC0F869E
:100E900054CC108655CC128656CC138657CC14866B
:100EA00058CC158659CC17865ACC18865BCC198637
:100EB0005CCC1A865DCC1B865ECC1C865FCC1D8606
:100EC00060CC1E8661CC1F8662CC208663CC2186D6
:100ED00064CC228665CC238666CC248667CC2586A6
:100EE00068CC268669CC28866ACC2A866BCC2B8671
:100EF0006CCC2C866DCC2D866ECC2E866FCC2F863E
:100F000070CC308671CC318672CC328673CC33860D
:100F100074CC348675CC358676CC368677CC3786DD
:100F200078CC398679CC3A867ACC3B867BCC3D86A8
:100F30007CCC3E867DCC3F867ECC408680CC418674
:100F400081CC428682CC438683CC448684CC458641
:100F500085CC468686CC478687CC488688CC498611
:100F600089CC4A868ACC4B868BCC4C868CCC5286DC
:100F70008DCC53868ECC55868FCC568690CC57869A
:100F800091CC588692CC598693CC5B8694CC5C8667
:100F900095CC5D8696CC5F8697CC608698CC618632
:100FA00099CC63869ACC64869BCC65869CCC6686FD
:100FB0009DCC67869ECC68869FCC6986A0CC6A86CD
:100FC000A1CC6D73A2CC1E63A3CC4B8EA4CC0F8E90
:100FD000A5CCCE80A6CCD482A7CCAC62A8CCF05352
:100FE000A9CCF06CAACC5E91ABCC2A59ACCC0160F8
:100FF000ADCC706CAECC4D57AFCC4A64B0CC2A8D22
:10100000B1CC2B76B2CCE96EB3CC5B57B4CC806A52
:10101000B5CCF075B6CC6D6FB7CC2D8CB8CC088C38
:10102000B9CC6657BACCEF6BBBCC9288BCCCB3784A
:10103000BDCCA263BECCF953BFCCAD70C0CC646C48
:10104000C1CC5858C2CC2A64C3CC0258C4CCE06886
:10105000C5CC9B81C6CC1055C7CCD67CC8CC18500B
:10106000C9CCBA8ECACCCC6DCBCC9F8DCCCCEB701E
:10107000CDCC8F63CECC9B6DCFCCD46ED0CCE67E66
:10108000D1CC0484D2CC4368D3CC0390D4CCD86DDB
:10109000D5CC7696D6CCA88BD7CC5759D8CC7972EC
:1010A000D9CCE485DACC7E81DBCCBC75DCCC8A8AF9
:1010B000DDCCAF68DECC5452DFCC228EE0CC119573
:1010C000E1CCD063E2CC9898E3CC448EE4CC7C5560
:1010D000E5CC534FE6CCFF66E7CC8F56E8CCD56025
:1010E000E9CC956DEACC4352EBCC495CECCC295968
:1010F000EDCCFB6DEECC6B58EFCC3075F0CC1C75A5
:10110000F1CC6C60F2CC1482F3CC4681F4CC116348
:10111000F5CC6167F6CCE28FF7CC3A77F8CCF38D5B
:10112000F9CC348DFACCC194FBCC165EFCCC855343
:10113000FDCC2C54FECCC37040CD6D8641CD6F8666
:1011400042CD708643CD728644CD738645CD74867C
:1011500046CD758647CD768648CD778649CD78864B
:101160004ACD83864BCD84864CCD85864DCD8686F3
:101170004ECD87864FCD888650CD898651CD8E86BF
:1011800052CD8F8653CD908654CD918655CD928683
:1011900056CD948657CD968658CD978659CD98864C
:1011A0005ACD99865BCD9A865CCD9B865DCD9E8619
:1011B0005ECD9F865FCDA08660CDA18661CDA286E3
:1011C00062CDA58663CDA68664CDAB8665CDAD86A2
:1011D00066CDAE8667CDB28668CDB38669CDB7865B
:1011E0006ACDB8866BCDB9866CCDBB866DCDBC861D
:1011F0006ECDBD866FCDBE8670CDBF8671CDC186EA
:1012000072CDC28673CDC38674CDC58675CDC886B2
:1012100076CDCC8677CDCD8678CDD28679CDD38666
:101220007ACDD5867BCDD6867CCDD7867DCDDA8628
:101230007ECDDC8680CDDD8681CDE08682CDE186E7
:1012400083CDE28684CDE38685CDE58686CDE686B0
:1012500087CDE78688CDE88689CDEA868ACDEB867C
:101260008BCDEC868CCDEF868DCDF5868ECDF6863A
:101270008FCDF78690CDFA8691CDFB8692CDFC86F8
:1012800093CDFD8694CDFF8695CD018796CD0487BD
:1012900097CD058798CD068799CD0B879ACD0C877A
:1012A0009BCD0E879CCD0F879DCD10879ECD11873E
:1012B0009FCD1487A0CD1687A1CD406CA2CDF75E3F
:1012C000A3CD5C50A4CDAD4EA5CDAD5EA6CD3A6309
:1012D000A7CD4782A8CD1A90A9CD5068AACD6E910E
:1012E000ABCDB377ACCD0C54ADCDDC94AECD645F5B
:1012F000AFCDE57AB0CD7668B1CD4563B2CD527B46
:10130000B3CDDF7EB4CDDB75B5CD7750B6CD95626C
:10131000B7CD3459B8CD0F90B9CDF851BACDC37906
:10132000BBCD817ABCCDFE56BDCD925FBECD1490B3
:10133000BFCD826DC0CD605CC1CD1F57C2CD1054F2
:10134000C3CD5451C4CD4D6EC5CDE256C6CDA863B4
:10135000C7CD9398C8CD7F81C9CD1587CACD2A89BD
:10136000CBCD0090CCCD1E54CDCD6F5CCECDC08109
:10137000CFCDD662D0CD5862D1CD3181D2CD359E80
:10138000D3CD4096D4CD6E9AD5CD7C9AD6CD2D694D
:10139000D7CDA559D8CDD362D9CD3E55DACD166378
:1013A000DBCDC754DCCDD986DDCD3C6DDECD035A17
:1013B000DFCDE674E0CD9C88E1CD6A6BE2CD1659B5
:1013C000E3CD4C8CE4CD2F5FE5CD7E6EE6CDA973E9
:1013D000E7CD7D98E8CD384EE9CDF770EACD8C5B4E
:1013E000EBCD9778ECCD3D63EDCD5A66EECD96769C
:1013F000EFCDCB60F0CD9B5BF1CD495AF2CD074EDE
:10140000F3CD5581F4CD6A6CF5CD8B73F6CDA14E3D
:10141000F7CD8967F8CD517FF9CD805FFACDFA65B8
:10142000FBCD1B67FCCDD85FFDCD8459FECD015AA5
:1014300040CE198741CE1B8742CE1D8743CE1F87E2
:1014400044CE208745CE248746CE268747CE2787A1
:1014500048CE288749CE2A874ACE2B874BCE2C8769
:101460004CCE2D874DCE2F874ECE30874FCE328734
:1014700050CE338751CE358752CE368753CE3887FC
:1014800054CE398755CE3A8756CE3C8757CE3D87C6
:1014900058CE408759CE41875ACE42875BCE43878C
:1014A0005CCE44875DCE45875ECE46875FCE4A8759
:1014B00060CE4B8761CE4D8762CE4F8763CE50871B
:1014C00064CE518765CE528766CE548767CE5587E6
:1014D00068CE568769CE58876ACE5A876BCE5B87AF
:1014E0006CCE5C876DCE5D876ECE5E876FCE5F877C
:1014F00070CE618771CE628772CE668773CE678742
:1015000074CE688775CE698776CE6A8777CE6B870B
:1015100078CE6C8779CE6D877ACE6F877BCE7187D8
:101520007CCE72877DCE73877ECE758780CE77879F
:1015300081CE788782CE798783CE7A8784CE7F8763
:1015400085CE808786CE818787CE848788CE868722
:1015500089CE87878ACE89878BCE8A878CCE8C87E7
:101560008DCE8E878ECE8F878FCE908790CE9187AF
:1015700091CE928792CE948793CE958794CE96877C
:1015800095CE988796CE998797CE9A8798CE9B8747
:1015900099CE9C879ACE9D879BCE9E879CCEA08716
:1015A0009DCEA1879ECEA2879FCEA387A0CEA487E3
:1015B000A1CECD5DA2CEAE5FA3CE7153A4CEE697F1
:1015C000A5CEDD8FA6CE4568A7CEF456A8CE2F5562
:1015D000A9CEDF60AACE3A4EABCE4D6FACCEF47E34
:1015E000ADCEC782AECE0E84AFCED459B0CE1F4F93
:1015F000B1CE2A4FB2CE3E5CB3CEAC7EB4CE2A671B
:10160000B5CE1A85B6CE7354B7CE4F75B8CEC3805B
:10161000B9CE8255BACE4F9BBBCE4D4FBCCE2D6EB0
:10162000BDCE138CBECE095CBFCE7061C0CE6B53F5
:10163000C1CE1F76C2CE296EC3CE8A86C4CE876540
:10164000C5CEFB95C6CEB97EC7CE3B54C8CE337A45
:10165000C9CE0A7DCACEEE95CBCEE155CCCEC17FA8
:10166000CDCEEE74CECE1D63CFCE1787D0CEA16D7A
:10167000D1CE9D7AD2CE1162D3CEA165D4CE67539E
:10168000D5CEE163D6CE836CD7CEEB5DD8CE5C549D
:10169000D9CEA894DACE4C4EDBCE616CDCCEEC8B8E
:1016A000DDCE4B5CDECEE065DFCE9C82E0CEA7686F
:1016B000E1CE3E54E2CE3454E3CECB6BE4CE666B47
:1016C000E5CE944EE6CE4263E7CE4853E8CE1E8286
:1016D000E9CE0D4FEACEAE4FEBCE5E57ECCE0A62AE
:1016E000EDCEFE96EECE6466EFCE6972F0CEFF527E
:1016F000F1CEA152F2CE9F60F3CEEF8BF4CE146602
:10170000F5CE9971F6CE9067F7CE7F89F8CE5278F4
:10171000F9CEFD77FACE7066FBCE3B56FCCE385440
:10172000FDCE2195FECE7A7240CFA58741CFA68708
:1017300042CFA78743CFA98744CFAA8745CFAE879B
:1017400046CFB08747CFB18748CFB28749CFB4875C
:101750004ACFB6874BCFB7874CCFB8874DCFB98725
:101760004ECFBB874FCFBC8750CFBE8751CFBF87EF
:1017700052CFC18753CFC28754CFC38755CFC487B9
:1017800056CFC58757CFC78758CFC88759CFC98786
:101790005ACFCC875BCFCD875CCFCE875DCFCF874D
:1017A0005ECFD0875FCFD48760CFD58761CFD68714
:1017B00062CFD78763CFD88764CFD98765CFDA87E1
:1017C00066CFDC8767CFDD8768CFDE8769CFDF87AD
:1017D0006ACFE1876BCFE2876CCFE3876DCFE48779
:1017E0006ECFE6876FCFE78770CFE88771CFE98745
:1017F00072CFEB8773CFEC8774CFED8775CFEF8710
:1018000076CFF08777CFF18778CFF28779CFF387DC
:101810007ACFF4877BCFF5877CCFF6877DCFF787AC
:101820007ECFF88780CFFA8781CFFB8782CFFC8776
:1018300083CFFD8784CFFF8785CF008886CF01883F
:1018400087CF028888CF048889CF05888ACF068809
:101850008BCF07888CCF08888DCF09888ECF0B88D7
:101860008FCF0C8890CF0D8891CF0E8892CF0F88A4
:1018700093CF108894CF118895CF128896CF148873
:1018800097CF178898CF188899CF19889ACF1A8838
:101890009BCF1C889CCF1D889DCF1E889ECF1F8804
:1018A0009FCF2088A0CF2388A1CF007AA2CF6F60DE
:1018B000A3CF0C5EA4CF8960A5CF9D81A6CF15597B
:1018C000A7CFDC60A8CF8471A9CFEF70AACFAA6E92
:1018D000ABCF506CACCF8072ADCF846AAECFAD8849
:1018E000AFCF2D5EB0CF604EB1CFB35AB2CF9C55C3
:1018F000B3CFE394B4CF176DB5CFFB7CB6CF999639
:10190000B7CF0F62B8CFC67EB9CF8E77BACF7E86FB
:10191000BBCF2353BCCF1E97BDCF968FBECF87665C
:10192000BFCFE15CC0CFA04FC1CFED72C2CF0B4E95
:10193000C3CFA653C4CF0F59C5CF1354C6CF8063AE
:10194000C7CF2895C8CF4851C9CFD94ECACF9C9C84
:10195000CBCFA47ECCCFB854CDCF248DCECF54885E
:10196000CFCF3782D0CFF295D1CF8E6DD2CF265F39
:10197000D3CFCC5AD4CF3E66D5CF6996D6CFB073ED
:10198000D7CF2E73D8CFBF53D9CF7A81DACF8599ED
:10199000DBCFA17FDCCFAA5BDDCF7796DECF509681
:1019A000DFCFBF7EE0CFF876E1CFA253E2CF7695CE
:1019B000E3CF9999E4CFB17BE5CF4489E6CF586E68
:1019C000E7CF614EE8CFD47FE9CF6579EACFE68BE8
:1019D000EBCFF360ECCFCD54EDCFAB4EEECF79989B
:1019E000EFCFF75DF0CF616AF1CFCF50F2CF115456
:1019F000F3CF618CF4CF2784F5CF5D78F6CF0497D1
:101A0000F7CF4A52F8CFEE54F9CFA356FACF00954C
:101A1000FBCF886DFCCFB55BFDCFC66DFECF5366A7
:101A200040D0248841D0258842D0268843D02788BA
:101A300044D0288845D0298846D02A8847D02B888A
:101A400048D02C8849D02D884AD02E884BD02F885A
:101A50004CD030884DD031884ED033884FD0348828
:101A600050D0358851D0368852D0378853D03888F6
:101A700054D03A8855D03B8856D03D8857D03E88C0
:101A800058D03F8859D041885AD042885BD043888B
:101A90005CD046885DD047885ED048885FD0498852
:101AA00060D04A8861D04B8862D04E8863D04F881E
:101AB00064D0508865D0518866D0528867D05388EA
:101AC00068D0558869D056886AD058886BD05A88B3
:101AD0006CD05B886DD05C886ED05D886FD05E887E
:101AE00070D05F8871D0608872D0668873D0678844
:101AF00074D06A8875D06D8876D06F8877D07188F9
:101B000078D0738879D074887AD075887BD07688BD
:101B10007CD078887DD079887ED07A8880D07B8888
:101B200081D07C8882D0808883D0838884D0868846
:101B300085D0878886D0898887D08A8888D08C8805
:101B400089D08E888AD08F888BD090888CD09188CD
:101B50008DD093888ED094888FD0958890D0978898
:101B600091D0988892D0998893D09A8894D09B8865
:101B700095D09D8896D09E8897D09F8898D0A08831
:101B800099D0A1889AD0A3889BD0A5889CD0A688FC
:101B90009DD0A7889ED0A8889FD0A988A0D0AA88C9
:101BA000A1D00F5CA2D05D5BA3D02168A4D09680A9
:101BB000A5D07855A6D0117BA7D04865A8D0546988
:101BC000A9D09B4EAAD0476BABD04E87ACD08B9799
:101BD000ADD04F53AED01F63AFD03A64B0D0AA900F
:101BE000B1D09C65B2D0C180B3D0108CB4D0995123
:101BF000B5D0B068B6D07853B7D0F987B8D0C8613F
:101C0000B9D0C46CBAD0FB6CBBD0228CBCD0515CB8
:101C1000BDD0AA85BED0AF82BFD00C95C0D0236BFB
:101C2000C1D09B8FC2D0B065C3D0FB5FC4D0C35FAF
:101C3000C5D0E14FC6D04588C7D01F66C8D06581E2
:101C4000C9D02973CAD0FA60CBD07451CCD011520C
:101C5000CDD08B57CED0625FCFD0A290D0D04C8861
:101C6000D1D09291D2D0785ED3D04F67D4D02760B4
:101C7000D5D0D359D6D04451D7D0F651D8D0F8804A
:101C8000D9D00853DAD0796CDBD0C496DCD08A7115
:101C9000DDD0114FDED0EE4FDFD09E7FE0D03D672C
:101CA000E1D0C555E2D00895E3D0C079E4D096885C
:101CB000E5D0E37EE6D09F58E7D00C62E8D00097ED
:101CC000E9D05A86EAD01856EBD07B98ECD0905FDA
:101CD000EDD0B88BEED0C484EFD05791F0D0D9536B
:101CE000F1D0ED65F2D08F5EF3D05C75F4D0646016
:101CF000F5D06E7DF6D07F5AF7D0EA7EF8D0ED7E33
:101D0000F9D0698FFAD0A755FBD0A35BFCD0AC60AB
:101D1000FDD0CB65FED0847340D1AC8841D1AE8874
:101D200042D1AF8843D1B08844D1B28845D1B3887D
:101D300046D1B48847D1B58848D1B68849D1B8884A
:101D40004AD1B9884BD1BA884CD1BB884DD1BD8816
:101D50004ED1BE884FD1BF8850D1C08851D1C388E1
:101D600052D1C48853D1C78854D1C88855D1CA88A4
:101D700056D1CB8857D1CC8858D1CD8859D1CF886E
:101D80005AD1D0885BD1D1885CD1D3885DD1D68837
:101D90005ED1D7885FD1DA8860D1DB8861D1DC88F9
:101DA00062D1DD8863D1DE8864D1E08865D1E188C5
:101DB00066D1E68867D1E78868D1E98869D1EA8881
:101DC0006AD1EB886BD1EC886CD1ED886DD1EE884F
:101DD0006ED1EF886FD1F28870D1F58871D1F68815
:101DE00072D1F78873D1FA8874D1FB8875D1FD88D8
:101DF00076D1FF8877D1008978D1018979D103899B
:101E00007AD104897BD105897CD106897DD1078966
:101E10007ED1088980D1098981D10B8982D10C8931
:101E200083D10D8984D10E8985D10F8986D11189FD
:101E300087D1148988D1158989D116898AD11789C2
:101E40008BD118898CD11C898DD11D898ED11E8989
:101E50008FD11F8990D1208991D1228992D1238954
:101E600093D1248994D1268995D1278996D128891F
:101E700097D1298998D12C8999D12D899AD12E89E8
:101E80009BD12F899CD131899DD132899ED13389B3
:101E90009FD13589A0D13789A1D10990A2D163768C
:101EA000A3D12977A4D1DA7EA5D17497A6D19B8539
:101EB000A7D1665BA8D1747AA9D1EA96AAD1408845
:101EC000ABD1CB52ACD18F71ADD1AA5FAED1EC65A5
:101ED000AFD1E28BB0D1FB5BB1D16F9AB2D1E15DF2
:101EE000B3D1896BB4D15B6CB5D1AD8BB6D1AF8BAF
:101EF000B7D10A90B8D1C58FB9D18B53BAD1BC62D2
:101F0000BBD1269EBCD12D9EBDD14054BED12B4EFF
:101F1000BFD1BD82C0D15972C1D19C86C2D1165DDC
:101F2000C3D15988C4D1AF6DC5D1C596C6D1D154DE
:101F3000C7D19A4EC8D1B68BC9D10971CAD1BD5487
:101F4000CBD10996CCD1DF70CDD1F96DCED1D07681
:101F5000CFD1254ED0D11478D1D11287D2D1A95C5E
:101F6000D3D1F65ED4D1008AD5D19C98D6D10E9625
:101F7000D7D18E70D8D1BF6CD9D14459DAD1A963E9
:101F8000DBD13C77DCD14D88DDD1146FDED173829B
:101F9000DFD13058E0D1D571E1D18C53E2D11A783C
:101FA000E3D1C196E4D10155E5D1665FE6D1307148
:101FB000E7D1B45BE8D11A8CE9D18C9AEAD1836B72
:101FC000EBD12E59ECD12F9EEDD1E779EED1686798
:101FD000EFD16C62F0D16F4FF1D1A175F2D18A7F50
:101FE000F3D10B6DF4D13396F5D1276CF6D1F04EC9
:101FF000F7D1D275F8D17B51F9D13768FAD13E6F5C
:10200000FBD18090FCD17081FDD19659FED17674C0
:1020100040D2388941D2398942D23A8943D23B8968
:1020200044D23C8945D23D8946D23E8947D23F8938
:1020300048D2408949D242894AD243894BD2458904
:102040004CD246894DD247894ED248894FD24989D0
:1020500050D24A8951D24B8952D24C8953D24D89A0
:1020600054D24E8955D24F8956D2508957D2518970
:1020700058D2528959D253895AD254895BD2558940
:102080005CD256895DD257895ED258895FD2598910
:1020900060D25A8961D25B8962D25C8963D25D89E0
:1020A00064D2608965D2618966D2628967D26389A8
:1020B00068D2648969D265896AD267896BD2688976
:1020C0006CD269896DD26A896ED26B896FD26C8944
:1020D00070D26D8971D26E8972D26F8973D2708914
:1020E00074D2718975D2728976D2738977D27489E4
:1020F00078D2758979D276897AD277897BD27889B4
:102100007CD279897DD27A897ED27C8980D27D8980
:1021100081D27E8982D2808983D2828984D2848945
:1021200085D2858986D2878987D2888988D289890C
:1021300089D28A898AD28B898BD28C898CD28D89DB
:102140008DD28E898ED28F898FD2908990D29189AB
:1021500091D2928992D2938993D2948994D295897B
:1021600095D2968996D2978997D2988998D299894B
:1021700099D29A899AD29B899BD29C899CD29D891B
:102180009DD29E899ED29F899FD2A089A0D2A189EB
:10219000A1D24764A2D2275CA3D26590A4D2917A3F
:1021A000A5D2238CA6D2DA59A7D2AC54A8D20082E9
:1021B000A9D26F83AAD28189ABD20080ACD2306918
:1021C000ADD24E56AED23680AFD23772B0D2CE91AB
:1021D000B1D2B651B2D25F4EB3D27598B4D2966333
:1021E000B5D21A4EB6D2F653B7D2F366B8D24B81F7
:1021F000B9D21C59BAD2B26DBBD2004EBCD2F9587A
:10220000BDD23B53BED2D663BFD2F194C0D29D4F54
:10221000C1D20A4FC2D26388C3D29098C4D2375970
:10222000C5D25790C6D2FB79C7D2EA4EC8D2F08049
:10223000C9D29175CAD2826CCBD29C5BCCD2E85900
:10224000CDD25D5FCED20569CFD28186D0D21A5071
:10225000D1D2F25DD2D2594ED3D2E377D4D2E54E69
:10226000D5D27A82D6D29162D7D21366D8D2919043
:10227000D9D2795CDAD2BF4EDBD2795FDCD2C681AB
:10228000DDD23890DED28480DFD2AB75E0D2A64EAC
:10229000E1D2D488E2D20F61E3D2C56BE4D2C65F4B
:1022A000E5D2494EE6D2CA76E7D2A26EE8D2E38BF7
:1022B000E9D2AE8BEAD20A8CEBD2D18BECD2025FA0
:1022C000EDD2FC7FEED2CC7FEFD2CE7EF0D2358342
:1022D000F1D26B83F2D2E056F3D2B76BF4D2F3971C
:1022E000F5D23496F6D2FB59F7D21F54F8D2F694B1
:1022F000F9D2EB6DFAD2C55BFBD26E99FCD2395C98
:10230000FDD2155FFED2909640D3A28941D3A38916
:1023100042D3A48943D3A58944D3A68945D3A789A9
:1023200046D3A88947D3A98948D3AA8949D3AB8979
:102330004AD3AC894BD3AD894CD3AE894DD3AF8949
:102340004ED3B0894FD3B18950D3B28951D3B38919
:1023500052D3B48953D3B58954D3B68955D3B789E9
:1023600056D3B88957D3B98958D3BA8959D3BB89B9
:102370005AD3BC895BD3BD895CD3BE895DD3BF8989
:102380005ED3C0895FD3C38960D3CD8961D3D3893C
:1023900062D3D48963D3D58964D3D78965D3D889E7
:1023A00066D3D98967D3DB8968D3DD8969D3DF89AF
:1023B0006AD3E0896BD3E1896CD3E2896DD3E48978
:1023C0006ED3E7896FD3E88970D3E98971D3EA893D
:1023D00072D3EC8973D3ED8974D3EE8975D3F08908
:1023E00076D3F18977D3F28978D3F48979D3F589D3
:1023F0007AD3F6897BD3F7897CD3F8897DD3F989A1
:102400007ED3FA8980D3FB8981D3FC8982D3FD896D
:1024100083D3FE8984D3FF8985D3018A86D3028A38
:1024200087D3038A88D3048A89D3058A8AD3068A04
:102430008BD3088A8CD3098A8DD30A8A8ED30B8AD0
:102440008FD30C8A90D30D8A91D30E8A92D30F8AA0
:1024500093D3108A94D3118A95D3128A96D3138A70
:1024600097D3148A98D3158A99D3168A9AD3178A40
:102470009BD3188A9CD3198A9DD31A8A9ED31B8A10
:102480009FD31C8AA0D31D8AA1D37053A2D3F182FB
:10249000A3D3316AA4D3745AA5D3709EA6D3945EF5
:1024A000A7D3287FA8D3B983A9D32484AAD325840A
:1024B000ABD36783ACD34787ADD3CE8FAED3628D1A
:1024C000AFD3C876B0D3715FB1D39698B2D36C78DE
:1024D000B3D32066B4D3DF54B5D3E562B6D3634F2C
:1024E000B7D3C381B8D3C875B9D3B85EBAD3CD96C4
:1024F000BBD30A8EBCD3F986BDD38F54BED3F36C45
:10250000BFD38C6DC0D3386CC1D37F60C2D3C752E8
:10251000C3D32875C4D37D5EC5D3184FC6D3A0607E
:10252000C7D3E75FC8D3245CC9D33175CAD3AE9093
:10253000CBD3C094CCD3B972CDD3B96CCED3386ED3
:10254000CFD34991D0D30967D1D3CB53D2D3F3534F
:10255000D3D3514FD4D3C991D5D3F18BD6D3C8534C
:10256000D7D37C5ED8D3C28FD9D3E46DDAD38E4E65
:10257000DBD3C276DCD38669DDD35E86DED31A6117
:10258000DFD30682E0D3594FE1D3DE4FE2D33E9052
:10259000E3D37C9CE4D30961E5D31D6EE6D3146ECE
:1025A000E7D38596E8D3884EE9D3315AEAD3E89643
:1025B000EBD30E4EECD37F5CEDD3B979EED3875BD2
:1025C000EFD3ED8BF0D3BD7FF1D38973F2D3DF5717
:1025D000F3D38B82F4D3C190F5D30154F6D3479053
:1025E000F7D3BB55F8D3EA5CF9D3A15FFAD30861FE
:1025F000FBD3326BFCD3F172FDD3B280FED3898A58
:1026000040D41E8A41D41F8A42D4208A43D4218ACE
:1026100044D4228A45D4238A46D4248A47D4258A9E
:1026200048D4268A49D4278A4AD4288A4BD4298A6E
:102630004CD42A8A4DD42B8A4ED42C8A4FD42D8A3E
:1026400050D42E8A51D42F8A52D4308A53D4318A0E
:1026500054D4328A55D4338A56D4348A57D4358ADE
:1026600058D4368A59D4378A5AD4388A5BD4398AAE
:102670005CD43A8A5DD43B8A5ED43C8A5FD43D8A7E
:1026800060D43F8A61D4408A62D4418A63D4428A4A
:1026900064D4438A65D4448A66D4458A67D4468A1A
:1026A00068D4478A69D4498A6AD44A8A6BD44B8AE7
:1026B0006CD44C8A6DD44D8A6ED44E8A6FD44F8AB6
:1026C00070D4508A71D4518A72D4528A73D4538A86
:1026D00074D4548A75D4558A76D4568A77D4578A56
:1026E00078D4588A79D4598A7AD45A8A7BD45B8A26
:1026F0007CD45C8A7DD45D8A7ED45E8A80D45F8AF5
:1027000081D4608A82D4618A83D4628A84D4638AC1
:1027100085D4648A86D4658A87D4668A88D4678A91
:1027200089D4688A8AD4698A8BD46A8A8CD46B8A61
:102730008DD46C8A8ED46D8A8FD46E8A90D46F8A31
:1027400091D4708A92D4718A93D4728A94D4738A01
:1027500095D4748A96D4758A97D4768A98D4778AD1
:1027600099D4788A9AD47A8A9BD47B8A9CD47C8A9E
:102770009DD47D8A9ED47E8A9FD47F8AA0D4808A6D
:10278000A1D4746DA2D4D35BA3D4D588A4D48498E7
:10279000A5D46B8CA6D46D9AA7D4339EA8D40A6E08
:1027A000A9D4A451AAD44351ABD4A357ACD48188A3
:1027B000ADD49F53AED4F463AFD4958FB0D4ED565F
:1027C000B1D45854B2D40657B3D43F73B4D4906E36
:1027D000B5D4187FB6D4DC8FB7D4D182B8D43F61DA
:1027E000B9D42860BAD46296BBD4F066BCD4A67EB5
:1027F000BDD48A8DBED4C38DBFD4A594C0D4B35CE0
:10280000C1D4A47CC2D40867C3D4A660C4D405963E
:10281000C5D41880C6D4914EC7D4E790C8D400530D
:10282000C9D46896CAD44151CBD4D08FCCD4748546
:10283000CDD45D91CED45566CFD4F597D0D4555B29
:10284000D1D41D53D2D43878D3D44267D4D43D6880
:10285000D5D4C954D6D47E70D7D4B05BD8D47D8FAC
:10286000D9D48D51DAD42857DBD4B154DCD41265D5
:10287000DDD48266DED45E8DDFD4438DE0D40F815B
:10288000E1D46C84E2D46D90E3D4DF7CE4D4FF51D6
:10289000E5D4FB85E6D4A367E7D4E965E8D4A16F66
:1028A000E9D4A486EAD4818EEBD46A56ECD4209085
:1028B000EDD48276EED47670EFD4E571F0D4238D2A
:1028C000F1D4E962F2D41952F3D4FD6CF4D43C8D06
:1028D000F5D40E60F6D49E58F7D48E61F8D4FE6617
:1028E000F9D4608DFAD44E62FBD4B355FCD4236E78
:1028F000FDD42D67FED4678F40D5818A41D5828A69
:1029000042D5838A43D5848A44D5858A45D5868A2B
:1029100046D5878A47D5888A48D58B8A49D58C8AF7
:102920004AD58D8A4BD58E8A4CD58F8A4DD5908AC3
:102930004ED5918A4FD5928A50D5948A51D5958A91
:1029400052D5968A53D5978A54D5988A55D5998A5F
:1029500056D59A8A57D59B8A58D59C8A59D59D8A2F
:102960005AD59E8A5BD59F8A5CD5A08A5DD5A18AFF
:102970005ED5A28A5FD5A38A60D5A48A61D5A58ACF
:1029800062D5A68A63D5A78A64D5A88A65D5A98A9F
:1029900066D5AA8A67D5AB8A68D5AC8A69D5AD8A6F
:1029A0006AD5AE8A6BD5AF8A6CD5B08A6DD5B18A3F
:1029B0006ED5B28A6FD5B38A70D5B48A71D5B58A0F
:1029C00072D5B68A73D5B78A74D5B88A75D5B98ADF
:1029D00076D5BA8A77D5BB8A78D5BC8A79D5BD8AAF
:1029E0007AD5BE8A7BD5BF8A7CD5C08A7DD5C18A7F
:1029F0007ED5C28A80D5C38A81D5C48A82D5C58A4C
:102A000083D5C68A84D5C78A85D5C88A86D5C98A1A
:102A100087D5CA8A88D5CB8A89D5CC8A8AD5CD8AEA
:102A20008BD5CE8A8CD5CF8A8DD5D08A8ED5D18ABA
:102A30008FD5D28A90D5D38A91D5D48A92D5D58A8A
:102A400093D5D68A94D5D78A95D5D88A96D5D98A5A
:102A500097D5DA8A98D5DB8A99D5DC8A9AD5DD8A2A
:102A60009BD5DE8A9CD5DF8A9DD5E08A9ED5E18AFA
:102A70009FD5E28AA0D5E38AA1D5E194A2D5F895A5
:102A8000A3D52877A4D50568A5D5A869A6D58B5464
:102A9000A7D54D4EA8D5B870A9D5C88BAAD558646E
:102AA000ABD58B65ACD5855BADD5847AAED53A50C8
:102AB000AFD5E85BB0D5BB77B1D5E16BB2D5798A3C
:102AC000B3D5987CB4D5BE6CB5D5CF76B6D5A9654F
:102AD000B7D5978FB8D52D5DB9D5555CBAD53886A1
:102AE000BBD50868BCD56053BDD51862BED5D97AB0
:102AF000BFD55B6EC0D5FD7EC1D51F6AC2D5E07A59
:102B0000C3D5705FC4D5336FC5D5205FC6D58C6380
:102B1000C7D5A86DC8D55667C9D5084ECAD5105EA9
:102B2000CBD5268DCCD5D74ECDD5C080CED534765D
:102B3000CFD59C96D0D5DB62D1D52D66D2D57E621D
:102B4000D3D5BC6CD4D5758DD5D56771D6D5697FF5
:102B5000D7D54651D8D58780D9D5EC53DAD56E90E4
:102B6000DBD59862DCD5F254DDD5F086DED5998FC1
:102B7000DFD50580E0D51795E1D51785E2D5D98F4A
:102B8000E3D5596DE4D5CD73E5D59F65E6D51F77BF
:102B9000E7D50475E8D52778E9D5FB81EAD51E8D00
:102BA000EBD58894ECD5A64FEDD59567EED5B975E4
:102BB000EFD5CA8BF0D50797F1D52F63F2D547959E
:102BC000F3D53596F4D5B884F5D52363F6D541779A
:102BD000F7D5815FF8D5F072F9D5894EFAD5146032
:102BE000FBD57465FCD5EF62FDD5636BFED53F6503
:102BF00040D6E48A41D6E58A42D6E68A43D6E78AB9
:102C000044D6E88A45D6E98A46D6EA8A47D6EB8A88
:102C100048D6EC8A49D6ED8A4AD6EE8A4BD6EF8A58
:102C20004CD6F08A4DD6F18A4ED6F28A4FD6F38A28
:102C300050D6F48A51D6F58A52D6F68A53D6F78AF8
:102C400054D6F88A55D6F98A56D6FA8A57D6FB8AC8
:102C500058D6FC8A59D6FD8A5AD6FE8A5BD6FF8A98
:102C60005CD6008B5DD6018B5ED6028B5FD6038B64
:102C700060D6048B61D6058B62D6068B63D6088B33
:102C800064D6098B65D60A8B66D60B8B67D60C8B00
:102C900068D60D8B69D60E8B6AD60F8B6BD6108BD0
:102CA0006CD6118B6DD6128B6ED6138B6FD6148BA0
:102CB00070D6158B71D6168B72D6178B73D6188B70
:102CC00074D6198B75D61A8B76D61B8B77D61C8B40
:102CD00078D61D8B79D61E8B7AD61F8B7BD6208B10
:102CE0007CD6218B7DD6228B7ED6238B80D6248BDF
:102CF00081D6258B82D6278B83D6288B84D6298BA9
:102D000085D62A8B86D62B8B87D62C8B88D62D8B77
:102D100089D62E8B8AD62F8B8BD6308B8CD6318B47
:102D20008DD6328B8ED6338B8FD6348B90D6358B17
:102D300091D6368B92D6378B93D6388B94D6398BE7
:102D400095D63A8B96D63B8B97D63C8B98D63D8BB7
:102D500099D63E8B9AD63F8B9BD6408B9CD6418B87
:102D60009DD6428B9ED6438B9FD6448BA0D6458B57
:102D7000A1D6275EA2D6C775A3D6D190A4D6C18B03
:102D8000A5D69D82A6D69D67A7D62F65A8D6315415
:102D9000A9D61887AAD6E577ABD6A280ACD6028191
:102DA000ADD6416CAED64B4EAFD6C77EB0D64C80BA
:102DB000B1D6F476B2D60D69B3D6966BB4D6676247
:102DC000B5D63C50B6D6844FB7D64057B8D6076371
:102DD000B9D6626BBAD6BE8DBBD6EA53BCD6E8650F
:102DE000BDD6B87EBED6D75FBFD61A63C0D6B7638E
:102DF000C1D6F381C2D6F481C3D66E7FC4D61C5E21
:102E0000C5D6D95CC6D63652C7D67A66C8D6E97951
:102E1000C9D61A7ACAD6288DCBD69970CCD6D47595
:102E2000CDD6DE6ECED6BB6CCFD6927AD0D62D4E16
:102E3000D1D6C576D2D6E05FD3D69F94D4D6778844
:102E4000D5D6C87ED6D6CD79D7D6BF80D8D6CD91A7
:102E5000D9D6F24EDAD6174FDBD61F82DCD66854AD
:102E6000DDD6DE5DDED6326DDFD6CC8BE0D6A57C3E
:102E7000E1D6748FE2D69880E3D61A5EE4D69254F7
:102E8000E5D6B176E6D6995BE7D63C66E8D6A49A55
:102E9000E9D6E073EAD62A68EBD6DB86ECD6316752
:102EA000EDD62A73EED6F88BEFD6DB8BF0D61090EA
:102EB000F1D6F97AF2D6DB70F3D66E71F4D6C4622D
:102EC000F5D6A977F6D63156F7D63B4EF8D65784C5
:102ED000F9D6F167FAD6A952FBD6C086FCD62E8D5C
:102EE000FDD6F894FED6517B40D7468B41D7478B11
:102EF00042D7488B43D7498B44D74A8B45D74B8B16
:102F000046D74C8B47D74D8B48D74E8B49D74F8BE5
:102F10004AD7508B4BD7518B4CD7528B4DD7538BB5
:102F20004ED7548B4FD7558B50D7568B51D7578B85
:102F300052D7588B53D7598B54D75A8B55D75B8B55
:102F400056D75C8B57D75D8B58D75E8B59D75F8B25
:102F50005AD7608B5BD7618B5CD7628B5DD7638BF5
:102F60005ED7648B5FD7658B60D7678B61D7688BC3
:102F700062D7698B63D76A8B64D76B8B65D76D8B90
:102F800066D76E8B67D76F8B68D7708B69D7718B5D
:102F90006AD7728B6BD7738B6CD7748B6DD7758B2D
:102FA0006ED7768B6FD7778B70D7788B71D7798BFD
:102FB00072D77A8B73D77B8B74D77C8B75D77D8BCD
:102FC00076D77E8B77D77F8B78D7808B79D7818B9D
:102FD0007AD7828B7BD7838B7CD7848B7DD7858B6D
:102FE0007ED7868B80D7878B81D7888B82D7898B3A
:102FF00083D78A8B84D78B8B85D78C8B86D78D8B09
:1030000087D78E8B88D78F8B89D7908B8AD7918BD8
:103010008BD7928B8CD7938B8DD7948B8ED7958BA8
:103020008FD7968B90D7978B91D7988B92D7998B78
:1030300093D79A8B94D79B8B95D79C8B96D79D8B48
:1030400097D79E8B98D79F8B99D7AC8B9AD7B18BFC
:103050009BD7BB8B9CD7C78B9DD7D08B9ED7EA8B3A
:103060009FD7098CA0D71E8CA1D74F4FA2D7E86C51
:10307000A3D75D79A4D77B9AA5D79362A6D72A72E6
:10308000A7D7FD62A8D7134EA9D71678AAD76C8FF9
:10309000ABD7B064ACD75A8DADD7C67BAED7696815
:1030A000AFD7845EB0D7C588B1D78659B2D79E64F2
:1030B000B3D7EE58B4D7B672B5D70E69B6D7259543
:1030C000B7D7FD8FB8D7588DB9D76057BAD7007F1B
:1030D000BBD7068CBCD7C651BDD74963BED7D96212
:1030E000BFD75353C0D74C68C1D72274C2D701830E
:1030F000C3D74C91C4D74455C5D74077C6D77C7049
:10310000C7D74A6DC8D77951C9D7A854CAD7448DF3
:10311000CBD7FF59CCD7CB6ECDD7C46DCED75C5BA8
:10312000CFD72B7DD0D7D44ED1D77D7CD2D7D36EFD
:10313000D3D7505BD4D7EA81D5D70D6ED6D7575B9E
:10314000D7D7039BD8D7D568D9D72A8EDAD7975B3C
:10315000DBD7FC7EDCD73B60DDD7B57EDED7B99010
:10316000DFD7708DE0D74F59E1D7CD63E2D7DF7954
:10317000E3D7B38DE4D75253E5D7CF65E6D7567979
:10318000E7D7C58BE8D73B96E9D7C47EEAD7BB948F
:10319000EBD7827EECD73456EDD78991EED7006716
:1031A000EFD76A7FF0D70A5CF1D77590F2D728661F
:1031B000F3D7E65DF4D7504FF5D7DE67F6D75A5010
:1031C000F7D75C4FF8D75057F9D7A75E40D8388C5F
:1031D00041D8398C42D83A8C43D83B8C44D83C8C6B
:1031E00045D83D8C46D83E8C47D83F8C48D8408C3B
:1031F00049D8428C4AD8438C4BD8448C4CD8458C07
:103200004DD8488C4ED84A8C4FD84B8C50D84D8CCA
:1032100051D84E8C52D84F8C53D8508C54D8518C96
:1032200055D8528C56D8538C57D8548C58D8568C65
:1032300059D8578C5AD8588C5BD8598C5CD85B8C31
:103240005DD85C8C5ED85D8C5FD85E8C60D85F8CFE
:1032500061D8608C62D8638C63D8648C64D8658CC8
:1032600065D8668C66D8678C67D8688C68D8698C96
:1032700069D86C8C6AD86D8C6BD86E8C6CD86F8C5E
:103280006DD8708C6ED8718C6FD8728C70D8748C2D
:1032900071D8758C72D8768C73D8778C74D87B8CF7
:1032A00075D87C8C76D87D8C77D87E8C78D87F8CBE
:1032B00079D8808C7AD8818C7BD8838C7CD8848C8C
:1032C0007DD8868C7ED8878C80D8888C81D88B8C52
:1032D00082D88D8C83D88E8C84D88F8C85D8908C16
:1032E00086D8918C87D8928C88D8938C89D8958CE5
:1032F0008AD8968C8BD8978C8CD8998C8DD89A8CB0
:103300008ED89B8C8FD89C8C90D89D8C91D89E8C7D
:1033100092D89F8C93D8A08C94D8A18C95D8A28C4D
:1033200096D8A38C97D8A48C98D8A58C99D8A68C1D
:103330009AD8A78C9BD8A88C9CD8A98C9DD8AA8CED
:103340009ED8AB8C9FD8AC8CA0D8AD8CA1D88D4E1C
:10335000A2D80C4EA3D84051A4D8104EA5D8FF5ED9
:10336000A6D84553A7D8154EA8D8984EA9D81E4E12
:10337000AAD8329BABD86C5BACD86956ADD8284E76
:10338000AED8BA79AFD83F4EB0D81553B1D8474E62
:10339000B2D82D59B3D83B72B4D86E53B5D8106C8F
:1033A000B6D8DF56B7D8E480B8D89799B9D8D36BD8
:1033B000BAD87E77BBD8179FBCD8364EBDD89F4EA3
:1033C000BED8109FBFD85C4EC0D8694EC1D8934EAE
:1033D000C2D88882C3D85B5BC4D86C55C5D80F5699
:1033E000C6D8C44EC7D88D53C8D89D53C9D8A35387
:1033F000CAD8A553CBD8AE53CCD86597CDD85D8D60
:10340000CED81A53CFD8F553D0D82653D1D82E536F
:10341000D2D83E53D3D85C8DD4D86653D5D8635315
:10342000D6D80252D7D80852D8D80E52D9D82D5251
:10343000DAD83352DBD83F52DCD84052DDD84C5278
:10344000DED85E52DFD86152E0D85C52E1D8AF845A
:10345000E2D87D52E3D88252E4D88152E5D8905226
:10346000E6D89352E7D88251E8D8547FE9D8BB4ECA
:10347000EAD8C34EEBD8C94EECD8C24EEDD8E84ED0
:10348000EED8E14EEFD8EB4EF0D8DE4EF1D81B4F20
:10349000F2D8F34EF3D8224FF4D8644FF5D8F54E56
:1034A000F6D8254FF7D8274FF8D8094FF9D82B4F22
:1034B000FAD85E4FFBD8674FFCD83865FDD85A4F15
:1034C000FED85D4F40D9AE8C41D9AF8C42D9B08C7B
:1034D00043D9B18C44D9B28C45D9B38C46D9B48C7C
:1034E00047D9B58C48D9B68C49D9B78C4AD9B88C4C
:1034F0004BD9B98C4CD9BA8C4DD9BB8C4ED9BC8C1C
:103500004FD9BD8C50D9BE8C51D9BF8C52D9C08CEB
:1035100053D9C18C54D9C28C55D9C38C56D9C48CBB
:1035200057D9C58C58D9C68C59D9C78C5AD9C88C8B
:103530005BD9C98C5CD9CA8C5DD9CB8C5ED9CC8C5B
:103540005FD9CD8C60D9CE8C61D9CF8C62D9D08C2B
:1035500063D9D18C64D9D28C65D9D38C66D9D48CFB
:1035600067D9D58C68D9D68C69D9D78C6AD9D88CCB
:103570006BD9D98C6CD9DA8C6DD9DB8C6ED9DC8C9B
:103580006FD9DD8C70D9DE8C71D9DF8C72D9E08C6B
:1035900073D9E18C74D9E28C75D9E38C76D9E48C3B
:1035A00077D9E58C78D9E68C79D9E78C7AD9E88C0B
:1035B0007BD9E98C7CD9EA8C7DD9EB8C7ED9EC8CDB
:1035C00080D9ED8C81D9EE8C82D9EF8C83D9F08CA7
:1035D00084D9F18C85D9F28C86D9F38C87D9F48C77
:1035E00088D9F58C89D9F68C8AD9F78C8BD9F88C47
:1035F0008CD9F98C8DD9FA8C8ED9FB8C8FD9FC8C17
:1036000090D9FD8C91D9FE8C92D9FF8C93D9008DE5
:1036100094D9018D95D9028D96D9038D97D9048DB2
:1036200098D9058D99D9068D9AD9078D9BD9088D82
:103630009CD9098D9DD90A8D9ED90B8D9FD90C8D52
:10364000A0D90D8DA1D95F4FA2D9574FA3D9324F21
:10365000A4D93D4FA5D9764FA6D9744FA7D9914F7C
:10366000A8D9894FA9D9834FAAD98F4FABD97E4FFB
:10367000ACD97B4FADD9AA4FAED97C4FAFD9AC4FA7
:10368000B0D9944FB1D9E64FB2D9E84FB3D9EA4F88
:10369000B4D9C54FB5D9DA4FB6D9E34FB7D9DC4F56
:1036A000B8D9D14FB9D9DF4FBAD9F84FBBD92950C2
:1036B000BCD94C50BDD9F34FBED92C50BFD90F50F7
:1036C000C0D92E50C1D92D50C2D9FE4FC3D91C50DC
:1036D000C4D90C50C5D92550C6D92850C7D97E5059
:1036E000C8D94350C9D95550CAD94850CBD94E50E2
:1036F000CCD96C50CDD97B50CED9A550CFD9A750BD
:10370000D0D9A950D1D9BA50D2D9D650D3D906518F
:10371000D4D9ED50D5D9EC50D6D9E650D7D9EE5002
:10372000D8D90751D9D90B51DAD9DD4EDBD93D6C47
:10373000DCD9584FDDD9654FDED9CE4FDFD9A09FF8
:10374000E0D9466CE1D9747CE2D96E51E3D9FD5DD4
:10375000E4D9C99EE5D99899E6D98151E7D9145998
:10376000E8D9F952E9D90D53EAD9078AEBD91053B0
:10377000ECD9EB51EDD91959EED95551EFD9A04EED
:10378000F0D95651F1D9B34EF2D96E88F3D9A48845
:10379000F4D9B54EF5D91481F6D9D288F7D9807904
:1037A000F8D9345BF9D90388FAD9B87FFBD9AB5182
:1037B000FCD9B151FDD9BD51FED9BC5140DA0E8DB5
:1037C00041DA0F8D42DA108D43DA118D44DA128D11
:1037D00045DA138D46DA148D47DA158D48DA168DE1
:1037E00049DA178D4ADA188D4BDA198D4CDA1A8DB1
:1037F0004DDA1B8D4EDA1C8D4FDA208D50DA518D4B
:1038000051DA528D52DA578D53DA5F8D54DA658D65
:1038100055DA688D56DA698D57DA6A8D58DA6C8D0B
:1038200059DA6E8D5ADA6F8D5BDA718D5CDA728DD2
:103830005DDA788D5EDA798D5FDA7A8D60DA7B8D8C
:1038400061DA7C8D62DA7D8D63DA7E8D64DA7F8D5C
:1038500065DA808D66DA828D67DA838D68DA868D27
:1038600069DA878D6ADA888D6BDA898D6CDA8C8DEE
:103870006DDA8D8D6EDA8E8D6FDA8F8D70DA908DB8
:1038800071DA928D72DA938D73DA958D74DA968D82
:1038900075DA978D76DA988D77DA998D78DA9A8D50
:1038A00079DA9B8D7ADA9C8D7BDA9D8D7CDA9E8D20
:1038B0007DDAA08D7EDAA18D80DAA28D81DAA48DE9
:1038C00082DAA58D83DAA68D84DAA78D85DAA88DB4
:1038D00086DAA98D87DAAA8D88DAAB8D89DAAC8D84
:1038E0008ADAAD8D8BDAAE8D8CDAAF8D8DDAB08D54
:1038F0008EDAB28D8FDAB68D90DAB78D91DAB98D16
:1039000092DABB8D93DABD8D94DAC08D95DAC18DD4
:1039100096DAC28D97DAC58D98DAC78D99DAC88D97
:103920009ADAC98D9BDACA8D9CDACD8D9DDAD08D5D
:103930009EDAD28D9FDAD38DA0DAD48DA1DAC75169
:10394000A2DA9651A3DAA251A4DAA551A5DAA08B86
:10395000A6DAA68BA7DAA78BA8DAAA8BA9DAB48B8A
:10396000AADAB58BABDAB78BACDAC28BADDAC38B24
:10397000AEDACB8BAFDACF8BB0DACE8BB1DAD28BBB
:10398000B2DAD38BB3DAD48BB4DAD68BB5DAD88B80
:10399000B6DAD98BB7DADC8BB8DADF8BB9DAE08B41
:1039A000BADAE48BBBDAE88BBCDAE98BBDDAEE8BF2
:1039B000BEDAF08BBFDAF38BC0DAF68BC1DAF98BA3
:1039C000C2DAFC8BC3DAFF8BC4DA008CC5DA028C56
:1039D000C6DA048CC7DA078CC8DA0C8CC9DA0F8C0B
:1039E000CADA118CCBDA128CCCDA148CCDDA158CC5
:1039F000CEDA168CCFDA198CD0DA1B8CD1DA188C8F
:103A0000D2DA1D8CD3DA1F8CD4DA208CD5DA218C53
:103A1000D6DA258CD7DA278CD8DA2A8CD9DA2B8C0F
:103A2000DADA2E8CDBDA2F8CDCDA328CDDDA338CCE
:103A3000DEDA358CDFDA368CE0DA6953E1DA7A5394
:103A4000E2DA1D96E3DA2296E4DA2196E5DA319697
:103A5000E6DA2A96E7DA3D96E8DA3C96E9DA429623
:103A6000EADA4996EBDA5496ECDA5F96EDDA679685
:103A7000EEDA6C96EFDA7296F0DA7496F1DA8896EE
:103A8000F2DA8D96F3DA9796F4DAB096F5DA979043
:103A9000F6DA9B90F7DA9D90F8DA9990F9DAAC9023
:103AA000FADAA190FBDAB490FCDAB390FDDAB690C2
:103AB000FEDABA9040DBD58D41DBD88D42DBD98D63
:103AC00043DBDC8D44DBE08D45DBE18D46DBE28DC5
:103AD00047DBE58D48DBE68D49DBE78D4ADBE98D89
:103AE0004BDBED8D4CDBEE8D4DDBF08D4EDBF18D48
:103AF0004FDBF28D50DBF48D51DBF68D52DBFC8D0C
:103B000053DBFE8D54DBFF8D55DB008E56DB018EC3
:103B100057DB028E58DB038E59DB048E5ADB068E90
:103B20005BDB078E5CDB088E5DDB0B8E5EDB0D8E58
:103B30005FDB0E8E60DB108E61DB118E62DB128E1E
:103B400063DB138E64DB158E65DB168E66DB178EEA
:103B500067DB188E68DB198E69DB1A8E6ADB1B8EB9
:103B60006BDB1C8E6CDB208E6DDB218E6EDB248E7E
:103B70006FDB258E70DB268E71DB278E72DB288E45
:103B800073DB2B8E74DB2D8E75DB308E76DB328E05
:103B900077DB338E78DB348E79DB368E7ADB378ECB
:103BA0007BDB388E7CDB3B8E7DDB3C8E7EDB3E8E92
:103BB00080DB3F8E81DB438E82DB458E83DB468E4E
:103BC00084DB4C8E85DB4D8E86DB4E8E87DB4F8E05
:103BD00088DB508E89DB538E8ADB548E8BDB558ECF
:103BE0008CDB568E8DDB578E8EDB588E8FDB5A8E9C
:103BF00090DB5B8E91DB5C8E92DB5D8E93DB5E8E69
:103C000094DB5F8E95DB608E96DB618E97DB628E38
:103C100098DB638E99DB648E9ADB658E9BDB678E07
:103C20009CDB688E9DDB6A8E9EDB6B8E9FDB6E8ECF
:103C3000A0DB718EA1DBB890A2DBB090A3DBCF90AC
:103C4000A4DBC590A5DBBE90A6DBD090A7DBC4901B
:103C5000A8DBC790A9DBD390AADBE690ABDBE290B0
:103C6000ACDBDC90ADDBD790AEDBDB90AFDBEB9079
:103C7000B0DBEF90B1DBFE90B2DB0491B3DB2291BD
:103C8000B4DB1E91B5DB2391B6DB3191B7DB2F910D
:103C9000B8DB3991B9DB4391BADB4691BBDB0D52FE
:103CA000BCDB4259BDDBA252BEDBAC52BFDBAD5226
:103CB000C0DBBE52C1DBFF54C2DBD052C3DBD652E5
:103CC000C4DBF052C5DBDF53C6DBEE71C7DBCD775B
:103CD000C8DBF45EC9DBF551CADBFC51CBDB2F9BA3
:103CE000CCDBB653CDDB015FCEDB5A75CFDBEF5DAE
:103CF000D0DB4C57D1DBA957D2DBA157D3DB7E58A1
:103D0000D4DBBC58D5DBC558D6DBD158D7DB295717
:103D1000D8DB2C57D9DB2A57DADB3357DBDB3957B3
:103D2000DCDB2E57DDDB2F57DEDB5C57DFDB3B5761
:103D3000E0DB4257E1DB6957E2DB8557E3DB6B579A
:103D4000E4DB8657E5DB7C57E6DB7B57E7DB685730
:103D5000E8DB6D57E9DB7657EADB7357EBDBAD57F2
:103D6000ECDBA457EDDB8C57EEDBB257EFDBCF5724
:103D7000F0DBA757F1DBB457F2DB9357F3DBA05727
:103D8000F4DBD557F5DBD857F6DBDA57F7DBD95735
:103D9000F8DBD257F9DBB857FADBF457FBDBEF5708
:103DA000FCDBF857FDDBE457FEDBDD5740DC738EB0
:103DB00041DC758E42DC778E43DC788E44DC798E74
:103DC00045DC7A8E46DC7B8E47DC7D8E48DC7E8E41
:103DD00049DC808E4ADC828E4BDC838E4CDC848E08
:103DE0004DDC868E4EDC888E4FDC898E50DC8A8ED0
:103DF00051DC8B8E52DC8C8E53DC8D8E54DC8E8E9F
:103E000055DC918E56DC928E57DC938E58DC958E65
:103E100059DC968E5ADC978E5BDC988E5CDC998E32
:103E20005DDC9A8E5EDC9B8E5FDC9D8E60DC9F8EFF
:103E300061DCA08E62DCA18E63DCA28E64DCA38ECA
:103E400065DCA48E66DCA58E67DCA68E68DCA78E9A
:103E500069DCA88E6ADCA98E6BDCAA8E6CDCAD8E68
:103E60006DDCAE8E6EDCB08E6FDCB18E70DCB38E2E
:103E700071DCB48E72DCB58E73DCB68E74DCB78EFA
:103E800075DCB88E76DCB98E77DCBB8E78DCBC8EC8
:103E900079DCBD8E7ADCBE8E7BDCBF8E7CDCC08E96
:103EA0007DDCC18E7EDCC28E80DCC38E81DCC48E64
:103EB00082DCC58E83DCC68E84DCC78E85DCC88E32
:103EC00086DCC98E87DCCA8E88DCCB8E89DCCC8E02
:103ED0008ADCCD8E8BDCCF8E8CDCD08E8DDCD18ECF
:103EE0008EDCD28E8FDCD38E90DCD48E91DCD58E9E
:103EF00092DCD68E93DCD78E94DCD88E95DCD98E6E
:103F000096DCDA8E97DCDB8E98DCDC8E99DCDD8E3D
:103F10009ADCDE8E9BDCDF8E9CDCE08E9DDCE18E0D
:103F20009EDCE28E9FDCE38EA0DCE48EA1DC0B58ED
:103F3000A2DC0D58A3DCFD57A4DCED57A5DC00582E
:103F4000A6DC1E58A7DC1958A8DC4458A9DC205868
:103F5000AADC6558ABDC6C58ACDC8158ADDC895808
:103F6000AEDC9A58AFDC8058B0DCA899B1DC199F60
:103F7000B2DCFF61B3DC7982B4DC7D82B5DC7F82A8
:103F8000B6DC8F82B7DC8A82B8DCA882B9DC848296
:103F9000BADC8E82BBDC9182BCDC9782BDDC99826C
:103FA000BEDCAB82BFDCB882C0DCBE82C1DCB082CA
:103FB000C2DCC882C3DCCA82C4DCE382C5DC98826E
:103FC000C6DCB782C7DCAE82C8DCCB82C9DCCC825F
:103FD000CADCC182CBDCA982CCDCB482CDDCA1827C
:103FE000CEDCAA82CFDC9F82D0DCC482D1DCCE8240
:103FF000D2DCA482D3DCE182D4DC0983D5DCF78275
:10400000D6DCE482D7DC0F83D8DC0783D9DCDC8202
:10401000DADCF482DBDCD282DCDCD882DDDC0C830F
:10402000DEDCFB82DFDCD382E0DC1183E1DC1A839F
:10403000E2DC0683E3DC1483E4DC1583E5DCE08268
:10404000E6DCD582E7DC1C83E8DC5183E9DC5B83BA
:10405000EADC5C83EBDC0883ECDC9283EDDC3C8304
:10406000EEDC3483EFDC3183F0DC9B83F1DC5E83B8
:10407000F2DC2F83F3DC4F83F4DC4783F5DC4383EE
:10408000F6DC5F83F7DC4083F8DC1783F9DC6083C0
:10409000FADC2D83FBDC3A83FCDC3383FDDC6683B6
:1040A000FEDC658340DDE58E41DDE68E42DDE78E98
:1040B00043DDE88E44DDE98E45DDEA8E46DDEB8E9C
:1040C00047DDEC8E48DDED8E49DDEE8E4ADDEF8E6C
:1040D0004BDDF08E4CDDF18E4DDDF28E4EDDF38E3C
:1040E0004FDDF48E50DDF58E51DDF68E52DDF78E0C
:1040F00053DDF88E54DDF98E55DDFA8E56DDFB8EDC
:1041000057DDFC8E58DDFD8E59DDFE8E5ADDFF8EAB
:104110005BDD008F5CDD018F5DDD028F5EDD038F77
:104120005FDD048F60DD058F61DD068F62DD078F47
:1041300063DD088F64DD098F65DD0A8F66DD0B8F17
:1041400067DD0C8F68DD0D8F69DD0E8F6ADD0F8FE7
:104150006BDD108F6CDD118F6DDD128F6EDD138FB7
:104160006FDD148F70DD158F71DD168F72DD178F87
:1041700073DD188F74DD198F75DD1A8F76DD1B8F57
:1041800077DD1C8F78DD1D8F79DD1E8F7ADD1F8F27
:104190007BDD208F7CDD218F7DDD228F7EDD238FF7
:1041A00080DD248F81DD258F82DD268F83DD278FC3
:1041B00084DD288F85DD298F86DD2A8F87DD2B8F93
:1041C00088DD2C8F89DD2D8F8ADD2E8F8BDD2F8F63
:1041D0008CDD308F8DDD318F8EDD328F8FDD338F33
:1041E00090DD348F91DD358F92DD368F93DD378F03
:1041F00094DD388F95DD398F96DD3A8F97DD3B8FD3
:1042000098DD3C8F99DD3D8F9ADD3E8F9BDD3F8FA2
:104210009CDD408F9DDD418F9EDD428F9FDD438F72
:10422000A0DD448FA1DD6883A2DD1B83A3DD69834C
:10423000A4DD6C83A5DD6A83A6DD6D83A7DD6E83B7
:10424000A8DDB083A9DD7883AADDB383ABDDB483B9
:10425000ACDDA083ADDDAA83AEDD9383AFDD9C83AF
:10426000B0DD8583B1DD7C83B2DDB683B3DDA983A8
:10427000B4DD7D83B5DDB883B6DD7B83B7DD9883A0
:10428000B8DD9E83B9DDA883BADDBA83BBDDBC830C
:10429000BCDDC183BDDD0184BEDDE583BFDDD88328
:1042A000C0DD0758C1DD1884C2DD0B84C3DDDD83AA
:1042B000C4DDFD83C5DDD683C6DD1C84C7DD38843F
:1042C000C8DD1184C9DD0684CADDD483CBDDDF837C
:1042D000CCDD0F84CDDD0384CEDDF883CFDDF98323
:1042E000D0DDEA83D1DDC583D2DDC083D3DD268472
:1042F000D4DDF083D5DDE183D6DD5C84D7DD518468
:10430000D8DD5A84D9DD5984DADD7384DBDD878416
:10431000DCDD8884DDDD7A84DEDD8984DFDD7884A0
:10432000E0DD3C84E1DD4684E2DD6984E3DD768422
:10433000E4DD8C84E5DD8E84E6DD3184E7DD6D84AB
:10434000E8DDC184E9DDCD84EADDD084EBDDE684FF
:10435000ECDDBD84EDDDD384EEDDCA84EFDDBF840A
:10436000F0DDBA84F1DDE084F2DDA184F3DDB9840F
:10437000F4DDB484F5DD9784F6DDE584F7DDE384D0
:10438000F8DD0C85F9DD0D75FADD3885FBDDF0848F
:10439000FCDD3985FDDD1F85FEDD3A8540DE458F7C
:1043A00041DE468F42DE478F43DE488F44DE498F31
:1043B00045DE4A8F46DE4B8F47DE4C8F48DE4D8F01
:1043C00049DE4E8F4ADE4F8F4BDE508F4CDE518FD1
:1043D0004DDE528F4EDE538F4FDE548F50DE558FA1
:1043E00051DE568F52DE578F53DE588F54DE598F71
:1043F00055DE5A8F56DE5B8F57DE5C8F58DE5D8F41
:1044000059DE5E8F5ADE5F8F5BDE608F5CDE618F10
:104410005DDE628F5EDE638F5FDE648F60DE658FE0
:1044200061DE6A8F62DE808F63DE8C8F64DE928F46
:1044300065DE9D8F66DEA08F67DEA18F68DEA28FAE
:1044400069DEA48F6ADEA58F6BDEA68F6CDEA78F78
:104450006DDEAA8F6EDEAC8F6FDEAD8F70DEAE8F3D
:1044600071DEAF8F72DEB28F73DEB38F74DEB48F06
:1044700075DEB58F76DEB78F77DEB88F78DEBA8FD0
:1044800079DEBB8F7ADEBC8F7BDEBF8F7CDEC08F98
:104490007DDEC38F7EDEC68F80DEC98F81DECA8F50
:1044A00082DECB8F83DECC8F84DECD8F85DECF8F17
:1044B00086DED28F87DED68F88DED78F89DEDA8FD1
:1044C0008ADEE08F8BDEE18F8CDEE38F8DDEE78F7F
:1044D0008EDEEC8F8FDEEF8F90DEF18F91DEF28F2C
:1044E00092DEF48F93DEF58F94DEF68F95DEFA8FF1
:1044F00096DEFB8F97DEFC8F98DEFE8F99DEFF8FB6
:104500009ADE07909BDE08909CDE0C909DDE0E905C
:104510009EDE13909FDE1590A0DE1890A1DE5685DA
:10452000A2DE3B85A3DEFF84A4DEFC84A5DE5985E4
:10453000A6DE4885A7DE6885A8DE6485A9DE5E85DF
:10454000AADE7A85ABDEA277ACDE4385ADDE72856E
:10455000AEDE7B85AFDEA485B0DEA885B1DE8785C3
:10456000B2DE8F85B3DE7985B4DEAE85B5DE9C859F
:10457000B6DE8585B7DEB985B8DEB785B9DEB0852C
:10458000BADED385BBDEC185BCDEDC85BDDEFF8542
:10459000BEDE2786BFDE0586C0DE2986C1DE168622
:1045A000C2DE3C86C3DEFE5EC4DE085FC5DE3C596B
:1045B000C6DE4159C7DE3780C8DE5559C9DE5A59B3
:1045C000CADE5859CBDE0F53CCDE225CCDDE255C33
:1045D000CEDE2C5CCFDE345CD0DE4C62D1DE6A6293
:1045E000D2DE9F62D3DEBB62D4DECA62D5DEDA627F
:1045F000D6DED762D7DEEE62D8DE2263D9DEF6627F
:10460000DADE3963DBDE4B63DCDE4363DDDEAD63C4
:10461000DEDEF663DFDE7163E0DE7A63E1DE8E63A9
:10462000E2DEB463E3DE6D63E4DEAC63E5DE8A63A1
:10463000E6DE6963E7DEAE63E8DEBC63E9DEF26313
:10464000EADEF863EBDEE063ECDEFF63EDDEC4631D
:10465000EEDEDE63EFDECE63F0DE5264F1DEC663D3
:10466000F2DEBE63F3DE4564F4DE4164F5DE0B6426
:10467000F6DE1B64F7DE2064F8DE0C64F9DE2664E7
:10468000FADE2164FBDE5E64FCDE8464FDDE6D64C4
:10469000FEDE966440DF199041DF1C9042DF2390DC
:1046A00043DF249044DF259045DF279046DF2890A4
:1046B00047DF299048DF2A9049DF2B904ADF2C9072
:1046C0004BDF30904CDF31904DDF32904EDF339036
:1046D0004FDF349050DF379051DF399052DF3A90FE
:1046E00053DF3D9054DF3F9055DF409056DF4390BD
:1046F00057DF459058DF469059DF48905ADF499080
:104700005BDF4A905CDF4B905DDF4C905EDF4E904C
:104710005FDF549060DF559061DF569062DF599003
:1047200063DF5A9064DF5C9065DF5D9066DF5E90CA
:1047300067DF5F9068DF609069DF61906ADF649097
:104740006BDF66906CDF67906DDF69906EDF6A905B
:104750006FDF6B9070DF6C9071DF6F9072DF709025
:1047600073DF719074DF729075DF739076DF7690EF
:1047700077DF779078DF789079DF79907ADF7A90B9
:104780007BDF7B907CDF7C907DDF7E907EDF819085
:1047900080DF849081DF859082DF869083DF879041
:1047A00084DF899085DF8A9086DF8C9087DF8D900B
:1047B00088DF8E9089DF8F908ADF90908BDF9290D8
:1047C0008CDF94908DDF96908EDF98908FDF9A909B
:1047D00090DF9C9091DF9E9092DF9F9093DFA0905E
:1047E00094DFA49095DFA59096DFA79097DFA8901F
:1047F00098DFA99099DFAB909ADFAD909BDFB290E4
:104800009CDFB7909DDFBC909EDFBD909FDFBF9087
:10481000A0DFC090A1DF7A64A2DFB764A3DFB86431
:10482000A4DF9964A5DFBA64A6DFC064A7DFD06403
:10483000A8DFD764A9DFE464AADFE264ABDF09651F
:10484000ACDF2565ADDF2E65AEDF0B5FAFDFD25F7E
:10485000B0DF1975B1DF115FB2DF5F53B3DFF15322
:10486000B4DFFD53B5DFE953B6DFE853B7DFFB53E1
:10487000B8DF1254B9DF1654BADF0654BBDF4B540D
:10488000BCDF5254BDDF5354BEDF5454BFDF565417
:10489000C0DF4354C1DF2154C2DF5754C3DF595432
:1048A000C4DF2354C5DF3254C6DF8254C7DF9454BB
:1048B000C8DF7754C9DF7154CADF6454CBDF9A5420
:1048C000CCDF9B54CDDF8454CEDF7654CFDF6654EB
:1048D000D0DF9D54D1DFD054D2DFAD54D3DFC254EA
:1048E000D4DFB454D5DFD254D6DFA754D7DFA654D3
:1048F000D8DFD354D9DFD454DADF7254DBDFA354CA
:10490000DCDFD554DDDFBB54DEDFBF54DFDFCC544A
:10491000E0DFD954E1DFDA54E2DFDC54E3DFA9540D
:10492000E4DFAA54E5DFA454E6DFDD54E7DFCF542B
:10493000E8DFDE54E9DF1B55EADFE754EBDF205503
:10494000ECDFFD54EDDF1455EEDFF354EFDF2255BD
:10495000F0DF2355F1DF0F55F2DF1155F3DF275557
:10496000F4DF2A55F5DF6755F6DF8F55F7DFB555CC
:10497000F8DF4955F9DF6D55FADF4155FBDF555535
:10498000FCDF3F55FDDF5055FEDF3C5540E0C29057
:1049900041E0C39042E0C69043E0C89044E0C99033
:1049A00045E0CB9046E0CC9047E0CD9048E0D290F7
:1049B00049E0D4904AE0D5904BE0D6904CE0D890B6
:1049C0004DE0D9904EE0DA904FE0DE9050E0DF907D
:1049D00051E0E09052E0E39053E0E49054E0E59041
:1049E00055E0E99056E0EA9057E0EC9058E0EE9000
:1049F00059E0F0905AE0F1905BE0F2905CE0F390C7
:104A00005DE0F5905EE0F6905FE0F79060E0F99091
:104A100061E0FA9062E0FB9063E0FC9064E0FF905C
:104A200065E0009166E0019167E0039168E005911F
:104A300069E006916AE007916BE008916CE00991EA
:104A40006DE00A916EE00B916FE00C9170E00D91BA
:104A500071E00E9172E00F9173E0109174E011918A
:104A600075E0129176E0139177E0149178E015915A
:104A700079E016917AE017917BE018917CE01A9129
:104A80007DE01B917EE01C9180E01D9181E01F91F3
:104A900082E0209183E0219184E0249185E02591BA
:104AA00086E0269187E0279188E0289189E0299186
:104AB0008AE02A918BE02B918CE02C918DE02D9156
:104AC0008EE02E918FE0309190E0329191E0339121
:104AD00092E0349193E0359194E0369195E03791EE
:104AE00096E0389197E03A9198E03B9199E03C91BB
:104AF0009AE03D919BE03E919CE03F919DE040918A
:104B00009EE041919FE04291A0E04491A1E03755A1
:104B1000A2E05655A3E07555A4E07655A5E077557B
:104B2000A6E03355A7E03055A8E05C55A9E08B55C9
:104B3000AAE0D255ABE08355ACE0B155ADE0B95534
:104B4000AEE08855AFE08155B0E09F55B1E07E55AD
:104B5000B2E0D655B3E09155B4E07B55B5E0DF55F2
:104B6000B6E0BD55B7E0BE55B8E09455B9E09955EB
:104B7000BAE0EA55BBE0F755BCE0C955BDE01F56A9
:104B8000BEE0D155BFE0EB55C0E0EC55C1E0D455D7
:104B9000C2E0E655C3E0DD55C4E0C455C5E0EF55BD
:104BA000C6E0E555C7E0F255C8E0F355C9E0CC557D
:104BB000CAE0CD55CBE0E855CCE0F555CDE0E45565
:104BC000CEE0948FCFE01E56D0E00856D1E00C56D0
:104BD000D2E00156D3E02456D4E02356D5E0FE556A
:104BE000D6E00056D7E02756D8E02D56D9E05856E3
:104BF000DAE03956DBE05756DCE02C56DDE04D5666
:104C0000DEE06256DFE05956E0E05C56E1E04C56EB
:104C1000E2E05456E3E08656E4E06456E5E071567F
:104C2000E6E06B56E7E07B56E8E07C56E9E0855627
:104C3000EAE09356EBE0AF56ECE0D456EDE0D75601
:104C4000EEE0DD56EFE0E156F0E0F556F1E0EB5630
:104C5000F2E0F956F3E0FF56F4E00457F5E00A57A6
:104C6000F6E00957F7E01C57F8E00F5EF9E0195E2F
:104C7000FAE0145EFBE0115EFCE0315EFDE03B5EBD
:104C8000FEE03C5E40E1459141E1479142E14891BF
:104C900043E1519144E1539145E1549146E15591ED
:104CA00047E1569148E1589149E159914AE15B91B8
:104CB0004BE15C914CE15F914DE160914EE1669179
:104CC0004FE1679150E1689151E16B9152E16D9133
:104CD00053E1739154E17A9155E17B9156E17C91D6
:104CE00057E1809158E1819159E182915AE1839194
:104CF0005BE184915CE186915DE188915EE18A915E
:104D00005FE18E9160E18F9161E1939162E1949115
:104D100063E1959164E1969165E1979166E19891DF
:104D200067E1999168E19C9169E19D916AE19E91A9
:104D30006BE19F916CE1A0916DE1A1916EE1A49175
:104D40006FE1A59170E1A69171E1A79172E1A8913F
:104D500073E1A99174E1AB9175E1AC9176E1B09109
:104D600077E1B19178E1B29179E1B3917AE1B691CD
:104D70007BE1B7917CE1B8917DE1B9917EE1BB9196
:104D800080E1BC9181E1BD9182E1BE9183E1BF915F
:104D900084E1C09185E1C19186E1C29187E1C3912F
:104DA00088E1C49189E1C5918AE1C6918BE1C891FE
:104DB0008CE1CB918DE1D0918EE1D2918FE1D391B5
:104DC00090E1D49191E1D59192E1D69193E1D7917F
:104DD00094E1D89195E1D99196E1DA9197E1DB914F
:104DE00098E1DD9199E1DE919AE1DF919BE1E0911B
:104DF0009CE1E1919DE1E2919EE1E3919FE1E491EB
:104E0000A0E1E591A1E1375EA2E1445EA3E1545E39
:104E1000A4E15B5EA5E15E5EA6E1615EA7E18C5C5C
:104E2000A8E17A5CA9E18D5CAAE1905CABE1965CBB
:104E3000ACE1885CADE1985CAEE1995CAFE1915C7E
:104E4000B0E19A5CB1E19C5CB2E1B55CB3E1A25C1B
:104E5000B4E1BD5CB5E1AC5CB6E1AB5CB7E1B15CC3
:104E6000B8E1A35CB9E1C15CBAE1B75CBBE1C45C89
:104E7000BCE1D25CBDE1E45CBEE1CB5CBFE1E55CE2
:104E8000C0E1025DC1E1035DC2E1275DC3E1265DD2
:104E9000C4E12E5DC5E1245DC6E11E5DC7E1065D8E
:104EA000C8E11B5DC9E1585DCAE13E5DCBE1345DFF
:104EB000CCE13D5DCDE16C5DCEE15B5DCFE16F5D51
:104EC000D0E15D5DD1E16B5DD2E14B5DD3E14A5D47
:104ED000D4E1695DD5E1745DD6E1825DD7E1995D8C
:104EE000D8E19D5DD9E1738CDAE1B75DDBE1C55DA9
:104EF000DCE1735FDDE1775FDEE1825FDFE1875F49
:104F0000E0E1895FE1E18C5FE2E1955FE3E1995FD8
:104F1000E4E19C5FE5E1A85FE6E1AD5FE7E1B55F55
:104F2000E8E1BC5FE9E16288EAE1615FEBE1AD7273
:104F3000ECE1B072EDE1B472EEE1B772EFE1B8729C
:104F4000F0E1C372F1E1C172F2E1CE72F3E1CD7230
:104F5000F4E1D272F5E1E872F6E1EF72F7E1E9729D
:104F6000F8E1F272F9E1F472FAE1F772FBE1017330
:104F7000FCE1F372FDE10373FEE1FA7240E2E691B7
:104F800041E2E79142E2E89143E2E99144E2EA91A9
:104F900045E2EB9146E2EC9147E2ED9148E2EE9179
:104FA00049E2EF914AE2F0914BE2F1914CE2F29149
:104FB0004DE2F3914EE2F4914FE2F59150E2F69119
:104FC00051E2F79152E2F89153E2F99154E2FA91E9
:104FD00055E2FB9156E2FC9157E2FD9158E2FE91B9
:104FE00059E2FF915AE200925BE201925CE2029286
:104FF0005DE203925EE204925FE2059260E2069255
:1050000061E2079262E2089263E2099264E20A9224
:1050100065E20B9266E20C9267E20D9268E20E92F4
:1050200069E20F926AE210926BE211926CE21292C4
:105030006DE213926EE214926FE2159270E2169294
:1050400071E2179272E2189273E2199274E21A9264
:1050500075E21B9276E21C9277E21D9278E21E9234
:1050600079E21F927AE220927BE221927CE2229204
:105070007DE223927EE2249280E2259281E22692D2
:1050800082E2279283E2289284E2299285E22A92A0
:1050900086E22B9287E22C9288E22D9289E22E9270
:1050A0008AE22F928BE230928CE231928DE2329240
:1050B0008EE233928FE2349290E2359291E2369210
:1050C00092E2379293E2389294E2399295E23A92E0
:1050D00096E23B9297E23C9298E23D9299E23E92B0
:1050E0009AE23F929BE240929CE241929DE2429280
:1050F0009EE243929FE24492A0E24592A1E2FB72BB
:10510000A2E21773A3E21373A4E22173A5E20A7368
:10511000A6E21E73A7E21D73A8E21573A9E222732B
:10512000AAE23973ABE22573ACE22C73ADE23873BB
:10513000AEE23173AFE25073B0E24D73B1E2577338
:10514000B2E26073B3E26C73B4E26F73B5E27E7384
:10515000B6E21B82B7E22559B8E2E798B9E22459D2
:10516000BAE20259BBE26399BCE26799BDE2689971
:10517000BEE26999BFE26A99C0E26B99C1E26C999B
:10518000C2E27499C3E27799C4E27D99C5E280993D
:10519000C6E28499C7E28799C8E28A99C9E28D99E3
:1051A000CAE29099CBE29199CCE29399CDE294999D
:1051B000CEE29599CFE2805ED0E2915ED1E28B5E45
:1051C000D2E2965ED3E2A55ED4E2A05ED5E2B95EFD
:1051D000D6E2B55ED7E2BE5ED8E2B35ED9E2538DC9
:1051E000DAE2D25EDBE2D15EDCE2DB5EDDE2E85EEB
:1051F000DEE2EA5EDFE2BA81E0E2C45FE1E2C95FDB
:10520000E2E2D65FE3E2CF5FE4E20360E5E2EE5F75
:10521000E6E20460E7E2E15FE8E2E45FE9E2FE5F24
:10522000EAE20560EBE20660ECE2EA5FEDE2ED5FE8
:10523000EEE2F85FEFE21960F0E23560F1E226603D
:10524000F2E21B60F3E20F60F4E20D60F5E2296028
:10525000F6E22B60F7E20A60F8E23F60F9E22160D3
:10526000FAE27860FBE27960FCE27B60FDE27A6062
:10527000FEE2426040E3469241E3479242E34892B5
:1052800043E3499244E34A9245E34B9246E34C920E
:1052900047E34D9248E34E9249E34F924AE35092DE
:1052A0004BE351924CE352924DE353924EE35492AE
:1052B0004FE3559250E3569251E3579252E358927E
:1052C00053E3599254E35A9255E35B9256E35C924E
:1052D00057E35D9258E35E9259E35F925AE360921E
:1052E0005BE361925CE362925DE363925EE36492EE
:1052F0005FE3659260E3669261E3679262E36892BE
:1053000063E3699264E36A9265E36B9266E36C928D
:1053100067E36D9268E36E9269E36F926AE370925D
:105320006BE371926CE372926DE373926EE375922C
:105330006FE3769270E3779271E3789272E37992F9
:1053400073E37A9274E37B9275E37C9276E37D92C9
:1053500077E37E9278E37F9279E380927AE3819299
:105360007BE382927CE383927DE384927EE3859269
:1053700080E3869281E3879282E3889283E3899235
:1053800084E38A9285E38B9286E38C9287E38D9205
:1053900088E38F9289E390928AE391928BE39292D1
:1053A0008CE393928DE394928EE395928FE39692A1
:1053B00090E3979291E3989292E3999293E39A9271
:1053C00094E39B9295E39C9296E39D9297E39E9241
:1053D00098E39F9299E3A0929AE3A1929BE3A29211
:1053E0009CE3A3929DE3A4929EE3A5929FE3A692E1
:1053F000A0E3A792A1E36A60A2E37D60A3E39660C5
:10540000A4E39A60A5E3AD60A6E39D60A7E3836093
:10541000A8E39260A9E38C60AAE39B60ABE3EC6035
:10542000ACE3BB60ADE3B160AEE3DD60AFE3D86099
:10543000B0E3C660B1E3DA60B2E3B460B3E3206125
:10544000B4E32661B5E31561B6E32361B7E3F46025
:10545000B8E30061B9E30E61BAE32B61BBE34A61D3
:10546000BCE37561BDE3AC61BEE39461BFE3A761DA
:10547000C0E3B761C1E3D461C2E3F561C3E3DD5FBB
:10548000C4E3B396C5E3E995C6E3EB95C7E3F195AD
:10549000C8E3F395C9E3F595CAE3F695CBE3FC952C
:1054A000CCE3FE95CDE30396CEE30496CFE30696D8
:1054B000D0E30896D1E30A96D2E30B96D3E30C9699
:1054C000D4E30D96D5E30F96D6E31296D7E315965F
:1054D000D8E31696D9E31796DAE31996DBE31A9622
:1054E000DCE32C4EDDE33F72DEE31562DFE3356C77
:1054F000E0E3546CE1E35C6CE2E34A6CE3E3A36C4D
:10550000E4E3856CE5E3906CE6E3946CE7E38C6C94
:10551000E8E3686CE9E3696CEAE3746CEBE3766CEE
:10552000ECE3866CEDE3A96CEEE3D06CEFE3D46CB6
:10553000F0E3AD6CF1E3F76CF2E3F86CF3E3F16CDC
:10554000F4E3D76CF5E3B26CF6E3E06CF7E3D66C0A
:10555000F8E3FA6CF9E3EB6CFAE3EE6CFBE3B16CA5
:10556000FCE3D36CFDE3EF6CFEE3FE6C40E4A89239
:1055700041E4A99242E4AA9243E4AB9244E4AC929F
:1055800045E4AD9246E4AF9247E4B09248E4B1926C
:1055900049E4B2924AE4B3924BE4B4924CE4B5923B
:1055A0004DE4B6924EE4B7924FE4B89250E4B9920B
:1055B00051E4BA9252E4BB9253E4BC9254E4BD92DB
:1055C00055E4BE9256E4BF9257E4C09258E4C192AB
:1055D00059E4C2925AE4C3925BE4C4925CE4C5927B
:1055E0005DE4C6925EE4C7925FE4C99260E4CA9249
:1055F00061E4CB9262E4CC9263E4CD9264E4CE9217
:1056000065E4CF9266E4D09267E4D19268E4D292E6
:1056100069E4D3926AE4D4926BE4D5926CE4D692B6
:105620006DE4D7926EE4D8926FE4D99270E4DA9286
:1056300071E4DB9272E4DC9273E4DD9274E4DE9256
:1056400075E4DF9276E4E09277E4E19278E4E29226
:1056500079E4E3927AE4E4927BE4E5927CE4E692F6
:105660007DE4E7927EE4E89280E4E99281E4EA92C4
:1056700082E4EB9283E4EC9284E4ED9285E4EE9292
:1056800086E4EF9287E4F09288E4F19289E4F29262
:105690008AE4F3928BE4F4928CE4F5928DE4F69232
:1056A0008EE4F7928FE4F89290E4F99291E4FA9202
:1056B00092E4FB9293E4FC9294E4FD9295E4FE92D2
:1056C00096E4FF9297E4009398E4019399E402939F
:1056D0009AE403939BE404939CE405939DE406936E
:1056E0009EE407939FE40893A0E40993A1E4396D35
:1056F000A2E4276DA3E40C6DA4E4436DA5E4486D1A
:10570000A6E4076DA7E4046DA8E4196DA9E40E6D85
:10571000AAE42B6DABE44D6DACE42E6DADE4356DBC
:10572000AEE41A6DAFE44F6DB0E4526DB1E4546D68
:10573000B2E4336DB3E4916DB4E46F6DB5E49E6D86
:10574000B6E4A06DB7E45E6DB8E4936DB9E4946D12
:10575000BAE45C6DBBE4606DBCE47C6DBDE4636D7C
:10576000BEE41A6EBFE4C76DC0E4C56DC1E4DE6D72
:10577000C2E40E6EC3E4BF6DC4E4E06DC5E4116E17
:10578000C6E4E66DC7E4DD6DC8E4D96DC9E4166E04
:10579000CAE4AB6DCBE40C6ECCE4AE6DCDE42B6E05
:1057A000CEE46E6ECFE44E6ED0E46B6ED1E4B26E9A
:1057B000D2E45F6ED3E4866ED4E4536ED5E4546EC7
:1057C000D6E4326ED7E4256ED8E4446ED9E4DF6EB9
:1057D000DAE4B16EDBE4986EDCE4E06EDDE42D6FBC
:1057E000DEE4E26EDFE4A56EE0E4A76EE1E4BD6E08
:1057F000E2E4BB6EE3E4B76EE4E4D76EE5E4B46ED6
:10580000E6E4CF6EE7E48F6EE8E4C26EE9E49F6EF3
:10581000EAE4626FEBE4466FECE4476FEDE4246F7B
:10582000EEE4156FEFE4F96EF0E42F6FF1E4366FFC
:10583000F2E44B6FF3E4746FF4E42A6FF5E4096F5C
:10584000F6E4296FF7E4896FF8E48D6FF9E48C6F63
:10585000FAE4786FFBE4726FFCE47C6FFDE47A6F2E
:10586000FEE4D16F40E50A9341E50B9342E50C93CA
:1058700043E50D9344E50E9345E50F9346E51093FC
:1058800047E5119348E5129349E513934AE51493CC
:105890004BE515934CE516934DE517934EE518939C
:1058A0004FE5199350E51A9351E51B9352E51C936C
:1058B00053E51D9354E51E9355E51F9356E520933C
:1058C00057E5219358E5229359E523935AE524930C
:1058D0005BE525935CE526935DE527935EE52893DC
:1058E0005FE5299360E52A9361E52B9362E52C93AC
:1058F00063E52D9364E52E9365E52F9366E530937C
:1059000067E5319368E5329369E533936AE534934B
:105910006BE535936CE536936DE537936EE538931B
:105920006FE5399370E53A9371E53B9372E53C93EB
:1059300073E53D9374E53F9375E5409376E54193B8
:1059400077E5429378E5439379E544937AE5459387
:105950007BE546937CE547937DE548937EE5499357
:1059600080E54A9381E54B9382E54C9383E54D9323
:1059700084E54E9385E54F9386E5509387E55193F3
:1059800088E5529389E553938AE554938BE55593C3
:105990008CE556938DE557938EE558938FE5599393
:1059A00090E55A9391E55B9392E55C9393E55D9363
:1059B00094E55E9395E55F9396E5609397E5619333
:1059C00098E5629399E563939AE564939BE5659303
:1059D0009CE566939DE567939EE568939FE56993D3
:1059E000A0E56B93A1E5C96FA2E5A76FA3E5B96F29
:1059F000A4E5B66FA5E5C26FA6E5E16FA7E5EE6F7A
:105A0000A8E5DE6FA9E5E06FAAE5EF6FABE51A70D8
:105A1000ACE52370ADE51B70AEE53970AFE53570D0
:105A2000B0E54F70B1E55E70B2E5805BB3E5845BD5
:105A3000B4E5955BB5E5935BB6E5A55BB7E5B85B0B
:105A4000B8E52F75B9E59E9ABAE53464BBE5E45B29
:105A5000BCE5EE5BBDE53089BEE5F05BBFE5478E9A
:105A6000C0E5078BC1E5B68FC2E5D38FC3E5D58FFF
:105A7000C4E5E58FC5E5EE8FC6E5E48FC7E5E98FA0
:105A8000C8E5E68FC9E5F38FCAE5E88FCBE5059059
:105A9000CCE50490CDE50B90CEE52690CFE51190B6
:105AA000D0E50D90D1E51690D2E52190D3E5359063
:105AB000D4E53690D5E52D90D6E52F90D7E54490E6
:105AC000D8E55190D9E55290DAE55090DBE5689041
:105AD000DCE55890DDE56290DEE55B90DFE5B966D8
:105AE000E0E57490E1E57D90E2E58290E3E5889061
:105AF000E4E58390E5E58B90E6E5505FE7E5575FE9
:105B0000E8E5565FE9E5585FEAE53B5CEBE5AB5459
:105B1000ECE5505CEDE5595CEEE5715BEFE5635C4F
:105B2000F0E5665CF1E5BC7FF2E52A5FF3E5295F0D
:105B3000F4E52D5FF5E57482F6E53C5FF7E53B9B08
:105B4000F8E56E5CF9E58159FAE58359FBE58D5975
:105B5000FCE5A959FDE5AA59FEE5A35940E66C9379
:105B600041E66D9342E66E9343E66F9344E670938D
:105B700045E6719346E6729347E6739348E674935D
:105B800049E675934AE676934BE677934CE678932D
:105B90004DE679934EE67A934FE67B9350E67C93FD
:105BA00051E67D9352E67E9353E67F9354E68093CD
:105BB00055E6819356E6829357E6839358E684939D
:105BC00059E685935AE686935BE687935CE688936D
:105BD0005DE689935EE68A935FE68B9360E68C933D
:105BE00061E68D9362E68E9363E6909364E691930B
:105BF00065E6929366E6939367E6949368E69593D9
:105C000069E696936AE697936BE698936CE69993A8
:105C10006DE69A936EE69B936FE69C9370E69D9378
:105C200071E69E9372E69F9373E6A09374E6A19348
:105C300075E6A29376E6A39377E6A49378E6A59318
:105C400079E6A6937AE6A7937BE6A8937CE6A993E8
:105C50007DE6AA937EE6AB9380E6AC9381E6AD93B6
:105C600082E6AE9383E6AF9384E6B09385E6B19384
:105C700086E6B29387E6B39388E6B49389E6B59354
:105C80008AE6B6938BE6B7938CE6B8938DE6B99324
:105C90008EE6BA938FE6BB9390E6BC9391E6BD93F4
:105CA00092E6BE9393E6BF9394E6C09395E6C193C4
:105CB00096E6C29397E6C39398E6C49399E6C59394
:105CC0009AE6C6939BE6C7939CE6C8939DE6C99364
:105CD0009EE6CB939FE6CC93A0E6CD93A1E69759A1
:105CE000A2E6CA59A3E6AB59A4E69E59A5E6A45973
:105CF000A6E6D259A7E6B259A8E6AF59A9E6D75900
:105D0000AAE6BE59ABE6055AACE6065AADE6DD5941
:105D1000AEE6085AAFE6E359B0E6D859B1E6F9590C
:105D2000B2E60C5AB3E6095AB4E6325AB5E6345A2A
:105D3000B6E6115AB7E6235AB8E6135AB9E6405AFE
:105D4000BAE6675ABBE64A5ABCE6555ABDE63C5A23
:105D5000BEE6625ABFE6755AC0E6EC80C1E6AA5AB2
:105D6000C2E69B5AC3E6775AC4E67A5AC5E6BE5ADB
:105D7000C6E6EB5AC7E6B25AC8E6D25AC9E6D45AC2
:105D8000CAE6B85ACBE6E05ACCE6E35ACDE6F15A79
:105D9000CEE6D65ACFE6E65AD0E6D85AD1E6DC5A55
:105DA000D2E6095BD3E6175BD4E6165BD5E6325B39
:105DB000D6E6375BD7E6405BD8E6155CD9E61C5CD7
:105DC000DAE65A5BDBE6655BDCE6735BDDE6515BDE
:105DD000DEE6535BDFE6625BE0E6759AE1E6779A22
:105DE000E2E6789AE3E67A9AE4E67F9AE5E67D9A37
:105DF000E6E6809AE7E6819AE8E6859AE9E6889AF7
:105E0000EAE68A9AEBE6909AECE6929AEDE6939AA5
:105E1000EEE6969AEFE6989AF0E69B9AF1E69C9A5F
:105E2000F2E69D9AF3E69F9AF4E6A09AF5E6A29A26
:105E3000F6E6A39AF7E6A59AF8E6A79AF9E69F7E12
:105E4000FAE6A17EFBE6A37EFCE6A57EFDE6A87E43
:105E5000FEE6A97E40E7CE9341E7CF9342E7D09399
:105E600043E7D19344E7D29345E7D39346E7D493EE
:105E700047E7D59348E7D79349E7D8934AE7D993BB
:105E80004BE7DA934CE7DB934DE7DC934EE7DD938A
:105E90004FE7DE9350E7DF9351E7E09352E7E1935A
:105EA00053E7E29354E7E39355E7E49356E7E5932A
:105EB00057E7E69358E7E79359E7E8935AE7E993FA
:105EC0005BE7EA935CE7EB935DE7EC935EE7ED93CA
:105ED0005FE7EE9360E7EF9361E7F09362E7F1939A
:105EE00063E7F29364E7F39365E7F49366E7F5936A
:105EF00067E7F69368E7F79369E7F8936AE7F9933A
:105F00006BE7FA936CE7FB936DE7FC936EE7FD9309
:105F10006FE7FE9370E7FF9371E7009472E70194D7
:105F200073E7029474E7039475E7049476E70594A5
:105F300077E7069478E7079479E708947AE7099475
:105F40007BE70A947CE70B947DE70C947EE70D9445
:105F500080E70E9481E70F9482E7109483E7119411
:105F600084E7129485E7139486E7149487E71594E1
:105F700088E7169489E717948AE718948BE71994B1
:105F80008CE71A948DE71B948EE71C948FE71D9481
:105F900090E71E9491E71F9492E7209493E7219451
:105FA00094E7229495E7239496E7249497E7259421
:105FB00098E7269499E727949AE728949BE72994F1
:105FC0009CE72A949DE72B949EE72C949FE72D94C1
:105FD000A0E72E94A1E7AD7EA2E7B07EA3E7BE7E48
:105FE000A4E7C07EA5E7C17EA6E7C27EA7E7C97E7B
:105FF000A8E7CB7EA9E7CC7EAAE7D07EABE7D47E2C
:10600000ACE7D77EADE7DB7EAEE7E07EAFE7E17ED3
:10601000B0E7E87EB1E7EB7EB2E7EE7EB3E7EF7E76
:10602000B4E7F17EB5E7F27EB6E70D7FB7E7F67E1F
:10603000B8E7FA7EB9E7FB7EBAE7FE7EBBE7017FF1
:10604000BCE7027FBDE7037FBEE7077FBFE7087FAE
:10605000C0E70B7FC1E70C7FC2E70F7FC3E7117F6B
:10606000C4E7127FC5E7177FC6E7197FC7E71C7F24
:10607000C8E71B7FC9E71F7FCAE7217FCBE7227FE5
:10608000CCE7237FCDE7247FCEE7257FCFE7267FB0
:10609000D0E7277FD1E72A7FD2E72B7FD3E72C7F7A
:1060A000D4E72D7FD5E72F7FD6E7307FD7E7317F45
:1060B000D8E7327FD9E7337FDAE7357FDBE77A5EEF
:1060C000DCE77F75DDE7DB5DDEE73E75DFE79590BA
:1060D000E0E78E73E1E79173E2E7AE73E3E7A27363
:1060E000E4E79F73E5E7CF73E6E7C273E7E7D173B1
:1060F000E8E7B773E9E7B373EAE7C073EBE7C9739F
:10610000ECE7C873EDE7E573EEE7D973EFE77C984A
:10611000F0E70A74F1E7E973F2E7E773F3E7DE7398
:10612000F4E7BA73F5E7F273F6E70F74F7E72A744A
:10613000F8E75B74F9E72674FAE72574FBE728743F
:10614000FCE73074FDE72E74FEE72C7440E82F94D2
:1061500041E8309442E8319443E8329444E833947F
:1061600045E8349446E8359447E8369448E837944F
:1061700049E838944AE839944BE83A944CE83B941F
:106180004DE83C944EE83D944FE83F9450E84094ED
:1061900051E8419452E8429453E8439454E84494BB
:1061A00055E8459456E8469457E8479458E848948B
:1061B00059E849945AE84A945BE84B945CE84C945B
:1061C0005DE84D945EE84E945FE84F9460E850942B
:1061D00061E8519462E8529463E8539464E85494FB
:1061E00065E8559466E8569467E8579468E85894CB
:1061F00069E859946AE85A946BE85B946CE85C949B
:106200006DE85D946EE85E946FE85F9470E860946A
:1062100071E8619472E8629473E8639474E864943A
:1062200075E8659476E8669477E8679478E868940A
:1062300079E869947AE86A947BE86C947CE86D94D8
:106240007DE86E947EE86F9480E8709481E87194A4
:1062500082E8729483E8739484E8749485E8759472
:1062600086E8769487E8779488E8789489E8799442
:106270008AE87A948BE87B948CE87C948DE87D9412
:106280008EE87E948FE87F9490E8809491E88194E2
:1062900092E8829493E8839494E8849495E89194A6
:1062A00096E8969497E8989498E8C79499E8CF94DC
:1062B0009AE8D3949BE8D4949CE8DA949DE8E69419
:1062C0009EE8FB949FE81C95A0E82095A1E81B742C
:1062D000A2E81A74A3E84174A4E85C74A5E85774B2
:1062E000A6E85574A7E85974A8E87774A9E86D740E
:1062F000AAE87E74ABE89C74ACE88E74ADE8807458
:10630000AEE88174AFE88774B0E88B74B1E89E742E
:10631000B2E8A874B3E8A974B4E89074B5E8A774B7
:10632000B6E8D274B7E8BA74B8E8EA97B9E8EB9778
:10633000BAE8EC97BBE84C67BCE85367BDE85E671A
:10634000BEE84867BFE86967C0E8A567C1E8876736
:10635000C2E86A67C3E87367C4E89867C5E8A767D7
:10636000C6E87567C7E8A867C8E89E67C9E8AD676B
:10637000CAE88B67CBE87767CCE87C67CDE8F06745
:10638000CEE80968CFE8D867D0E80A68D1E8E967BD
:10639000D2E8B067D3E80C68D4E8D967D5E8B56728
:1063A000D6E8DA67D7E8B367D8E8DD67D9E80068E8
:1063B000DAE8C367DBE8B867DCE8E267DDE80E68C7
:1063C000DEE8C167DFE8FD67E0E83268E1E83368EE
:1063D000E2E86068E3E86168E4E84E68E5E862687E
:1063E000E6E84468E7E86468E8E88368E9E81D6887
:1063F000EAE85568EBE86668ECE84168EDE867684C
:10640000EEE84068EFE83E68F0E84A68F1E849687D
:10641000F2E82968F3E8B568F4E88F68F5E874688D
:10642000F6E87768F7E89368F8E86B68F9E8C26817
:10643000FAE86E69FBE8FC68FCE81F69FDE8206982
:10644000FEE8F96840E9279541E9339542E93D9531
:1064500043E9439544E9489545E94B9546E9559507
:1064600047E95A9548E9609549E96E954AE9749576
:106470004BE975954CE977954DE978954EE9799515
:106480004FE97A9550E97B9551E97C9552E97D95E4
:1064900053E97E9554E9809555E9819556E98295B1
:1064A00057E9839558E9849559E985955AE9869580
:1064B0005BE987955CE988955DE989955EE98A9550
:1064C0005FE98B9560E98C9561E98D9562E98E9520
:1064D00063E98F9564E9909565E9919566E99295F0
:1064E00067E9939568E9949569E995956AE99695C0
:1064F0006BE997956CE998956DE999956EE99A9590
:106500006FE99B9570E99C9571E99D9572E99E955F
:1065100073E99F9574E9A09575E9A19576E9A2952F
:1065200077E9A39578E9A49579E9A5957AE9A695FF
:106530007BE9A7957CE9A8957DE9A9957EE9AA95CF
:1065400080E9AB9581E9AC9582E9AD9583E9AE959B
:1065500084E9AF9585E9B09586E9B19587E9B2956B
:1065600088E9B39589E9B4958AE9B5958BE9B6953B
:106570008CE9B7958DE9B8958EE9B9958FE9BA950B
:1065800090E9BB9591E9BC9592E9BD9593E9BE95DB
:1065900094E9BF9595E9C09596E9C19597E9C295AB
:1065A00098E9C39599E9C4959AE9C5959BE9C6957B
:1065B0009CE9C7959DE9C8959EE9C9959FE9CA954B
:1065C000A0E9CB95A1E92469A2E9F068A3E90B69E8
:1065D000A4E90169A5E95769A6E9E368A7E9106993
:1065E000A8E97169A9E93969AAE96069ABE9426971
:1065F000ACE95D69ADE98469AEE96B69AFE98069D1
:10660000B0E99869B1E97869B2E93469B3E9CC696C
:10661000B4E98769B5E98869B6E9CE69B7E98969F6
:10662000B8E96669B9E96369BAE97969BBE99B695F
:10663000BCE9A769BDE9BB69BEE9AB69BFE9AD6962
:10664000C0E9D469C1E9B169C2E9C169C3E9CA69EC
:10665000C4E9DF69C5E99569C6E9E069C7E98D69FB
:10666000C8E9FF69C9E92F6ACAE9ED69CBE9176A88
:10667000CCE9186ACDE9656ACEE9F269CFE9446AE6
:10668000D0E93E6AD1E9A06AD2E9506AD3E95B6AEF
:10669000D4E9356AD5E98E6AD6E9796AD7E93D6ADF
:1066A000D8E9286AD9E9586ADAE97C6ADBE9916AAB
:1066B000DCE9906ADDE9A96ADEE9976ADFE9AB6A9D
:1066C000E0E93773E1E95273E2E9816BE3E9826B58
:1066D000E4E9876BE5E9846BE6E9926BE7E9936BA4
:1066E000E8E98D6BE9E99A6BEAE99B6BEBE9A16B51
:1066F000ECE9AA6BEDE96B8FEEE96D8FEFE9718F35
:10670000F0E9728FF1E9738FF2E9758FF3E9768F13
:10671000F4E9788FF5E9778FF6E9798FF7E97A8FE1
:10672000F8E97C8FF9E97E8FFAE9818FFBE9828FA6
:10673000FCE9848FFDE9878FFEE98B8F40EACC95D9
:1067400041EACD9542EACE9543EACF9544EAD09509
:1067500045EAD19546EAD29547EAD39548EAD495D9
:1067600049EAD5954AEAD6954BEAD7954CEAD895A9
:106770004DEAD9954EEADA954FEADB9550EADC9579
:1067800051EADD9552EADE9553EADF9554EAE09549
:1067900055EAE19556EAE29557EAE39558EAE49519
:1067A00059EAE5955AEAE6955BEAE7955CEAEC95E5
:1067B0005DEAFF955EEA07965FEA139660EA18962F
:1067C00061EA1B9662EA1E9663EA209664EA2396C3
:1067D00065EA249666EA259667EA269668EA279689
:1067E00069EA28966AEA29966BEA2B966CEA2C9657
:1067F0006DEA2D966EEA2F966FEA309670EA37961C
:1068000071EA389672EA399673EA3A9674EA3E96D5
:1068100075EA419676EA439677EA4A9678EA4E9682
:1068200079EA4F967AEA51967BEA52967CEA539639
:106830007DEA56967EEA579680EA589681EA5996FE
:1068400082EA5A9683EA5C9684EA5D9685EA5E96C9
:1068500086EA609687EA639688EA659689EA66968C
:106860008AEA6B968BEA6D968CEA6E968DEA6F9645
:106870008EEA70968FEA719690EA739691EA78960E
:1068800092EA799693EA7A9694EA7B9695EA7C96D0
:1068900096EA7D9697EA7E9698EA7F9699EA8096A0
:1068A0009AEA81969BEA82969CEA83969DEA849670
:1068B0009EEA87969FEA8996A0EA8A96A1EA8D8F3A
:1068C000A2EA8E8FA3EA8F8FA4EA988FA5EA9A8F07
:1068D000A6EACE8EA7EA0B62A8EA1762A9EA1B62B3
:1068E000AAEA1F62ABEA2262ACEA2162ADEA256243
:1068F000AEEA2462AFEA2C62B0EAE781B1EAEF7453
:10690000B2EAF474B3EAFF74B4EA0F75B5EA11752C
:10691000B6EA1375B7EA3465B8EAEE65B9EAEF6529
:10692000BAEAF065BBEA0A66BCEA1966BDEA7267B4
:10693000BEEA0366BFEA1566C0EA0066C1EA857072
:10694000C2EAF766C3EA1D66C4EA3466C5EA316680
:10695000C6EA3666C7EA3566C8EA0680C9EA5F66EF
:10696000CAEA5466CBEA4166CCEA4F66CDEA56667F
:10697000CEEA6166CFEA5766D0EA7766D1EA8466E6
:10698000D2EA8C66D3EAA766D4EA9D66D5EABE66EB
:10699000D6EADB66D7EADC66D8EAE666D9EAE966D3
:1069A000DAEA328DDBEA338DDCEA368DDDEA3B8DC7
:1069B000DEEA3D8DDFEA408DE0EA458DE1EA468D75
:1069C000E2EA488DE3EA498DE4EA478DE5EA4D8D38
:1069D000E6EA558DE7EA598DE8EAC789E9EACA8906
:1069E000EAEACB89EBEACC89ECEACE89EDEACF89F9
:1069F000EEEAD089EFEAD189F0EA6E72F1EA9F728D
:106A0000F2EA5D72F3EA6672F4EA6F72F5EA7E7298
:106A1000F6EA7F72F7EA8472F8EA8B72F9EA8D720D
:106A2000FAEA8F72FBEA9272FCEA0863FDEA3263CB
:106A3000FEEAB06340EB8C9641EB8E9642EB91966A
:106A400043EB929644EB939645EB959646EB9696E0
:106A500047EB9A9648EB9B9649EB9D964AEB9E96A0
:106A60004BEB9F964CEBA0964DEBA1964EEBA2966E
:106A70004FEBA39650EBA49651EBA59652EBA6963E
:106A800053EBA89654EBA99655EBAA9656EBAB960A
:106A900057EBAC9658EBAD9659EBAE965AEBAF96DA
:106AA0005BEBB1965CEBB2965DEBB4965EEBB596A4
:106AB0005FEBB79660EBB89661EBBA9662EBBB966C
:106AC00063EBBF9664EBC29665EBC39666EBC89624
:106AD00067EBCA9668EBCB9669EBD0966AEBD196DA
:106AE0006BEBD3966CEBD4966DEBD6966EEBD7969C
:106AF0006FEBD89670EBD99671EBDA9672EBDB966A
:106B000073EBDC9674EBDD9675EBDE9676EBDF9639
:106B100077EBE19678EBE29679EBE3967AEBE49605
:106B20007BEBE5967CEBE6967DEBE7967EEBEB96D2
:106B300080EBEC9681EBED9682EBEE9683EBF09694
:106B400084EBF19685EBF29686EBF49687EBF5965F
:106B500088EBF89689EBFA968AEBFB968BEBFC9622
:106B60008CEBFD968DEBFF968EEB02978FEB0397E8
:106B700090EB059791EB0A9792EB0B9793EB0C97A1
:106B800094EB109795EB119796EB129797EB149760
:106B900098EB159799EB17979AEB18979BEB19972A
:106BA0009CEB1A979DEB1B979EEB1D979FEB1F97F6
:106BB000A0EB2097A1EB3F64A2EBD864A3EB048089
:106BC000A4EBEA6BA5EBF36BA6EBFD6BA7EBF56B08
:106BD000A8EBF96BA9EB056CAAEB076CABEB066CA9
:106BE000ACEB0D6CADEB156CAEEB186CAFEB196C40
:106BF000B0EB1A6CB1EB216CB2EB296CB3EB246CEB
:106C0000B4EB2A6CB5EB326CB6EB3565B7EB55657A
:106C1000B8EB6B65B9EB4D72BAEB5272BBEB5672C7
:106C2000BCEB3072BDEB6286BEEB1652BFEB9F80B1
:106C3000C0EB9C80C1EB9380C2EBBC80C3EB0A67C6
:106C4000C4EBBD80C5EBB180C6EBAB80C7EBAD80BC
:106C5000C8EBB480C9EBB780CAEBE780CBEBE88028
:106C6000CCEBE980CDEBEA80CEEBDB80CFEBC280D2
:106C7000D0EBC480D1EBD980D2EBCD80D3EBD780E1
:106C8000D4EB1067D5EBDD80D6EBEB80D7EBF18052
:106C9000D8EBF480D9EBED80DAEB0D81DBEB0E81E4
:106CA000DCEBF280DDEBFC80DEEB1567DFEB1281C5
:106CB000E0EB5A8CE1EB3681E2EB1E81E3EB2C81B9
:106CC000E4EB1881E5EB3281E6EB4881E7EB4C81A0
:106CD000E8EB5381E9EB7481EAEB5981EBEB5A81E4
:106CE000ECEB7181EDEB6081EEEB6981EFEB7C8188
:106CF000F0EB7D81F1EB6D81F2EB6781F3EB4D58A9
:106D0000F4EBB55AF5EB8881F6EB8281F7EB9181D4
:106D1000F8EBD56EF9EBA381FAEBAA81FBEBCC8102
:106D2000FCEB2667FDEBCA81FEEBBB8140EC2197B3
:106D300041EC229742EC239743EC249744EC2597AF
:106D400045EC269746EC279747EC289748EC29977F
:106D500049EC2B974AEC2C974BEC2E974CEC2F9749
:106D60004DEC31974EEC33974FEC349750EC359710
:106D700051EC369752EC379753EC3A9754EC3B97DB
:106D800055EC3C9756EC3D9757EC3F9758EC4097A5
:106D900059EC41975AEC42975BEC43975CEC449773
:106DA0005DEC45975EEC46975FEC479760EC489743
:106DB00061EC499762EC4A9763EC4B9764EC4C9713
:106DC00065EC4D9766EC4E9767EC4F9768EC5097E3
:106DD00069EC51976AEC54976BEC55976CEC5797AC
:106DE0006DEC58976EEC5A976FEC5C9770EC5D9772
:106DF00071EC5F9772EC639773EC649774EC669731
:106E000075EC679776EC689777EC6A9778EC6B97F8
:106E100079EC6C977AEC6D977BEC6E977CEC6F97C6
:106E20007DEC70977EEC719780EC729781EC759792
:106E300082EC779783EC789784EC799785EC7A9756
:106E400086EC7B9787EC7D9788EC7E9789EC7F9723
:106E50008AEC80978BEC81978CEC82978DEC8397F2
:106E60008EEC84978FEC869790EC879791EC8897BF
:106E700092EC899793EC8A9794EC8C9795EC8E978B
:106E800096EC8F9797EC909798EC939799EC959751
:106E90009AEC96979BEC97979CEC99979DEC9A9718
:106EA0009EEC9B979FEC9C97A0EC9D97A1ECC181D9
:106EB000A2ECA681A3EC246BA4EC376BA5EC396B98
:106EC000A6EC436BA7EC466BA8EC596BA9ECD198E8
:106ED000AAECD298ABECD398ACECD598ADECD998A1
:106EE000AEECDA98AFECB36BB0EC405FB1ECC26BD8
:106EF000B2ECF389B3EC9065B4EC519FB5EC9365BB
:106F0000B6ECBC65B7ECC665B8ECC465B9ECC36556
:106F1000BAECCC65BBECCE65BCECD265BDECD665FD
:106F2000BEEC8070BFEC9C70C0EC9670C1EC9D70A4
:106F3000C2ECBB70C3ECC070C4ECB770C5ECAB70F6
:106F4000C6ECB170C7ECE870C8ECCA70C9EC10713F
:106F5000CAEC1371CBEC1671CCEC2F71CDEC317106
:106F6000CEEC7371CFEC5C71D0EC6871D1EC4571F3
:106F7000D2EC7271D3EC4A71D4EC7871D5EC7A71A1
:106F8000D6EC9871D7ECB371D8ECB571D9ECA87187
:106F9000DAECA071DBECE071DCECD471DDECE771D4
:106FA000DEECF971DFEC1D72E0EC2872E1EC6C7044
:106FB000E2EC1871E3EC6671E4ECB971E5EC3E6269
:106FC000E6EC3D62E7EC4362E8EC4862E9EC4962DA
:106FD000EAEC3B79EBEC4079ECEC4679EDEC497965
:106FE000EEEC5B79EFEC5C79F0EC5379F1EC5A79EB
:106FF000F2EC6279F3EC5779F4EC6079F5EC6F79A7
:10700000F6EC6779F7EC7A79F8EC8579F9EC8A791E
:10701000FAEC9A79FBECA779FCECB379FDECD15F43
:10702000FEECD05F40ED9E9741ED9F9742EDA1971A
:1070300043EDA29744EDA49745EDA59746EDA6979D
:1070400047EDA79748EDA89749EDA9974AEDAA976C
:107050004BEDAC974CEDAE974DEDB0974EEDB19733
:107060004FEDB39750EDB59751EDB69752EDB797F9
:1070700053EDB89754EDB99755EDBA9756EDBB97C8
:1070800057EDBC9758EDBD9759EDBE975AEDBF9798
:107090005BEDC0975CEDC1975DEDC2975EEDC39768
:1070A0005FEDC49760EDC59761EDC69762EDC79738
:1070B00063EDC89764EDC99765EDCA9766EDCB9708
:1070C00067EDCC9768EDCD9769EDCE976AEDCF97D8
:1070D0006BEDD0976CEDD1976DEDD2976EEDD397A8
:1070E0006FEDD49770EDD59771EDD69772EDD79778
:1070F00073EDD89774EDD99775EDDA9776EDDB9748
:1071000077EDDC9778EDDD9779EDDE977AEDDF9717
:107110007BEDE0977CEDE1977DEDE2977EEDE397E7
:1071200080EDE49781EDE59782EDE89783EDEE97AA
:1071300084EDEF9785EDF09786EDF19787EDF29767
:1071400088EDF49789EDF7978AEDF8978BEDF9972D
:107150008CEDFA978DEDFB978EEDFC978FEDFD97FB
:1071600090EDFE9791EDFF9792ED009893ED0198C9
:1071700094ED029895ED039896ED049897ED059897
:1071800098ED069899ED07989AED08989BED099867
:107190009CED0A989DED0B989EED0C989FED0D9837
:1071A000A0ED0E98A1ED3C60A2ED5D60A3ED5A60EC
:1071B000A4ED6760A5ED4160A6ED5960A7ED6360A1
:1071C000A8EDAB60A9ED0661AAED0D61ABED5D61C7
:1071D000ACEDA961ADED9D61AEEDCB61AFEDD161DF
:1071E000B0ED0662B1ED8080B2ED7F80B3ED936CBF
:1071F000B4EDF66CB5EDFC6DB6EDF677B7EDF8775E
:10720000B8ED0078B9ED0978BAED1778BBED1878CC
:10721000BCED1178BDEDAB65BEED2D78BFED1C78F2
:10722000C0ED1D78C1ED3978C2ED3A78C3ED3B78F9
:10723000C4ED1F78C5ED3C78C6ED2578C7ED2C78F8
:10724000C8ED2378C9ED2978CAED4E78CBED6D787D
:10725000CCED5678CDED5778CEED2678CFED507841
:10726000D0ED4778D1ED4C78D2ED6A78D3ED9B78AC
:10727000D4ED9378D5ED9A78D6ED8778D7ED9C78D4
:10728000D8EDA178D9EDA378DAEDB278DBEDB97855
:10729000DCEDA578DDEDD478DEEDD978DFEDC978C9
:1072A000E0EDEC78E1EDF278E2ED0579E3EDF478EC
:1072B000E4ED1379E5ED2479E6ED1E79E7ED347917
:1072C000E8ED9B9FE9EDF99EEAEDFB9EEBEDFC9E60
:1072D000ECEDF176EDED0477EEED0D77EFEDF9766F
:1072E000F0ED0777F1ED0877F2ED1A77F3ED2277FD
:1072F000F4ED1977F5ED2D77F6ED2677F7ED357787
:10730000F8ED3877F9ED5077FAED5177FBED4777E7
:10731000FCED4377FDED5A77FEED687740EE0F9870
:1073200041EE109842EE119843EE129844EE1398F5
:1073300045EE149846EE159847EE169848EE1798C5
:1073400049EE18984AEE19984BEE1A984CEE1B9895
:107350004DEE1C984EEE1D984FEE1E9850EE1F9865
:1073600051EE209852EE219853EE229854EE239835
:1073700055EE249856EE259857EE269858EE279805
:1073800059EE28985AEE29985BEE2A985CEE2B98D5
:107390005DEE2C985EEE2D985FEE2E9860EE2F98A5
:1073A00061EE309862EE319863EE329864EE339875
:1073B00065EE349866EE359867EE369868EE379845
:1073C00069EE38986AEE39986BEE3A986CEE3B9815
:1073D0006DEE3C986EEE3D986FEE3E9870EE3F98E5
:1073E00071EE409872EE419873EE429874EE4398B5
:1073F00075EE449876EE459877EE469878EE479885
:1074000079EE48987AEE49987BEE4A987CEE4B9854
:107410007DEE4C987EEE4D9880EE4E9881EE4F9822
:1074200082EE509883EE519884EE529885EE5398F0
:1074300086EE549887EE559888EE569889EE5798C0
:107440008AEE58988BEE59988CEE5A988DEE5B9890
:107450008EEE5C988FEE5D9890EE5E9891EE5F9860
:1074600092EE609893EE619894EE629895EE639830
:1074700096EE649897EE659898EE669899EE679800
:107480009AEE68989BEE69989CEE6A989DEE6B98D0
:107490009EEE6C989FEE6D98A0EE6E98A1EE6277CE
:1074A000A2EE6577A3EE7F77A4EE8D77A5EE7D77CC
:1074B000A6EE8077A7EE8C77A8EE9177A9EE9F775E
:1074C000AAEEA077ABEEB077ACEEB577ADEEBD77B8
:1074D000AEEE3A75AFEE4075B0EE4E75B1EE4B754F
:1074E000B2EE4875B3EE5B75B4EE7275B5EE7975B4
:1074F000B6EE8375B7EE587FB8EE617FB9EE5F7F69
:10750000BAEE488ABBEE687FBCEE747FBDEE717F39
:10751000BEEE797FBFEE817FC0EE7E7FC1EECD767D
:10752000C2EEE576C3EE3288C4EE8594C5EE86944D
:10753000C6EE8794C7EE8B94C8EE8A94C9EE8C94FD
:10754000CAEE8D94CBEE8F94CCEE9094CDEE9494C5
:10755000CEEE9794CFEE9594D0EE9A94D1EE9B9484
:10756000D2EE9C94D3EEA394D4EEA494D5EEAB9437
:10757000D6EEAA94D7EEAD94D8EEAC94D9EEAF94F3
:10758000DAEEB094DBEEB294DCEEB494DDEEB694B9
:10759000DEEEB794DFEEB894E0EEB994E1EEBA9483
:1075A000E2EEBC94E3EEBD94E4EEBF94E5EEC49449
:1075B000E6EEC894E7EEC994E8EECA94E9EECB94FF
:1075C000EAEECC94EBEECD94ECEECE94EDEED094CE
:1075D000EEEED194EFEED294F0EED594F1EED69497
:1075E000F2EED794F3EED994F4EED894F5EEDB9462
:1075F000F6EEDE94F7EEDF94F8EEE094F9EEE29426
:10760000FAEEE494FBEEE594FCEEE794FDEEE894EC
:10761000FEEEEA9440EF6F9841EF709842EF719858
:1076200043EF729844EF739845EF749846EF8B9848
:1076300047EF8E9848EF929849EF95984AEF9998BE
:107640004BEFA3984CEFA8984DEFA9984EEFAA984E
:107650004FEFAB9850EFAC9851EFAD9852EFAE981A
:1076600053EFAF9854EFB09855EFB19856EFB298EA
:1076700057EFB39858EFB49859EFB5985AEFB698BA
:107680005BEFB7985CEFB8985DEFB9985EEFBA988A
:107690005FEFBB9860EFBC9861EFBD9862EFBE985A
:1076A00063EFBF9864EFC09865EFC19866EFC2982A
:1076B00067EFC39868EFC49869EFC5986AEFC698FA
:1076C0006BEFC7986CEFC8986DEFC9986EEFCA98CA
:1076D0006FEFCB9870EFCC9871EFCD9872EFCF9899
:1076E00073EFD09874EFD49875EFD69876EFD7985B
:1076F00077EFDB9878EFDC9879EFDD987AEFE09818
:107700007BEFE1987CEFE2987DEFE3987EEFE498E1
:1077100080EFE59881EFE69882EFE99883EFEA98A9
:1077200084EFEB9885EFEC9886EFED9887EFEE9875
:1077300088EFEF9889EFF0988AEFF1988BEFF29845
:107740008CEFF3988DEFF4988EEFF5988FEFF69815
:1077500090EFF79891EFF89892EFF99893EFFA98E5
:1077600094EFFB9895EFFC9896EFFD9897EFFE98B5
:1077700098EFFF9899EF00999AEF01999BEF029982
:107780009CEF03999DEF04999EEF05999FEF069951
:10779000A0EF0799A1EFE994A2EFEB94A3EFEE9489
:1077A000A4EFEF94A5EFF394A6EFF494A7EFF5946C
:1077B000A8EFF794A9EFF994AAEFFC94ABEFFD942E
:1077C000ACEFFF94ADEF0395AEEF0295AFEF0695EA
:1077D000B0EF0795B1EF0995B2EF0A95B3EF0D95AC
:1077E000B4EF0E95B5EF0F95B6EF1295B7EF139571
:1077F000B8EF1495B9EF1595BAEF1695BBEF18953C
:10780000BCEF1B95BDEF1D95BEEF1E95BFEF1F95FD
:10781000C0EF2295C1EF2A95C2EF2B95C3EF2995B2
:10782000C4EF2C95C5EF3195C6EF3295C7EF34956F
:10783000C8EF3695C9EF3795CAEF3895CBEF3C9531
:10784000CCEF3E95CDEF3F95CEEF4295CFEF3595FE
:10785000D0EF4495D1EF4595D2EF4695D3EF4995BA
:10786000D4EF4C95D5EF4E95D6EF4F95D7EF529577
:10787000D8EF5395D9EF5495DAEF5695DBEF57953E
:10788000DCEF5895DDEF5995DEEF5B95DFEF5E9508
:10789000E0EF5F95E1EF5D95E2EF6195E3EF6295D3
:1078A000E4EF6495E5EF6595E6EF6695E7EF67959C
:1078B000E8EF6895E9EF6995EAEF6A95EBEF6B956C
:1078C000ECEF6C95EDEF6F95EEEF7195EFEF729534
:1078D000F0EF7395F1EF3A95F2EFE777F3EFEC778E
:1078E000F4EFC996F5EFD579F6EFED79F7EFE37997
:1078F000F8EFEB79F9EF067AFAEF475DFBEF037AE1
:10790000FCEF027AFDEF1E7AFEEF147A40F0089940
:1079100041F0099942F00A9943F00B9944F00C990F
:1079200045F00E9946F00F9947F0119948F01299D9
:1079300049F013994AF014994BF015994CF01699A7
:107940004DF017994EF018994FF0199950F01A9977
:1079500051F01B9952F01C9953F01D9954F01E9947
:1079600055F01F9956F0209957F0219958F0229917
:1079700059F023995AF024995BF025995CF02699E7
:107980005DF027995EF028995FF0299960F02A99B7
:1079900061F02B9962F02C9963F02D9964F02F9986
:1079A00065F0309966F0319967F0329968F0339953
:1079B00069F034996AF035996BF036996CF0379923
:1079C0006DF038996EF039996FF03A9970F03B99F3
:1079D00071F03C9972F03D9973F03E9974F03F99C3
:1079E00075F0409976F0419977F0429978F0439993
:1079F00079F044997AF045997BF046997CF0479963
:107A00007DF048997EF0499980F04A9981F04B9930
:107A100082F04C9983F04D9984F04E9985F04F99FE
:107A200086F0509987F0519988F0529989F05399CE
:107A30008AF056998BF057998CF058998DF0599996
:107A40008EF05A998FF05B9990F05C9991F05D9966
:107A500092F05E9993F05F9994F0609995F0619936
:107A600096F0629997F0649998F0669999F07399F5
:107A70009AF078999BF079999CF07B999DF07E998A
:107A80009EF082999FF08399A0F08999A1F0397AAC
:107A9000A2F0377AA3F0517AA4F0CF9EA5F0A59971
:107AA000A6F0707AA7F08876A8F08E76A9F0937683
:107AB000AAF09976ABF0A476ACF0DE74ADF0E07489
:107AC000AEF02C75AFF0209EB0F0229EB1F0289E53
:107AD000B2F0299EB3F02A9EB4F02B9EB5F02C9EF6
:107AE000B6F0329EB7F0319EB8F0369EB9F0389EAF
:107AF000BAF0379EBBF0399EBCF03A9EBDF03E9E78
:107B0000BEF0419EBFF0429EC0F0449EC1F0469E32
:107B1000C2F0479EC3F0489EC4F0499EC5F04B9EFC
:107B2000C6F04C9EC7F04E9EC8F0519EC9F0559EBF
:107B3000CAF0579ECBF05A9ECCF05B9ECDF05C9E77
:107B4000CEF05E9ECFF0639ED0F0669ED1F0679E31
:107B5000D2F0689ED3F0699ED4F06A9ED5F06B9EF9
:107B6000D6F06C9ED7F0719ED8F06D9ED9F0739EC2
:107B7000DAF09275DBF09475DCF09675DDF0A075A7
:107B8000DEF09D75DFF0AC75E0F0A375E1F0B37544
:107B9000E2F0B475E3F0B875E4F0C475E5F0B175E2
:107BA000E6F0B075E7F0C375E8F0C275E9F0D67598
:107BB000EAF0CD75EBF0E375ECF0E875EDF0E67505
:107BC000EEF0E475EFF0EB75F0F0E775F1F00376A9
:107BD000F2F0F175F3F0FC75F4F0FF75F5F0107646
:107BE000F6F00076F7F00576F8F00C76F9F01776F7
:107BF000FAF00A76FBF02576FCF01876FDF01576A3
:107C0000FEF0197640F18C9941F18E9942F19A99E2
:107C100043F19B9944F19C9945F19D9946F19E99B8
:107C200047F19F9948F1A09949F1A1994AF1A29988
:107C30004BF1A3994CF1A4994DF1A6994EF1A79956
:107C40004FF1A99950F1AA9951F1AB9952F1AC9920
:107C500053F1AD9954F1AE9955F1AF9956F1B099F0
:107C600057F1B19958F1B29959F1B3995AF1B499C0
:107C70005BF1B5995CF1B6995DF1B7995EF1B89990
:107C80005FF1B99960F1BA9961F1BB9962F1BC9960
:107C900063F1BD9964F1BE9965F1BF9966F1C09930
:107CA00067F1C19968F1C29969F1C3996AF1C49900
:107CB0006BF1C5996CF1C6996DF1C7996EF1C899D0
:107CC0006FF1C99970F1CA9971F1CB9972F1CC99A0
:107CD00073F1CD9974F1CE9975F1CF9976F1D09970
:107CE00077F1D19978F1D29979F1D3997AF1D49940
:107CF0007BF1D5997CF1D6997DF1D7997EF1D89910
:107D000080F1D99981F1DA9982F1DB9983F1DC99DB
:107D100084F1DD9985F1DE9986F1DF9987F1E099AB
:107D200088F1E19989F1E2998AF1E3998BF1E4997B
:107D30008CF1E5998DF1E6998EF1E7998FF1E8994B
:107D400090F1E99991F1EA9992F1EB9993F1EC991B
:107D500094F1ED9995F1EE9996F1EF9997F1F099EB
:107D600098F1F19999F1F2999AF1F3999BF1F499BB
:107D70009CF1F5999DF1F6999EF1F7999FF1F8998B
:107D8000A0F1F999A1F11B76A2F13C76A3F122763C
:107D9000A4F12076A5F14076A6F12D76A7F13076F4
:107DA000A8F13F76A9F13576AAF14376ABF13E769C
:107DB000ACF13376ADF14D76AEF15E76AFF154763F
:107DC000B0F15C76B1F15676B2F16B76B3F16F76C5
:107DD000B4F1CA7FB5F1E67AB6F1787AB7F1797A7B
:107DE000B8F1807AB9F1867ABAF1887ABBF1957ADE
:107DF000BCF1A67ABDF1A07ABEF1AC7ABFF1A87A47
:107E0000C0F1AD7AC1F1B37AC2F16488C3F1698877
:107E1000C4F17288C5F17D88C6F17F88C7F1828878
:107E2000C8F1A288C9F1C688CAF1B788CBF1BC886D
:107E3000CCF1C988CDF1E288CEF1CE88CFF1E388CC
:107E4000D0F1E588D1F1F188D2F11A89D3F1FC881B
:107E5000D4F1E888D5F1FE88D6F1F088D7F12189F0
:107E6000D8F11989D9F11389DAF11B89DBF10A8973
:107E7000DCF13489DDF12B89DEF13689DFF14189CE
:107E8000E0F16689E1F17B89E2F18B75E3F1E58050
:107E9000E4F1B276E5F1B476E6F1DC77E7F1128051
:107EA000E8F11480E9F11680EAF11C80EBF1208002
:107EB000ECF12280EDF12580EEF12680EFF12780B4
:107EC000F0F12980F1F12880F2F13180F3F10B809B
:107ED000F4F13580F5F14380F6F14680F7F14D80FD
:107EE000F8F15280F9F16980FAF17180FBF1838930
:107EF000FCF17898FDF18098FEF1839840F2FA99B0
:107F000041F2FB9942F2FC9943F2FD9944F2FE9949
:107F100045F2FF9946F2009A47F2019A48F2029A16
:107F200049F2039A4AF2049A4BF2059A4CF2069AE5
:107F30004DF2079A4EF2089A4FF2099A50F20A9AB5
:107F400051F20B9A52F20C9A53F20D9A54F20E9A85
:107F500055F20F9A56F2109A57F2119A58F2129A55
:107F600059F2139A5AF2149A5BF2159A5CF2169A25
:107F70005DF2179A5EF2189A5FF2199A60F21A9AF5
:107F800061F21B9A62F21C9A63F21D9A64F21E9AC5
:107F900065F21F9A66F2209A67F2219A68F2229A95
:107FA00069F2239A6AF2249A6BF2259A6CF2269A65
:107FB0006DF2279A6EF2289A6FF2299A70F22A9A35
:107FC00071F22B9A72F22C9A73F22D9A74F22E9A05
:107FD00075F22F9A76F2309A77F2319A78F2329AD5
:107FE00079F2339A7AF2349A7BF2359A7CF2369AA5
:107FF0007DF2379A7EF2389A80F2399A81F23A9A73
:1080000082F23B9A83F23C9A84F23D9A85F23E9A40
:1080100086F23F9A87F2409A88F2419A89F2429A10
:108020008AF2439A8BF2449A8CF2459A8DF2469AE0
:108030008EF2479A8FF2489A90F2499A91F24A9AB0
:1080400092F24B9A93F24C9A94F24D9A95F24E9A80
:1080500096F24F9A97F2509A98F2519A99F2529A50
:108060009AF2539A9BF2549A9CF2559A9DF2569A20
:108070009EF2579A9FF2589AA0F2599AA1F28998C3
:10808000A2F28C98A3F28D98A4F28F98A5F29498FE
:10809000A6F29A98A7F29B98A8F29E98A9F29F98A8
:1080A000AAF2A198ABF2A298ACF2A598ADF2A6986C
:1080B000AEF24D86AFF25486B0F26C86B1F26E86A7
:1080C000B2F27F86B3F27A86B4F27C86B5F27B8612
:1080D000B6F2A886B7F28D86B8F28B86B9F2AC8676
:1080E000BAF29D86BBF2A786BCF2A386BDF2AA8631
:1080F000BEF29386BFF2A986C0F2B686C1F2C486EC
:10810000C2F2B586C3F2CE86C4F2B086C5F2BA8694
:10811000C6F2B186C7F2AF86C8F2C986C9F2CF8669
:10812000CAF2B486CBF2E986CCF2F186CDF2F286C1
:10813000CEF2ED86CFF2F386D0F2D086D1F213875D
:10814000D2F2DE86D3F2F486D4F2DF86D5F2D88678
:10815000D6F2D186D7F20387D8F20787D9F2F8860C
:10816000DAF20887DBF20A87DCF20D87DDF2098795
:10817000DEF22387DFF23B87E0F21E87E1F22587FC
:10818000E2F22E87E3F21A87E4F23E87E5F24887AF
:10819000E6F23487E7F23187E8F22987E9F2378798
:1081A000EAF23F87EBF28287ECF22287EDF27D87DD
:1081B000EEF27E87EFF27B87F0F26087F1F2708754
:1081C000F2F24C87F3F26E87F4F28B87F5F2538765
:1081D000F6F26387F7F27C87F8F26487F9F2598741
:1081E000FAF26587FBF29387FCF2AF87FDF2A8876E
:1081F000FEF2D28740F35A9A41F35B9A42F35C9ABB
:1082000043F35D9A44F35E9A45F35F9A46F3609AAE
:1082100047F3619A48F3629A49F3639A4AF3649A7E
:108220004BF3659A4CF3669A4DF3679A4EF3689A4E
:108230004FF3699A50F36A9A51F36B9A52F3729A18
:1082400053F3839A54F3899A55F38D9A56F38E9A81
:1082500057F3949A58F3959A59F3999A5AF3A69A20
:108260005BF3A99A5CF3AA9A5DF3AB9A5EF3AC9ABE
:108270005FF3AD9A60F3AE9A61F3AF9A62F3B29A8C
:1082800063F3B39A64F3B49A65F3B59A66F3B99A53
:1082900067F3BB9A68F3BD9A69F3BE9A6AF3BF9A13
:1082A0006BF3C39A6CF3C49A6DF3C69A6EF3C79AD4
:1082B0006FF3C89A70F3C99A71F3CA9A72F3CD9AA0
:1082C00073F3CE9A74F3CF9A75F3D09A76F3D29A69
:1082D00077F3D49A78F3D59A79F3D69A7AF3D79A32
:1082E0007BF3D99A7CF3DA9A7DF3DB9A7EF3DC9AFE
:1082F00080F3DD9A81F3DE9A82F3E09A83F3E29AC7
:1083000084F3E39A85F3E49A86F3E59A87F3E79A90
:1083100088F3E89A89F3E99A8AF3EA9A8BF3EC9A5C
:108320008CF3EE9A8DF3F09A8EF3F19A8FF3F29A22
:1083300090F3F39A91F3F49A92F3F59A93F3F69AF1
:1083400094F3F79A95F3F89A96F3FA9A97F3FC9ABE
:1083500098F3FD9A99F3FE9A9AF3FF9A9BF3009B88
:108360009CF3019B9DF3029B9EF3049B9FF3059B53
:10837000A0F3069BA1F3C687A2F38887A3F38587A2
:10838000A4F3AD87A5F39787A6F38387A7F3AB87FD
:10839000A8F3E587A9F3AC87AAF3B587ABF3B38756
:1083A000ACF3CB87ADF3D387AEF3BD87AFF3D18703
:1083B000B0F3C087B1F3CA87B2F3DB87B3F3EA87C0
:1083C000B4F3E087B5F3EE87B6F31688B7F31388F6
:1083D000B8F3FE87B9F30A88BAF31B88BBF3218888
:1083E000BCF33988BDF33C88BEF3367FBFF3427FD0
:1083F000C0F3447FC1F3457FC2F31082C3F3FA7A1E
:10840000C4F3FD7AC5F3087BC6F3037BC7F3047B93
:10841000C8F3157BC9F30A7BCAF32B7BCBF30F7B25
:10842000CCF3477BCDF3387BCEF32A7BCFF3197B9C
:10843000D0F32E7BD1F3317BD2F3207BD3F3257B9A
:10844000D4F3247BD5F3337BD6F33E7BD7F31E7B6B
:10845000D8F3587BD9F35A7BDAF3457BDBF3757B92
:10846000DCF34C7BDDF35D7BDEF3607BDFF36E7B67
:10847000E0F37B7BE1F3627BE2F3727BE3F3717BFE
:10848000E4F3907BE5F3A67BE6F3A77BE7F3B87B09
:10849000E8F3AC7BE9F39D7BEAF3A87BEBF3857B08
:1084A000ECF3AA7BEDF39C7BEEF3A27BEFF3AB7BCB
:1084B000F0F3B47BF1F3D17BF2F3C17BF3F3CC7B2C
:1084C000F4F3DD7BF5F3DA7BF6F3E57BF7F3E67B9C
:1084D000F8F3EA7BF9F30C7CFAF3FE7BFBF3FC7B0D
:1084E000FCF30F7CFDF3167CFEF30B7C40F4079B42
:1084F00041F4099B42F40A9B43F40B9B44F40C9B0C
:1085000045F40D9B46F40E9B47F4109B48F4119BD9
:1085100049F4129B4AF4149B4BF4159B4CF4169BA4
:108520004DF4179B4EF4189B4FF4199B50F41A9B73
:1085300051F41B9B52F41C9B53F41D9B54F41E9B43
:1085400055F4209B56F4219B57F4229B58F4249B0E
:1085500059F4259B5AF4269B5BF4279B5CF4289BDB
:108560005DF4299B5EF42A9B5FF42B9B60F42C9BAB
:1085700061F42D9B62F42E9B63F4309B64F4319B79
:1085800065F4339B66F4349B67F4359B68F4369B43
:1085900069F4379B6AF4389B6BF4399B6CF43A9B13
:1085A0006DF43D9B6EF43E9B6FF43F9B70F4409BDB
:1085B00071F4469B72F44A9B73F44B9B74F44C9B8E
:1085C00075F44E9B76F4509B77F4529B78F4539B52
:1085D00079F4559B7AF4569B7BF4579B7CF4589B1B
:1085E0007DF4599B7EF45A9B80F45B9B81F45C9BE9
:1085F00082F45D9B83F45E9B84F45F9B85F4609BB7
:1086000086F4619B87F4629B88F4639B89F4649B86
:108610008AF4659B8BF4669B8CF4679B8DF4689B56
:108620008EF4699B8FF46A9B90F46B9B91F46C9B26
:1086300092F46D9B93F46E9B94F46F9B95F4709BF6
:1086400096F4719B97F4729B98F4739B99F4749BC6
:108650009AF4759B9BF4769B9CF4779B9DF4789B96
:108660009EF4799B9FF47A9BA0F47B9BA1F41F7CE2
:10867000A2F42A7CA3F4267CA4F4387CA5F4417CE3
:10868000A6F4407CA7F4FE81A8F40182A9F402823A
:10869000AAF40482ABF4EC81ACF44488ADF42182FA
:1086A000AEF42282AFF42382B0F42D82B1F42F8293
:1086B000B2F42882B3F42B82B4F43882B5F43B824E
:1086C000B6F43382B7F43482B8F43E82B9F444820B
:1086D000BAF44982BBF44B82BCF44F82BDF45A8297
:1086E000BEF45F82BFF46882C0F47E88C1F48588DE
:1086F000C2F48888C3F4D888C4F4DF88C5F45E89DE
:10870000C6F49D7FC7F49F7FC8F4A77FC9F4AF7FED
:10871000CAF4B07FCBF4B27FCCF47C7CCDF4496555
:10872000CEF4917CCFF49D7CD0F49C7CD1F49E7CE3
:10873000D2F4A27CD3F4B27CD4F4BC7CD5F4BD7C5E
:10874000D6F4C17CD7F4C77CD8F4CC7CD9F4CD7CEA
:10875000DAF4C87CDBF4C57CDCF4D77CDDF4E87C9F
:10876000DEF46E82DFF4A866E0F4BF7FE1F4CE7F32
:10877000E2F4D57FE3F4E57FE4F4E17FE5F4E67F1E
:10878000E6F4E97FE7F4EE7FE8F4F37FE9F4F87CC0
:10879000EAF4777DEBF4A67DECF4AE7DEDF4477E54
:1087A000EEF49B7EEFF4B89EF0F4B49EF1F4738D7A
:1087B000F2F4848DF3F4948DF4F4918DF5F4B18D8D
:1087C000F6F4678DF7F46D8DF8F4478CF9F4498C65
:1087D000FAF44A91FBF45091FCF44E91FDF44F9160
:1087E000FEF4649140F57C9B41F57D9B42F57E9BB8
:1087F00043F57F9B44F5809B45F5819B46F5829B25
:1088000047F5839B48F5849B49F5859B4AF5869BF4
:108810004BF5879B4CF5889B4DF5899B4EF58A9BC4
:108820004FF58B9B50F58C9B51F58D9B52F58E9B94
:1088300053F58F9B54F5909B55F5919B56F5929B64
:1088400057F5939B58F5949B59F5959B5AF5969B34
:108850005BF5979B5CF5989B5DF5999B5EF59A9B04
:108860005FF59B9B60F59C9B61F59D9B62F59E9BD4
:1088700063F59F9B64F5A09B65F5A19B66F5A29BA4
:1088800067F5A39B68F5A49B69F5A59B6AF5A69B74
:108890006BF5A79B6CF5A89B6DF5A99B6EF5AA9B44
:1088A0006FF5AB9B70F5AC9B71F5AD9B72F5AE9B14
:1088B00073F5AF9B74F5B09B75F5B19B76F5B29BE4
:1088C00077F5B39B78F5B49B79F5B59B7AF5B69BB4
:1088D0007BF5B79B7CF5B89B7DF5B99B7EF5BA9B84
:1088E00080F5BB9B81F5BC9B82F5BD9B83F5BE9B50
:1088F00084F5BF9B85F5C09B86F5C19B87F5C29B20
:1089000088F5C39B89F5C49B8AF5C59B8BF5C69BEF
:108910008CF5C79B8DF5C89B8EF5C99B8FF5CA9BBF
:1089200090F5CB9B91F5CC9B92F5CD9B93F5CE9B8F
:1089300094F5CF9B95F5D09B96F5D19B97F5D29B5F
:1089400098F5D39B99F5D49B9AF5D59B9BF5D69B2F
:108950009CF5D79B9DF5D89B9EF5D99B9FF5DA9BFF
:10896000A0F5DB9BA1F56291A2F56191A3F5709151
:10897000A4F56991A5F56F91A6F57D91A7F57E9176
:10898000A8F57291A9F57491AAF57991ABF58C913E
:10899000ACF58591ADF59091AEF58D91AFF59191D6
:1089A000B0F5A291B1F5A391B2F5AA91B3F5AD914D
:1089B000B4F5AE91B5F5AF91B6F5B591B7F5B49103
:1089C000B8F5BA91B9F5558CBAF57E9EBBF5B88D60
:1089D000BCF5EB8DBDF5058EBEF5598EBFF5698EE4
:1089E000C0F5B58DC1F5BF8DC2F5BC8DC3F5BA8D8F
:1089F000C4F5C48DC5F5D68DC6F5D78DC7F5DA8D0E
:108A0000C8F5DE8DC9F5CE8DCAF5CF8DCBF5DB8DE2
:108A1000CCF5C68DCDF5EC8DCEF5F78DCFF5F88D77
:108A2000D0F5E38DD1F5F98DD2F5FB8DD3F5E48D3D
:108A3000D4F5098ED5F5FD8DD6F5148ED7F51D8E9E
:108A4000D8F51F8ED9F52C8EDAF52E8EDBF5238E18
:108A5000DCF52F8EDDF53A8EDEF5408EDFF5398EB2
:108A6000E0F5358EE1F53D8EE2F5318EE3F5498E88
:108A7000E4F5418EE5F5428EE6F5518EE7F5528E2E
:108A8000E8F54A8EE9F5708EEAF5768EEBF57C8E88
:108A9000ECF56F8EEDF5748EEEF5858EEFF58F8E1D
:108AA000F0F5948EF1F5908EF2F59C8EF3F59E8E96
:108AB000F4F5788CF5F5828CF6F58A8CF7F5858CD3
:108AC000F8F5988CF9F5948CFAF59B65FBF5D68949
:108AD000FCF5DE89FDF5DA89FEF5DC8940F6DC9BE4
:108AE00041F6DD9B42F6DE9B43F6DF9B44F6E09BBE
:108AF00045F6E19B46F6E29B47F6E39B48F6E49B8E
:108B000049F6E59B4AF6E69B4BF6E79B4CF6E89B5D
:108B10004DF6E99B4EF6EA9B4FF6EB9B50F6EC9B2D
:108B200051F6ED9B52F6EE9B53F6EF9B54F6F09BFD
:108B300055F6F19B56F6F29B57F6F39B58F6F49BCD
:108B400059F6F59B5AF6F69B5BF6F79B5CF6F89B9D
:108B50005DF6F99B5EF6FA9B5FF6FB9B60F6FC9B6D
:108B600061F6FD9B62F6FE9B63F6FF9B64F6009C3C
:108B700065F6019C66F6029C67F6039C68F6049C09
:108B800069F6059C6AF6069C6BF6079C6CF6089CD9
:108B90006DF6099C6EF60A9C6FF60B9C70F60C9CA9
:108BA00071F60D9C72F60E9C73F60F9C74F6109C79
:108BB00075F6119C76F6129C77F6139C78F6149C49
:108BC00079F6159C7AF6169C7BF6179C7CF6189C19
:108BD0007DF6199C7EF61A9C80F61B9C81F61C9CE7
:108BE00082F61D9C83F61E9C84F61F9C85F6209CB5
:108BF00086F6219C87F6229C88F6239C89F6249C85
:108C00008AF6259C8BF6269C8CF6279C8DF6289C54
:108C10008EF6299C8FF62A9C90F62B9C91F62C9C24
:108C200092F62D9C93F62E9C94F62F9C95F6309CF4
:108C300096F6319C97F6329C98F6339C99F6349CC4
:108C40009AF6359C9BF6369C9CF6379C9DF6389C94
:108C50009EF6399C9FF63A9CA0F63B9CA1F6E589CE
:108C6000A2F6EB89A3F6EF89A4F63E8AA5F6268B39
:108C7000A6F65397A7F6E996A8F6F396A9F6EF9607
:108C8000AAF60697ABF60197ACF60897ADF60F97E4
:108C9000AEF60E97AFF62A97B0F62D97B1F630974D
:108CA000B2F63E97B3F6809FB4F6839FB5F6859FE4
:108CB000B6F6869FB7F6879FB8F6889FB9F6899F64
:108CC000BAF68A9FBBF68C9FBCF6FE9EBDF60B9F44
:108CD000BEF60D9FBFF6B996C0F6BC96C1F6BD961E
:108CE000C2F6CE96C3F6D296C4F6BF77C5F6E09626
:108CF000C6F68E92C7F6AE92C8F6C892C9F63E93F3
:108D0000CAF66A93CBF6CA93CCF68F93CDF63E940F
:108D1000CEF66B94CFF67F9CD0F6829CD1F6859CE4
:108D2000D2F6869CD3F6879CD4F6889CD5F6237A17
:108D3000D6F68B9CD7F68E9CD8F6909CD9F6919C53
:108D4000DAF6929CDBF6949CDCF6959CDDF69A9C18
:108D5000DEF69B9CDFF69E9CE0F69F9CE1F6A09CD5
:108D6000E2F6A19CE3F6A29CE4F6A39CE5F6A59CA2
:108D7000E6F6A69CE7F6A79CE8F6A89CE9F6A99C6F
:108D8000EAF6AB9CEBF6AD9CECF6AE9CEDF6B09C37
:108D9000EEF6B19CEFF6B29CF0F6B39CF1F6B49C03
:108DA000F2F6B59CF3F6B69CF4F6B79CF5F6BA9CD1
:108DB000F6F6BB9CF7F6BC9CF8F6BD9CF9F6C49C95
:108DC000FAF6C59CFBF6C69CFCF6C79CFDF6CA9C51
:108DD000FEF6CB9C40F73C9C41F73D9C42F73E9C05
:108DE00043F73F9C44F7409C45F7419C46F7429C23
:108DF00047F7439C48F7449C49F7459C4AF7469CF3
:108E00004BF7479C4CF7489C4DF7499C4EF74A9CC2
:108E10004FF74B9C50F74C9C51F74D9C52F74E9C92
:108E200053F74F9C54F7509C55F7519C56F7529C62
:108E300057F7539C58F7549C59F7559C5AF7569C32
:108E40005BF7579C5CF7589C5DF7599C5EF75A9C02
:108E50005FF75B9C60F75C9C61F75D9C62F75E9CD2
:108E600063F75F9C64F7609C65F7619C66F7629CA2
:108E700067F7639C68F7649C69F7659C6AF7669C72
:108E80006BF7679C6CF7689C6DF7699C6EF76A9C42
:108E90006FF76B9C70F76C9C71F76D9C72F76E9C12
:108EA00073F76F9C74F7709C75F7719C76F7729CE2
:108EB00077F7739C78F7749C79F7759C7AF7769CB2
:108EC0007BF7779C7CF7789C7DF7799C7EF77A9C82
:108ED00080F77B9C81F77D9C82F77E9C83F7809C4A
:108EE00084F7839C85F7849C86F7899C87F78A9C06
:108EF00088F78C9C89F78F9C8AF7939C8BF7969CBC
:108F00008CF7979C8DF7989C8EF7999C8FF79D9C7A
:108F100090F7AA9C91F7AC9C92F7AF9C93F7B99C01
:108F200094F7BE9C95F7BF9C96F7C09C97F7C19CA1
:108F300098F7C29C99F7C89C9AF7C99C9BF7D19C5B
:108F40009CF7D29C9DF7DA9C9EF7DB9C9FF7E09CF8
:108F5000A0F7E19CA1F7CC9CA2F7CD9CA3F7CE9CF7
:108F6000A4F7CF9CA5F7D09CA6F7D39CA7F7D49CD9
:108F7000A8F7D59CA9F7D79CAAF7D89CABF7D99CA2
:108F8000ACF7DC9CADF7DD9CAEF7DF9CAFF7E29C65
:108F9000B0F77C97B1F78597B2F79197B3F79297AF
:108FA000B4F79497B5F7AF97B6F7AB97B7F7A39722
:108FB000B8F7B297B9F7B497BAF7B19ABBF7B09AC6
:108FC000BCF7B79ABDF7589EBEF7B69ABFF7BA9AE4
:108FD000C0F7BC9AC1F7C19AC2F7C09AC3F7C59A45
:108FE000C4F7C29AC5F7CB9AC6F7CC9AC7F7D19AFD
:108FF000C8F7459BC9F7439BCAF7479BCBF7499BEB
:10900000CCF7489BCDF74D9BCEF7519BCFF7E89817
:10901000D0F70D99D1F72E99D2F75599D3F75499E6
:10902000D4F7DF9AD5F7E19AD6F7E69AD7F7EF9A11
:10903000D8F7EB9AD9F7FB9ADAF7ED9ADBF7F99ABA
:10904000DCF7089BDDF70F9BDEF7139BDFF71F9B19
:10905000E0F7239BE1F7BD9EE2F7BE9EE3F73B7E80
:10906000E4F7829EE5F7879EE6F7889EE7F78B9EFA
:10907000E8F7929EE9F7D693EAF79D9EEBF79F9E5D
:10908000ECF7DB9EEDF7DC9EEEF7DD9EEFF7E09E62
:10909000F0F7DF9EF1F7E29EF2F7E99EF3F7E79E25
:1090A000F4F7E59EF5F7EA9EF6F7EF9EF7F7229FB5
:1090B000F8F72C9FF9F72F9FFAF7399FFBF7379FA7
:1090C000FCF73D9FFDF73E9FFEF7449F40F8E39C71
:1090D00041F8E49C42F8E59C43F8E69C44F8E79CA0
:1090E00045F8E89C46F8E99C47F8EA9C48F8EB9C70
:1090F00049F8EC9C4AF8ED9C4BF8EE9C4CF8EF9C40
:109100004DF8F09C4EF8F19C4FF8F29C50F8F39C0F
:1091100051F8F49C52F8F59C53F8F69C54F8F79CDF
:1091200055F8F89C56F8F99C57F8FA9C58F8FB9CAF
:1091300059F8FC9C5AF8FD9C5BF8FE9C5CF8FF9C7F
:109140005DF8009D5EF8019D5FF8029D60F8039D4B
:1091500061F8049D62F8059D63F8069D64F8079D1B
:1091600065F8089D66F8099D67F80A9D68F80B9DEB
:1091700069F80C9D6AF80D9D6BF80E9D6CF80F9DBB
:109180006DF8109D6EF8119D6FF8129D70F8139D8B
:1091900071F8149D72F8159D73F8169D74F8179D5B
:1091A00075F8189D76F8199D77F81A9D78F81B9D2B
:1091B00079F81C9D7AF81D9D7BF81E9D7CF81F9DFB
:1091C0007DF8209D7EF8219D80F8229D81F8239DC9
:1091D00082F8249D83F8259D84F8269D85F8279D97
:1091E00086F8289D87F8299D88F82A9D89F82B9D67
:1091F0008AF82C9D8BF82D9D8CF82E9D8DF82F9D37
:109200008EF8309D8FF8319D90F8329D91F8339D06
:1092100092F8349D93F8359D94F8369D95F8379DD6
:1092200096F8389D97F8399D98F83A9D99F83B9DA6
:109230009AF83C9D9BF83D9D9CF83E9D9DF83F9D76
:109240009EF8409D9FF8419DA0F8429D40F9439DA6
:1092500041F9449D42F9459D43F9469D44F9479D96
:1092600045F9489D46F9499D47F94A9D48F94B9D66
:1092700049F94C9D4AF94D9D4BF94E9D4CF94F9D36
:109280004DF9509D4EF9519D4FF9529D50F9539D06
:1092900051F9549D52F9559D53F9569D54F9579DD6
:1092A00055F9589D56F9599D57F95A9D58F95B9DA6
:1092B00059F95C9D5AF95D9D5BF95E9D5CF95F9D76
:1092C0005DF9609D5EF9619D5FF9629D60F9639D46
:1092D00061F9649D62F9659D63F9669D64F9679D16
:1092E00065F9689D66F9699D67F96A9D68F96B9DE6
:1092F00069F96C9D6AF96D9D6BF96E9D6CF96F9DB6
:109300006DF9709D6EF9719D6FF9729D70F9739D85
:1093100071F9749D72F9759D73F9769D74F9779D55
:1093200075F9789D76F9799D77F97A9D78F97B9D25
:1093300079F97C9D7AF97D9D7BF97E9D7CF97F9DF5
:109340007DF9809D7EF9819D80F9829D81F9839DC3
:1093500082F9849D83F9859D84F9869D85F9879D91
:1093600086F9889D87F9899D88F98A9D89F98B9D61
:109370008AF98C9D8BF98D9D8CF98E9D8DF98F9D31
:109380008EF9909D8FF9919D90F9929D91F9939D01
:1093900092F9949D93F9959D94F9969D95F9979DD1
:1093A00096F9989D97F9999D98F99A9D99F99B9DA1
:1093B0009AF99C9D9BF99D9D9CF99E9D9DF99F9D71
:1093C0009EF9A09D9FF9A19DA0F9A29D40FAA39DA1
:1093D00041FAA49D42FAA59D43FAA69D44FAA79D91
:1093E00045FAA89D46FAA99D47FAAA9D48FAAB9D61
:1093F00049FAAC9D4AFAAD9D4BFAAE9D4CFAAF9D31
:109400004DFAB09D4EFAB19D4FFAB29D50FAB39D00
:1094100051FAB49D52FAB59D53FAB69D54FAB79DD0
:1094200055FAB89D56FAB99D57FABA9D58FABB9DA0
:1094300059FABC9D5AFABD9D5BFABE9D5CFABF9D70
:109440005DFAC09D5EFAC19D5FFAC29D60FAC39D40
:1094500061FAC49D62FAC59D63FAC69D64FAC79D10
:1094600065FAC89D66FAC99D67FACA9D68FACB9DE0
:1094700069FACC9D6AFACD9D6BFACE9D6CFACF9DB0
:109480006DFAD09D6EFAD19D6FFAD29D70FAD39D80
:1094900071FAD49D72FAD59D73FAD69D74FAD79D50
:1094A00075FAD89D76FAD99D77FADA9D78FADB9D20
:1094B00079FADC9D7AFADD9D7BFADE9D7CFADF9DF0
:1094C0007DFAE09D7EFAE19D80FAE29D81FAE39DBE
:1094D00082FAE49D83FAE59D84FAE69D85FAE79D8C
:1094E00086FAE89D87FAE99D88FAEA9D89FAEB9D5C
:1094F0008AFAEC9D8BFAED9D8CFAEE9D8DFAEF9D2C
:109500008EFAF09D8FFAF19D90FAF29D91FAF39DFB
:1095100092FAF49D93FAF59D94FAF69D95FAF79DCB
:1095200096FAF89D97FAF99D98FAFA9D99FAFB9D9B
:109530009AFAFC9D9BFAFD9D9CFAFE9D9DFAFF9D6B
:109540009EFA009E9FFA019EA0FA029E40FB039E97
:1095500041FB049E42FB059E43FB069E44FB079E87
:1095600045FB089E46FB099E47FB0A9E48FB0B9E57
:1095700049FB0C9E4AFB0D9E4BFB0E9E4CFB0F9E27
:109580004DFB109E4EFB119E4FFB129E50FB139EF7
:1095900051FB149E52FB159E53FB169E54FB179EC7
:1095A00055FB189E56FB199E57FB1A9E58FB1B9E97
:1095B00059FB1C9E5AFB1D9E5BFB1E9E5CFB249E62
:1095C0005DFB279E5EFB2E9E5FFB309E60FB349E04
:1095D00061FB3B9E62FB3C9E63FB409E64FB4D9E99
:1095E00065FB509E66FB529E67FB539E68FB549E34
:1095F00069FB569E6AFB599E6BFB5D9E6CFB5F9EF2
:109600006DFB609E6EFB619E6FFB629E70FB659EB4
:1096100071FB6E9E72FB6F9E73FB729E74FB749E59
:1096200075FB759E76FB769E77FB779E78FB789E22
:1096300079FB799E7AFB7A9E7BFB7B9E7CFB7C9EF2
:109640007DFB7D9E7EFB809E80FB819E81FB839EB9
:1096500082FB849E83FB859E84FB869E85FB899E80
:1096600086FB8A9E87FB8C9E88FB8D9E89FB8E9E47
:109670008AFB8F9E8BFB909E8CFB919E8DFB949E14
:109680008EFB959E8FFB969E90FB979E91FB989EDE
:1096900092FB999E93FB9A9E94FB9B9E95FB9C9EAE
:1096A00096FB9E9E97FBA09E98FBA19E99FBA29E77
:1096B0009AFBA39E9BFBA49E9CFBA59E9DFBA79E45
:1096C0009EFBA89E9FFBA99EA0FBAA9E40FCAB9E72
:1096D00041FCAC9E42FCAD9E43FCAE9E44FCAF9E62
:1096E00045FCB09E46FCB19E47FCB29E48FCB39E32
:1096F00049FCB59E4AFCB69E4BFCB79E4CFCB99EFD
:109700004DFCBA9E4EFCBC9E4FFCBF9E50FCC09EC2
:1097100051FCC19E52FCC29E53FCC39E54FCC59E8C
:1097200055FCC69E56FCC79E57FCC89E58FCCA9E58
:1097300059FCCB9E5AFCCC9E5BFCD09E5CFCD29E1E
:109740005DFCD39E5EFCD59E5FFCD69E60FCD79EE2
:1097500061FCD99E62FCDA9E63FCDE9E64FCE19EA5
:1097600065FCE39E66FCE49E67FCE69E68FCE89E62
:1097700069FCEB9E6AFCEC9E6BFCED9E6CFCEE9E25
:109780006DFCF09E6EFCF19E6FFCF29E70FCF39EF1
:1097900071FCF49E72FCF59E73FCF69E74FCF79EC1
:1097A00075FCF89E76FCFA9E77FCFD9E78FCFF9E89
:1097B00079FC009F7AFC019F7BFC029F7CFC039F4D
:1097C0007DFC049F7EFC059F80FC069F81FC079F1B
:1097D00082FC089F83FC099F84FC0A9F85FC0C9FE8
:1097E00086FC0F9F87FC119F88FC129F89FC149FA9
:1097F0008AFC159F8BFC169F8CFC189F8DFC1A9F72
:109800008EFC1B9F8FFC1C9F90FC1D9F91FC1E9F3C
:1098100092FC1F9F93FC219F94FC239F95FC249F07
:1098200096FC259F97FC269F98FC279F99FC289FD4
:109830009AFC299F9BFC2A9F9CFC2B9F9DFC2D9FA3
:109840009EFC2E9F9FFC309FA0FC319F40FD329FCD
:1098500041FD339F42FD349F43FD359F44FD369FBC
:1098600045FD389F46FD3A9F47FD3C9F48FD3F9F81
:1098700049FD409F4AFD419F4BFD429F4CFD439F48
:109880004DFD459F4EFD469F4FFD479F50FD489F14
:1098900051FD499F52FD4A9F53FD4B9F54FD4C9FE4
:1098A00055FD4D9F56FD4E9F57FD4F9F58FD529FB2
:1098B00059FD539F5AFD549F5BFD559F5CFD569F7C
:1098C0005DFD579F5EFD589F5FFD599F60FD5A9F4C
:1098D00061FD5B9F62FD5C9F63FD5D9F64FD5E9F1C
:1098E00065FD5F9F66FD609F67FD619F68FD629FEC
:1098F00069FD639F6AFD649F6BFD659F6CFD669FBC
:109900006DFD679F6EFD689F6FFD699F70FD6A9F8B
:1099100071FD6B9F72FD6C9F73FD6D9F74FD6E9F5B
:1099200075FD6F9F76FD709F77FD719F78FD729F2B
:1099300079FD739F7AFD749F7BFD759F7CFD769FFB
:109940007DFD779F7EFD789F80FD799F81FD7A9FC9
:1099500082FD7B9F83FD7C9F84FD7D9F85FD7E9F97
:1099600086FD819F87FD829F88FD8D9F89FD8E9F4B
:109970008AFD8F9F8BFD909F8CFD919F8DFD929F07
:109980008EFD939F8FFD949F90FD959F91FD969FD7
:1099900092FD979F93FD989F94FD9C9F95FD9D9FA1
:1099A00096FD9E9F97FDA19F98FDA29F99FDA39F65
:1099B0009AFDA49F9BFDA59F9CFD2CF99DFD79F927
:1099C0009EFD95F99FFDE7F9A0FDF1F940FE0CFA27
:1099D00041FE0DFA42FE0EFA43FE0FFA44FE11FA62
:1099E00045FE13FA46FE14FA47FE18FA48FE1FFA1F
:1099F00049FE20FA4AFE21FA4BFE23FA4CFE24FAD5
:109A00004DFE27FA4EFE28FA4FFE29FA000000000C
:109A100061001A03E0001703F8000703FF000100CC
:109A200078010001300132010601390110014A01BB
:109A30002E017901060180014D004302810182015E
:109A400082018401840186018701870189018A01DD
:109A50008B018B018D018E018F019001910191018C
:109A600093019401F60196019701980198013D0236
:109A70009B019C019D0120029F01A001A001A20168
:109A8000A201A401A401A601A701A701A901AA019D
:109A9000AB01AC01AC01AE01AF01AF01B101B2014C
:109AA000B301B301B501B501B701B801B801BA01FD
:109AB000BB01BC01BC01BE01F701C001C101C20173
:109AC000C301C401C501C401C701C801C701CA015E
:109AD000CB01CA01CD011001DD0101008E01DE01C3
:109AE0001201F3010300F101F401F401F80128016E
:109AF000220212013A020900652C3B023B023D02A0
:109B0000662C3F0240024102410246020A01530212
:109B1000400081018601550289018A0158028F01A6
:109B20005A0290015C025D025E025F0293016102D3
:109B3000620294016402650266026702970196015F
:109B40006A02622C6C026D026E029C01700271024C
:109B50009D01730274029F017602770278027902F6
:109B60007A027B027C02642C7E027F02A6018102C3
:109B70008202A9018402850286028702AE014402A4
:109B8000B101B20145028D028E028F029002910254
:109B9000B7017B030300FD03FE03FF03AC030400D6
:109BA0008603880389038A03B1031103C2030200F9
:109BB000A303A303C4030803CC0303008C038E0395
:109BC0008F03D8031801F2030A00F903F303F40327
:109BD000F503F603F703F703F903FA03FA03300476
:109BE000200350041007600422018A043601C104D6
:109BF0000E01CF040100C004D00444016105260415
:109C000000007D1D0100632C001E9601A01E5A015C
:109C1000001F0806101F0606201F0806301F080632
:109C2000401F0606511F0700591F521F5B1F541F7C
:109C30005D1F561F5F1F601F0806701F0E00BA1FB2
:109C4000BB1FC81FC91FCA1FCB1FDA1FDB1FF81F8E
:109C5000F91FEA1FEB1FFA1FFB1F801F0806901F4A
:109C60000806A01F0806B01F0400B81FB91FB21FC6
:109C7000BC1FCC1F0100C31FD01F0206E01F02063D
:109C8000E51F0100EC1FF31F0100FC1F4E21010026
:109C9000322170211002842101008321D0241A0571
:109CA000302C2F04602C0201672C0601752C020158
:109CB000802C6401002D260841FF1A0300000000DB
:109CC0003F000000646563006964000072756E7493
:109CD000696D650068656C70000000006C697374E4
:109CE0000000000068657800766F6964206C656428
:109CF0005F7365742875696E74385F74207374615E
:109D000029000000766F69642077726974655F616D
:109D10006464722875696E7433325F7420616464A0
:109D2000722C2075696E7433325F742076616C29F1
:109D30000000000075696E7433325F7420726561D3
:109D4000645F616464722875696E7433325F742075
:109D50006164647229000000766F6964206C63643A
:109D60005F646973706C61795F6469722875696E8C
:109D700074385F742064697229000000766F69642A
:109D8000206C63645F647261775F72656374616E97
:109D9000676C652875696E7431365F742078312C74
:109DA0002075696E7431365F742079312C207569A5
:109DB0006E7431365F742078322C2075696E743180
:109DC000365F742079322C2075696E7431365F7479
:109DD00020636F6C6F722900766F6964206C636416
:109DE0005F647261775F6C696E652875696E743146
:109DF000365F742078312C2075696E7431365F744B
:109E00002079312C2075696E7431365F7420783278
:109E10002C2075696E7431365F742079322C207570
:109E2000696E7431365F7420636F6C6F7229000045
:109E3000766F6964206C63645F73686F775F786EB8
:109E4000756D2875696E7431365F7420782C2075B5
:109E5000696E7431365F7420792C2075696E7433A5
:109E6000325F74206E756D2C2075696E74385F7466
:109E7000206C656E2C2075696E74385F7420736970
:109E80007A652C2075696E74385F74206D6F646517
:109E90002C2075696E7431365F7420636F6C6F723D
:109EA00029000000766F6964206C63645F73686FDB
:109EB000775F6E756D2875696E7431365F742078C2
:109EC0002C2075696E7431365F7420792C20756989
:109ED0006E7433325F74206E756D2C2075696E74EC
:109EE000385F74206C656E2C2075696E74385F74F1
:109EF0002073697A652C2075696E7431365F742021
:109F0000636F6C6F72290000766F6964206C636404
:109F10005F73686F775F737472696E672875696EB7
:109F20007431365F7420782C2075696E7431365F19
:109F30007420792C2075696E7431365F74207769CE
:109F40006474682C2075696E7431365F742068659E
:109F5000696768742C2075696E74385F7420736942
:109F60007A652C2063686172202A702C2075696ED6
:109F70007431365F7420636F6C6F722900000000CB
:109F8000766F6964206C63645F647261775F636994
:109F900072636C652875696E7431365F7420783031
:109FA0002C2075696E7431365F742079302C2075E1
:109FB000696E74385F7420722C2075696E74313646
:109FC0005F7420636F6C6F7229000000766F6964A4
:109FD000206C63645F647261775F706F696E742870
:109FE00075696E7431365F7420782C2075696E74D3
:109FF00031365F7420792C2075696E7431365F7448
:10A0000020636F6C6F722900766F6964206C6364E3
:10A010005F66696C6C2875696E7431365F74207385
:10A02000782C2075696E7431365F742073792C201A
:10A0300075696E7431365F742065782C2075696E91
:10A040007431365F742065792C2075696E743136F1
:10A050005F7420636F6C6F7229000000766F696413
:10A06000206C63645F636C6561722875696E74311E
:10A07000365F7420636F6C6F72290000766F6964BD
:10A080002064656C61795F6D732875696E74313613
:10A090005F74206E6D732900766F69642064656C4F
:10A0A00061795F75732875696E7433325F74206EE1
:10A0B0007573290075696E7431365F74206C636442
:10A0C0005F726561645F706F696E742875696E7424
:10A0D00031365F7420782C2075696E7431365F7468
:10A0E0002079290004A10308000000202C040000AE
:10A0F000E404000800A203082C040020D4C40100DA
:10A10000C84600081122F823FFFF6317EF13ADA61E
:10A11000140869A71408401432203210166840A4AD
:10A1200001201AF00C04130C0F68C2010011FF5338
:10A13000544D3332205344494F2054455354210148
:10A14000F123FFFF221FC012F81FF8E007FF07E00E
:10A15000FF07FC308418C640BC320182101324F47F
:10A160001EC09C0308D4041ADC041AC8041AE404B0
:10A170001AC4041ACC0413FFAC100808349D030859
:10A18000A1C01B080408138D4F1F087CA003089969
:10A19000081A98081355661B085C08136D911B0874
:10A1A00008081335681B08D8281371671F08809F9B
:10A1B0000308E7101A7C1013A9981C08A49E181213
:10A1C000991B0830081A1B081A08201AD1201ACC2B
:10A1D0000813A5941B08B4401A85501A583013155B
:10A1E0009B1B08E88013A00214208DB7140839B116
:10A1F0001B08CD041AC50C19BC29C301F1000000CD
:040000050800018965
:00000001FF
