:020000040800F2
:10000000B0C601209D0100083B330008ED2F000819
:100010003933000867050008394000080000000077
:100020000000000000000000000000008D3E0008FD
:1000300025060008000000003D3300088F3E000840
:10004000B7010008B7010008B7010008B7010008B0
:10005000B7010008B701000827060008B70100082B
:100060002D0600083306000839060008B70100080D
:10007000B7010008B7010008B7010008B701000880
:10008000B7010008B7010008B7010008B701000870
:10009000B7010008B7010008B7010008B701000860
:1000A000B7010008B7010008B7010008B701000850
:1000B000B7010008B7010008B7010008B701000840
:1000C000B7010008B7010008B7010008B701000830
:1000D000B7010008B7010008B7010008B701000820
:1000E000B7010008B7010008B7010008B701000810
:1000F000B7010008B7010008B7010008B701000800
:10010000B701000871330008B7010008B701000803
:10011000B7010008B7010008B7010008B7010008DF
:10012000B7010008B7010008B70100086905000819
:10013000B7010008B7010008B7010008B7010008BF
:10014000B7010008B7010008B7010008B7010008AF
:10015000B701000875050008B7010008B7010008DD
:10016000B7010008B7010008B7010008B70100088F
:10017000B7010008B7010008B7010008000000003F
:10018000B7010008B7010008DFF80CD000F0AEF9A5
:1001900000480047D9AA0008B0C601200648804799
:1001A00006480047FEE7FEE7FEE7FEE7FEE7FEE75C
:1001B000FEE7FEE7FEE7FEE71D3F000889010008B5
:1001C0002DE9F05F0546002092469B46884606468C
:1001D000814640241BE0284641464746224600F01F
:1001E00017F953465A46C01A914110D31146184682
:1001F000224600F0FEF82D1A67EB01084F46224612
:100200000120002100F0F5F817EB00094E41201EF7
:10021000A4F10104DFDC484631462A464346BDE8E6
:10022000F09F40EA01039B0703D009E008C9121FB1
:1002300008C0042AFAD203E011F8013B00F8013BA0
:10024000521EF9D27047D2B201E000F8012B491ECC
:10025000FBD270470022F6E710B513460A46044663
:100260001946FFF7F0FF204610BD421E12F8013F6D
:10027000002BFBD111F8013B02F8013B002BF9D117
:100280007047CAB2401E10F8011F8A4202D00029EE
:10029000F9D10020704730B504460020034600E045
:1002A0005B1C934203D2E05CCD5C401BF8D030BDB8
:1002B000034611F8012B00F8012B002AF9D118464A
:1002C00070472DE9FE4F81EA030404F0004421F059
:1002D000004100944FF0000B23F0004350EA01046A
:1002E0005ED052EA03045BD0C3F30A54C1F30A554B
:1002F0002C44A4F2F3340194A0FB0254C1F3130183
:1003000041F48011C3F3130343F4801301FB02444F
:1003100000FB034E840A970A44EA815447EA835754
:10032000A4FB076802958D0A05FB07854FEA932C0D
:1003300004FB0C542705029D4FEA065847EA16377E
:10034000B5EB08056EEB070C870E920E47EA811796
:1003500042EA8312A7FB0201B6EB0B0164EB000437
:100360002B0D43EA0C335E1844EB1C50DA46514621
:10037000E7FB0201C5F313044FEA0B3343EA1453BE
:100380004FEA0432019C43EA0603A4F10C040294F0
:10039000009CCDE900B400F05AF803B0BDE8F08F3E
:1003A00000200146F9E70EB540F2334102910021E9
:1003B000CDE900110A460B4600F049F803B000BD34
:1003C000C1F30A5210B5C1F3130140F2FF3341F4F7
:1003D00080119A4201DA002010BD40F233439A4264
:1003E000A2F2334203DC524200F012F810BD9040FA
:1003F00010BD202A04DB203A00FA02F100207047E9
:100400009140C2F1200320FA03F319439040704752
:10041000202A04DB203A21FA02F00021704721FA59
:1004200002F3D040C2F120029140084319467047C0
:1004300010B5141E73F1000408DA401C41F10001EC
:1004400092185B411A4301D120F0010010BD2DE943
:10045000F04D92469B4611B1B1FA81F202E0B0FA3A
:1004600080F220329046FFF7C4FF04460F4640EA70
:100470000A0041EA0B0153465A46084313D011467D
:1004800053EA010019D0C8F140025046FFF7C0FFFF
:1004900005460E46504659464246FFF7AAFF084316
:1004A00005D0012004E020463946BDE8F08D00204B
:1004B000054346EAE0762C4337430A986305E40A8D
:1004C000A0EB08000022FD0A44EA47540A3002D596
:1004D00000200146E9E7010510196941DDE90845F9
:1004E00000196941BDE8F04DA2E70000064C074D38
:1004F00006E0E06840F0010394E8070098471034F4
:10050000AC42F6D3FFF744FE6C0701088C070108E4
:1005100070B58C1810F8015B15F0070301D110F8C5
:10052000013B2A1106D110F8012B03E010F8016BF2
:1005300001F8016B5B1EF9D12B0705D40023521E75
:100540000DD401F8013BFAE710F8013BCB1A921CDD
:1005500003E013F8015B01F8015B521EF9D5A142DB
:10056000D8D3002070BDFEE7014800F0E9B80000D4
:10057000D0BF0120014800F0E3B8000030C00120E6
:1005800001681823CAB2103AB2FBF3F2054B6FF3BD
:100590000901032A9B5CC36500D9091D81650846D2
:1005A00070470000C8FF000810B5014600208B69A5
:1005B0008A6A4FF0C07453B1B3F5005F15D072B1C1
:1005C000012A0CD0022A0AD0032A09D104E01AB168
:1005D000012A06D0022A03D1C96AC90100D5012027
:1005E00010BDC96AA142FAD010BD002AF7D0012A75
:1005F000F2D0022AF3D0032AF3D010BD30B504683C
:10060000256825F480252560046863608368402B95
:10061000036803D099600068C26030BD9A600068CA
:10062000C16030BD7047012000F0F2BF042000F02F
:10063000EFBF082000F0ECBF102000F0E9BF7047CA
:1006400070B5B3F5804F05D06FF0704140F82210BF
:10065000002070BD50F82240084B8E891C40D1E923
:10066000003543EA05138D6889692D0245EA064580
:100670002B430B43234340F82230E9E70000F0CF3F
:10068000F0B50C6850F82430114A1340D1E9012527
:10069000D1E903672A433E4332434E6932438E69B0
:1006A0003243CE6932430E6A32434E6A32438E6A17
:1006B0003243CE6A3243CE6B096B32430A431A434C
:1006C000082D01D142F0400240F824200020F0BD66
:1006D0008000F0FF30B500EB820250688D8900F099
:1006E0004043D1E9000440EA04108C68240244EA43
:1006F000054420430C8A074D05EB045420430C7D30
:100700006D0105EB04648969204308431843506078
:10071000002030BD0000F0FF90F83510022903D012
:100720008021416501207047052180F8351000685F
:10073000016821F00101016000207047406D7047A1
:100740002DE9F84304464FF00009CDF800906348C6
:100750004FF41651A56D0068B0FBF1F72E6894F8C0
:100760005C10082000FA01F131420FD021680A68BC
:1007700052070BD50A6822F004020A6094F85C1054
:100780008840A860606D40F00100606594F85C10DE
:100790004FF0010808FA01F0304208D02168496999
:1007A000090604D5A860606D40F00200606594F809
:1007B0005C1004208840304208D02168096889070D
:1007C00004D5A860606D40F00400606594F85C108A
:1007D00010208840304218D021680968090714D5D4
:1007E000A86020680168490304D50068000308D5A3
:1007F000A16C07E00168C90503D4016821F0080174
:100800000160216C09B12046884794F85C102020D3
:100810008840304231D021680968C9062DD5A860CA
:1008200094F8350005282068016806D0490347D5AB
:10083000006800031DD4616C1CE021F0160101600A
:100840002068416921F080014161206C08B9A06CE9
:1008500020B12068016821F00801016094F85C1063
:100860003F208840A86084F8349084F83580216D5A
:100870001FE0E16B09B120468847606D00282BD04E
:10088000606DC00714D0052084F835002068016829
:1008900021F0010101600098401C0090B84203D88B
:1008A00020680068C007F6D184F8349084F8358059
:1008B000E16C002910D001B02046BDE8F0430847A4
:1008C0000168C905D5D4016821F01001016084F8E0
:1008D000349084F83580CCE7BDE8F883AC02002082
:1008E0002DE9F041044600F0A3FF06465CB1002567
:1008F00084F83450022084F835002068016821F023
:10090000010101600DE00120BDE8F08100F090FFE1
:10091000801B052805D920206065032084F8350058
:10092000F2E720680068C007F0D12268116820480B
:100930000140D4E901031843D4E903363343184393
:1009400063691843A3691843E3691843236A18438A
:100950000843616A042903D1D4E90B1319430843FE
:10096000106020684069666A20F0070130460E4337
:10097000012704280CD1A06A0643E06A40B1204652
:10098000FFF712FE20B14020606584F83570BAE7A9
:10099000206846612046FFF7F3FD94F85C203F2174
:1009A00091408160656584F835700020ACE70000F7
:1009B0003F8010F02DE9F0410446866D90F8340038
:1009C000002501280DD0012084F8340094F83570FA
:1009D0000020012F07D084F8340002252846BDE806
:1009E000F0810220FBE7022784F83570606520461D
:1009F000FFF704FE94F85C103F208840B060206848
:100A0000016841F016010160206C20B12068016886
:100A100041F0080101602068016841F001010160B6
:100A2000DCE780B204F05AB9F0B587B0142168460B
:100A3000FFF710FC1F480168002939D10124046028
:100A40001D48016841F0010101600068022500F0C5
:100A5000010005904FF23F00CDE9000502AA0326F0
:100A60000C2782E8D0006946144800F0DDFD41F211
:100A70003F40CDE9000502AA694682E8D00010484F
:100A800000F0D2FD4FF68370CDE9000502AA694659
:100A900082E8D0000B4800F0C7FD4FF63370CDE977
:100AA000000502AA694682E8D000074800F0BCFDB4
:100AB00007B0F0BD7C02002038380240001402402C
:100AC0000018024000100240000C02402DE9FE4FC9
:100AD00007460A20FFF7A5FFF24C1025012F7DD015
:100AE0001F26042F7BD04FF47A79082F78D0102F4F
:100AF00077D1EDA003F0A2FAF1A003F09FFA00274E
:100B0000012327721A4604F12C01F24801F0B2FFCA
:100B1000002818D0F0A003F091FA484604F0DEF85F
:100B2000F7A003F08BFA012367721A46F949E948E6
:100B300001F02CFEDFF8DC93002828D0F6A047E077
:100B40000120FFF76EFF207A0028F9D0E14801F07C
:100B50001FFB0428F4D1FAA003F070FAFEA0CDE93F
:100B600000501023C822FA2102961E2009F065FECB
:100B7000CC4810232C30CDE90050D122FA21029626
:100B8000E12009F05AFEC8E70120FFF74AFF607A2A
:100B90000028F9D0F7A003F051FAE77199F80000A6
:100BA000C84628B118F80710781CE071F7A006E0D5
:100BB000FCA003F043FA04E0401CE071FEA003F047
:100BC0003DFA94F9070018F800100029F4D1BBA0F1
:100BD00003F034FAB846E7714F4603E0CFE079E01E
:100BE00031E0CAE094F90700395CF4A003F026FA7A
:100BF000E079401C40B2E0711028EEDBAFA003F0BA
:100C00001DFA84F8078000BF94F90700395CECA056
:100C100003F014FAE079401C40B2E0711028F3DBD5
:100C2000A6A003F00BFAE7A0CDE900501023C822DC
:100C3000FA2102961E2009F000FE1023D122FA218B
:100C4000E120029695E0E6A003F0F8F9EBA003F0AE
:100C5000F5F9B04821691022103864390AF0F6FE1F
:100C6000ECA003F0EBF9F2A0CDE900504FF4877847
:100C70001023E622414602961E2009F0DEFDA54F14
:100C80004146103FCDE900571023D1220846029675
:100C900009F0D3FDEEA003F0D1F9484604F01EF8A8
:100CA00021691022384664390AF03CFE3946EEA02C
:100CB00003F0C4F9F3A0CDE900501023E622414629
:100CC00002961E2009F0B9FD10234146D1220846A4
:100CD00002964EE0F3A003F0B1F9F8A003F0AEF9EC
:100CE0004FF4006120780AF0B9FD606188B194F991
:100CF0000120511C6170F7A103F0B0F96069102365
:100D0000CDE90050D1224FF4917102961E2009F0D6
:100D100094FDF6A1F948626903F0A0F9F74F10239A
:100D2000CDE90057D1224FF49B711E20029609F0A5
:100D300084FDF3A0CDE900504FF4A5781023C8221C
:100D4000414602961E2009F078FD00200AF032FD8F
:100D50000A21B0FBF1F201FB1203B0FBF1F2A0811A
:100D6000EBA1384603F07AF91023C82241468E20C1
:100D70000296CDE9005709F060FDBDE8FE8FE7A0BF
:100D800003F05CF9ECA003F059F9F5A1CDE90051AD
:100D90004FF478484FF4FF7B474610234FF48C7292
:100DA000CDF8088059461E2009F047FDF5A003F054
:100DB00045F94FF6FF766A23DC2259461420009647
:100DC00009F09EF9F7A1CDE900511023C82202973E
:100DD00059461E2009F031FD6A23DC2240F212211F
:100DE0001420009609F08CF9A246F64FA946444615
:100DF00028E2F5A003F022F940F21228554613E04C
:100E0000F5A1CDF80090CDE901141023C822414688
:100E10001E2009F012FD0122F4A1386805F0ECF95A
:100E2000E870142003F05AFFE8780028E8D140F277
:100E300012286A23DC2241461420009609F060F94A
:100E4000EBA1CDF80090CDE901141023C822414652
:100E50001E2009F0F2FCE5A3102240F22621142006
:100E6000009405F069FF687140F23A28AA4613E041
:100E700045464146142009F043F9C82003F02EFFEF
:100E8000E0A1CDF80090CDE90114102340F2122228
:100E900029461E2009F0D1FC9AF805004FF06A039C
:100EA000BAE10000380000204B657930207072658F
:100EB00073732C2054657374205344210A0000007E
:100EC00073746172742077726974652053442120B1
:100ED0000A0000004CBF01205772697465206661EA
:100EE000696C65642C20736F6D657468696E67202A
:100EF0006572726F72206F636375726564210A0098
:100F00007374617274207265616420534421200AF5
:100F10000000000010BC0120526561642066616918
:100F20006C65642C20736F6D657468696E672065ED
:100F300072726F72206F636375726564210A0000BC
:100F400057726974652053442073756363657373C6
:100F5000656421200A00000053442077726974659B
:100F600020736F6D657468696E67206C696B653A94
:100F70002000000052656164205344207375636350
:100F8000657373656421200A000000007265616466
:100F900020736F6D657468696E67206C696B653A64
:100FA000202563007265616420736F6D65207A652A
:100FB000726F730A000000002563000025642000A2
:100FC000256320005344207265616420736F6D6552
:100FD0007468696E67206C696B653A2000000000D8
:100FE0004B6579312070726573732C20546573746E
:100FF000206E6F72666C617368210A0053746172AF
:101000007420777269746520573235513132382136
:10101000200A0000777269746520573235513132E9
:10102000382066696E697368656421200A000000D3
:101030004E6F72666C617368207772697465207395
:101040006F6D657468696E67206C696B653A200026
:101050005374617274207265616420573235513166
:101060003238210A000000007265616420736F6DE0
:10107000657468696E67206C696B653A2025730A30
:10108000000000004E6F72666C61736820726561CB
:101090006420736F6D657468696E67206C696B6539
:1010A0003A2000004B6579322070726573732C20F2
:1010B00054657374205352414D210A005352414DDF
:1010C000207374617274206D616C6C6F6321200AEF
:1010D000000000004D656D6F7279204D616C6C6F82
:1010E00063205465737425303364000050204164DC
:1010F00064723A30582530385800000010BE012084
:101100005352414D494E202020555345443A00004A
:1011100025642E2530316425250000004B65795F5C
:1011200075702070726573732C20757064617465BE
:1011300020666F6E74210A005374617274206572A8
:10114000617365206E6F72666C617368206368619D
:10115000726163746F72206C6962210A0000000082
:101160005374617274206572617365206E6F72666C
:101170006C61736820636861726163746F72206C64
:1011800069622100457261736564206E6F72666CDE
:1011900061736820636861726163746F72206C6947
:1011A00062210A00457261736564206E6F72666C1D
:1011B00061736820636861726163746F72206C6927
:1011C00062210000BC0200207570646174652066B5
:1011D0006F6E740D0A000000534420436F6E6E65FD
:1011E0006374696E672E2E2E00000000303A0000F6
:1011F000466F6E74205570646174696E672E2E2E72
:1012000000000000466F6E742055706461746520A4
:101210004661696C656421004FF0DC02009600288D
:101220007FF426AE41464FF0140008F069FF96A106
:10123000CDF80090CDE901141023C82241461E20AC
:1012400009F0FBFA05F014FD00287FF4D2AD94A05C
:1012500002F0F4FE9BA002F0F1FE6A23DC22594664
:101260001420009608F04CFF9DA0CDF80090CDE929
:1012700001044D461023C82259461E2009F0DDFA0C
:1012800040F27628A9466BE09CA002F0D7FE5546B6
:1012900016E0AFF2BC01CDF80090CDE901141023A7
:1012A000C82240F24E211E2009F0C7FA0122AFF2F7
:1012B000C401386804F0A0FFE870142003F00EFDAC
:1012C000E8780028E5D16A23DC2240F24E21142080
:1012D000009608F015FF8DA1CDF80090CDE901141E
:1012E0001023C82240F24E211E2009F0A6FAAFF2C8
:1012F0000413102240F262211420009406F066F8D4
:10130000A871AA4613E045464146142008F0F8FEAD
:10131000C82003F0E3FC82A1CDF80090CDE90114D0
:10132000102340F2122229461E2009F086FA9AF86C
:1013300006004FF06A034FF0DC0200960028E2D16D
:1013400041464FF0140008F0DBFE7AA1CDF8009082
:10135000CDE901141023C82241461E2009F06DFA80
:1013600006F014F800288FD178A002F067FE80A064
:1013700002F064FEB0466A23DC225D465946142022
:10138000009608F0BDFE81A1CDF80090CDE90114D2
:101390001023C82229461E2009F04FFA40F28A2B5A
:1013A000554668E080A002F049FE4E4614E0AFF2D8
:1013B000D8100096CDE901041023C82259461E20FA
:1013C00009F03BFA0122AFF2DC11386804F014FF97
:1013D000E870142003F082FCE8780028E7D16A2343
:1013E000DC2259461420CDF8008008F089FE73A055
:1013F0000096CDE901041023C82259461E2009F0A9
:101400001CFAAFF21823102240F29E2114200094FF
:101410000BF02EFBB146A87140F2122A40F2B22620
:1014200010E000BF08F06CFEC82003F057FC69A173
:10143000CDF80090CDE901141023524631461E200C
:1014400009F0FBF9A8794FF06A0300284FF0DC029D
:1014500031464FF01400CDF80080E3D108F050FE83
:1014600063A1CDF80090CDE901141023C8223146C4
:101470001E2009F0E2F90BF0DBFA002892D1A86AED
:10148000BDE8FE4F0AF058BD466F6E74205570647B
:101490006174652053756363657373212020200098
:1014A0005374617274206572617365206E6F726629
:1014B0006C6173682069636F6E73206C6962210AC6
:1014C00000000000457261736564206E6F72666C87
:1014D0006173682069636F6E73206C6962210A0012
:1014E000457261736564206E6F72666C617368200B
:1014F00069636F6E73206C696221000075706461AE
:1015000074652069636F6E0D0A00000049636F6E99
:10151000205570646174696E672E2E2E00000000E5
:1015200049636F6E20557064617465204661696C13
:101530006564210049636F6E205570646174652095
:1015400053756363657373212020200053746172A7
:1015500074206572617365206E6F72666C6173686A
:10156000207765622066696C6573210A00000000BF
:10157000457261736564206E6F72666C617368207A
:101580007765622066696C6573210A004572617334
:101590006564206E6F72666C617368207765622087
:1015A00066696C65732100007570646174652077ED
:1015B00065622066696C65730D0A000057656220DC
:1015C00066696C6573205570646174696E672E2E50
:1015D0002E0000005765622066696C6573205570A7
:1015E00064617465204661696C65642100000000D7
:1015F0005765622066696C65732055706461746517
:101600002053756363657373212020200000000060
:10161000044910B50A68024202D00860FFF756FA82
:1016200010BD0000143C01402DE9F84FDFF8B8A1CF
:10163000002201250AF1040B03264FF00F090BF1DC
:10164000040E00BF0B6805FA02F42340A3426FD1D9
:101650000F7907F00307012F01D0022F16D18768F9
:101660004FEA420806FA08FC27EA0C07D1F80CC03A
:101670000CFA08FC4CEA070CC0F808C04768A743FE
:101680000C79C4F3001494403C4344600C79E44367
:10169000A4070AD0C4684FEA420C06FA0CF7BC4310
:1016A0008F6807FA0CF72743C7600C7904F003042E
:1016B000022C12D1D40800EB840CDCF82040570730
:1016C000FF0E09FA07F824EA0804D1F8108008FA96
:1016D00007F848EA0408CCF8208004684FEA420C76
:1016E00006FA0CF7BC430F7907F0030707FA0CF76B
:1016F000274307604C68E40070D53C4C276847F4EA
:1017000080472760246822F0030704F48044009493
:10171000374C07EB040CDCF8084897074FEA1778BA
:1017200009FA08F7BC43334FB84202D1002724E03E
:1017300054E0314FB84201D101271EE02F4FB8428B
:1017400001D1022719E02E4FB84201D1032714E03E
:101750002C4FB84201D104270FE02B4FB84201D1E2
:1017600005270AE0294FB84201D1062705E0284F96
:10177000B84201D1072700E0082707FA08F72743F6
:10178000CCF80878DAF800405746D1F804C09C43FA
:101790005FEACC3C00D51C433C60DBF800405F4670
:1017A000D1F804C09C435FEA8C3C00D51C433C60EC
:1017B000DEF800407746D1F804C09C435FEACC2CA9
:1017C00000D51C433C60084F0C373C68D1F804C07E
:1017D0009C435FEA8C2C00D51C433C60521C102AB1
:1017E000FFF430AFBDE8F88F003C014044380240C0
:1017F00000300140000002400004024000080240A6
:10180000000C024000100240001402400018024088
:10181000001C0240426921EA02030A4043EA0241F5
:10182000816170470AB1816170470904FBE70000DC
:101830000148806870470000A002002002488168CB
:101840000278114481607047A00200200B4810B557
:10185000016841F400710160016841F48061016038
:10186000016841F480710160032000F071F80020EC
:1018700000F006F800F024F8002010BD003C024003
:1018800070B50D4D04464FF47A712878B1FBF0F035
:101890000A490968B1FBF0F001F02CFB48B9102CA3
:1018A00007D200222146501E00F032F800206C6062
:1018B00070BD012070BD0000A0020020AC0200201D
:1018C0000B4882B0016841F480410160006800F477
:1018D000804000900648001F016841F0805101607F
:1018E000006800F080500090052002B000F030B891
:1018F00044380240002809DB00F01F02012191401A
:101900004009800000F1E020C0F80011704700009D
:10191000F0B40E4B1B680C46C3F30223C3F107055A
:10192000042D00D90425191D072901D2002300E048
:10193000DB1E012606FA05F1491E214099409E4012
:10194000761E16403143F0BC02F09CBB0CED00E06B
:10195000064900F0070208684FF6FF03184040EA06
:101960000220034A10430860704700000CED00E0BD
:101970000000FA052DE9F0470E46050065D0DFF8B6
:101980001481D8F80000F7B200F00700B04207D287
:1019900088F80070D8F8000000F00700B04254D179
:1019A00028683D4C810712D5400703D5206840F4D4
:1019B000E05020602878000703D5206840F460409C
:1019C00020602068A96820F0F00008432060287893
:1019D000C0072DD0304968680839012812D0022884
:1019E00013D0032811D00968890700292DDA21684E
:1019F00021F0030101432160FFF71AFF814641F204
:101A0000883A0EE009688903EFE709688901ECE785
:101A1000FFF70EFFA0EB0901514502D90320BDE8F5
:101A2000F0872068696800F00C00B0EB810FEFD1FF
:101A3000D8F80010404601F00701B14207D90770FD
:101A4000006800F00700B04201D00120E7E72878E5
:101A5000400705D52068E96820F4E050084320607D
:101A60002878000706D52068296920F4604040EAFC
:101A7000C100206000F038F82168084AC1F3031162
:101A8000515CC8400649086006480068FFF7F8FE48
:101A90000020C4E7003C024008380240D0FF0008A4
:101AA000AC020020A402002004480549006809682F
:101AB000044AC1F38221515CC8407047AC02002047
:101AC00008380240E0FF000804480549006809683A
:101AD000044AC1F34231515CC8407047AC02002057
:101AE00008380240E0FF0008154810B5006810F003
:101AF0000C02144813D04110042A0FD0082A0ED12A
:101B00000F4C241F2268236802F03F025B0207D5B6
:101B10002068C0F38810A0FB010106E0084610BD54
:101B20002168C1F38811A1FB00010023FEF748FBE7
:101B30002168C1F30141491C4900B0FBF1F010BD1F
:101B4000083802400024F4002DE9F84F04006ED05C
:101B50002078DFF84C93C007A9F104054AD009F1B9
:101B600004000168C1F38101012908D00068C0F3B5
:101B7000810002280AD1D9F80000400206D5286861
:101B8000800337D560680028E1D033E06068B0F5A5
:101B9000803F10D0B0F5A02F286810D020F48030FE
:101BA0002860286820F4802028606068A8B1FFF7CA
:101BB0003FFE06460DE0286840F48030F4E740F42C
:101BC00080202860F7E700BFFFF732FE801B642803
:101BD00073D828688003F7D50CE0FFF729FE064686
:101BE00005E000BFFFF724FE801B6428F0D82868BA
:101BF0008003F7D42078DFF8AC8280074FF0000A2A
:101C00003ED5A748001D016811F00C0F08D00068F0
:101C1000C0F3810002280BD1D9F80000400207D49C
:101C20002868800716D5E068012800D112E033E16A
:101C3000E068B8B10120C8F80000FFF7F9FD0646DA
:101C400005E000BFFFF7F4FD801B0228C0D828681C
:101C50008007F7D52868216920F0F80040EAC10024
:101C600028600DE0C8F800A0FFF7E2FD064604E09A
:101C7000FFF7DEFD801B02281FD828688007F7D4F5
:101C80002078000722D5864F87486169703771B187
:101C900001210160FFF7CCFD064604E0FFF7C8FD17
:101CA000801B022809D838688007F7D50EE0C0F8F5
:101CB00000A0FFF7BDFD064605E082E0FFF7B8FD96
:101CC000801B02287DD838688007F7D42078400729
:101CD00068D5DFF8CCB100270BF13C0BDBF8000036
:101CE000C0000BD4DBF8001041F08051CBF800109D
:101CF000DBF80000012700F0805000906B4E306848
:101D0000C00510D4306840F480703060FFF790FD5B
:101D1000009005E0FFF78CFD0099401A022850D88A
:101D20003068C005F6D55E4EA0686C3601280FD02D
:101D30000528306810D020F001003060306820F0B5
:101D400004003060A068B8B1FFF772FD00900FE0AA
:101D5000306840F00100F4E740F004003060F7E73D
:101D6000FFF766FD0099411A41F28830814266D83A
:101D700030688007F4D50EE0FFF75AFD009007E0C9
:101D8000FFF756FD0099411A41F28830814256D83A
:101D900030688007F4D42FB1DBF8001021F08051B7
:101DA000CBF80010A069C8B33D49091D0968C1F30B
:101DB000810102294AD00228504607D0C8F86000A5
:101DC00000E03CE0FFF734FD04463BE04746C8F83E
:101DD0006000FFF72DFD064605E000BFFFF728FD78
:101DE000801B02282BD828688001F7D4D4E907018A
:101DF0000843A16A2E4A490802EB0141626A41EA9E
:101E00008211084394F82C1040EA0161C9F80010CF
:101E100001203866FFF70CFD044606E03EE000BFF7
:101E2000FFF706FD001B022809D828688001F7D5B6
:101E300034E000BFFFF7FCFC001B022802D903209E
:101E4000BDE8F88F28688001F4D427E00128F7D096
:101E5000D9F80000E26900F4800191421CD1226AA5
:101E600000F03F01914217D147F6C071626A01400C
:101E7000B1EB821F10D1A26A4FF0FF3300F4403162
:101E800003EB5202B1EB024F06D194F82C1000F094
:101E90007060B0EB016F01D00120D1E70020CFE7E7
:101EA0000438024000004742800E47420070004064
:101EB0000000FFFF704700002DE9FE4304460026A6
:101EC00003200D4684F83400606C03285ED0B5F51D
:101ED000805F5BD04FF4006700204FF08068BD4208
:101EE0001FD18146009001900021206801F03DFA49
:101EF000800113D46946204601F002FE07000DD18F
:101F00000198400334D5B4F850000104206801F072
:101F100067FA070002D10221206823E0A06B384352
:101F200028E01DB1A06B40F0006023E081460090E6
:101F300001900021206801F018FA8001EED4694672
:101F4000204601F0DDFD0700E8D10198C0030FD560
:101F5000B4F850000104206801F042FA0700DDD116
:101F60000021206801F089FA0700D7D14F46D5E754
:101F70004746D3E7A063A06B144F4FF0010848B168
:101F80002068876384F8348001260EE0A06B40F05F
:101F90008050EFE7211DD4E9050C0EC9CDE90050B2
:101FA000CDF808C0206801F0E9F94FF4007120680D
:101FB00001F04AFA28B121688F63A16B0143A16344
:101FC000012684F834803046BDE8FE83FF054000DA
:101FD00070470000F0B5426E920F0A70426EC2F375
:101FE00083624A70426EC2F301628A70426E120CC2
:101FF000CA70B0F86420120A0A7190F864204A711D
:10200000826E120DCA80826EC2F303420A72B0F869
:102010006820C2F3C0324A72B0F86820C2F380323E
:102020008A72B0F86820C2F34032CA72B0F86820F1
:10203000C2F300320A7300264E73426C4FF40075EF
:10204000012462B1012A3AD0026847499163816B49
:1020500041F08051816380F834400120F0BDB0F838
:102060006820C36E9205120D42EA93720A61C26E35
:10207000C2F3C2620A75C26EC2F302624A75C26ED0
:10208000C2F342528A75C26EC2F38242CA75C26EF0
:10209000C2F3C2320A760A69521C42650B7E03F013
:1020A00007039B1C9A4042650B7A03F00F0704FA62
:1020B00007F383655B0A5A43C0E917250EE090F8E1
:1020C0006820C36E9206920A42EA13420A610A69C4
:1020D000521C92024265C0E91652056630F86C2F18
:1020E000C2F3803201F8192F0288C2F3C6124A7077
:1020F000027802F07F028A704268D20FCA7042688A
:10210000C2F341720A714268C2F382624A71426844
:10211000C2F383528A714268C2F34052CA710E728E
:102120004268C2F300424A728288C2F3C0328A72A5
:102130008288C2F38032CA728288C2F340320A7344
:102140008288C2F300324A738288C2F381228A7382
:102150008288C2F30122CA730079C0F34600087472
:102160004C740020F0BD0000FF054000426C0A6086
:10217000826C4A60C26C8A60026DCA60426D0A61FC
:10218000826D4A61C26D8A61006EC861002070472D
:1021900070B50446B0F8500000250104206801F035
:1021A00076FA18B1A16B0143A16304E00021206815
:1021B00001F0DBF80546C5F3432070BDF8B5056BAB
:1021C00004460068416B09041BD5290719D5D4E9D9
:1021D0000A56002E14D00027206801F0E9F805F80F
:1021E000010B010A05F8011B010C05F8021B000E8A
:1021F000361F7F1C05F8010C082FEDD3C4E90A56E1
:10220000F8BD416B4FF00006C9054FF0010744D5FA
:10221000390281632068C16B4CF23A329143C16349
:102220002068C16A21F00101C16228071DD515F09F
:10223000220F09D0206801F05BFA28B1A16B01439D
:10224000A1632046FFF7C4FE216840F23A5088633C
:1022500084F834702663A80703D0204600F028FBDA
:10226000F8BD204600F02AFBF8BD2806FCD5A806DC
:1022700009D5206801F03CFA28B1A16B0143A163A4
:102280002046FFF7A5FEA807EED12068C16A21F01D
:102290000801C16284F83470E3E7416B490424D536
:1022A000290722D5D4E90856002EDDD05FF00007BB
:1022B00015F8010B009015F8011B361F40EA0120AC
:1022C000009015F8021B40EA0140009015F8011C2F
:1022D00040EA016000906946206801F07CF87F1CAC
:1022E000082FE5D3C4E90856F8BD416B40F23A2205
:1022F0001142F9D0416B890703D5A16B41F002016E
:10230000A163416B090703D5A16B41F00801A163EB
:10231000416B890603D5A16B41F02001A163416B9C
:10232000C90603D5A16B41F01001A163416B89057A
:1023300003D5A16B41F00801A16340F23A718163BA
:102340002068C16B40F23A329143C163206801F0CA
:10235000CFF9A16B0843A063280706D584F8347031
:1023600026632046FFF734FEF8BD2806FCD515F09D
:10237000300F0CD0E16B11480865E06BFEF7CCF92B
:102380000028F1D0E06BBDE8F84001F097BBA8074A
:102390000CD0216C0A480865206CFEF7BDF90028B6
:1023A000E2D0206CBDE8F84001F05FBBA66384F882
:1023B000347026632046FFF77DFDF8BDBD3A000866
:1023C0006B3A000870B504000ED094F83400002574
:1023D00018B92577204600F04BF8032084F8340024
:1023E000204600F00BF808B1012070BDA5632563FD
:1023F000012084F83400002070BD0000FEB50025E7
:10240000044676200095CDE9015029460B460A4640
:10241000206800F0B3FF28BB134E46F8A05F206889
:1024200000F0BEFF01253560204601F04DFC28B1CB
:1024300084F83450A16B0143A16313E0204601F0FE
:10244000CCFB0028F4D14FF40071206800F0FCFFB1
:10245000002808D0226805499163A16B0143A1635C
:1024600084F834500120FEBD00802542FF05400065
:102470002DE9F04F87B0054614216846FDF7EAFEC6
:102480004649286888427DD145480068444940F45F
:1024900000600860086800F4006005904048143847
:1024A00000683F4940F0040014390860086800F0F3
:1024B00004000590086840F00800086008680224DD
:1024C00000F0080005904FF4F8504FF001088DE837
:1024D000110103264FF00C09CDE903696946314823
:1024E000FFF7A2F80427CDE90074CDE9028669461A
:1024F0002D48CDF81090FFF797F82D4C2B484FF052
:102500000068C4E90008002004F10C014FF4806A5F
:102510004FF4805BA06081E8010CA06120204FF4A3
:1025200000396762C4E907090020C4E90A60FE04B3
:1025300020462663FEF7D4F908B1FEF780F82C6434
:10254000A5631B4C194860344830C4E9000840209A
:10255000A06004F10C01002081E8010C04F11802D4
:102560002021676282E8030203212663C4E90A107E
:102570002046FEF7B5F908B1FEF761F80022EC63DA
:10258000012100E006E03120A563FFF7C1F9312009
:10259000FFF7B0F907B0BDE8F08F0000002C014054
:1025A0004438024000080240000C024058640240D7
:1025B000D0BF01202DE9F04F87B09B4616460D464F
:1025C0000446FFF735F900903DB194F83400012836
:1025D00007D0A06B40F000500DE0A06B40F0006011
:1025E00009E00020A063E26D06EB0B01914204D9E3
:1025F000A06B40F00070A06386E0032184F83410E3
:102600002168C862616C012900D076024FF0FF3169
:1026100001914FEA4B2102914FF0010803AA90214A
:1026200002278146CDF8188082E8820201A920683D
:1026300000F085FEBBF1010F05D927633146206804
:1026400000F096FF05E0C4F830803146206800F0C5
:10265000A8FFDFF834A130B12268C2F838A0A16B1E
:102660000143A1634CE0029E1EE0406B000413D5C1
:1026700096B10027206800F09BFE05F8010B010AC7
:1026800005F8011B010C05F8021B000E361F7F1C0C
:1026900005F8010C082FEDD3FFF7CAF80099411A8D
:1026A000109881421DD2E0B12068426B40F22A317D
:1026B0000A42DAD0416BC90509D5BBF1010F06D931
:1026C000616C032903D001F013F80028C4D12068FD
:1026D000416B09071AD5C0F838A0A06B40F008007C
:1026E00050E02168C1F838A0A06B40F00040A06322
:1026F00084F83480C4F83090032007B0BDE8F08F30
:1027000084F83480C4F830900120F6E7416B8907E3
:1027100005D5C0F838A0A06B40F0020032E0416B54
:1027200089061BD5C0F838A0A06B40F0200029E036
:1027300000F03EFE05F8010B010A05F8011B010C33
:1027400005F8021B000E05F8010C361FFFF770F8A4
:102750000099411A109881420ED268B12068416BED
:10276000890201D5002EE3D1216840F23A508863F6
:1027700084F834800020C0E72168C1F838A0A06B3D
:1027800040F00040A063BBE7FF0540002DE9F047A3
:1027900086B01F460446154639B194F83400012826
:1027A00007D0022006B0BDE8F087A06B40F00060C3
:1027B00008E00020A063E36DEA199A4204D9A06BF7
:1027C00040F00070A06369E0032284F8342022689E
:1027D0008146D0622268D36B40F22A363343D363FA
:1027E000236C2F4ADA63236C2E4ADA64226C10655C
:1027F000226C9060206C0068026822F0C0020260C7
:1028000020680A46266C4FEA472800F180014FEA0B
:1028100098033046FEF7CEF8DFF88CA0012670B1A1
:102820002068C16B21F49571C1632168C1F838A09B
:10283000A06B40F08040A06384F834602EE01B4819
:102840000660606C012800D06D024FF0FF30CDE9CA
:1028500000089020029002200596CDE90309694600
:10286000206800F06CFD012F06D9822020632946E4
:10287000206800F07DFE05E0812020632946206865
:1028800000F08FFE00288DD02268C2F838A0A16B1E
:102890000143A16384F83460C4F83090012081E7DB
:1028A000293A0008C5390008FF0540008C852542FB
:1028B00001490120087070474100002001490120B2
:1028C00008707047400000202DE9F04F8DB09B4606
:1028D00016460D460446FEF7ABFF0A903DB194F84C
:1028E0003400012807D0A06B40F000500DE0A06B31
:1028F00040F0006009E00020A063E26D06EB0B01F0
:10290000914204D9A06B40F00070A0637AE00321EB
:1029100084F834102168C862616C012900D0760205
:102920004FF0FF3103914FEA4B2104919021CDE903
:1029300005104FF00109CDE90709824603A9206877
:1029400000F0FDFCBBF1010F06D9202020633146C9
:10295000206800F0E7FE05E0102020633146206883
:1029600000F0F9FE5FEA000806D02168404888635D
:10297000A06B40EA080071E0049E27E0406B400431
:102980001CD5DEB15FF0000715F8010B009015F8BB
:10299000011B361F40EA0120009015F8021B40EA97
:1029A0000140009015F8011C40EA01600090694662
:1029B000206800F010FD7F1C082FE5D3FEF738FFDC
:1029C0000A99411A1698814220D2F8B12068416BC9
:1029D00040F21A321142D1D0416BC90523D5BBF167
:1029E000010F20D9616C03291DD000F081FED0B108
:1029F00022681F499163A16B0143A16384F834905D
:102A0000C4F830A001200DB0BDE8F08F216818484F
:102A10008863A06B40EA0800A06384F83490C4F88F
:102A200030A00320EFE72068416B090705D5104966
:102A30008163A06B40F0080010E0416B890705D569
:102A40000B498163A06B40F0020007E0416BC906AF
:102A500006D507498163A06B40F01000A063CDE765
:102A600040F23A51816384F834900020CBE70000B3
:102A7000FF0540002DE9F04F5FEA010B87B01E46CD
:102A80000446114607D094F83400012807D00220EC
:102A900007B0BDE8F08FA06B40F0006008E00025B3
:102AA000A563E26D8819904204D9A06B40F00070D4
:102AB000A06356E0032084F834002068C5622068D3
:102AC000C26B40F21A2942EA0902C263E26B2D4846
:102AD000D063E26B2C48D064E06B0565606C012824
:102AE00000D049024FF09008012E05D9A0202063A4
:102AF000206800F017FE04E0C4F83080206800F081
:102B00002AFEDFF888A0012730B12268C2F838A079
:102B1000A16B0143A16321E01D480760E16B4020E8
:102B20008860E06B0068016821F0C00141F040015D
:102B3000016022687602B30859468032E06BFDF7E7
:102B400039FF80B12068C16B21EA0901C1632168A6
:102B5000C1F838A0A06B40F08040A06384F83470C6
:102B60002563012094E74FF0FF30CDE90006CDE961
:102B70000285CDE904576946206800F0E0FB00209B
:102B800086E70000AF3A0008C5390008FF0540009D
:102B90008C85254270B5040009D0606A002540B1DB
:102BA00025616561A56294F8510040B10CE00120F7
:102BB00070BD6068B0F5827FF4D0E561F2E784F81B
:102BC0005050204600F044F8022084F8510020685C
:102BD000016821F040010160A088218900F4827021
:102BE00001F404410843A18901F400610843217CF8
:102BF00001F002010843217D01F001010843218B0E
:102C000001F400710843217F01F03801084394F872
:102C1000201001F080010843218D01F40051084388
:102C200021680860A069042101EA104094F824108A
:102C300001F010010843216848602068C16921F44F
:102C40000061C1616565012084F85100002070BDFC
:102C500010B586B0044614216846FDF7FBFA134907
:102C60002068884220D11248016841F480510160F7
:102C7000006800F4805005900D481438016841F058
:102C8000020101600068694600F0020005903820EA
:102C90000090022001900120029003200390052063
:102CA00004900448FEF7C0FC06B010BD003001409F
:102CB00044380240000402402DE9F84F044690F8E1
:102CC000500000270A9E1D4692468B464FF0010990
:102CD00001280ED0012084F85000FEF7A9FD80469F
:102CE00094F85100616801280CD0B1F5827F07D1BA
:102CF00002E00220BDE8F88FA16809B9042801D0DC
:102D00000227C2E0BBF1000F27D0BAF1000F24D098
:102D10001DB394F85100042802D0052084F8510016
:102D200000206065C4F838A0E587A587C4F830B0F6
:102D3000E586A5862064606420680168490603D49E
:102D4000016841F040010160E068B0F5006F606823
:102D500005D0E8B3012D46D07FE0012795E008B10A
:102D6000012D39D1206B21680088C860206B801C40
:102D70002063E08E401EE0862EE02068816889078F
:102D80000FD5E18E69B1B9F1010F0AD1216B098824
:102D9000C160206B801C2063E08E401EE0864FF0F7
:102DA000000920688168C9070CD0E18F51B1C06863
:102DB000A16B0880A06B801CA063E08F401EE087A1
:102DC0004FF00109FEF734FDA0EB0800B04200E02F
:102DD00009E001D3701C50D1E08E0028CDD1E08FE6
:102DE0000028CAD13FE0206B216800780873206B6F
:102DF000401C2063E08E401EE0862EE02068816843
:102E000089070FD5E18E69B1B9F1010F0AD1216BA4
:102E100009780173206B401C2063E08E401EE08621
:102E20004FF0000920688168C9070CD0E18F51B1CB
:102E3000C068A16B0870A06B401CA063E08F401EAF
:102E4000E0874FF00109FEF7F3FCA0EB0800B04269
:102E500002D3701C01D010E07EB1E08E0028CDD1ED
:102E6000E08F0028CAD142463146204600F086FF56
:102E700028B101272020606507E0032705E0A0684E
:102E800018B92068C16880680090012084F851005A
:102E9000002084F8500038462CE770B515460E46E1
:102EA000040003D094F8490010B107E0012070BD80
:102EB000002084F84800204600F01AF804F10801C8
:102EC0002068FDF7DDFB3146A2682068FDF702FCB3
:102ED000D4E901022946236BFDF7B2FBA168206803
:102EE00050F8212042F0010240F82120002070BD5E
:102EF000FDF79ABD10B5401EB0F1807F01D30120CF
:102F000010BD4FF0E02460610F21601701F0BAF8A6
:102F10000020A06107202061002010BD70B50400D2
:102F200004D094F83D00002510B106E0012070BDEA
:102F300084F83C50204600F023F8242084F83D001B
:102F40002068C16821F40051C160204600F0EEFF06
:102F50002068016921F4904101612068416921F0F4
:102F60002A0141612068C16841F40051C1602564B3
:102F7000202084F83D0084F83E00002070BD000051
:102F800010B586B0044614216846FDF763F914496C
:102F90002068884221D11348016841F01001016086
:102FA000006800F0100005900E481438016841F0E8
:102FB000010101600068694600F0010005904FF4CE
:102FC000C060009002200190012002900320039035
:102FD000072004900448FEF727FB06B010BD000050
:102FE000001001404438024000000240FEE70000AB
:102FF0000D4808B5016841F48001016000680022B5
:1030000000F48000009002213B20FEF781FC3B2071
:10301000FEF770FC002202214520FEF779FCBDE896
:1030200008404520FEF766BC303802402DE9F047E5
:103030008EB01C216846FDF70DF91C2107A8FDF78D
:1030400009F9304804210024C0E902141025C0E920
:1030500004458461C4614FF4805A0462C0E9094A9E
:10306000C46204634463DFF8A08084634FF02046A9
:103070004464C0E9006802200F27CDE9000702A9D7
:1030800008204FF0110981E83102002269461D48ED
:103090000694FFF702FF08B1FDF7D1FA194806219F
:1030A000503007AAC0E90214C0E904458461C46134
:1030B0000462C0E9094A4FF48041C0E90B4144630E
:1030C00084634464C0E900683C200097CDE9017046
:1030D000CDF81490CDE903750921CDE90641CDE97C
:1030E0000871CDE90C940748CDE90A75694650305E
:1030F000FFF7D3FE002801D0FDF7A1FA0EB0BDE81E
:10310000F0870000ACBE0120040100A02DE9F041D1
:1031100086B014216846FDF79DF850484FF000082E
:10312000016841F010010160016801F01001059192
:10313000016841F020010160016801F02001059162
:10314000016841F080010160016801F08001059192
:10315000016841F001010160016801F00101059180
:10316000016841F040010160016801F040010591F2
:10317000016841F002010160016801F0020105915E
:10318000016841F008010160016801F00801059142
:10319000016841F0040101600068314E00F0040054
:1031A0004FF4C0650590012229463046FEF73AFBF0
:1031B0002C4F012269013846FEF734FB1C20009099
:1031C00029480124CDE9010469462848FEF72CFA74
:1031D000CDE90054022569463046CDE90245FEF7A7
:1031E00023FA23486946CDE9004002952148FEF7BD
:1031F0001BFAA003CDE90004CDE902486946384630
:10320000FEF712FAE0038DE831006946384603956F
:10321000FEF70AFA012203210620FEF779FB0620B9
:10322000FEF768FB012203210820FEF771FB08204E
:10323000FEF760FB012203210920FEF769FB09204C
:10324000FEF758FB012203210A20FEF761FB0A204A
:10325000FEF750FB06B0BDE8F081000030380240B8
:10326000001402400004024000002110001002403F
:1032700000001110000002400E4810B50C4901601A
:10328000002141608160C160016141618161FFF79E
:1032900099F808B1FDF7D3F94FF400610548FEF73E
:1032A0000BFE002803D0BDE81040FDF7C8B910BDE3
:1032B000002C01404CBF0120104810B50E490160A0
:1032C0004FF482714160002102228160C0E9031243
:1032D00001224261520282613822C0E90721416223
:1032E00081620A21C162FFF755FC002803D0BDE8C6
:1032F0001040FDF7A4B910BD0030014090C001207E
:103300000C4810B50A4901604FF4E13141600021D9
:1033100081600C22C160C0E904128161C161FFF7C4
:10332000FDFD002803D0BDE81040FDF788B910BDB1
:1033300000100140E8C00120FEE7704770470A68AE
:1033400042624A688262D1E902231A43D1E9043118
:103350000B43C16A1A4321F0F7011143C1620020F7
:103360007047006800F003007047084440697047E8
:103370000148FEF723BF00004CBF012070B50DF1DE
:10338000100C11439CE87000234319432943426801
:10339000314347F6FF639A430A434260002070BD01
:1033A00010B5032101600220FDF73BFB002010BD9A
:1033B000D0F8800070470A688260D1E901231A437F
:1033C000D1E903310B43C1681A436FF30B01114379
:1033D000C160002070470968C0F880100020704765
:1033E00010B586B004463720CDE900104020029089
:1033F000002003904FF48060049069462046FFF758
:10340000DAFF41F288323721204600F0BDF906B0DC
:1034100010BD000010B504460A4886B001432920BB
:10342000CDE9001040200290002003904FF480600E
:10343000049069462046FFF7BEFF204600F05CFA84
:1034400006B010BD0000108010B586B004461020F4
:10345000CDE9001040200290002003904FF48060DE
:10346000049069462046FFF7A6FF41F288321021FA
:10347000204600F089F906B010BD10B586B00446AC
:103480000620CDE9001040200290002003904FF468
:103490008060049069462046FFF78DFF41F2883234
:1034A0000621204600F070F906B010BD30B585B099
:1034B00000240546009401944FF480600294CDE905
:1034C000034069462846FFF776FF0B484FF4FA5150
:1034D0000068B0FBF1F041F288314843401E03D24E
:1034E0004FF0004005B030BD696B0906F6D5C52028
:1034F000A8632046F6E70000AC02002070B585B056
:1035000004464FF4D570009001A9082040250026FC
:1035100081E86100C001049069462046FFF74BFF37
:1035200012484FF4FA510068B0FBF1F041F28831D3
:103530004843401E03D24FF0004005B070BD616BA0
:1035400011F0450FF5D00905F3D4606B400701D5A4
:10355000042003E0606BC00702D00120A063ECE709
:10356000606B400600D5A5633046E6E7AC0200205C
:1035700010B586B004461220CDE90010402002901C
:10358000002003904FF48060049069462046FFF7C6
:1035900012FF41F288321221204600F0F5F806B001
:1035A00010BD10B586B004461120CDE900104020B2
:1035B0000290002003904FF48060049069462046FA
:1035C000FFF7F9FE41F288321121204600F0DCF8C5
:1035D00006B010BD10B586B004460720CDE9002026
:1035E00040200290002003904FF4806004906946D0
:1035F0002046FFF7E0FE41F288320721204600F026
:10360000C3F806B010BD10B586B0044600210220F4
:10361000CDE90010C020CDE902014FF48060049094
:1036200069462046FFF7C7FE204600F03DF906B088
:1036300010BD10B586B004460920CDE90010C020A9
:103640000290002003904FF4806004906946204669
:10365000FFF7B1FE204600F027F906B010BD10B507
:1036600086B0044600213320CDE900104020CDE98A
:1036700002010001049069462046FFF79CFE41F2DA
:1036800088323321204600F07FF806B010BD10B517
:1036900086B004460D20CDE90010402002900020A5
:1036A00003904FF48060049069462046FFF783FE44
:1036B00041F288320D21204600F066F806B010BDB8
:1036C00030B585B00C46054600210320CDE9001039
:1036D0004020CDE902010001049069462846FFF729
:1036E0006AFE22460321284600F028F905B030BDC5
:1036F00010B586B0044600210C20CDE90010402012
:10370000CDE902010001049069462046FFF753FE0F
:10371000034A0C21204600F037F806B010BD000027
:1037200000E1F50510B586B004461920CDE900107A
:1037300040200290002003904FF48060049069467E
:103740002046FFF738FE41F288321921204600F06A
:103750001BF806B010BD10B586B004461820CDE9A0
:10376000001040200290002003904FF480600490ED
:1037700069462046FFF71FFE41F288321821204695
:1037800000F002F806B010BD454B10B51B684FF4B1
:10379000FA54B3FBF4F353435B1E02D24FF00040E4
:1037A00010BD426B12F0450FF6D01205F4D4426BF7
:1037B000520703D504218163084610BD426BD2072E
:1037C00002D00121816305E0C52282630269D2B281
:1037D0008A4201D0012010BD0021FFF7C6FD31490A
:1037E000084201D1002010BD002802DA4FF000701D
:1037F00010BD410001D5402010BD810001D58020C1
:1038000010BDC10002D54FF4807010BD010102D57A
:103810004FF4007010BD410102D54FF4806010BD1F
:10382000C10102D54FF4006010BD010202D54FF472
:10383000805010BD410202D54FF4005010BD8102EE
:1038400002D54FF4804010BDC10202D54FF40040B4
:1038500010BD410302D54FF4003010BD810302D5E5
:103860004FF4802010BDC10302D54FF4002010BDDD
:10387000010402D54FF4801010BD410402D54FF46D
:10388000001010BD810402D54FF4800010BD000768
:1038900002D54FF4000010BD4FF4803010BD000081
:1038A000AC02002008E0FFFD12494FF4FA5209680B
:1038B000B1FBF2F141F288325143491E02D24FF07E
:1038C00000407047426B12F0450FF6D01205F4D459
:1038D000416B490703D50421816308467047416B5A
:1038E000C90703D00121816308467047C521816360
:1038F00000207047AC0200200F494FF4FA520968CB
:10390000B1FBF2F141F288325143491E02D24FF02D
:1039100000407047426B12F0450FF6D01205F4D408
:10392000416B490703D50421816308467047C521CF
:103930008163002070470000AC02002030B5204BAE
:103940004FF4FA541B68B3FBF4F341F28834634339
:103950005B1E02D24FF0004030BD446B14F0450FA7
:10396000F6D02405F4D4436B5B0703D504218163AF
:10397000084630BD436BDB0702D00121816303E0C1
:103980000369DBB28B4201D0012030BDC5218163C8
:103990000021FFF7EAFC10F4604F04D0410406D583
:1039A0004FF4005030BD000C1080002030BD0004EA
:1039B00002D54FF4805030BD4FF4803030BD000050
:1039C000AC02002010B5846BFCF7B8FE022828D0AA
:1039D000206C416DE06B406D012901D001281DD1A3
:1039E0002168104888632068C16B21F49D71C16310
:1039F000A06B40F08040A0632046FEF7C9FB06287C
:103A000001D0052805D12068FFF772FEA16B08439D
:103A1000A063012084F83400002020632046FEF7D4
:103A2000D7FA10BDFF05400010B5846B206B8228CB
:103A300009D12068FFF75CFE28B1A16B0143A163A7
:103A40002046FEF7C5FA2068C16A21F00801C1626C
:103A5000216840F23A508863012084F83400002045
:103A600020632046FEF724FF10BD10B5846B40F2A2
:103A70003A50216888632046FEF78AFB012184F8CA
:103A8000341000212163062801D0052805D12068C3
:103A9000FFF72EFEA16B0843A063A06B0028204611
:103AA00002D0FEF795FA10BDFEF704FA10BD806B48
:103AB0000068C16B41F48071C163704710B5846BBD
:103AC00040F23A50216888632046FEF761FB0121ED
:103AD00084F8341000212163062801D0052805D17F
:103AE0002068FFF705FEA16B0843A063A06B0028C8
:103AF000204602D0FEF76CFA10BDFEF7DBF910BDD0
:103B00002DE9F04788B00D460446FDF791FE0026EA
:103B1000824600960196374608212068FFF794FCFC
:103B2000002829D1B4F8500001042068FFF758FCA0
:103B3000002821D1401E4FF00808CDE902083020AE
:103B40004FF00209CDE904090120CDE9067002A970
:103B50002068FFF7F4FB2068FFF781FD00280BD1F8
:103B60006F462068416B11F02A0F08D0416B09079E
:103B70001AD5C0F83880082008B0BDE8F087416B3E
:103B8000890205D5FFF714FC47F82600761C02E0F1
:103B9000416B8904EAD5FDF74BFEA0EB0A00401CFF
:103BA000DFD14FF00040E7E7416B890703D5C0F84C
:103BB00038900220E0E7416B890603D5202181631C
:103BC0000846D9E740F23A518163019800BA28606B
:103BD000009800BA68600020CEE710B590B00446A7
:103BE0000120ADF838002068FFF7BBFB002854D057
:103BF000606C032842D02068FFF705FD00284AD1F9
:103C000000212068FFF7B1FB606704212068FFF7FF
:103C1000ACFBA06708212068FFF7A7FBE0670C2139
:103C20002068FFF7A2FBC4F88000606C032825D051
:103C30000EA92068FFF744FD00282CD1606C0328F2
:103C40001CD0BDF83800206501042068FFF7F1FCA6
:103C5000002820D100212068FFF787FB606604213F
:103C60002068FFF782FBA06608212068FFF77DFB34
:103C7000E0660C212068FFF778FB206704212068AC
:103C8000FFF773FB000DE06403A92046FEF7A2F9DD
:103C900030B14FF0805010B010BD4FF08060FAE7A7
:103CA000B4F85000002302042068FFF793FC0028BA
:103CB000F1D104F1100007C88DE8070094E80F0067
:103CC000FFF75CFB0020E6E72DE9F84F00260446ED
:103CD00000963546B0460068FFF7E8FB002827D17C
:103CE0002068FFF70BFC4FF0805B4FF001094FF6A7
:103CF000FF7748B1A6642068FFF7D8FB002817D1EA
:103D0000A06C012802D020E0C4F84890002120686F
:103D1000FFF766FB58B918E000212068FFF760FB49
:103D2000002805D151462068FFF774FB10B15846B2
:103D3000BDE8F88F00212068FFF717FB05464FEA22
:103D4000D0780098401C009002E0DFF82CA000988A
:103D5000B84202D2B8F1000FDED00098B84202D3C8
:103D60004FF08070E4E7680002D5C4F8449000E0AA
:103D700066640020DCE70000000010C138B504468E
:103D80001248134B0068B0FBF3F04FF47A735843BA
:103D900000906068B0F5827F0DD10B460092002242
:103DA0008021204600F016F870B1606D40F02000D0
:103DB0006065032038BD009830B1401E0090206837
:103DC0008068C0430006F6D5002038BDAC02002054
:103DD00000366E012DE9F8431E469146884604469A
:103DE000089DFDF725FD401B351AFDF721FD07460F
:103DF00025480068C0F3CB30684338E0701C37D0EA
:103E0000FDF716FDC01BA84203D215B1009860B3A0
:103E10002CE02068416821F0E00141606068B0F565
:103E2000827F0BD1A068B0F5004F02D0B0F5806F53
:103E300004D12068016821F040010160A06AB0F55A
:103E4000005F09D12068016821F4005101602068F9
:103E5000016841F400510160012084F85100002004
:103E600084F850000320BDE8F8830025401E009030
:103E70002068816838EA010004D000214945BDD19D
:103E80000020F0E70121F9E7AC0200207047FDF7C0
:103E9000D5BC000030B593B030216846FCF7DAF9A4
:103EA00014210CA8FCF7D6F91A480025016841F046
:103EB00080510160006800F0805011901648016840
:103EC00041F4804101600068022400F480401190B8
:103ED00001200090000401908001CDE906400820F7
:103EE00008904FF4A870CDE9090407200B906846AC
:103EF000FDF72AFE0CA90F2081E831004FF4A050F5
:103F00000F90E002109005210CA8FDF733FD13B0CF
:103F100030BD000040380240007000400248016897
:103F200041F470010160704788ED00E070B504460F
:103F300000680169E26821F440511143016121697F
:103F4000A068E26908436169114308432168CA68AF
:103F500049F20C639A430243CA6020684169A2692E
:103F600021F440711143416131492068884202D0F7
:103F70003049884202D1FDF7A7FD01E0FDF794FD2D
:103F8000E2690023192164253226B2F5004F6268E8
:103F900028D0A0FB0101930F9200FCF711F9014614
:103FA000B0FBF5F06FF01802504301EB800006EB18
:103FB0000010B0FBF5F000F0F002B1FBF5F002EB01
:103FC0000012B1FBF5F06FF01803584301EB8000CD
:103FD00006EB0010B0FBF5F000F00F002168104474
:103FE000886070BDA0FB010192185B41FCF7E8F806
:103FF0000146B0FBF5F00201B1FBF5F06FF01803DC
:10400000584301EB800006EBC000B0FBF5F000F078
:10401000F80002EB4002B1FBF5F0584301EB8000E1
:1040200006EBC000B0FBF5F000F00700D6E700009B
:104030000010014000140140FEE700000FB4054BE2
:1040400010B503A9044A029800F03CF810BC5DF8D2
:1040500014FB000059710008C40200200FB4084B83
:1040600010B504A902AA039800F02CF8044602A98E
:10407000002000F058FA204610BC5DF814FB000048
:10408000274500080907090E002804DB00F1E0209D
:1040900080F80014704700F00F0000F1E02080F875
:1040A000141D704702E008C8121F08C1002AFAD187
:1040B00070477047002001E001C1121F002AFBD1A8
:1040C000704700002DE9FF4F8DB00F4605460026D2
:1040D00006E025280BD0DDE90F1290476D1C761CF9
:1040E00028780028F5D111B03046BDE8F08F0024C3
:1040F000A246A1460122EC4900E0044315F8013F25
:10410000203B02FA03F00842F7D128782A2810D081
:104110006FF02F022878A0F13001092914D80AEB9A
:104120008A0102EB410144F0020400EB010A6D1C1C
:10413000F0E701CF5FEA000A03D544F40054CAF166
:10414000000A44F002046D1C28782E2817D115F8B7
:10415000010F44F004042A280ED06FF02F022878B3
:10416000A0F1300109290AD809EB890102EB4101CC
:1041700000EB01096D1CF2E757F8049B6D1C2878D1
:104180006C280FD006DC4C2817D068280DD06A2880
:1041900014D104E0742810D07A280FD10DE044F433
:1041A00000140AE044F4801401E044F440146978F7
:1041B000814202D104F580146D1C6D1C2A786E2A90
:1041C0001FD00CDC632A31D004DC002A8BD0582AA3
:1041D00011D1A3E0642A68D0692A0CD165E0732A62
:1041E0002ED004DC6F2A73D0702A04D19BE0752A8C
:1041F0006FD0782A6ED01046DDE90F129047761CFA
:1042000050E1C4F30250022806D0032809D0042844
:1042100001CF09D0066045E101CFF117C0E9006187
:1042200040E101CF06803DE106703BE117F8040B49
:104230008DF8000000208DF80100EB46012003E01E
:1042400057F804BB4FF0FF3061074FF0000102D474
:104250000DE008F10101884649450FDA8045F8DB99
:104260001BF808100029F4D108E008F10101884684
:104270008142FADB1BF808100029F6D1DDE90F2393
:10428000AAEB08008146214600F036F9304400EBE5
:10429000080604E0DDE90F121BF8010B9047B8F1A6
:1042A0000108F7D221464846F7E00A21C4F3025339
:1042B0004FF0000B0891022B04D001CFC117032B44
:1042C00009D00AE0FF1D27F00707F7E8020108E020
:1042D00032E01FE020E000B2C117042B01D140B250
:1042E000C117031E71F1000307DA4FF0000CD0EB89
:1042F0000C006CEB01012D2302E0230504D52B23D8
:104300008DF82430012303E0E30701D02023F7E7F1
:10431000984658E00A2110E010210EE010204FF0DE
:10432000000B08900CE010214FF0000B44F0040447
:104330004FF00809089103E008214FF0000B0891A5
:10434000C4F30253022B04D001CF0021032B06D06B
:1043500006E0FF1D27F00707F7E8020103E080B23F
:10436000042B00D1C0B24FF0000823072BD5702AD0
:1043700007D0DDF820C08CF0100C5CEA0B0C05D0E7
:104380000EE040238DF82430012308E050EA0103B9
:1043900006D030238DF824308DF82520022398464E
:1043A000DDF820C08CF0080C5CEA0B0C0BD150EA55
:1043B000010301D1630706D530238DF824304FF077
:1043C0000108A9F10109582A04D038A20B9208AAC1
:1043D0000A920BE03AA2F9E75B46089AFBF7F0FE77
:1043E0000B9B9B5C0A9A521E0A92137050EA0102C0
:1043F000F2D10A98ADEB000000F1200B600702D566
:1044000024F4803401E04FF00109D94502DDA9EB25
:104410000B0000E0002000EB0B0141440890AAEBE8
:10442000010AE00306D4DDE90F232146504600F0DF
:1044300063F806444FF0000908E009A911F80900E3
:10444000DDE90F12904709F10109761CC145F4DB43
:10445000E0030CD5DDE90F232146504600F04CF86F
:10446000064404E0DDE90F1230209047761C0899DD
:10447000481E08900029F5DC08E00A980A9900789F
:10448000491C0A91DDE90F129047761CBBF100012F
:10449000ABF1010BF1DC21465046DDE90F2300F0C2
:1044A00019F806446D1C1BE609280100303132332F
:1044B0003435363738396162636465660000000060
:1044C000303132333435363738394142434445464A
:1044D000000000002DE9F041044600251E46174665
:1044E000880404D405E039462020B0476D1C641EC2
:1044F000F9D52846BDE8F0812DE9F04104460025B4
:104500001E469046C80301D5302700E020278804C6
:1045100004D505E041463846B0476D1C641EF9D508
:104520002846BDE8F0810A68531C0B601070704784
:104530002DE9F05F0746406B891E00EB1135C1F392
:10454000C80601F007014FF0010B0BFA01F09A4683
:104550009146C4B229466D1C384607F0B3F810B135
:104560000120BDE8F09F5A464FF40073B91991F845
:104570003C00204202D04FF0010801E04FF000085B
:10458000D04501D10220ECE7604081F83C00B9F150
:1045900001003A718146E4D0600010F0FF04E5D1DB
:1045A0000124761C9E42E1D30026D3E770B5044671
:1045B00000202071401EA063204607F083F808B158
:1045C000042070BD04F23A2006F0FBF94AF65526A5
:1045D0000546B04206D10B222BA104F13C00FBF7AB
:1045E0005AFE40B194F83C00EB2806D0E92804D0EC
:1045F000E82802D041E0012070BDB54207D1082271
:1046000024A104F18E00FBF746FE0028F4D004F14B
:10461000470006F0D6F994F84910421E10422CD1FA
:104620004FF40072904228D3904226D829B3481EF6
:10463000014222D104F14A0006F0C3F9E8B194F82E
:104640004C00401E012818D804F14D0006F0B9F9BD
:1046500098B104F14F0006F0B4F9802806D204F1B5
:104660005C0006F078F9B0F5803F06D304F1520003
:1046700006F0A7F908B1002070BDB54201D10220B3
:1046800070BD032070BD0000EB7690455846415444
:10469000202020004641543332202020000000001A
:1046A00070B50168046D500A4D8940EAC350590A3B
:1046B0002A460023241DFBF783FD02CC21B188424A
:1046C00004D3401A241DF8E7002070BD2168084477
:1046D00070BDC269891E921E8A4201D800207047AF
:1046E000026B408900FB0120704700002DE9F05F5C
:1046F00082460C4601F11A0006F063F978BB207877
:10470000012700F03F00401E00EB8001DFF85890C9
:1047100001EBC00500264FF6FF7B00BF19F806002D
:10472000204406F04EF980466FB1FF2D17D802F0F5
:1047300095F907463AF815006D1C02F08FF987428B
:104740000DD1474601E0D84509D1761C0D2EE5D3A1
:104750002078400606D52FB13AF8150010B1002098
:10476000BDE8F09F0120FBE7E8FF00082DE9F047D6
:1047700006685FEA010807462BD04146384602F03A
:1047800043FD022846D3411C45D0F169814242D8FD
:104790004546B06900283ED030784FF0FF390428F4
:1047A0001ED045455FD1F0696C1CA04200D80224A0
:1047B0002146384602F028FD01282CD0411C2AD081
:1047C00080B3706902284ED3F16981424BD9054606
:1047D00049E0756915B1F069A842DAD80125D8E732
:1047E00001222946304602F0ADF9040062D0601C77
:1047F00060D001231A4621463046FFF799FE022871
:1048000008D0012809D0B8F1000F08D0F9790229A1
:1048100009D010E00120BDE8F0874846FBE70221FF
:10482000F97143E01EE0691C8C423FD0B968691AF7
:10483000B9610321F97108F101018C4206D1F969CE
:1048400009B1491C00E00221F9612FE0F869012556
:1048500000B9FD6122464146384602F05AF930BBA4
:10486000FD6129E0A4B92C46F069641CA04202D87D
:104870000224022D0AD32146384602F0C5FC38B185
:104880000128C8D0411CC6D0AC42EDD10020C2E7FF
:104890004A462146304607F0DDF940B9B8F100003C
:1048A0000AD001462246304607F0D4F920B101284B
:1048B0000FD001242046AEE77461D6E90601891EB7
:1048C000884201D8401EB061707940F001007071DB
:1048D000F0E74C46EEE700002DE9FC5F82460868F1
:1048E0000190DAF800000E460025C7684FF48038C2
:1048F00001A808F05CF8411C3BD0404503D3010CF3
:1049000027F815106D1C84B2202C1CD32F2C10D02E
:104910005C2C0ED0802C04D2214676A0FBF7B1FC93
:1049200038BBFF2D25D227F815406D1CE0E7401C51
:104930000190019801782F29F9D05C29F7D0002443
:10494000C8B2202800D204240198306009E000BFDA
:1049500007EB450030F8020C202801D02E2802D1A8
:104960006D1E002DF4D1002027F815000DB1002692
:1049700003E00620BDE8FC9F761C37F816002028CF
:10498000FAD016B938882E2803D144F0030400E089
:104990006D1E2DB107EB450030F8020C2E28F7D123
:1049A00020220B210AF14000FBF74DFC4FF00008DC
:1049B0004FF0080BCDF8008037F8160006F101061D
:1049C0005FEA000924D0B9F1200F04D0B9F12E0F0D
:1049D00004D1AE4202D044F00304EDE700985845FC
:1049E00001D2AE4219D1BBF10B0F0FD0AE4201D0B4
:1049F00044F003040CD84FF0080000904FEA8860A0
:104A00002E464FF00B0B4FEA1068D5E744F0030435
:104A10009AF84000E52849D04BE04846B9F1800FAC
:104A200008D344F0020402F019F84FF46A7101F05F
:104A3000D9FF8146B9F1FF0F13D90099ABF10100FD
:104A4000814204D344F00304CDF800B0B4E70098E9
:104A50004FEA1922504480F840200098401C0090F2
:104A60001BE0B9F1000F04D0014625A0FBF709FCBB
:104A700020B14FF05F0944F003040EE0A9F14100BA
:104A8000192801D848F00208A9F16100192804D8B2
:104A9000413048F001081FFA80F9009A0AEB020140
:104AA00081F840900098401C009085E705218AF825
:104AB0004010BBF1080F03D14FEA88604FEA10683D
:104AC000C8F38100032803D06FEA0800800701D1F2
:104AD00044F00204A00709D45FEAC87001D044F092
:104AE00010045FEA487001D544F008048AF84B408E
:104AF00000203FE72A3A3C3E7C223F7F0000000036
:104B00002B2C3B3D5B5D00002DE9FF4F81B09B46A8
:104B10006A460121019800F079FC00287DD1082621
:104B20004FF03F09F101009F03E0700010F0FF0615
:104B300006D016FB09F0B7FBF0F08842F5D806B9AD
:104B4000FF264FF400715846FBF784FB0BF5DF7529
:104B50004FF0000A4C465DE0029951F82A80B8F106
:104B6000640F09D801D1384605E04FF06400B7FB67
:104B7000F0F000FB08F0804604EB0800B84201D8D2
:104B8000A04201D2A7EB0408B8F1000F44D021469F
:104B900005F1080007F032FE414605F10C0007F070
:104BA0002DFE0398287119FB06F3B4FBF9F1B1FB54
:104BB000F6F2B4FBF9FC06FB1212B4FBF3F009FBAE
:104BC0001C416A70C02202EA900C491C4CEA010C9C
:104BD00085F802C0E87004EB0800441EB4FBF3F152
:104BE000B4FBF9FCBCFBF6F3B4FBF9F806FB13CC01
:104BF00009FB184302EA91025B1C85F805C01A43C1
:104C0000AA71E9710AF1010A10350446BAF1040FDC
:104C100002D20CB1BC429FD300E00DE04AF6552110
:104C20000BF5FF7007F017FE01230022594601988B
:104C300000F045FC002800D0012005B0BDE8F08F51
:104C40002DE9F05F894605464021FBF703FB8520EF
:104C50002870C0204024002685F8200037464FF0F9
:104C60000108B2464FF0C10B05F804B0641C05F80A
:104C700004A0641CB8F1000F06D039F816005FEAF2
:104C8000000801D0761CF6B22819414607F0E3FD72
:104C9000A41CE006EED17F1C39F81600FFB20028F4
:104CA000E2D185F823607F1C6F70484608F010F948
:104CB000014605F12400BDE8F05F07F0CCBD812876
:104CC00003D3FE2801D80120704700207047000060
:104CD0000149086070470000000000204FF47A711D
:104CE000484300F001B8000070B54FF0E024002206
:104CF00065690949A36909684843A1699942FCD0DB
:104D000002D2A3EB010302E0A5EB010633441A44EF
:104D10000B468242F1D370BD000000202DE9F04126
:104D20000F4604460021066800F018FBE8B900258C
:104D30003046A16B06F0C6FCB8B931780429E16BA6
:104D4000097803D0E52905D021B107E041F3C0116E
:104D5000491C03D06D1CBD420AD000E00025012192
:104D6000204600F0FFF80028E2D0042800D10720F8
:104D7000BDE8F0812DE9F0470C46054607F0F4FD4B
:104D8000A8BB21462846FFF7A4FC0646A8634FF4BB
:104D9000007705F13C0039468046FBF75BFA6889ED
:104DA000BC01B4EB402F04D9440200E06408BC42CB
:104DB0001ED9204601F0D2FD5FEA0009F6D0BC42C0
:104DC00016D92146FBF746FA670A002400E03C4466
:104DD0006889A04207D9321968783B46494600F0F5
:104DE0006EFB0028F3D0484601F0BCFD0FE011E057
:104DF0000127002400E03C446889A04207D9321909
:104E000068783B46414600F05AFB0028F3D0688999
:104E1000A04202D00120BDE8F0870020FBE72DE989
:104E2000F05F04460021056800F098FA00284CD194
:104E3000287804280CD0FF264FF0FF38B146C4F87C
:104E40004C802846A16B06F03DFC07004ED13EE0A9
:104E5000E86808F03DF882462FE02869243005F024
:104E6000B0FD504529D1286940264FF0000990F83F
:104E7000238017E0F00600D1B61C2869304405F005
:104E8000A0FD01F0EBFDE968074631F8190001F0DB
:104E9000E5FD87420AD1A8F1010000F0FF0809F101
:104EA0000109B61CB8F1000FE4D102E0B8F1000F1F
:104EB00003D1E96831F8190030B10021204600F033
:104EC000B3F85FEA000BC8D05846BDE8F09FE16B2D
:104ED000087850B1CA7AE52802F03F02A27135D0B5
:104EE000130704D50F2A31D105E0042738E00F2A33
:104EF00001D0DEB11FE094F84B20520629D44206BF
:104F000006D591F80D9000F0BF00226B0646E264D2
:104F1000B04208D14A7B4A4505D1E868FFF7E6FB75
:104F200008B1761E00E0FF26F6B212E0084607F050
:104F3000CBFC484514D094F84B00C00706D10B2297
:104F400004F14001E06BFBF7A6F948B1FF26C4F875
:104F50004C800021204600F005F807003FF471AFB7
:104F60003846B2E72DE9F04707680446066B387803
:104F70002036894604280AD04FF400104FF000086C
:104F8000B04238D9A06B28B1F10506D044E04FF00B
:104F90008050F3E70420BDE8F087401CA063616BFC
:104FA00029B17889401E10EA562F05D034E038899F
:104FB000B0EB561F1FD92FE0204602F025F9054619
:104FC00001281DD9681C14D0F869A8421ED8B9F16F
:104FD000000F10D02046616BFFF7C8FB05000DD015
:104FE000012D0DD0681C04D029463846FFF7C2FEBB
:104FF00040B10120CFE7C4F83880CBE70720CAE7EB
:105000000220C8E7E07940F00400E0712946384604
:105010006563FFF75EFBA063C6F3080038443C30CD
:105020002663E0630020B6E72DE9F0470426FF245D
:1050300089460546A04607685FE0384606F042FB11
:1050400006005ED1E96B087898B13A78042A12D04C
:10505000CA7AE52802F03F02AA7108D02E2806D0AD
:1050600022F02003082B1BD0B446CC451BD0FF24D4
:1050700033E0042645E0B9F1000F02D0832842D086
:105080002BE0852829D1286BE864284605F0BBFC75
:10509000060036D13869007900F03F00A87132E08F
:1050A0004FF0010CE1E70F2A01D014BB1CE04206CF
:1050B00006D591F80D8000F0BF002A6B0446EA6423
:1050C000A04208D14A7B424505D1F86806F088FD28
:1050D00008B1641E00E0FF24E4B200212846FFF777
:1050E00041FF060009D00CE0084607F0EDFB404503
:1050F00009D04FF0FF30E86405E0A96B00299CD18E
:105100000EB10020A8633046BDE8F0872DE9F04FCE
:105110000446056890F84B0099B010F0A00F03D03A
:10512000062019B0BDE8F08F0026E86800E0761C84
:1051300030F816100029FAD1287804281AD004F182
:10514000400016AB07C883E807009DF8630004F130
:105150004008C1076BD0402084F84B0001273B4634
:1051600016A94046EA6802F001F82046FFF757FE0C
:10517000F0BB51E00F200E36B6FBF0F6B61C314600
:105180002046FFF7CBFD0028CBD171422022206BB7
:1051900002EB41110844E064E079410736D520F084
:1051A0000400E071204601F09DFC0028B9D1421EA8
:1051B0002046616B01F0ADFC0028B2D1A06828B395
:1051C000214602A805F002FC0028AAD16889D4E98A
:1051D00004234002121843F10003C4E904232869A0
:1051E000383007F013FBD4E904232869283000E0A5
:1051F00015E007F00BFBE079296940F0010081F828
:10520000210002A807F02BFB00288AD1D5E9031062
:10521000FFF716FD002084E77F1C642F9FD3642FC7
:105220000FD00428F7D19DF8630084F84B009DF857
:105230006300800707D50D200C36B6FBF0F77F1C06
:1052400002E007206DE7012739462046FFF766FD9B
:1052500006007FD17F1E05975FD0216B784201EB5E
:105260004011204600F07AF8060073D1404607F05E
:105270002BFB4FF6FF7B08902846A16B06F022FA25
:10528000060067D1E86804900598D4F83C90C0B255
:105290000390089989F80D100F2189F80B1000214F
:1052A00089F80C1009F11A0007F0D5FA0398DFF815
:1052B000A8A0401E00EB800101EBC008002701E020
:1052C0005E4504D0049830F8186008F101081AF817
:1052D000071001EB0900314607F0BDFA06B95E463A
:1052E0007F1C0D2FECD35E4505D0049830F81800D4
:1052F00008B1039803E0039840F04000039089F858
:1053000000000120287100212046FFF72BFE060037
:1053100020D10598401E0590AED12846A16B06F01D
:10532000D1F9060016D154F83C0F2021FAF792FF6C
:10533000206861680160A1684160A1890181A17B49
:105340008172E07B216800F018000873012000E002
:1053500000E028713046E4E6E8FF00082DE9F0415E
:10536000066805460F463078042806D04FF4001032
:10537000B8423CD9F8063AD102E04FF08050F7E746
:105380002F63AC6834B93078032807D30020F46A5F
:10539000E8711CB170894FEA402812E03089B0EB07
:1053A000571F24D9F06A12E0284601F02DFF044669
:1053B000401C1AD0022C1AD3F069A04217D9A7EBCF
:1053C000080747452146EFD23046FFF782F9C5E985
:1053D0000D4060B100EB5720A863C7F308003044CC
:1053E0003C30E8630020BDE8F0810120FBE70220AB
:1053F000F9E710B518B1012804D0012010BD06F05E
:1054000027FD01E006F05AFA002010BD4FF40073AA
:1054100018B1012814D00120704739B11148012971
:105420000AD0022904D0032908D103E000207047E4
:105430001360FBE7808B0CE0806910E0042070476C
:105440000029F3D0012908D0022904D00329F5D17D
:1054500008201080EAE71380E8E74FF4C0401060AE
:10546000E4E700008CBE01202DE9F0411C00154648
:105470000E4605D030B1012810D00120BDE8F081E2
:105480000420FBE71A4602E0FDF7F6FE2246294615
:10549000304606F01DFD0028F6D10CE04FF40077F1
:1054A00069023A46304606F03DFA641E05F10105F0
:1054B00006F50076F4D10020E0E7002070472DE9E2
:1054C000F0411C0015460E4605D030B1012810D021
:1054D0000120BDE8F0810420FBE71A4602E0FDF759
:1054E000CBFE22462946304606F00CFD0028F6D1B8
:1054F0000CE04FF4007769023A46304606F0A6FA0F
:10550000641E05F1010506F50076F4D10020E0E700
:105510007CB50D4600211446009101AA694600F0B1
:1055200038F800280AD10199009ACB6949899B1E55
:105530004B4351435A0849082A6021607CBD000052
:1055400070B50B4D00244FF40F763146002006F065
:1055500085F945F8240018B1641CE4B2022CF4D398
:1055600005F028FC022C01D1002800D0012070BDDC
:10557000BC02002038B5044601F03CF9002807D1F0
:105580006946204607F03AFA002801D1002121603F
:1055900038BD2DE9F7438EB014468946002269468E
:1055A0000EA805F0BFFE07007AD100982060009891
:1055B000D0E90614A21E914202D8C9F800106FE08B
:1055C00001780025012905D004291AD00026D0F839
:1055D00028803DE002240290214602A801F014FE3A
:1055E000411C03D0012803D020B104E0012757E07B
:1055F000022755E06D1C0098641CC0698442EBD3FF
:1056000046E00026A41ED0F8348000E046B94146AA
:1056100008F10108009806F055F8070040D1009AFB
:105620000821901990F83C00C043C0B207E000F098
:10563000010340081D44491EA4F1010401D0002CBF
:10564000F5D1761CC6F30806002CDFD120E03EB968
:10565000414608F10108009806F034F807001FD110
:10566000009801783044022900F13C0004D005F094
:1056700072F9000106D006E005F0A3F900B96D1C2F
:10568000B61C01E06D1C361DC6F30806641EDED193
:10569000C9F8005000988561417941F001014171DC
:1056A00011B03846BDE8F0832DE9FF4FA7B0994609
:1056B00090460C4627A801F041FE002803DA0B2093
:1056C0002BB0BDE8F08FFE49002751F8201001B142
:1056D0000F70C0B20790FFF78CFEC10701D0032006
:1056E000EEE7400701D50A20EAE704B9F54C4FF48C
:1056F00000456068109030B910AA03210798FFF7A1
:1057000085FE109820B1A84202D8411E084201D05F
:105710000120109020784FF4007600F00F001790D1
:1057200060780146401E012801D8084600E00120AB
:105730000E90A068411EA94205D21021B0FBF1F2E3
:1057400001FB120101B130460B90E068B0F1807F9F
:1057500002D8411E084200D00020B0FBF6F5B9FB8C
:10576000F6F05FEA000915D05FEA080405D14FEAB8
:10577000492001F0F3F804000CD000208346139078
:1057800013AA01210798FFF741FE50B1B8F1000FAD
:1057900002D004E0112093E7204601F0E3F8012055
:1057A0008EE71798000706D413983F2803D93F388F
:1057B0004FF03F0B13901398802807D2B8F1000FD9
:1057C00002D1204601F0CEF80E2079E717994A075A
:1057D000BD4911D5179A02F007034FF08062042BE0
:1057E00003D0904201D2802D09D901440F91B0F528
:1057F000805FE3D3FDB126E0802D00D98025179A84
:105800004FF6F57E9207179A4FEAC27205D52AB96C
:1058100001444FF0030A0F9150E322B101444FF0CD
:10582000020A0F9142E3B8F1000F02D1204601F0C5
:1058300099F8132044E70825B0F5002F03D340253D
:10584000904200D3AD000BF120011291B0FBF5F1B5
:10585000890001F20721B1FBF6F2129906920A447F
:1058600010990A44491E521E8A43A2EB0B0108926A
:105870001491B1EB500FA1D2401AB0FBF5F01C907F
:1058800010289BD39149884298D8C01DC0080E901B
:10589000401E05FB06006902B0FBF1F01E9005FBFF
:1058A0000020199000200390074682460B900D902F
:1058B00016900AE00B9840B101282CD00D9880B2C8
:1058C0001A900D98384487B22CE0384601F0C6F89B
:1058D00080B21A90B84202D07F1CBFB224E00120EF
:1058E00001E00D98401C0D90384401900004000C1C
:1058F00007D0019880B201F0B1F8019989B28842CD
:10590000EFD00D98802804D34FF6FF701A90022034
:1059100009E001200B901A977F1C0D98BFB2401E22
:105920000D9001D100200B901A98C0B204F80A0023
:10593000039907F0ECFA01461A9804EB0A02000AF0
:10594000507007F0E4FA039016980AF1020A801CDE
:1059500016901FB109FB06F05045ABD10AEB0600CB
:10596000401EB0FBF6F0824603462146199A07987E
:10597000FFF7A5FD00287FF409AF1998002F5044C8
:105980004FF0000A199095D1169805FB06F1401EBC
:1059900005FB0600B0FBF1F01F9001202090089855
:1059A00019900E9809FB06F73044401EB0FBF6FA3A
:1059B000DDE91E010844401C1B9039462046FAF7D9
:1059C00049FC00201B990DE004EBD00200F0070C0D
:1059D0001178012303FA0CF3194311701B99491E26
:1059E000401C1B9111B1B7EBD00FEDD85046494682
:1059F000CA4500D90846034601902146199A0798DE
:105A0000FFF75DFD0028B6D1019919980844199057
:105A1000AAEB01005FEA000ACFD11298199006980C
:105A20000B9000201A901B900D9039462046FAF7F3
:105A300011FC1A984FF0000A10BB20466FF00701C6
:105A400006F0DCFE201D4FF0FF3106F0D7FE0220ED
:105A50004FF0080A1A9013E01B98012802D91A99EE
:105A6000491C01E04FF0FF3104EB0A0006F0C6FECE
:105A70001A980AF1040A401C1A901B98401E1B90A9
:105A80001B9810B15745E7D80BE00D9803280AD2B0
:105A90000D991EA850F821001B90481C0D901B98D2
:105AA00008B15745ECD80B994846494500D80846F7
:105AB000824603462146199A0798FFF700FD07E042
:105AC000B40200202400010800002154FDFFFF7FE4
:105AD000002898D11998504419900B98B0EB0A00FF
:105AE0000B90A2D139462046FAF7B4FB83202070F0
:105AF000812084F82000022104F1340006F07EFEAB
:105B000004F138000E9906F079FE822084F84000F6
:105B100004F14400039906F071FE1E9904F154004B
:105B2000891C0C9006F06AFE04F158001699159035
:105B300006F064FEDDE91E01014408982F4605FBCE
:105B40000100199048464F4500D838468246034622
:105B50002146199A0798FFF7B2FC0028B9D13146BF
:105B60002046FAF777FB1998B7EB0A0750441990CB
:105B7000E8D10020019004F14000249008301299EF
:105B8000D9462390A1EB0900269004F150001B9008
:105B90000C301D90001D1A90001D0A90001D2590CC
:105BA00031462046FAF756FBFBA00027016821602A
:105BB00041686160008920812020A0725A463B46DE
:105BC000249806F023FE0023139A239806F01EFE65
:105BD00026991B9806F012FE06990C9806F00EFE08
:105BE000DDE9141006F00AFEDDE91C1006F006FEE1
:105BF000DDE91E010144891C1A9806F0FFFD0F998A
:105C00000A9806F0FBFD4FF48071259806F023FEFC
:105C100084F86C70304604E094F86C10491C84F8E9
:105C20006C104008F8D184F86D702F4605E000BF75
:105C300094F86D00401C84F86D007F08F8D10120B5
:105C400084F86E00802084F86F004FF6EB6104F159
:105C5000780006F000FE4AF6552A514604F5FF701A
:105C600006F0F9FD0020039005E06A2F42D06B2F6B
:105C70003ED0702F3AD0E05D039907F048F97F1CC1
:105C80000390B742F1D34A4609F1010901232146A5
:105C90000798FFF714FC00287FF478AD31462046C2
:105CA000FAF7D8FAA0195146801E06F0D4FD4FF03D
:105CB000010A00270399E05D7F1C07F028F9039093
:105CC000B742F7D34A4609F1010901232146079853
:105CD000FFF7F5FB0028DFD10AF1010ABAF1090F3D
:105CE000E7D331462046FAF7B5FA19E07127C2E743
:105CF0006C27BAE76B27B8E7E05D7F1C039907F0D4
:105D000006F90390B742F7D34A4609F10109012386
:105D100021460798FFF7D3FB0028BDD10AF1010AFD
:105D2000BAF10B0F4FF00007E6D3E019039906F024
:105D300065FD3F1DB742F8D34A4609F10109012329
:105D400021460798FFF7BBFB0028A5D10198401C0E
:105D500001900228FFF424AF02E200BF00214FEAC5
:105D6000504C01278F4B01E07F00491C33F8112074
:105D70000AB16245F8D9B0FBF7F106EB8102D21DFA
:105D8000B2FBF6F206922022039200220D92714598
:105D90007FF614AD844A91423FF610AD2CE000BF6F
:105DA000804A002101274FEA103C0E3A01E07F00B3
:105DB000491C32F811300BB16345F8D9B0FBF7F14B
:105DC00040F6F572914203D9042202EB410107E04B
:105DD00001EB41010322491C4FF0010A02EB510182
:105DE0003144491EB1FBF6F10691012103910B9953
:105DF0004901B1FBF6F10D91039A0BEB02011291EF
:105E00000D9A8B180E9A069901FB023210995318BD
:105E1000491E5B1E8B43991ABAF1030F2DD00E9BBE
:105E2000B1FBF3FC03FB1C1333B1039B5B1C03931B
:105E3000129B5B1C491E12930E9BB1FBF3F3069958
:105E40001944069102EB0712A2EB0B018142A3D881
:105E500003990E9A431A069901FB12320D99511AB1
:105E6000B1FBF7F11C91BAF1030F0DD0BAF1020F9B
:105E700013D0BAF1010F2FD033E0039B0B440393EF
:105E8000129B19441291DDE71C99714529D8002D08
:105E90007FF494AC7D0811D190E41C99714511D91F
:105EA0003DB94021B1EB470F03D37D002F0085D1D1
:105EB00076E71799890709D54FF0030A2F007FF479
:105EC0005AAF4BE740F6F57291420AD8002DE3D164
:105ED0007D00802DEAD971E41C9840F6F571884266
:105EE000DAD831462046FAF7B5F930A001682160CA
:105EF00041686160008920813020A072314604F140
:105F00000B0006F0A8FC6773039881B204F10E0041
:105F100006F0A1FC0E982074BAF1030F0FD00B9875
:105F200081B204F1110006F096FC1399B1F5803F9F
:105F300007D289B204F1130006F08DFC05E00020C1
:105F4000EEE704F1200006F059FCF82060753F21CF
:105F500004F1180006F07FFCFF2104F11A0006F09E
:105F60007AFC594604F11C0006F048FC29250F99DB
:105F7000BAF1030F3BD004F1270006F03FFC06986E
:105F800081B204F1160006F066FC802084F824003B
:105F900084F8265013220FE0EB7690455846415482
:105FA0002020200016000108F5FFFF0FEBFE904DAA
:105FB00053444F53352E300082A104F12B0000BF13
:105FC000FAF72FF94AF6552504F5FF702946019096
:105FD00006F041FC01235A4621460798FFF76FFA65
:105FE00000287FF4D3ABBAF1030F22D052E004F1C2
:105FF000430006F003FC04F12400069906F0FEFBC2
:10600000022104F12C0006F0F9FB012104F130001B
:1060100006F021FC062104F1320006F01CFC802071
:1060200084F8400084F8425013226BA104F1470029
:10603000C6E701230BF1060221460798FFF73FFA56
:1060400031462046FAF706F96849204606F0D6FBA5
:10605000674904F5F27006F0D1FB1C9904F5F47061
:10606000491E06F0CBFB022104F5F67006F0C6FBD4
:106070002946019806F0EFFB01230BF107022146A8
:106080000798FFF71CFA01230BF10102214607983C
:10609000FFF715FA09FB06F12046FAF7DBF80020B6
:1060A000DDF848B025E000BFBAF1030F2FD0BAF1F8
:1060B000010F3BD06FF007014FEA040006F09EFB92
:1060C000069D48464D4500D82846034601905A464D
:1060D00021460798FFF7F3F900287FF457AB3146C4
:1060E0002046FAF7B7F801998B446D1AE9D1049864
:1060F000401C014604900E988142D5D3BAF1030F9B
:1061000000D00D9F48464F4512D9054611E06FF06B
:106110000701204606F072FB4FF0FF31201D06F00C
:106120006DFB6FF0704104F10800C7E73149C3E728
:106130003D462B465A4621460798FFF7C0F90028EE
:10614000CBD1AB447F1BDDD1BAF1040F08D0BAF13B
:10615000030F07D01398B0F5803F05D3062207E060
:10616000072205E00C2203E0BAF1020F12D001224F
:106170001798000717D413982190002022902346E7
:1061800021A90798FEF7C0FC05000CD0B8F1000F5C
:1061900002D004E00422EBE7204600F0E3FB2846AF
:1061A0002BB0BDE8F08F002211460798FFF72EF9BB
:1061B000002892D1B8F1000F02D1204600F0D2FBA6
:1061C0000020EDE74E4F204E414D45202020204637
:1061D00041542020202020004E4F204E414D45208C
:1061E0002020204641543332202020005252614169
:1061F00072724161F8FFFF0017B581B01446029832
:106200000090684601F09AF8002802DA0B2004B0EA
:1062100010BD0B4A002352F8201011B142F8203073
:106220000B70019919B148700B7042F820102CB115
:10623000002201A902A805F075F8E8E70020E6E7CA
:10624000B40200202DE9F74F96B005000BD002F004
:106250003F063246694617A805F064F804004FF07F
:10626000000A04D034E1092019B0BDE8F08F00988D
:1062700002904FF48C6000F071FB5FEA00090BD0D4
:10628000009909F50070C1E9039002A8179900F080
:10629000A1FC040002D006E01120E5E79DF85300C0
:1062A000000600D5062416F01C0F79D04CB1042C42
:1062B00003D102A8FEF72AFF044646F008065CB1A7
:1062C000EBE09DF80E0010F0110F01D00724E4E080
:1062D000700701D50824F8E030077ED50098814F7B
:1062E0004FF0200801784FF0010B042929D01198B4
:1062F00039460E3006F082FA11983946163006F00B
:106300007DFA1199009804F013FB119907460022B9
:1063100081F80B801199009806F05CFA1198002121
:106320001C3006F06BFA009981F804B0CFB3D1F8B5
:1063300038800022394602A805F007FD040031D05C
:10634000ABE028602946009801F008FA00981E2169
:106350000069801CF9F77EFF00981A210069263039
:10636000F9F778FF00983946026982F804800069DD
:10637000083006F043FA009902A8096981F821B0B3
:1063800006F06DFA040016D1A96851B10022284622
:1063900005F0DBFC0446A8680099401E486109E04E
:1063A0000AE018E04146009805F08CF90446009890
:1063B0007F1E47616CB170E0F4BB9DF80E00C10612
:1063C00002D5042469E008E0B10702D5C0077FF4D4
:1063D0007DAF300701D546F040060098816BA96477
:1063E0001199E9640178042932D0119904F0A0FAD6
:1063F000A86011981C3004F0AEFAC5E9040A00BF89
:10640000C5F850A00099296000990020C988A9808A
:1064100085F8306085F831A0C5F844A0C5E90E00C4
:1064200005F154004FF400718346F9F713FFB006ED
:1064300054D5D5E9046700E02FE056EA07004DD0B7
:10644000C5E90E670098A9684089400280461DE0B2
:106450000499296206999DF80F2021F0FF0111434C
:1064600069621599A962294601F078F9C8E72846BA
:1064700000F0CAFE0146012800D80224481C00D1C1
:1064800001244046361A67EB0A0724B90246921BDC
:106490007AEB0700EBD3296424B1484600F062FA96
:1064A000B4B917E0F00519D00098FEF712F998B1C9
:1064B000710A41EAC7510A186A64009801235946D3
:1064C0004078FEF7D1FF48B10124484600F04AFA6F
:1064D000C5F800A02046C7E60224F6E7484600F0CB
:1064E00041FAF7E7000021542DE9FF5F88460026B6
:1064F00099461546044603A91E6006F07FFA002857
:106500001BD194F83100002817D194F83000C0074F
:1065100012D0D4E90E02D4E90431181A04F154035C
:1065200061EB020102930127431BB3464FF0020ABD
:10653000B14100D2054695E0072004B0BDE8F09FC8
:10654000208FC00572D1D4E90E230398560A46EA7B
:10655000C3564089401E064013D152EA030005D0BD
:10656000206D28B12046FEF79BF805E0A06803E007
:106570002046216C00F048FE02281BD3411C4ED05F
:106580002064216C0398FEF7A4F898B13044009081
:10659000680A019026D0039932184889824201D9AD
:1065A000801B01904878DDE900234146FEF75CFF3F
:1065B000A8BB03E084F831A00220BEE794F83000C5
:1065C00000060CD5616C0098081A0199884206D221
:1065D00008EB40204FF400720299F9F722FE01986F
:1065E000460231E0626C009882421DD094F830007F
:1065F00000060CD50398012302994078FEF75FFF4F
:1066000068B994F8300000F07F0084F830000398F7
:106610000123009A40780299FEF726FF20B184F802
:106620003170012089E701E000986064208FC0F399
:106630000800C0F50076AE4200D92E460119324658
:1066400040465431F9F7EDFDD9F80000AD1B811932
:10665000C9F80010D4E90E10891940EB0B00C4E909
:106660000E10B044002D7FF46BAF002065E70000F2
:10667000F1B59EB0022269461EA804F053FE002820
:1066800060D100984FF4803701AE0078042806D01E
:1066900020220B213046F9F7D6FD002449E01821CD
:1066A0003046F9F7D7FD00241DE01EA806F07FF95B
:1066B0000546B84209D3681C43D00A2C41D2290CA4
:1066C00006EB440006F0C7F8641CD5B329464848D9
:1066D000F9F7D7FDA8BB0B2C33D2A9B206EB4400C7
:1066E00006F0B9F8641C1E9800782028DDD232E04C
:1066F0001EA806F05CF9B84223D200F0AFF94FF4BF
:106700006A7100F06FF905001BD001463848C01FC0
:10671000F9F7B7FDA8B9FF2D01D90A2000E00B2039
:10672000A0420ED9FF2D02D9280A3055641C3555D8
:10673000641C1E9800782028DAD29DF80400E52811
:1067400003D106201FB0F0BD641E24B1301910F82B
:10675000010C2028F8D000980890002001460A90EB
:1067600008A8FEF7FBFD0028ECD1012108A8FEF7E0
:106770005BFC0125B0B10428E4D10020002CE1D05D
:10678000012108A8FEF7CAFA0028DBD120211798BA
:10679000F9F760FD00980078042825D017990820A3
:1067A000C87204E00098007804280CD0A4B11798AF
:1067B0000199016002994160BDF80C1001819DF8BA
:1067C0000E1081720BE01798162201A944701798D9
:1067D000801CF9F726FD02E01799E5200870009863
:1067E000057106F07FF8ADE7179983200870EAE796
:1067F000FCFF0008F0B595B0044614A906F0FEF8B9
:10680000050021D194F8300041061DD5000611D5B0
:106810001498626C0123407804F15401FEF74FFE96
:1068200010B1012015B0F0BD94F8300000F07F00E9
:1068300084F830001498484E0178042905D0A16CE2
:1068400004F040FF05005FD083E0204600F04AF9E5
:1068500005007ED1421E2046216C00F05AF9050049
:1068600077D14FF48C6000F079F807000BD01498C2
:1068700007F50071C0E903712146684604F0A6F8E7
:10688000050002D03CE01120CCE7149801690A7998
:1068900042F020020A71E179026941F0010182F8B7
:1068A00021100069A168343005F0A8FFD4E9042361
:1068B00014980069383005F0A9FFD4E9042314982E
:1068C0000069283005F0A2FF1498314600690C30A9
:1068D00005F094FF14980021026951750069103089
:1068E00005F08CFF684605F0BAFF050008D1149842
:1068F00005F0F8FF054614F8300F00F0BF002070D7
:10690000384600F02FF824E0E56C2946E87A40F09C
:106910002000E872A268206805F05CFF05F11C0009
:10692000216905F06BFF314605F1160005F066FFA1
:10693000002105F1120005F08EFF1498012101716C
:1069400005F0D0FF054694F8300000F0BF0084F851
:106950003000284666E70000000021540146002070
:1069600004F07CBF0146002004F04ABF2DE9F84F37
:106970001B490546802D0868D0F805004FEA5009EC
:1069800002D22846BDE8F88F4FF0FF32002702EB15
:10699000990810264FEA010AA8EB070007EB5004FC
:1069A000DAF800000422D0F8011009EB8400014459
:1069B000684604F0B7FFBDF80000A84209D001D234
:1069C000274600E0A046A6F101063604360CE3D1C6
:1069D00003E016B1BDF80200D4E70020D2E70000C2
:1069E000580000202DE9F84F07464FF00009802895
:1069F00002D2B8B2BDE8F88F17484FF0FF32002638
:106A0000016810254FEA000AD1F8051002EBD10801
:106A1000A8EB060006EB5004DAF800000422D0F8D8
:106A2000011009EB84000144684604F07BFFBDF8C7
:106A30000000B84209D001D2264600E0A046A5F1E8
:106A400001052D042D0CE3D103E015B1BDF80200C2
:106A5000D0E70020CEE700005800002030B5B0F5A8
:106A6000803F20D280B2B0F5805F01D21B4900E0A8
:106A70001B4931F8022B002A15D0904213D331F86C
:106A8000024B230AE5B252FA84F4844221D9092B3D
:106A900009D2DFE803F005090E10121416181A00C7
:106AA000801A31F8100030BD811A01F00101401A3E
:106AB0000DE010380BE0203809E0303807E01A38D4
:106AC00005E0083003E0503801E0A0F5E35080B263
:106AD00030BD002BCDD101EB4501CAE734000108E0
:106AE0002602010870B50446C07903280FD1A669B3
:106AF000A56808E06A1C2946206805F0ABF8002864
:106B000006D16D1C761E002EF4D10020E07100200D
:106B100070BD70B5044616460D46C0690FE00128E9
:106B200002D92A1A921C00E03246291A491C206810
:106B300005F090F8002804D1E069401EE0610028CB
:106B4000EDD170BD2DE9F0470646C0698D1E801E4F
:106B50009146A84200D800252C46A84600274FF4AD
:106B6000007A706B00EB1431304604F0ABFD18B1C5
:106B70004FF0FF30BDE8F08704F00702012090409D
:106B8000F269C4F3C801C0B25346921E06EB010C71
:106B9000641C9CF83CC00CEA000C4006000E9442B9
:106BA00002D3002420461946BCF1000F05D0A046B0
:106BB0000027AC4207D10020DCE77F1C4F45F8D10D
:106BC00008F10200D6E70028E0D10120491C9942D3
:106BD000DCD3C6E773B504460568019801E0401CA4
:106BE000019001782F29FAD05C29F8D00020A0600C
:106BF000E06101980078202807D2802084F84B00BB
:106C000000212046FEF7AAFB7CBD01A92046FDF726
:106C100063FE0028F8D12046FEF701F994F84B10E6
:106C200028B10428F0D14907EED405207CBD4907DE
:106C3000FCD4A079C006F8D52878042809D0208E85
:106C4000C0F30800411928463C3103F071FEA060F2
:106C5000DBE7A06820622069E17920F0FF000843AB
:106C60006062E06CA0622146284600F077FDCCE728
:106C700070B50E4D00244FF44006641CE4B241226E
:106C80003146286804F04EFE28680078AA280AD009
:106C90001420FEF723F80A2CEFD328680078AA28DE
:106CA00001D0012070BD002070BD00005800002000
:106CB000F0B514462DED028B83B00F469DED0A0A08
:106CC0000B9D0646F8EE400A00EE103AB8EE401A68
:106CD00080EE810ADFED150A20EE208A9FED140A6E
:106CE000B4EE480AF1EE10FA1CD012A0CDE9004033
:106CF00004EB440006EB5000029580B24FF4A07301
:106D0000F02203F09AFDBCEEC80A10EE100AC2B2DF
:106D1000642A00D96422032339463046CDE9004570
:106D200003F052FD03B0BDEC028BF0BD0000C84281
:106D300000007F43250000002DE9FF4F944885B0F7
:106D4000FF210068DDF848A04FF0000801706421C1
:106D5000404604F083FD04464FF48051002004F0C7
:106D60007DFD03904FF41671002004F077FD8146FD
:106D7000039850B34CB3B9F1000F26D0854E864F1F
:106D800000256420FDF7AAFF20460899F9F790FA3C
:106D900020463168F9F769FA57F825102046F9F7C7
:106DA00064FA21467DA0FDF749F9012221464846B3
:106DB000FFF748FA834601467DA0FDF73FF9BBF196
:106DC000000F12D048F080081AE04946002004F075
:106DD00017FD2146002004F013FD0020039904F064
:106DE0000FFD052009B0BDE8F08F4846FEF7C2FB55
:106DF000014674A0FDF722F96D1CADB2082DC0D379
:106E00004946002004F0FCFCB8F1000F7ED1079841
:106E10000025102700EB80000599800001EB500051
:106E20004FF6FF7B4FF4784604905B49079A203178
:106E30004FF4A07351F82510CDF808A0CDE900213A
:106E4000DDE90501F02203F0F8FC20460899F9F786
:106E50002FFA504801682046F9F707FA4E4850F8D3
:106E600025102046F9F701FA21465BA0FDF7E6F868
:106E70006A23DC2240F212211420CDF800B003F086
:106E80003FF95BA00097CDE901061023C82240F22C
:106E900012211E2003F0D1FC0097CDE901461023FA
:106EA000C82240F21221B42003F0C7FC55A000977D
:106EB000CDE901061023142240F2122140F2811084
:106EC00003F0BBFCE9B2CDE9001A0498DDE9061233
:106ED00080B2234600F0B0F881466A23DC2240F2FB
:106EE00012211420CDF800B003F00AF946A0009753
:106EF000CDE901061023C82240F212211E2003F022
:106F00009CFC1023C82240F2122100E031E00097DF
:106F1000CDE90146B42003F090FC3AA00097CDE9FA
:106F200001061023142240F2122140F2811003F0D6
:106F300084FCB9F1000F0ED00020039904F060FC2E
:106F40002146002004F05CFC691C33A0FDF776F8B4
:106F50006D1CE8B246E76D1CADB2082DFFF465AFBD
:106F60000B48AA214122006801704FF4400104F04F
:106F70006DFD2146002004F043FC0020039904F03D
:106F80003FFC414624A0FDF759F840462AE700009F
:106F90005800002034000020C4FE00086F70656EA9
:106FA00020706E616D653A2025733B200000000063
:106FB000665F6F70656E2072657475726E203A251B
:106FC000643B2000665F636C6F7365207265747547
:106FD000726E203A25640A007570646174696E6788
:106FE00020706E616D653A2025733B200000000023
:106FF0005570646174696E6720706E616D653A20CA
:10700000000000003B20000055706461746564203E
:10701000706E616D653A2000666F6E74735F757097
:10702000646174655F666F6E742072657475726EEC
:107030002025640A000000002DE9FF4F002483B0E2
:107040001F462646A0464FF416712046DDF840B094
:1070500004F004FC050001D14FF001084FF4805A00
:107060005146002004F0FAFB5FEA000901D14FF01D
:107070000108012239462846FFF7E4F807005AD1F3
:10708000B8F1000F57D13249BBF1080F2CD2DFE81D
:107090000BF0040B0F13171B1F2308682D4C40F82F
:1070A000014F296941601FE0086850F8011F16E090
:1070B000086850F8091F12E0086850F8111F0EE028
:1070C000086850F8191F0AE0086850F8211F06E008
:1070D000086850F8291F02E0086850F8311F42681C
:1070E0008C1884602969C160D04602AB424649468B
:1070F0002846FFF7F9F907001AD13119BDF8082021
:10710000484604F0A3FCBDF808000DF10C0A064443
:107110001198CDE900609AE807002B69FFF7C8FDD8
:10712000BDF80800404503D11420FDF7D7FDDCE78A
:107130002846FEF71FFA2946002004F061FB494665
:10714000002004F05DFB07B03846BDE8F08F00007A
:10715000580000200400C00003490A685206FCD50C
:10716000C2B24A6070470000001001402DE9FC41A6
:107170000646086830604868706008893081887AFF
:10718000B072052B11D91F4C0CE00021921C1D463A
:10719000034665F35F034008DD0300D56340491CE7
:1071A0001029F4D310880028EFD107244FEA0D05E9
:1071B00003F00F001B093030392800D9C01D2855B5
:1071C000641E01D0002BF3D17E2028550027A4F1A6
:1071D000010806E0FDF773FD10B1474506D07F1C9E
:1071E0007F1CA74202D2F05D2028F3D1082C02D2E6
:1071F000285D641C00E02020F0557F1C082FF5D38B
:10720000BDE8FC81211001002DE9F04106680C4623
:10721000022973D3F169A14270D932784FF0FF355A
:10722000012A09D0022A2CD0E90D01EA8407032A99
:1072300036D0042A7ED141E0B06A04EB540700EB5B
:107240005721304604F03EFA002874D1C7F30800F5
:1072500030447F1C90F83C80B06A00EB57213046E8
:1072600004F030FA48BBC7F30800304490F83C10F3
:1072700048EA0120E10701D005095CE0C0F30B05F5
:1072800059E0B06A00EB1421304604F01BFAA0B9B3
:10729000E0B206EB40003C3003F093FB05464AE0C9
:1072A000B06A00EBD411304604F00CFA28B9B819D2
:1072B0003C3003F050FB20F070453CE0D0E9041274
:1072C00051EA020301D083680BB9C379B3B983686B
:1072D000E31A491E42F1FF32490A41EAC25172895A
:1072E000B1FBF2FCC1796FF00042022907D00329FB
:1072F0000DD002291ED0C06920B90DE01AE0634507
:1073000018D801D1154616E004F1010513E0816992
:107310009942F0D9651C0EE0B06A00EBD4113046FA
:1073200004F0D0F938B9B8193C3003F014FB20F060
:10733000004500E001252846BDE8F08110B504466F
:107340004FF0FF3021680A0011D000BF11F8013B57
:10735000202B0DD33A2BF9D11378303B092B06D8CB
:10736000921C8A4203D1022B01DA1846216010BD1B
:10737000002010BD10B50448FAF70AFF042801D018
:10738000012010BD002010BD4CBF012070B50E4D76
:1073900000244FF42006641CE4B291223146286890
:1073A00004F0C0FA28680078AA280AD01420FDF753
:1073B00095FC0A2CEFD328680078AA2801D0012078
:1073C00070BD002070BD00005C0000202DE9FF4F63
:1073D000724885B0FF2100684FF0000901706421F8
:1073E000484604F03BFA80464FF48051002004F0F8
:1073F00035FA03904FF41671002004F02FFA074677
:10740000039888B1B8F1000F0ED06FB1644E654D8E
:1074100000246420FDF762FC40460899F8F748FF15
:107420000A2C11D9716810E03946002004F0E8F9FF
:107430004146002004F0E4F90020039904F0E0F94B
:10744000052009B0BDE8F08F31684046F8F70DFF20
:1074500055F824104046F8F708FF414652A0FCF7C3
:10746000EDFD012241463846FEF7ECFE824601461C
:1074700052A0FCF7E3FDBAF1000F02D049F08009F9
:1074800006E03846FEF776F8641CA4B2122CC0D38E
:107490003946002004F0B4F9B9F1000F74D100248A
:1074A00040460899F8F704FF0798102600EB800083
:1074B0000599AB46800040F262274FF4784501EB16
:1074C000500A08E040460899F8F7F2FE0A2C02D963
:1074D0003348416801E0324801684046F8F7C5FE8C
:1074E0005BF824104046F8F7C0FE414638A0FCF790
:1074F000A5FD4FF6FF7000906A23DC223946142068
:1075000002F0FEFD38A00096CDE901051023C82247
:1075100039461E2003F091F90096CDE9018510232C
:10752000C8223946B42003F088F934A00096CDE98A
:10753000010510231422394640F2811003F07DF931
:107540001299E0B2CDE90001DDE906121FFA8AF0D6
:10755000434600F055F850B10020039904F050F96B
:107560004146002004F04CF9641CE0B269E7641C59
:10757000A4B2122CA6D30948AA2191220068017056
:107580004FF4200104F062FA4146002004F038F97B
:107590000020039904F034F9484652E75C000020CB
:1075A0008402002014FF00086F70656E20706E6109
:1075B0006D653A2025733B2000000000665F6F7008
:1075C000656E2072657475726E203A256400000045
:1075D0007570646174696E6720706E616D653A20C4
:1075E00025733B20000000005570646174696E676C
:1075F00020706E616D653A20000000003B200000A5
:107600002DE9F84F00241E46A04627464FF4167178
:107610002046DDF828B004F021F9050000D101274B
:107620004FF4805A5146002004F018F95FEA00092F
:1076300000D10127012231462846FEF703FE06004D
:107640007CD1002F7AD14349BBF1120F59D2DFE828
:107650000BF0091014181C2024282C3034383C401E
:1076600044484C5008683C4C40F8014F296941603F
:1076700047E0086850F8011F3EE0086850F8091F0D
:107680003AE0086850F8111F36E0086850F8191FF2
:1076900032E0086850F8211F2EE0086850F8291FD2
:1076A0002AE0086850F8311F26E0086850F8391FB2
:1076B00022E0086850F8411F1EE0086850F8491F92
:1076C0001AE0086850F8511F16E0086850F8591F72
:1076D00012E0086850F8611F0EE0086850F8691F52
:1076E0000AE0086850F8711F06E0086850F8791F32
:1076F00002E0086850F8811F42688C18846029698C
:10770000C16057466B463A4649462846FEF7ECFEAE
:10771000060010D108EB0401BDF80020484604F033
:1077200095F9BDF800008044B84204D11420FDF75B
:10773000D5FAE7E702E02846FDF71CFF29460020BE
:1077400004F05EF84946002004F05AF83046BDE8DF
:10775000F88F00005C0000209100A00070B5054685
:1077600000690C46343003F0F6F8A0602869383020
:1077700003F0FCF8C4E90401286990F8210000F046
:107780000200E0710020E06170BD000070B50A49A0
:107790000646002408884D8821464543204602F0CD
:1077A0002BFF03F0B5F84FF0D84002E0A0F880605E
:1077B000641CAC42FAD370BDC80200202DE9F04F22
:1077C00038492C260A46887192884FF4305A4FF473
:1077D000285B41F6631E2B274FF02A0C4FF0F00870
:1077E00045F210594FF448754FF4A0744FF4F073FC
:1077F00058B10C80A1F802804A4530D1A1F808A008
:10780000A1F80AB03802888141E0A1F800804C80DC
:107810004A4507D1A1F808A0A1F80AB04FF42C50AE
:10782000888105E072450E8105D14F81A1F80CC019
:107830000B804D8002E0A1F80AC08F81A2F5A6401E
:10784000103803D0A2F5EE40963801D10C804B8061
:10785000A2F5184006381FD10B804D801CE0724500
:1078600011D0A2F5184006380DD00E81A1F80AC03B
:10787000A1F80C70A2F5A64010380BD0A2F5EE408E
:10788000963807D008E00E81A1F80AC08F810D80DC
:107890004B80EFE70B804C80BDE8F04F002002F0FA
:1078A000CBBD0000C802002010B5144602F0A4FEB3
:1078B00003F02EF84FF0D840A0F8804010BD10B56E
:1078C000CF2003F019F8002003F00AF8C12003F0DC
:1078D00007F8302003F004F8ED2003F00DF86420E1
:1078E00002F0FEFF032002F0FBFF122002F0F8FF7F
:1078F000812002F0F5FFE82002F0FEFF852002F073
:10790000EFFF102002F0ECFF7A2002F0E9FFCB201D
:1079100002F0F2FF392002F0E3FF2C2002F0E0FF3A
:10792000002002F0DDFF342002F0DAFF022002F036
:10793000D7FFF72002F0E0FF202002F0D1FFEA207D
:1079400002F0DAFF002002F0CBFF002002F0C8FFB7
:10795000C02002F0D1FF1B2002F0C2FFC12002F0C4
:10796000CBFF012002F0BCFFC52002F0C5FF302094
:1079700002F0B6FF302002F0B3FFC72002F0BCFFD8
:10798000B72002F0ADFF362002F0B6FF482002F02B
:10799000A7FF3A2002F0B0FF552002F0A1FFB1206E
:1079A00002F0AAFF002002F09BFF1A2002F098FFCD
:1079B000B62002F0A1FF0A2002F092FFA22002F0FE
:1079C0008FFFF22002F098FF002002F089FF2620AE
:1079D00002F092FF012002F083FFE02002F08CFF12
:1079E0000F2002F07DFF2A2002F07AFF282002F00B
:1079F00077FF082002F074FF0E2002F071FF0820CC
:107A000002F06EFF542002F06BFFA92002F068FF25
:107A1000432002F065FF0A2002F062FF0F2002F00F
:107A20005FFF002002F05CFF002002F059FF002001
:107A300002F056FF002002F053FFE12002F05CFF4D
:107A4000002002F04DFF152002F04AFF172002F03F
:107A500047FF072002F044FF112002F041FF0620FB
:107A600002F03EFF2B2002F03BFF562002F038FFD1
:107A70003C2002F035FF052002F032FF102002F01A
:107A80002FFF0F2002F02CFF3F2002F029FF3F20A4
:107A900002F026FF0F2002F023FF2B2002F02CFF24
:107AA000002002F01DFF002002F01AFF012002F06A
:107AB00017FF3F2002F014FF2A2002F01DFF0020D4
:107AC00002F00EFF002002F00BFF002002F008FF82
:107AD000EF2002F005FF112002F00EFF7820FDF7E5
:107AE000FDF8BDE81040292002F006BF10B5FF20C8
:107AF00002F002FFFF2002F0F3FE982002F0F0FEF9
:107B0000062002F0EDFEBC2002F0F6FE012002F09D
:107B1000E7FE0F2002F0E4FE612002F0E1FEFF200C
:107B200002F0DEFE012002F0DBFE012002F0D8FEB2
:107B30000B2002F0D5FE102002F0D2FE372002F01A
:107B4000CFFE632002F0CCFEFF2002F0C9FEFF2032
:107B500002F0C6FE012002F0C3FE012002F0C0FECA
:107B6000002002F0BDFE002002F0BAFEFF2002F06D
:107B7000B7FE522002F0B4FE012002F0B1FE002058
:107B800002F0AEFE402002F0ABFEBD2002F0B4FEDB
:107B9000012002F0A5FE232002F0A2FE452002F003
:107BA0009FFE672002F09CFE012002F099FE232038
:107BB00002F096FE452002F093FE672002F090FE50
:107BC000BE2002F099FE002002F08AFE012002F0A1
:107BD00087FEAB2002F084FE602002F081FE2220AE
:107BE00002F07EFE222002F07BFE222002F078FED0
:107BF000222002F075FE222002F072FEC72002F061
:107C00007BFE362002F06CFEED2002F075FE7F2038
:107C100002F066FE0F2002F063FEC02002F06CFE50
:107C20000F2002F05DFE0B2002F05AFE0A2002F047
:107C300057FEFC2002F060FE082002F051FEDF201B
:107C400002F05AFE002002F04BFE002002F048FE37
:107C5000002002F045FE002002F042FE002002F06B
:107C60003FFE202002F03CFEF32002F045FE74208F
:107C700002F036FEB42002F03FFE002002F030FE9B
:107C8000002002F02DFE002002F02AFEF72002F074
:107C900033FE822002F024FEB12002F02DFE0020EF
:107CA00002F01EFE132002F01BFE132002F018FE4D
:107CB000F22002F021FE802002F012FE042002F0E9
:107CC0000FFE402002F00CFE282002F009FEC12029
:107CD00002F012FE172002F003FE882002F000FEE0
:107CE000882002F0FDFD202002F0FAFDE02002F0E5
:107CF00003FE002002F0F4FD0A2002F0F1FD122044
:107D000002F0EEFD102002F0EBFD0E2002F0E8FD87
:107D1000202002F0E5FDCC2002F0E2FD072002F079
:107D2000DFFD062002F0DCFD0B2002F0D9FD0E2065
:107D300002F0D6FD0F2002F0D3FD0D2002F0D0FDA1
:107D4000152002F0CDFD102002F0CAFD002002F047
:107D5000C7FDE12002F0D0FD002002F0C1FD0B20A4
:107D600002F0BEFD132002F0BBFD0D2002F0B8FDB5
:107D70000E2002F0B5FD1B2002F0B2FD712002F0D2
:107D8000AFFD062002F0ACFD062002F0A9FD0A209E
:107D900002F0A6FD0F2002F0A3FD0E2002F0A0FDD0
:107DA0000F2002F09DFD152002F09AFD0C2002F03C
:107DB00097FD002002F094FD2A2002F09DFD002096
:107DC00002F08EFD002002F08BFD012002F088FD04
:107DD000DF2002F085FD2B2002F08EFD002002F056
:107DE0007FFD002002F07CFD032002F079FD1F20C2
:107DF00002F076FD3A2002F07FFD552002F070FD82
:107E0000362002F079FD002002F06AFD112002F018
:107E100073FD7820FCF762FF292002F06DFD14202D
:107E2000FCF75CFFBDE810402C2002F065BD10B5EA
:107E3000ED2002F061FD012002F052FDFE2002F073
:107E40004FFDEE2002F058FDDE2002F049FD21201A
:107E500002F046FDF12002F04FFD012002F040FD4E
:107E6000DF2002F049FD102002F03AFDC42002F0AC
:107E700043FD8F2002F034FDC62002F03DFD0020BE
:107E800002F02EFDE22002F02BFDE22002F028FDA0
:107E9000E22002F025FDBF2002F02EFDAA2002F014
:107EA0001FFDB02002F028FD0D2002F019FD00207A
:107EB00002F016FD0D2002F013FD002002F010FD6F
:107EC000112002F00DFD002002F00AFD192002F041
:107ED00007FD002002F004FD212002F001FD00203A
:107EE00002F0FEFC2D2002F0FBFC002002F0F8FC6A
:107EF0003D2002F0F5FC002002F0F2FC5D2002F0D3
:107F0000EFFC002002F0ECFC5D2002F0E9FC002018
:107F100002F0E6FCB12002F0EFFC802002F0E0FC71
:107F2000002002F0DDFC8B2002F0DAFC002002F0E1
:107F3000D7FC962002F0D4FC002002F0D1FCB22045
:107F400002F0DAFC002002F0CBFC002002F0C8FCBA
:107F5000022002F0C5FC002002F0C2FC032002F067
:107F6000BFFC002002F0BCFCB32002F0C5FC0020E6
:107F700002F0B6FC002002F0B3FC002002F0B0FCDE
:107F8000002002F0ADFC002002F0AAFC002002F06C
:107F9000A7FC002002F0A4FC002002F0A1FC0020BD
:107FA00002F09EFC002002F09BFC002002F098FCF6
:107FB000002002F095FC002002F092FC002002F06C
:107FC0008FFC002002F08CFC002002F089FC0020D5
:107FD00002F086FC002002F083FC002002F080FC0E
:107FE000002002F07DFC002002F07AFC002002F06C
:107FF00077FC002002F074FC002002F071FCB42039
:1080000002F07AFC8B2002F06BFC002002F068FC8E
:10801000962002F065FC002002F062FCA12002F034
:108020005FFC002002F05CFCB52002F065FC022041
:1080300002F056FC002002F053FC032002F050FC3A
:10804000002002F04DFC042002F04AFC002002F067
:1080500047FCB62002F050FC002002F041FC00205A
:1080600002F03EFCB72002F047FC002002F038FC92
:10807000002002F035FC3F2002F032FC002002F02C
:108080002FFC5E2002F02CFC002002F029FC642072
:1080900002F026FC002002F023FC8C2002F020FCE1
:1080A000002002F01DFCAC2002F01AFC002002F0BF
:1080B00017FCDC2002F014FC002002F011FC702000
:1080C00002F00EFC002002F00BFC902002F008FCF5
:1080D000002002F005FCEB2002F002FC002002F080
:1080E000FFFBDC2002F0FCFB002002F0F9FBB820D3
:1080F00002F002FC002002F0F3FB002002F0F0FB93
:10810000002002F0EDFB002002F0EAFB002002F06C
:10811000E7FB002002F0E4FB002002F0E1FB00207E
:1081200002F0DEFBBA2002F0E7FB242002F0D8FBCD
:10813000002002F0D5FB002002F0D2FB002002F06C
:10814000CFFBC12002F0D8FB202002F0C9FB0020A9
:1081500002F0C6FB542002F0C3FB002002F0C0FB7B
:10816000FF2002F0BDFB002002F0BAFBC22002F0AB
:10817000C3FB0A2002F0B4FB002002F0B1FB042094
:1081800002F0AEFB002002F0ABFBC32002F0B4FB18
:108190003C2002F0A5FB002002F0A2FB3A2002F0F6
:1081A0009FFB002002F09CFB392002F099FB00208D
:1081B00002F096FB372002F093FB002002F090FBC8
:1081C0003C2002F08DFB002002F08AFB362002F0FA
:1081D00087FB002002F084FB322002F081FB0020AC
:1081E00002F07EFB2F2002F07BFB002002F078FBE8
:1081F0002C2002F075FB002002F072FB292002F017
:108200006FFB002002F06CFB262002F069FB0020CF
:1082100002F066FB242002F063FB002002F060FB0A
:10822000242002F05DFB002002F05AFB232002F024
:1082300057FB002002F054FB3C2002F051FB0020D1
:1082400002F04EFB362002F04BFB002002F048FB10
:10825000322002F045FB002002F042FB2F2002F00A
:108260003FFB002002F03CFB2C2002F039FB0020F9
:1082700002F036FB292002F033FB002002F030FB35
:10828000262002F02DFB002002F02AFB242002F021
:1082900027FB002002F024FB242002F021FB002019
:1082A00002F01EFB232002F01BFB002002F018FB53
:1082B000C42002F021FB622002F012FB002002F039
:1082C0000FFB052002F00CFB002002F009FB8420CC
:1082D00002F006FB002002F003FBF02002F000FB9E
:1082E000002002F0FDFA182002F0FAFA002002F055
:1082F000F7FAA42002F0F4FA002002F0F1FA1820B4
:1083000002F0EEFA002002F0EBFA502002F0E8FA58
:10831000002002F0E5FA0C2002F0E2FA002002F060
:10832000DFFA172002F0DCFA002002F0D9FA9520DB
:1083300002F0D6FA002002F0D3FAF32002F0D0FACD
:10834000002002F0CDFAE62002F0CAFA002002F086
:10835000C7FAC52002F0D0FA322002F0C1FA00209C
:1083600002F0BEFA442002F0BBFA002002F0B8FA94
:10837000652002F0B5FA002002F0B2FA762002F091
:10838000AFFA002002F0ACFA882002F0A9FA00202F
:1083900002F0A6FAC62002F0AFFA202002F0A0FAFE
:1083A000002002F09DFA172002F09AFA002002F055
:1083B00097FA012002F094FA002002F091FAC72007
:1083C00002F09AFA002002F08BFA002002F088FAFC
:1083D000002002F085FA002002F082FAC82002F0A4
:1083E0008BFA002002F07CFA002002F079FA0020DB
:1083F00002F076FA002002F073FAC92002F07CFA4B
:10840000002002F06DFA002002F06AFA002002F06B
:1084100067FA002002F064FA002002F061FA0020FE
:1084200002F05EFA002002F05BFA002002F058FA37
:10843000002002F055FA002002F052FA002002F06B
:108440004FFA002002F04CFA002002F049FA002016
:1084500002F046FA002002F043FA002002F040FA4F
:10846000E02002F049FA162002F03AFA002002F069
:1084700037FA1C2002F034FA002002F031FA2120F1
:1084800002F02EFA002002F02BFA362002F028FA31
:10849000002002F025FA462002F022FA002002F025
:1084A0001FFA522002F01CFA002002F019FA642090
:1084B00002F016FA002002F013FA7A2002F010FA05
:1084C000002002F00DFA8B2002F00AFA002002F0E0
:1084D00007FA992002F004FA002002F001FAA8201D
:1084E00002F0FEF9002002F0FBF9B92002F0F8F9E1
:1084F000002002F0F5F9C42002F0F2F9002002F0A9
:10850000EFF9CA2002F0ECF9002002F0E9F9D220DC
:1085100002F0E6F9002002F0E3F9D92002F0E0F9D8
:10852000002002F0DDF9E02002F0DAF9002002F08C
:10853000D7F9F32002F0D4F9002002F0D1F9E120BC
:1085400002F0DAF9162002F0CBF9002002F0C8F9A7
:108550001C2002F0C5F9002002F0C2F9222002F02E
:10856000BFF9002002F0BCF9362002F0B9F9002072
:1085700002F0B6F9452002F0B3F9002002F0B0F99C
:10858000522002F0ADF9002002F0AAF9642002F0B6
:10859000A7F9002002F0A4F97A2002F0A1F9002046
:1085A00002F09EF98B2002F09BF9002002F098F96E
:1085B000992002F095F9002002F092F9A82002F02B
:1085C0008FF9002002F08CF9B92002F089F900201F
:1085D00002F086F9C42002F083F9002002F080F94D
:1085E000CA2002F07DF9002002F07AF9D22002F0D0
:1085F00077F9002002F074F9D82002F071F9002018
:1086000002F06EF9E02002F06BF9002002F068F948
:10861000F32002F065F9002002F062F9E22002F096
:108620006BF9052002F05CF9002002F059F90B20EB
:1086300002F056F9002002F053F91B2002F050F925
:10864000002002F04DF9342002F04AF9002002F037
:1086500047F9442002F044F9002002F041F94F208C
:1086600002F03EF9002002F03BF9612002F038F9F7
:10867000002002F035F9792002F032F9002002F0F2
:108680002FF9882002F02CF9002002F029F9972018
:1086900002F026F9002002F023F9A62002F020F9CA
:1086A000002002F01DF9B72002F01AF9002002F0B4
:1086B00017F9C22002F014F9002002F011F9C720C6
:1086C00002F00EF9002002F00BF9D12002F008F9B7
:1086D000002002F005F9D62002F002F9002002F095
:1086E000FFF8DD2002F0FCF8002002F0F9F8F3209A
:1086F00002F0F6F8002002F0F3F8E32002F0FCF8B4
:10870000052002F0EDF8002002F0EAF80A2002F05D
:10871000E7F8002002F0E4F81C2002F0E1F8002065
:1087200002F0DEF8332002F0DBF8002002F0D8F887
:10873000442002F0D5F8002002F0D2F8502002F0D8
:10874000CFF8002002F0CCF8622002F0C9F8002037
:1087500002F0C6F8782002F0C3F8002002F0C0F85A
:10876000882002F0BDF8002002F0BAF8972002F04D
:10877000B7F8002002F0B4F8A62002F0B1F800200B
:1087800002F0AEF8B72002F0ABF8002002F0A8F833
:10879000C22002F0A5F8002002F0A2F8C72002F0E3
:1087A0009FF8002002F09CF8D12002F099F80020F8
:1087B00002F096F8D52002F093F8002002F090F82D
:1087C000DD2002F08DF8002002F08AF8F32002F09C
:1087D00087F8002002F084F8E42002F08DF80120F0
:1087E00002F07EF8002002F07BF8012002F078F819
:1087F000002002F075F8022002F072F8002002F06A
:108800006FF82A2002F06CF8002002F069F83C2092
:1088100002F066F8002002F063F84B2002F060F8E6
:10882000002002F05DF85D2002F05AF8002002F00E
:1088300057F8742002F054F8002002F051F8842018
:1088400002F04EF8002002F04BF8932002F048F8B6
:10885000002002F045F8A22002F042F8002002F0C9
:108860003FF8B32002F03CF8002002F039F8BE20B7
:1088700002F036F8002002F033F8C42002F030F89D
:10888000002002F02DF8CD2002F02AF8002002F09E
:1088900027F8D32002F024F8002002F021F8DD2090
:1088A00002F01EF8002002F01BF8F32002F018F886
:1088B000002002F015F8E52002F01EF8002002F07A
:1088C0000FF8002002F00CF8002002F009F8002058
:1088D00002F006F8022002F003F8002002F000F88F
:1088E000292001F0FDFF002001F0FAFF3C2001F0FB
:1088F000F7FF002001F0F4FF4B2001F0F1FF002012
:1089000001F0EEFF5D2001F0EBFF002001F0E8FF39
:10891000742001F0E5FF002001F0E2FF842001F067
:10892000DFFF002001F0DCFF932001F0D9FF0020E1
:1089300001F0D6FFA22001F0D3FF002001F0D0FF0C
:10894000B32001F0CDFF002001F0CAFFBE2001F0EE
:10895000C7FF002001F0C4FFC42001F0C1FF0020C8
:1089600001F0BEFFCD2001F0BBFF002001F0B8FFF9
:10897000D32001F0B5FF002001F0B2FFDC2001F0B0
:10898000AFFF002001F0ACFFF32001F0A9FF0020B1
:1089900001F0A6FFE62001F0AFFF112001F0A0FFDB
:1089A000002001F09DFF342001F09AFF002001F02B
:1089B00097FF562001F094FF002001F091FF7620F0
:1089C00001F08EFF002001F08BFF772001F088FF7F
:1089D000002001F085FF662001F082FF002001F0F9
:1089E0007FFF882001F07CFF002001F079FF9920B3
:1089F00001F076FF002001F073FFBB2001F070FF53
:108A0000002001F06DFF992001F06AFF002001F0C5
:108A100067FF662001F064FF002001F061FF552030
:108A200001F05EFF002001F05BFF552001F058FFD0
:108A3000002001F055FF452001F052FF002001F019
:108A40004FFF432001F04CFF002001F049FF44207C
:108A500001F046FF002001F043FFE72001F04CFF4A
:108A6000322001F03DFF002001F03AFF552001F0D7
:108A700037FF002001F034FF762001F031FF0020A5
:108A800001F02EFF662001F02BFF002001F028FFEF
:108A9000672001F025FF002001F022FF672001F090
:108AA0001FFF002001F01CFF872001F019FF0020AC
:108AB00001F016FF992001F013FF002001F010FFD4
:108AC000BB2001F00DFF002001F00AFF992001F00A
:108AD00007FF002001F004FF772001F001FF0020D4
:108AE00001F0FEFE442001F0FBFE002001F0F8FE44
:108AF000562001F0F5FE002001F0F2FE232001F0E7
:108B0000EFFE002001F0ECFE332001F0E9FE002032
:108B100001F0E6FE452001F0E3FE002001F0E0FE5A
:108B2000E82001F0E9FE002001F0DAFE002001F06B
:108B3000D7FE992001F0D4FE002001F0D1FE87205D
:108B400001F0CEFE002001F0CBFE882001F0C8FE2F
:108B5000002001F0C5FE772001F0C2FE002001F0E8
:108B6000BFFE662001F0BCFE002001F0B9FE8820A7
:108B700001F0B6FE002001F0B3FEAA2001F0B0FE25
:108B8000002001F0ADFEBB2001F0AAFE002001F0A4
:108B9000A7FE992001F0A4FE002001F0A1FE6620AE
:108BA00001F09EFE002001F09BFE552001F098FE92
:108BB000002001F095FE552001F092FE002001F00A
:108BC0008FFE442001F08CFE002001F089FE44203D
:108BD00001F086FE002001F083FE552001F080FEAA
:108BE000002001F07DFEE92001F086FEAA2001F0C0
:108BF00077FE002001F074FE002001F071FE0020DD
:108C000001F06EFE002001F077FEAA2001F068FE60
:108C1000CF2001F071FE002001F062FE002001F083
:108C20005FFE002001F05CFE002001F059FE0020F4
:108C300001F056FE002001F053FE002001F050FE2E
:108C4000002001F04DFE002001F04AFE002001F05E
:108C500047FE002001F044FE002001F041FE00200C
:108C600001F03EFE002001F03BFE002001F038FE46
:108C7000002001F035FE002001F032FEF02001F06E
:108C80003BFE002001F02CFE502001F029FE0020C8
:108C900001F026FE002001F023FE002001F020FE5E
:108CA000F32001F029FE002001F01AFEF92001F066
:108CB00023FE062001F014FE102001F011FE2920F1
:108CC00001F00EFE002001F00BFE3A2001F014FE30
:108CD000552001F005FE112001F00EFE6420FBF787
:108CE000FDFF292001F008FE352001F005FE0020DF
:108CF00001F0F6FD512001F0FFFDFF2001F0F0FD35
:108D0000532001F0F9FD2C2001F0EAFD552001F07F
:108D1000F3FD822001F0E4FDBDE810402C2001F0BD
:108D2000EBBD2DE9F05F4FF470435521184601F07B
:108D3000F9FD4FF20104AA21204601F0F3FD651C64
:108D40005221284601F0EEFDA61C0821304601F014
:108D5000E9FDE71C0121384601F0E4FD0D214FF447
:108D6000304001F0DFFD0D214BF2010001F0DAFD92
:108D70000D214BF2020001F0D5FD4FF436483421AD
:108D8000404601F0CFFD34214BF2016001F0CAFDF5
:108D900034214BF2026001F0C5FD4FF431490D2141
:108DA000484601F0BFFD4BF2011A0D21504601F07B
:108DB000B9FD0D214BF2021001F0B4FD4FF4374B19
:108DC0003421584601F0AEFD34214BF2017001F020
:108DD000A9FD34214BF2027001F0A4FD00214FF4F3
:108DE000324001F09FFD00214BF2012001F09AFD7D
:108DF00000214BF2022001F095FD24214FF4384070
:108E000001F090FD24214BF6010001F08BFD24219F
:108E10004BF6020001F086FD01214FF43F4001F0C6
:108E200081FD0F214FF4334001F07CFD0F214BF207
:108E3000013001F077FD0F214BF2023001F072FD9D
:108E400034214FF4394001F06DFD34214BF601100F
:108E500001F068FD34214BF6021001F063FD08219A
:108E60004FF4354001F05EFD08214BF2015001F056
:108E700059FD08214BF2025001F054FD03214FF43B
:108E8000424001F04FFD24214FF43A4001F04AFDE9
:108E900024214BF6012001F045FD24214BF6022050
:108EA00001F040FD00214FF43C4001F03BFD7821F2
:108EB0004BF6014001F036FD00214BF6024001F077
:108EC00031FD00214FF43D4001F02CFD78214BF69F
:108ED000015001F027FD00214BF6025001F022FD68
:108EE00000214FF43E4001F01DFD64214BF601606E
:108EF00001F018FD00214FF4514001F013FD332122
:108F00004DF2011001F00EFD00214DF2021001F0B2
:108F100009FD34214DF2031001F004FD00214DF252
:108F2000041001F0FFFC3A214DF2051001F0FAFCAB
:108F300000214DF2061001F0F5FC4A214DF2071018
:108F400001F0F0FC00214DF2081001F0EBFC5C2177
:108F50004DF2091001F0E6FC00214DF20A1001F07B
:108F6000E1FC81214DF20B1001F0DCFC00214DF2FF
:108F70000C1001F0D7FCA6214DF20D1001F0D2FC2F
:108F800000214DF20E1001F0CDFCE5214DF20F1045
:108F900001F0C8FC01214DF2101001F0C3FC1321B7
:108FA0004DF2111001F0BEFC01214DF2121001F042
:108FB000B9FC54214DF2131001F0B4FC01214DF223
:108FC000141001F0AFFC82214DF2151001F0AAFC43
:108FD00001214DF2161001F0A5FCCA214DF2171027
:108FE00001F0A0FC02214DF2181001F09BFC0021C1
:108FF0004DF2191001F096FC02214DF21A1001F009
:1090000091FC01214DF21B1001F08CFC02214DF26C
:109010001C1001F087FC34214DF21D1001F082FC80
:1090200002214DF21E1001F07DFC67214DF21F1050
:1090300001F078FC02214DF2201001F073FC842134
:109040004DF2211001F06EFC02214DF2221001F0D0
:1090500069FCA4214DF2231001F064FC02214DF2C1
:10906000241001F05FFCB7214DF2251001F05AFCED
:1090700002214DF2261001F055FCCF214DF22710B0
:1090800001F050FC02214DF2281001F04BFCDE21D2
:109090004DF2291001F046FC02214DF22A1001F098
:1090A00041FCF2214DF22B1001F03CFC02214DF26B
:1090B0002C1001F037FCFE214DF22D1001F032FC96
:1090C00003214DF22E1001F02DFC10214DF22F1036
:1090D00001F028FC03214DF2301001F023FC332174
:1090E0004DF2311001F01EFC03214DF2321001F05F
:1090F00019FC6D214DF2331001F014FC00214FF4E6
:10910000524001F00FFC33214DF2012001F00AFC26
:1091100000214DF2022001F005FC34214DF2032024
:1091200001F000FC00214DF2042001F0FBFB3A218C
:109130004DF2052001F0F6FB00214DF2062001F072
:10914000F1FB4A214DF2072001F0ECFB00214DF22A
:10915000082001F0E7FB5C214DF2092001F0E2FB61
:1091600000214DF20A2001F0DDFB81214DF20B20A0
:1091700001F0D8FB00214DF20C2001F0D3FBA62119
:109180004DF20D2001F0CEFB00214DF20E2001F03A
:10919000C9FBE5214DF20F2001F0C4FB01214DF286
:1091A000102001F0BFFB13214DF2112001F0BAFB9A
:1091B00001214DF2122001F0B5FB54214DF2132094
:1091C00001F0B0FB01214DF2142001F0ABFB822134
:1091D0004DF2152001F0A6FB01214DF2162001F001
:1091E000A1FBCA214DF2172001F09CFB02214DF298
:1091F000182001F097FB00214DF2192001F092FB9D
:1092000002214DF21A2001F08DFB01214DF21B20AD
:1092100001F088FB02214DF21C2001F083FB342178
:109220004DF21D2001F07EFB02214DF21E2001F0C7
:1092300079FB67214DF21F2001F074FB02214DF2F2
:10924000202001F06FFB84214DF2212001F06AFB08
:1092500002214DF2222001F065FBA4214DF22320D2
:1092600001F060FB02214DF2242001F05BFBB721ED
:109270004DF2252001F056FB02214DF2262001F08F
:1092800051FBCF214DF2272001F04CFB02214DF282
:10929000282001F047FBDE214DF2292001F042FB9E
:1092A00002214DF22A2001F03DFBF2214DF22B204C
:1092B00001F038FB02214DF22C2001F033FBFE219E
:1092C0004DF22D2001F02EFB03214DF22E2001F056
:1092D00029FB10214DF22F2001F024FB03214DF238
:1092E000302001F01FFB33214DF2312001F01AFB39
:1092F00003214DF2322001F015FB6D214DF2332098
:1093000001F010FB00214FF4534001F00BFB33211F
:109310004DF2013001F006FB00214DF2023001F068
:1093200001FB34214DF2033001F0FCFA00214DF233
:10933000043001F0F7FA3A214DF2053001F0F2FA6B
:1093400000214DF2063001F0EDFA4A214DF20730CE
:1093500001F0E8FA00214DF2083001F0E3FA5C2157
:109360004DF2093001F0DEFA00214DF20A3001F031
:10937000D9FA81214DF20B3001F0D4FA00214DF2DF
:109380000C3001F0CFFAA6214DF20D3001F0CAFAEF
:1093900000214DF20E3001F0C5FAE5214DF20F30FB
:1093A00001F0C0FA01214DF2103001F0BBFA132197
:1093B0004DF2113001F0B6FA01214DF2123001F0F8
:1093C000B1FA54214DF2133001F0ACFA01214DF203
:1093D000143001F0A7FA82214DF2153001F0A2FA03
:1093E00001214DF2163001F09DFACA214DF21730DD
:1093F00001F098FA02214DF2183001F093FA0021A1
:109400004DF2193001F08EFA02214DF21A3001F0BE
:1094100089FA01214DF21B3001F084FA02214DF24C
:109420001C3001F07FFA34214DF21D3001F07AFA40
:1094300002214DF21E3001F075FA67214DF21F3006
:1094400001F070FA02214DF2203001F06BFA842114
:109450004DF2213001F066FA02214DF2223001F086
:1094600061FAA4214DF2233001F05CFA02214DF2A1
:10947000243001F057FAB7214DF2253001F052FAAD
:1094800002214DF2263001F04DFACF214DF2273066
:1094900001F048FA02214DF2283001F043FADE21B2
:1094A0004DF2293001F03EFA02214DF22A3001F04E
:1094B00039FAF2214DF22B3001F034FA02214DF24B
:1094C0002C3001F02FFAFE214DF22D3001F02AFA56
:1094D00003214DF22E3001F025FA10214DF22F30EC
:1094E00001F020FA03214DF2303001F01BFA332154
:1094F0004DF2313001F016FA03214DF2323001F015
:1095000011FA6D214DF2333001F00CFA00214FF4C5
:10951000544001F007FA33214DF2014001F002FA04
:1095200000214DF2024001F0FDF934214DF20340DB
:1095300001F0F8F900214DF2044001F0F3F93A216D
:109540004DF2054001F0EEF900214DF2064001F028
:10955000E9F94A214DF2074001F0E4F900214DF20A
:10956000084001F0DFF95C214DF2094001F0DAF921
:1095700000214DF20A4001F0D5F981214DF20B4056
:1095800001F0D0F900214DF20C4001F0CBF9A621F9
:109590004DF20D4001F0C6F900214DF20E4001F0F0
:1095A000C1F9E5214DF20F4001F0BCF901214DF266
:1095B000104001F0B7F913214DF2114001F0B2F95A
:1095C00001214DF2124001F0ADF954214DF213404A
:1095D00001F0A8F901214DF2144001F0A3F9822114
:1095E0004DF2154001F09EF901214DF2164001F0B7
:1095F00099F9CA214DF2174001F094F902214DF278
:10960000184001F08FF900214DF2194001F08AF95C
:1096100002214DF21A4001F085F901214DF21B4063
:1096200001F080F902214DF21C4001F07BF9342158
:109630004DF21D4001F076F902214DF21E4001F07D
:1096400071F967214DF21F4001F06CF902214DF2D2
:10965000204001F067F984214DF2214001F062F9C8
:1096600002214DF2224001F05DF9A4214DF2234088
:1096700001F058F902214DF2244001F053F9B721CD
:109680004DF2254001F04EF902214DF2264001F045
:1096900049F9CF214DF2274001F044F902214DF262
:1096A000284001F03FF9DE214DF2294001F03AF95E
:1096B00002214DF22A4001F035F9F2214DF22B4002
:1096C00001F030F902214DF22C4001F02BF9FE217E
:1096D0004DF22D4001F026F903214DF22E4001F00C
:1096E00021F910214DF22F4001F01CF903214DF218
:1096F000304001F017F933214DF2314001F012F9F9
:1097000003214DF2324001F00DF96D214DF233404D
:1097100001F008F900214FF4554001F003F933211D
:109720004DF2015001F0FEF800214DF2025001F01F
:10973000F9F834214DF2035001F0F4F800214DF214
:10974000045001F0EFF83A214DF2055001F0EAF82B
:1097500000214DF2065001F0E5F84A214DF2075084
:1097600001F0E0F800214DF2085001F0DBF85C2137
:109770004DF2095001F0D6F800214DF20A5001F0E7
:10978000D1F881214DF20B5001F0CCF800214DF2BF
:109790000C5001F0C7F8A6214DF20D5001F0C2F8AF
:1097A00000214DF20E5001F0BDF8E5214DF20F50B1
:1097B00001F0B8F801214DF2105001F0B3F8132177
:1097C0004DF2115001F0AEF801214DF2125001F0AE
:1097D000A9F854214DF2135001F0A4F801214DF2E3
:1097E000145001F09FF882214DF2155001F09AF8C3
:1097F00001214DF2165001F095F8CA214DF2175093
:1098000001F090F802214DF2185001F08BF8002180
:109810004DF2195001F086F802214DF21A5001F074
:1098200081F801214DF21B5001F07CF802214DF22C
:109830001C5001F077F834214DF21D5001F072F800
:1098400002214DF21E5001F06DF867214DF21F50BC
:1098500001F068F802214DF2205001F063F88421F4
:109860004DF2215001F05EF802214DF2225001F03C
:1098700059F8A4214DF2235001F054F802214DF281
:10988000245001F04FF8B7214DF2255001F04AF86D
:1098900002214DF2265001F045F8CF214DF227501C
:1098A00001F040F802214DF2285001F03BF8DE2192
:1098B0004DF2295001F036F802214DF22A5001F004
:1098C00031F8F2214DF22B5001F02CF802214DF22B
:1098D0002C5001F027F8FE214DF22D5001F022F816
:1098E00003214DF22E5001F01DF810214DF22F50A2
:1098F00001F018F803214DF2305001F013F8332134
:109900004DF2315001F00EF803214DF2325001F0CA
:1099100009F86D214DF2335001F004F800214FF4A5
:10992000564000F0FFFF33214DF2016000F0FAFFD6
:1099300000214DF2026000F0F5FF34214DF203608A
:1099400000F0F0FF00214DF2046000F0EBFF3A213F
:109950004DF2056000F0E6FF00214DF2066000F0D8
:10996000E1FF4A214DF2076000F0DCFF00214DF2DB
:10997000086000F0D7FF5C214DF2096000F0D2FFD3
:1099800000214DF20A6000F0CDFF81214DF20B6005
:1099900000F0C8FF00214DF20C6000F0C3FFA621CB
:1099A0004DF20D6000F0BEFF00214DF20E6000F0A0
:1099B000B9FFE5214DF20F6000F0B4FF01214DF237
:1099C000106000F0AFFF13214DF2116000F0AAFF0C
:1099D00001214DF2126000F0A5FF54214DF21360F9
:1099E00000F0A0FF01214DF2146000F09BFF8221E6
:1099F0004DF2156000F096FF01214DF2166000F067
:109A000091FFCA214DF2176000F08CFF02214DF248
:109A1000186000F087FF00214DF2196000F082FF0E
:109A200002214DF21A6000F07DFF01214DF21B6012
:109A300000F078FF02214DF21C6000F073FF34212A
:109A40004DF21D6000F06EFF02214DF21E6000F02D
:109A500069FF67214DF21F6000F064FF02214DF2A3
:109A6000206000F05FFF84214DF2216000F05AFF7A
:109A700002214DF2226000F055FFA4214DF2236037
:109A800000F050FF02214DF2246000F04BFFB7219F
:109A90004DF2256000F046FF02214DF2266000F0F5
:109AA00041FFCF214DF2276000F03CFF02214DF233
:109AB000286000F037FFDE214DF2296000F032FF10
:109AC00002214DF22A6000F02DFFF2214DF22B60B1
:109AD00000F028FF02214DF22C6000F023FFFE2150
:109AE0004DF22D6000F01EFF03214DF22E6000F0BC
:109AF00019FF10214DF22F6000F014FF03214DF2E9
:109B0000306000F00FFF33214DF2316000F00AFFAA
:109B100003214DF2326000F005FF6D214DF23360FC
:109B200000F000FF5521184600F0FCFEAA21204657
:109B300000F0F8FE5221284600F0F4FE08213046DD
:109B400000F0F0FE0021384600F0ECFECC21484643
:109B500000F0E8FE0021504600F0E4FE05214046FA
:109B600000F0E0FE7021584600F0DCFE70214BF260
:109B7000017000F0D7FE01214FF4384000F0D2FE12
:109B800003214BF6010000F0CDFE03214BF602004D
:109B900000F0C8FE03214BF6030000F0C3FE0221D3
:109BA0004FF43C4000F0BEFE00214BF6014000F0B7
:109BB000B9FE00214BF6024000F0B4FED0214FF474
:109BC000494000F0AFFE02214CF6011000F0AAFE61
:109BD00050214CF6021000F0A5FE50214CF6031067
:109BE00000F0A0FE50214CF6041000F09BFE002176
:109BF0004FF4545000F096FE55214FF4685000F099
:109C000091FE4FF4885000F077FE7820FBF766F85D
:109C1000BDE8F05F4FF4245000F06EBE10B5E220B6
:109C200000F06AFE1D2000F05BFE022000F058FEEE
:109C3000042000F055FE6420FBF750F8E02000F00F
:109C40005BFE012000F04CFE0A20FBF747F8E02005
:109C500000F052FE032000F043FE0C20FBF73EF81C
:109C6000012000F049FE0A20FBF738F8E62000F05A
:109C700043FE2F2000F034FEFF2000F031FEFF20D5
:109C800000F02EFEB02000F037FE202000F028FE6D
:109C9000002000F025FE032000F022FE40F21F30DD
:109CA00000F01EFE012000F01BFE40F2DF1000F06D
:109CB00017FE002000F014FEB42000F01DFE04206A
:109CC00000F00EFE40F21F4000F00AFE002000F0FF
:109CD00007FE2E2000F004FE002000F001FE002010
:109CE00000F0FEFD002000F0FBFD002000F0F8FD7C
:109CF000B62000F001FE022000F0F2FD4FF40370E8
:109D000000F0EEFD002000F0EBFD172000F0E8FD74
:109D1000152000F0E5FD002000F0E2FD002000F03D
:109D2000DFFDF02000F0E8FD032000F0D9FD292040
:109D300000F0E2FDD02000F0DFFD002000F0D0FDBB
:109D4000BE2000F0D9FD052000F0CAFDFE2000F085
:109D5000C7FD012000F0C4FD002000F0C1FD00207F
:109D600000F0BEFD002000F0BBFDB82000F0C4FDF7
:109D7000032000F0B5FD012000F0B2FDBA2000F094
:109D8000BBFDBDE81040012000F0AABD10B51120B8
:109D900000F0B2FD7820FAF7A1FF362000F0ACFD0C
:109DA000002000F09DFD3A2000F0A6FD052000F007
:109DB00097FDB22000F0A0FD0C2000F091FD0C20DA
:109DC00000F08EFD002000F08BFD332000F088FDB8
:109DD000332000F085FDB72000F08EFD352000F027
:109DE0007FFDBB2000F088FD322000F079FDC0200F
:109DF00000F082FD0C2000F073FDC22000F07CFD1D
:109E0000012000F06DFDC32000F076FD102000F071
:109E100067FDC42000F070FD202000F061FDC62029
:109E200000F06AFD0F2000F05BFDD02000F064FD23
:109E3000A42000F055FDA12000F052FDE02000F02C
:109E40005BFDD02000F04CFD002000F049FD022019
:109E500000F046FD072000F043FD0A2000F040FD21
:109E6000282000F03DFD322000F03AFD442000F0B3
:109E700037FD422000F034FD062000F031FD0E20B9
:109E800000F02EFD122000F02BFD142000F028FD24
:109E9000172000F025FDE12000F02EFDD02000F07D
:109EA0001FFD002000F01CFD022000F019FD07201E
:109EB00000F016FD0A2000F013FD282000F010FD30
:109EC000312000F00DFD542000F00AFD472000F085
:109ED00007FD0E2000F004FD1C2000F001FD1720FE
:109EE00000F0FEFC1B2000F0FBFC1E2000F0F8FC44
:109EF0002A2000F001FD002000F0F2FC002000F01C
:109F0000EFFC002000F0ECFCEF2000F0E9FC2B203F
:109F100000F0F2FC002000F0E3FC002000F0E0FC88
:109F2000012000F0DDFC3F2000F0DAFCBDE810402D
:109F3000292000F0E1BC10B5112000F0DDFC7820F4
:109F4000FAF7CCFE362000F0D7FC482000F0C8FC21
:109F50003A2000F0D1FC552000F0C2FCF02000F0C7
:109F6000CBFCC32000F0BCFCF02000F0C5FC962028
:109F700000F0B6FCB42000F0BFFC012000F0B0FC03
:109F8000B62000F0B9FC0A2000F0AAFCA22000F0E4
:109F9000A7FCB72000F0B0FCC62000F0A1FCB9205F
:109FA00000F0AAFC022000F09BFCE02000F098FCEE
:109FB000C02000F0A1FC802000F092FC162000F0F0
:109FC0008FFCC12000F098FC192000F089FCC22011
:109FD00000F092FCA72000F083FCC52000F08CFC70
:109FE000162000F07DFCE82000F086FC402000F008
:109FF00077FC8A2000F074FC002000F071FC002047
:10A0000000F06EFC292000F06BFC192000F068FCC9
:10A01000A52000F065FC332000F062FCE02000F099
:10A020006BFCF02000F05CFC072000F059FC0D20D8
:10A0300000F056FC042000F053FC052000F050FC1A
:10A04000142000F04DFC362000F04AFC542000F0B3
:10A0500047FC4C2000F044FC382000F041FC132069
:10A0600000F03EFC142000F03BFC2E2000F038FCF9
:10A07000342000F035FCE12000F03EFCF02000F040
:10A080002FFC102000F02CFC142000F029FC0E20E6
:10A0900000F026FC0C2000F023FC082000F020FC3F
:10A0A000352000F01DFC442000F01AFC4C2000F08C
:10A0B00017FC262000F014FC102000F011FC1220E8
:10A0C00000F00EFC2C2000F00BFC322000F008FC0D
:10A0D000F02000F011FC3C2000F002FCF02000F029
:10A0E0000BFC692000F0FCFB7820FAF7F7FD21203B
:10A0F00000F002FCBDE81040292000F0FDBB00008C
:10A100002DE9F0438146A2EB09020798521C1F4635
:10A1100095B20C4686B24FF0D84811E02146484629
:10A1200000F06AFA00F0F4FB0020414604E000BFB2
:10A13000A1F88060401C80B2A842F9D3641CA4B28C
:10A14000BC42EBD9BDE8F08310B5BF2000F0D4FBD2
:10A1500000F064F900F062F9C0B210BD2DE9F05FC3
:10A160003220FAF7BBFDD32000F0C6FB00F056F911
:10A17000A14CA08000F052F9A08000F04FF94FF6FA
:10A18000FF7101EA0020A08000F048F9A18849F29F
:10A1900041360843A08047F2897545F2103747F2EF
:10A1A000967845F2105949F6060A41F6631BB0420B
:10A1B0007DD0042000F0A0FB00F030F9A08000F07A
:10A1C0002DF9A08000F02AF94FF6FF7101EA002076
:10A1D000A08000F023F9A1880843A0F50541A080E4
:10A1E000523965D0A84262D0D42000F085FB00F03F
:10A1F00015F9A08000F012F9A08000F00FF94FF6D9
:10A20000FF7101EA0020A08000F008F9A18808434E
:10A21000A080B8427ED0D32000F06EFB00F0FEF8A4
:10A22000A08000F0FBF8A08000F0F8F84FF6FF7176
:10A2300001EA0020A08000F0F1F8A1880843A08086
:10A24000404567D055214FF4704000F06BFBAA21C8
:10A250004FF2010000F066FB52214FF2020000F0C5
:10A2600061FB08214FF2030000F05CFB01214FF27B
:10A27000040000F057FB4FF4454000F03DFB00F0B8
:10A28000CDF84FF6FF7101EA0020A0804CF201509A
:10A2900000F032FB00F0C2F8A1880843A08005203E
:10A2A000FAF71CFDA188494534D0D32001E02CE009
:10A2B0002CE000F021FB00F0B1F8A08000F0AEF837
:10A2C000A08000F0ABF84FF6FF7101EA0020A080FB
:10A2D00000F0A4F8A1880843A08050451AD0A1201E
:10A2E00000F00AFB00F09AF8A08000F097F84FF613
:10A2F000FF7101EA0020A08000F090F8A1880843D7
:10A30000A0F5AE41A080613902D003E0A58001E054
:10A31000A4F804B0A18839A0F9F790FEA088A8425B
:10A3200002D1FFF733FD1FE0B04202D1FDF7C7FABB
:10A330001AE0B84202D1FDF77AFD15E0404502D19E
:10A34000FFF7F9FD10E0484502D1FEF7EAFC0BE00B
:10A35000504502D1FDF7CAFB06E0584504D1FFF78E
:10A360005DFC642000F094FAA1884FF02040A942DF
:10A3700003D0B14201D0594510D1D0F81C1121F0C1
:10A380000F01C0F81C11D0F81C1141F00301C0F8F6
:10A390001C11D0F81C1141F440711DE0B94205D0E8
:10A3A000414503D0494501D0514517D1D0F81C1182
:10A3B00021F00F01C0F81C11D0F81C1141F002016E
:10A3C000C0F81C11D0F81C1121F47061C0F81C11E8
:10A3D000D0F81C1141F40071C0F81C110020FDF7E9
:10A3E000EDF90122D1030848F7F71CFABDE8F05F48
:10A3F0004FF6FF70FDF7CAB9C80200204C43442055
:10A4000049443A25780D0A00000402400246012022
:10A4100000E05043491EC9B2FBD2704708B5022084
:10A42000401EFDD24FF0D840B0F88000ADF80000DB
:10A43000BDF8000008BD000070B55F4C0023214648
:10A44000A279898841F66316012A01D01AB10CE07D
:10A45000B14202D109E0B14207D1082805D2DFE8B4
:10A4600000F0161812140C19100E082812D2DFE88A
:10A4700000F0110406080A0C0E1080230AE04023A5
:10A4800008E0C02306E0202304E0602302E0A023CC
:10A4900000E0E023362045F21055A94200D1000229
:10A4A000A1F51342413A07D0A1F5EE42893A03D013
:10A4B000A1F5EE42963A01D143F00803194600F0A7
:10A4C00031FAA188B1420AD098062088628802D564
:10A4D000904202D303E0904201D9228060806089DB
:10A4E000A94240D100F008FA002000F0F9F9608993
:10A4F000401C80B200F000FA002000F0F1F9608901
:10A50000801C80B200F0F8F92088401EC0F30F20B4
:10A5100000F0E6F96089C01C80B200F0EDF9207807
:10A52000401EC0B200F0DCF9A08900F0E5F900207F
:10A5300000F0D6F9A089401C80B200F0DDF90020BF
:10A5400000F0CEF9A089801C80B200F0D5F96088B7
:10A55000401EC0F30F2000F0C3F9A089C01C80B2D8
:10A5600000F0CAF921E000F0C7F9002000F0B8F9C6
:10A57000002000F0B5F92088401EC0F30F2000F045
:10A58000AFF92078401EC0B200F0AAF9A08900F00F
:10A59000B3F9002000F0A4F9002000F0A1F96088D0
:10A5A000401EC0F30F2000F09BF9A078BDE870407A
:10A5B000401EC0B200F094B9C802002010B5044695
:10A5C000D12000F099F9FFF729FF400605D4D020EB
:10A5D00000F092F9682000F083F9BE2000F08CF9B9
:10A5E000062000F07DF9204600F07AF9BDE8104021
:10A5F000012000F075B90000F0B53B4A0D46044655
:10A60000060A918810462F0A4089A1F5C853633B7A
:10A6100016D0A1F5AA43103B4CD000F06DF930469E
:10A6200000F05EF9E0B200F05BF9908900F064F9A7
:10A63000384600F055F9E8B2BDE8F04000F050B9F6
:10A64000917931B300F058F9304600F049F9E0B2A1
:10A6500000F046F91088401EC0F30F2000F040F9CA
:10A660001078401E5FFA80F000F03AF9908900F00F
:10A6700043F9384600F034F9E8B200F031F9508877
:10A68000401EC0F30F2000F02BF99078401EC0B29E
:10A69000D2E71188091B491E8CB200F02DF9002069
:10A6A00000F01EF9002000F01BF9200A00F018F954
:10A6B000E0B2D9E700F020F9304600F011F95089F6
:10A6C000401C80B200F018F9E0B200F009F990895E
:10A6D00000F012F9384600F003F99089401C80B26E
:10A6E00000F00AF9A7E70000C80200202DE9FF4F9B
:10A6F0001D460C468B46580700D0012000EBD500C4
:10A70000690810FB01F0203A00F0FF0AD0B20C2DCE
:10A710000AD0102D0CD0182D0ED0202D46D1244952
:10A7200001EB801600203EE000EB4001214806E0EE
:10A73000214901EB0016F5E700EBC0011F4800EBD3
:10A740008106EFE716F808704FF00009380601D5CA
:10A750000E9A03E00D9828B919480268214600981E
:10A76000FDF7A2F87806070E1648641CA4B24088CC
:10A77000A0421BD9A4EB0B00A8420AD100985C466A
:10A78000401C80B200900F480188009881420DD98A
:10A7900006E009F1010000F0FF09B9F1080FD5D377
:10A7A00008F10100C0B280465045CBD3BDE8FF8F11
:10A7B000DEE600081ECF000892D3000882D9000808
:10A7C00008000020C80200202DE9FF4F83B00026BA
:10A7D000DDE910BA1D4681463446B0464FEA5B07B4
:10A7E00026E0281B401EC1B20A20FFF70FFE059984
:10A7F000B1FBF0F00A21B0FBF1F201FB120026B927
:10A80000691E8C4201DA38B101263030C2B207FB32
:10A81000049080B25B4604E007FB049080B25B4684
:10A820002022CDE9008A0499FFF760FF641CE4B29E
:10A83000AC42D6D307B0BDE8F08F2DE9FC4F0446FB
:10A8400000F0FF0910190D46DDE90BB61FFA80F87C
:10A85000581987B24FF0000A13E0444503D305EBC3
:10A860000B004C4685B2BD4210D20D985B46CDE937
:10A8700000A029462046FFF739FF04EB5B0084B2B5
:10A88000761C3278A2F120005E28E6D9BDE8FC8F64
:10A8900010B50246BE2000F02FF8052000F020F889
:10A8A0001046F5F780FD9FED0C1B53EC112BF5F7CF
:10A8B00008FDF5F785FD80B200F012F8012000F0E8
:10A8C0000FF8FF2000F00CF8002000F009F8BDE8B8
:10A8D0001040002000F004B86666666666660440B4
:10A8E00001B5BDF80000ADF80000BDF800004FF064
:10A8F000D841A1F8800008BD01B5BDF80000ADF851
:10A900000000BDF800004FF0D841A1F87E0008BD5E
:10A9100003484FF0D8410089A1F87E00704700003D
:10A92000C80200204FF0D84222F87E0F51807047B5
:10A9300070B506460D4601F11A0000F042F80446D3
:10A940003078032805D105F1140000F03AF844EA04
:10A950000044204670BDC178827842EA01214278E5
:10A96000007842EA012140EA0120704710B5C17920
:10A9700083790A0E43EA0121120242EA1162437905
:10A98000120243EA012142EA11620379120243EA08
:10A99000012142EA1162C378120243EA012183785D
:10A9A00042EA116243EA0121130243EA11630A02F7
:10A9B000417800780A43190241EA126140EA022014
:10A9C00010BD4178007840EA0120704710B5044678
:10A9D00008682060086AA06091F82400E071486A65
:10A9E00020F0FF020020C4E90420E061896A2046CB
:10A9F000E164FAF7B3FC002804D12046BDE810401A
:10AA000000F001B810BD2DE9F04104460068A16BCB
:10AA1000056900F057FE002845D1E16B08788528CC
:10AA200040D120222846F5F7FCFB68784601A6F1C4
:10AA300040002036B0F5007F34D800212046FAF7D8
:10AA400091FA04282ED000282DD1A16B206800F0A7
:10AA500039FE002827D1E16B0878C02822D12022B6
:10AA600005F12000F5F7DDFB95F823000F212C30D0
:10AA7000B0FBF1F0B6EB401F14D340274FF4187829
:10AA800000212046FAF76EFA04280BD000280AD1DC
:10AA9000A16B206800F016FE002804D1E16B087855
:10AAA000C12802D00220BDE8F081474503D2E81951
:10AAB0002022F5F7B6FB2037B742E1D3474508D847
:10AAC000284602F0EBF90446A81CFFF77AFF8442FF
:10AAD000E8D10020E7E700000EB5F6F7B7FEF9F77A
:10AAE000D9F9F8F713FBF8F783FAF8F709FCF8F748
:10AAF0009DFAF8F7E1FBF8F7BFFBA820FAF7E8F8B2
:10AB0000FFF72CFB68484FF4784469A1046067485C
:10AB100082886A48F9F7A2FAFF20FFF74FFDFFF796
:10AB200013FB674E024667A1B07264480C30F9F718
:10AB300095FAB17806F50B7030F81100FCF726FE97
:10AB4000202166A0CDE900100B46F02202942821B6
:10AB50000A20FFF772FE182162A0CDE900100B4613
:10AB6000F022029450210A20FFF767FE102560A012
:10AB70000095CDE901042B46F0226E210A20FFF753
:10AB80005CFE4E480095CDE901041023F02282219D
:10AB90000A20FFF752FE494800950C30CDE9010428
:10ABA0001023F02296210A20FFF747FE54A00095BB
:10ABB000CDE901041023C822AA210A20FFF73DFE97
:10ABC00053A00095CDE901041023C822BE210A201C
:10ABD000FFF733FE53A00095CDE901041023C822EE
:10ABE000D2210A20FFF729FE52A00095CDE90104E9
:10ABF0001023C822E6210A20FFF71FFE00F05EFEA8
:10AC000000F0B8FE044601464FA0F9F717FA534A80
:10AC100053A15448F9F722FA4FF4FA754FF6FF772B
:10AC20000BE051A0F9F70AFA2846F5F7FAFE54A00E
:10AC3000F9F704FA2846F5F7F4FE002CF1D0BC42EF
:10AC4000EFD001F015FD002000F056FD022000F0CD
:10AC500053FD012000F050FD00F0C6F84121022014
:10AC600000F0FCFD41213062F5F7F4FA9121022059
:10AC700000F0F4FD91217062F5F7ECFAD921022081
:10AC800000F0ECFDD921B062F5F7E4FA404D4FF445
:10AC900000744FF4967621462846F6F7BBFD304601
:10ACA000F5F7BFFEF7E7000004000020C80200200F
:10ACB0004C43442049443A253034580024BE0120F6
:10ACC0003800002063757272656E74206272696765
:10ACD00068746E6573733A253375000053544D33B1
:10ACE000320000005446544C434420544553540011
:10ACF00041544F4D40414C49454E54454B00000096
:10AD00004B4559303A546573742053442100000078
:10AD10004B4559313A54657374206E6F72666C619D
:10AD2000736821004B4559323A546573742053526D
:10AD3000414D21004B45595F55503A55706461743F
:10AD40006520666F6E7421006E6F72666C61736849
:10AD50002069642069732025640A000004FF00084C
:10AD60002573000000BC0120464C41534820436835
:10AD700065636B204661696C6564210A0000000010
:10AD8000506C6561736520436865636B21200A0020
:10AD90000014024010B5064C0020216800F030FD80
:10ADA000D4F87811BDE81040002000F029BD000063
:10ADB00030C1012010B54FF41671002000F04EFD97
:10ADC000084C4FF400712060002000F047FDC4F8EB
:10ADD0007801216811B108B1002010BDFFF7DAFF3A
:10ADE000012010BD30C101202DE9FE4F4FF4AF7698
:10ADF0004FF4784710244FF48069DFF8ECA24FF449
:10AE0000FA751DE0B9A0CDE900401023C8223146F3
:10AE100002971E20FFF711FD2846F9F75FFFB7A044
:10AE2000CDE900401023C822314602971E20FFF7CB
:10AE300004FD2846F9F752FF49465046F6F7EAFC6A
:10AE400001F006F80028DDD1FAF77AFBDFF8BC82C2
:10AE50000122AFA1D8F80000FBF7CEF9AD4D0146B5
:10AE6000E870ADA0F9F7EAF8E87848B9AFA0CDE905
:10AE700000401023C822314602971E20FFF7DDFC58
:10AE8000E8784FF4007B0D2822D1AFA0F9F7D6F86F
:10AE9000B1A0CDE900401023C822314602971E2000
:10AEA000FFF7CBFC00225B46114699A0FAF7FCFBAA
:10AEB000E870E8B1AEA0CDE900401023C8223146C9
:10AEC00002971E20FFF7B9FC4FF47A70F9F706FFDE
:10AED0000122ADA1D8F80400FBF78EF928710146D4
:10AEE000AAA0F9F7ABF828794FF4B97828B10EE0A9
:10AEF000ACA0FBF7BDFBAFA0DDE7B4A0CDE90040FF
:10AF00001023C822414602971E20FFF796FC28799D
:10AF10004FF4C3760D2823D1B3A0F9F78FF8B7A06B
:10AF2000CDE900401023C822414602971E20FFF7BA
:10AF300084FC00225B46114693A0FAF7B5FB28710A
:10AF4000002836D0B4A0CDE900401023C8224146E5
:10AF500002971E20FFF771FC4FF47A70F9F7BEFEDE
:10AF6000CB46B0464FF6FF796A4A69A01C32111FE2
:10AF7000FAF7CEFA10B3AFA0CDE900401023C822F3
:10AF80004646414602971E20FFF757FCC820F9F7B6
:10AF9000A5FEA623F02231461E20CDF80090FFF733
:10AFA000AFF8C820F9F79AFE59465046F6F732FC3A
:10AFB000DAE7A6A0FBF75CFBA9A0C4E7AFA0CDE948
:10AFC00000401F261023C822414602961E20FFF78C
:10AFD00034FCAFA0CDE900401023C8224FF4CD715E
:10AFE00002961E20FFF729FCAFA0CDE900404FF4E8
:10AFF000D7781023C822414602961E20FFF71DFC79
:10B00000CDE90046A8690523820A4FF4CD718E2050
:10B01000FFF7DAFBCDE90046E8690523820A4146DD
:10B020008E20FFF7D1FB0020A8614FF4E178E861A2
:10B030001BE0A3A1CDE900411023C822029741469D
:10B040001E20FFF7FAFBC820F9F748FEA623F022DE
:10B0500041461E20CDF80090FFF752F8C820F9F7BE
:10B060003DFE59465046F6F7D5FB2A4A46A01C320B
:10B07000111FFAF74DFA0028DBD196A0CDE9004068
:10B080001023C822414602961E20FFF7D6FB97A048
:10B09000CDE900404FF4EB771023C82239460296E1
:10B0A0001E20FFF7CAFB98A0CDE900404FF4F578C9
:10B0B0001023C822414602961E20FFF7BEFBCDE9B1
:10B0C0000046A8690523820A39469E20FFF77CFBCB
:10B0D000CDE90046E8690523820A41469E20FFF734
:10B0E00073FBBDE8FE8F0000001402405344204370
:10B0F000617264204572726F72210000506C65614C
:10B10000736520436865636B21200000BC0200204A
:10B11000303A000038000020665F6D6F756E742055
:10B120007364207265733A25750A00005344204405
:10B1300069736B204D6F756E74205375636365730F
:10B1400073656421000000007364206673206572DB
:10B15000726F72210A0000005344204469736B200F
:10B16000466F726D617474696E672E2E2E0000003A
:10B170005344204469736B20466F726D617420459F
:10B1800072726F7220000000313A0000665F6D6FCE
:10B19000756E7420666C617368207265733A2575EC
:10B1A0000A000000303A414C49454E54454B5F532C
:10B1B000440000005344204469736B20466F726D55
:10B1C00061742046696E697368000000466C6173A3
:10B1D00068204469736B204D6F756E7420537563DE
:10B1E0006365737365642100666C617368206673C0
:10B1F000206572726F72210A00000000466C617354
:10B2000068204469736B20466F726D617474696E57
:10B21000672E2E2E00000000466C61736820446982
:10B22000736B20466F726D6174204572726F72206D
:10B23000000000005344204361726420466174663C
:10B2400073204572726F722100000000313A414C48
:10B2500049454E54454B5F464C4153480000000061
:10B26000466C617368204469736B20466F726D6130
:10B27000742046696E6973680000000053442043DF
:10B28000617264204641544653204F4B2100000018
:10B29000534420546F74616C2053697A653A2020BE
:10B2A0002020204D42000000534420467265652056
:10B2B00053697A653A2020202020204D420000006A
:10B2C000464C415348204661746673204572726F44
:10B2D00072210000464C415348204361726420466D
:10B2E00041544653204F4B2100000000464C41532F
:10B2F0004820546F74616C2053697A653A2020208D
:10B3000020204D4200000000464C41534820467228
:10B3100065652053697A653A2020202020204D421F
:10B32000000000002DE9FF47002617460D460E607D
:10B33000FCF704F8002803DA0B2004B0BDE8F0871E
:10B34000DB4951F8204094B12C60207807F0FE05CD
:10B3500020B16078FAF7B1F8C1070AD02670B0467C
:10B360006078FAF746F8C10708D00320E5E70C201B
:10B37000E3E70DB1400704D40020DEE71DB140072C
:10B3800001D50A20D9E700212046F9F70FF9022854
:10B390001BD100264FEA0D0504EB061000F2022037
:10B3A000FFF7D9FA45F82600761C042EF4D30026C0
:10B3B00055F8261029B12046F9F7F8F8022801D2ED
:10B3C00003E00320761C042EF2D304287DD002284B
:10B3D0007CD2A56B4FF400764FF0FF3A01280CD0D9
:10B3E00004F14700FFF7EDFAB0426FD104F15200CB
:10B3F000FFF7E7FA00286AD0A8E00B2002E0401C23
:10B40000402806D2211891F83C100029F7D0402896
:10B410005CD304F1A400FFF7D4FAB0F5807FE4D147
:10B4200094F8A800012707FA00F0B042DDD104F13A
:10B430008400FFF79BFAC14610EB050841EB0906B3
:10B44000012E43D204F19000FFF785FA206294F8B0
:10B45000AA00E070012839D194F8A9008740380487
:10B46000000C608132D004F19800FFF774FA914922
:10B47000074688422AD8B81C6562E06104F194004E
:10B48000FFF769FA2844206304F18C00FFF763FAA0
:10B490002844A0626189226B7943521849EB090064
:10B4A000B8EB0201864111D304F19C00FFF753FA77
:10B4B00000252E46E0626089B04207D92046E16A45
:10B4C000F9F707F98119204602E026E033E039E078
:10B4D00000F0F8F808BB761C601990F83C00812851
:10B4E00004D02035ED05ED0DF6D1E4E760195030BC
:10B4F000FFF731FA054602281DD3E069A8421AD9A0
:10B500006289216BA81E02FB00106063A06A00EB39
:10B51000D511204600F0D6F808B101200DE705F05E
:10B520007F0004EB80003C30FFF715FA411C03D08C
:10B530006D1C8542EAD069E0C4F818A00426C4F85E
:10B5400014A0ADE004F16000FFF705FA206294F862
:10B550004C70E770012F01D0022F57D1474394F868
:10B5600049006081B0B3411E08424FD104F14D0043
:10B57000FFF727FA2081000748D104F14F00FFF7B9
:10B5800020FA060004D104F15C00FFF7E4F9064656
:10B5900004F14A00FFF715FA010037D02389C819D2
:10B5A00000EB1312964231D3B01A6689B0FBF6F065
:10B5B00080B1DFF804C10026604500D803264FF6AD
:10B5C000F57C604500D8022640F6F57C604502D83F
:10B5D000012601E01AE0CEB1801C2A4422632944EE
:10B5E000E061C4E90951032E12D07BB13944E16214
:10B5F000022E1ED000F0010100EB400001EB5000D4
:10B60000216A00F2FF10B1EB502F14D20D2094E606
:10B6100004F16600FFF7D5F90028F7D1208900284A
:10B62000F4D104F16800FFF796F9E062E069800068
:10B63000E6E74000E4E7C4F818A08020C4F814A0AE
:10B640006071032E2CD104F16C00FFF7BAF90128C8
:10B6500026D1691C204600F035F808BB84F8058027
:10B6600004F23A20FFF7ADF9A0F52A41553917D178
:10B6700004F13C00FFF76FF91049884210D104F53E
:10B680000870FFF768F90E49884209D104F509707E
:10B69000FFF761F9A06104F50A70FFF75CF96061DA
:10B6A00003492670091F0888401C0880E08063E673
:10B6B000B4020020FDFFFF7FF5FFFF0F52526141F2
:10B6C0007272416170B50446806B0D460026A84237
:10B6D0000FD0204601F048F906000AD16078012316
:10B6E0002A4604F13C01F9F7BFFE08B1751E012698
:10B6F000A563304670BD000030B504460748084DCC
:10B70000002150F82400420005EB8400406900F05D
:10B710006FF80120291981F8200030BDA0FE000833
:10B72000100000202DE9F041204E0446002530197C
:10B730000F4690F8200010B93168204688474FF036
:10B74000FF3277B31A4B53F82410B7FBF1F0B7FB75
:10B75000F1FC01FB1C7101B1401C15490C3951F879
:10B760002410491E20D406EB8406776937F811C0EF
:10B77000BCF1000F05D00025854213D1002285B20F
:10B7800008E06D1CF8E700BF776901EB020C521C62
:10B7900027F81C508242F7D353F824004843BDE8F1
:10B7A000F08101E0491EE1D51046F8E710000020C5
:10B7B000ACFE000810B50C4B0C4C002253F82030A6
:10B7C000114604EB800005E0446934F8114004B1EF
:10B7D000521C491C8B42F7D84FF47A704243B2FB9B
:10B7E000F3F080B210BD0000A0FE000810000020A1
:10B7F00002E000BF00F8011B521EFBD270470000A0
:10B80000F0B4002923D0134B03EB80029468091B8A
:10B810001C1894F8204084B10F4B53F820308B4211
:10B8200015D90D4B0C3B53F82000B1FBF0F15069DA
:10B8300030F811300020044607E01968F0BC0847D2
:10B8400055690E18401C25F816409842F8DBF0BCEC
:10B850007047000010000020B8FE000810B5044634
:10B86000FFF760FF411C05D0034901EB84018968A3
:10B87000084410BD002010BD1000002070B5040366
:10B8800000F032F900F0DAF80B4E4FF48045002258
:10B8900029463046F5F7C6FF202000F0BFFE2046BF
:10B8A00000F0B2F8012229463046F5F7BBFFBDE8AB
:10B8B000704000F0C3B800000004024070B50122DF
:10B8C000164E950329463046F5F7ACFF012000F0EF
:10B8D000B5FE00F04FF812490880A0F56F41183905
:10B8E0001BD1032000F06CF80446C00715D100F00E
:10B8F000FBF844F00201032000F04CF90022294635
:10B900003046F5F78FFFB72000F088FE2946304615
:10B91000BDE870400122F5F785BF70BD000402400C
:10B920000C0000202DE9F041DFF8448015460C465C
:10B9300006464FF48047002239464046F5F772FF2D
:10B94000032000F06BFE204600F05EF8002405E0C6
:10B95000FF2000F063FE3055641CA4B2AC42F7D364
:10B9600039464046BDE8F0410122F5F75BBF0000D3
:10B970000004024070B5114E4FF480450022294664
:10B980003046F5F74FFF902000F048FE002000F011
:10B9900045FE002000F042FE002000F03FFEFF20A8
:10B9A00000F03CFE0402FF2000F038FE04430122B8
:10B9B00029463046F5F736FF204670BD00040240A8
:10B9C00070B5012803D0022803D0032803D0052432
:10B9D00002E0352400E015240A4E4FF48045002291
:10B9E00029463046F5F71EFF204600F017FEFF20DF
:10B9F00000F014FE0446012229463046F5F712FFF6
:10BA0000204670BD0004024010B504460A48008874
:10BA1000A0F56F41183902D1200E00F0FFFDC4F3EC
:10BA2000074000F0FBFDC4F3072000F0F7FDE0B293
:10BA3000BDE8104000F0F2BD0C00002010B5012060
:10BA4000FFF7BEFFC007FAD110BD00002DE9F05F7F
:10BA5000C1F30B06DFF88C800F0BC6F580548946C6
:10BA600082461546A24200D8144639038B464FF44D
:10BA700080524046FFF756FF002006E0321818F8C3
:10BA80000210FF2903D1401C80B2A042F6D3A0428D
:10BA900022D23846FFF7F2FE002006E01AF8002016
:10BAA0008319401C08F8032080B2A042F6D35946FF
:10BAB0004FF480524FEA080000F02CF8A5420FD056
:10BAC000281BA244A144002685B24FF480547F1C59
:10BAD000A542CAD82C46C8E7224649465046EBE75D
:10BAE000BDE8F09FD602002070B5094D4FF48044A8
:10BAF000002221462846F5F795FE062000F08EFD2F
:10BB000021462846BDE870400122F5F78BBE0000B3
:10BB1000000402402DE9F05F8046C8B2C0F5807491
:10BB20000E461546A24200D81446DFF864A04FF432
:10BB300080494FF4807B00BFFFF7D6FF00224946C3
:10BB40005046F5F76FFE022000F068FD3046FFF723
:10BB50005BFF002706E000BF18F8070000F05EFD5D
:10BB60007F1CBFB2A742F7D3012249465046F5F7E2
:10BB700059FEFFF763FFA54208D0281BA0442644C6
:10BB800085B25C46A542D7D82C46D5E7BDE8F09FE4
:10BB9000000402402DE9F0410E46012803D002289E
:10BBA00003D0032803D0012402E0312400E0112453
:10BBB0000A4F4FF48045002229463846F5F732FEF9
:10BBC000204600F02BFD304600F028FD294638467F
:10BBD000BDE8F0410122F5F725BE00000004024057
:10BBE0002DE9F04781460E4601F11A00FEF7E9FE05
:10BBF00030BB3078012420F04000401E00EB800173
:10BC0000DFF84C8001EBC00500274FF6FF7A00BF3C
:10BC100018F807003044FEF7D4FE34B1FF2D0FD8DA
:10BC200029F8150004466D1C01E0504508D17F1C21
:10BC30000D2FEDD33078400608D53CB1FF2D02D949
:10BC40000020BDE8F087002129F815100120F8E751
:10BC5000E8FF00082DE9F047022617460D46044686
:10BC600002296FD3E069A8426CD920784FF001090E
:10BC7000012806D0022838D0032846D0042861D1F4
:10BC800043E0A16A05EB550801EB58212046FFF778
:10BC900019FD060056D1C8F3080020443C3008F1D5
:10BCA0000108E90704D00178FAB262F31F1100E03D
:10BCB0003946017084F80490A16A204601EB5821AE
:10BCC000FFF700FD06003DD1C8F3080020443C30DA
:10BCD000E90702D0C7F3071105E00178C7F3032293
:10BCE00001F0F001114301702AE0A06A00EB152178
:10BCF0002046FFF7E7FC060024D1E8B204EB400041
:10BD0000B9B23C3000F0A7FD1AE0A06A00EBD511F3
:10BD10002046FFF7D7FC060014D140F2FF1000EADE
:10BD20008500217805193C35042905D02846FEF701
:10BD300012FE67F31B0007462846394600F05EFDF9
:10BD400084F804903046BDE8F0872DE9F047884636
:10BD50000568174606468A46C14602295ED3E86949
:10BD600040455BD96FB12878042802D1F0790228C8
:10BD700007D04FF0FF3239462846FFF76BFF002807
:10BD80004DD141463046FBF73FFA040031D0012C3B
:10BD900044D0601C50D02878042806D000224146A8
:10BDA0002846FFF757FF002839D1D5E90601891E3B
:10BDB000884205D2401CA861687940F00100687192
:10BDC00009F10100A04201D1A1460EE02878042823
:10BDD00009D1A9EB0A02514600232846521CF8F764
:10BDE000A7FB00281BD1A146CA46E869A0464045EA
:10BDF000C7D82878042829D12FB1F079022528B195
:10BE000003281BD022E00020F0711FE0B4680EE090
:10BE100021463046FBF7F8F9022802D20220BDE89D
:10BE2000F087411C08D0611C884202D1641CBC42CE
:10BE3000EED1BC4209D009E00120F0E7B068B84279
:10BE400004D8B1690844B84200D3F5710020E6E790
:10BE50000E4910B5002088630846F6F7B3FA20B102
:10BE60000BA0F8F7EBF8012010BD0E490748F6F7D4
:10BE70007DF94FF400610548F6F71EF80028F3D06D
:10BE800009A0F8F7DBF8022010BD00004CBF01202C
:10BE900048414C5F53445F496E6974206572726F0C
:10BEA00072210A008CBE012048414C5F53445F431D
:10BEB0006F6E666967576964654275734F70657226
:10BEC0006174696F6E206572726F72210A000000E2
:10BED00038B50A4C72B613460A4601460848009423
:10BEE000F6F768FB054602E0641E00D20125FBF769
:10BEF00041FA0028F8D162B6284638BD00E1F505C0
:10BF00004CBF012038B50A4C72B613460A460146AA
:10BF100008480094F6F7D8FC054602E0641E00D2FB
:10BF20000125FBF727FA0028F8D162B6284638BD6C
:10BF300000E1F5054CBF012010B5044656A054F8A9
:10BF4000011FF8F77BF8616859A0F8F777F8A16846
:10BF50005CA0F8F773F8E1685FA0F8F76FF8216963
:10BF600062A0F8F76BF8616967A0F8F767F8A16954
:10BF70006CA0F8F763F8E1696FA0F8F75FF8216A41
:10BF800072A0F8F75BF8616A78A0F8F757F8A16A31
:10BF90007DA0F8F753F8E16A82A0F8F74FF8216B1B
:10BFA00087A0F8F74BF8616B8DA0F8F747F8A16B05
:10BFB00092A0F8F743F8E16B99A0F8F73FF8216CED
:10BFC000A0A0F8F73BF8616CA6A0F8F737F8A16CD1
:10BFD000ABA0F8F733F8E16CAFA0F8F72FF8216DBC
:10BFE000B3A0F8F72BF8616DB8A0F8F727F8A16DAA
:10BFF000BCA0F8F723F8E16DC0A0F8F71FF8216E98
:10C00000C4A0F8F71BF8616EC8A0F8F717F8A16E86
:10C01000CBA0F8F713F8E16ECEA0F8F70FF8216F78
:10C02000D1A0F8F70BF8616FD6A0F8F707F8A16F69
:10C03000DAA0F8F703F8E16FDEA0F7F7FFFFD4F816
:10C040008010E2A0F7F7FAFFD4F88410E5A0F7F724
:10C05000F5FFD4F88810E9A0F7F7F0FFD4F88C10BA
:10C06000ECA0F7F7EBFFD4F89010EFA0F7F7E6FF9E
:10C07000D4F89410F2A0F7F7E1FFD4F89810F6A0E6
:10C08000F7F7DCFFD4F89C10FAA0F7F7D7FFD4F845
:10C09000A010FEA004E20000696E6465785F687419
:10C0A0006D6C5F616464723A25752C20000000009D
:10C0B000696E6465785F68746D6C5F73697A653A00
:10C0C00025750A00616C61726D5F6D70335F61642C
:10C0D00064723A25752C2000616C61726D5F6D7021
:10C0E000335F73697A653A25750A000061626F6F84
:10C0F0007473747261705F6D696E5F6A735F61649F
:10C1000064723A25752C200061626F6F74737472CB
:10C1100061705F6D696E5F6A735F73697A653A25F6
:10C12000750A00006A71756572795F6A735F616490
:10C1300064723A25752C20006A71756572795F6AA0
:10C14000735F73697A653A25750A00005F30315470
:10C15000656D70657261747572655F6A70675F6145
:10C160006464723A25752C20000000005F30315461
:10C17000656D70657261747572655F6A70675F7313
:10C18000697A653A25750A005F303248756D6964D1
:10C190006974795F6A70675F616464723A25752CAF
:10C1A000200000005F303248756D69646974795F02
:10C1B0006A70675F73697A653A25750A0000000046
:10C1C0005F30334272696768746E657373735F6A58
:10C1D00070675F616464723A25752C20000000006E
:10C1E0005F30334272696768746E657373735F6A38
:10C1F00070675F73697A653A25750A005F30344C61
:10C2000069676874696E674D61737465724F6E5FBC
:10C210006A70675F616464723A25752C20000000C3
:10C220005F30344C69676874696E674D617374651B
:10C23000724F6E5F6A70675F73697A653A25750A37
:10C24000000000005F303553706F746C696768746C
:10C250004F6E5F6A70675F616464723A25752C2067
:10C26000000000005F303553706F746C696768744C
:10C270004F6E5F6A70675F73697A653A25750A0069
:10C280005F303646616E4F6E5F6A70675F616464EF
:10C29000723A25752C2000005F303646616E4F6E75
:10C2A0005F6A70675F73697A653A25750A000000F6
:10C2B0005F3037416C61726D4F6E5F6A70675F61AE
:10C2C0006464723A25752C20000000005F3037410D
:10C2D0006C61726D4F6E5F6A70675F73697A653A01
:10C2E00025750A005F30384C6F52614F6E5F6A707F
:10C2F000675F616464723A25752C20005F30384CAA
:10C300006F52614F6E5F6A70675F73697A653A2535
:10C31000750A0000616E5F6F66665F706E675F61D1
:10C320006464723A25752C2000000000616E5F6F16
:10C3300066665F706E675F73697A653A25750A0095
:10C34000616E5F6F6E5F706E675F616464723A25E5
:10C35000752C2000616E5F6F6E5F706E675F736932
:10C360007A653A25750A000062675F66616E5F6FE5
:10C3700066665F706E675F616464723A25752C2033
:10C380000000000062675F66616E5F6F66665F70E7
:10C390006E675F73697A653A25750A0062675F6642
:10C3A000616E5F6F6E5F706E675F616464723A2585
:10C3B000752C200062675F66616E5F6F6E5F706EE6
:10C3C000675F73697A653A25750A000066616E5F7A
:10C3D0006F66665F706E675F616464723A25752C84
:10C3E0002000000066616E5F6F66665F706E675F5B
:10C3F00073697A653A25750A0000000066616E5F10
:10C400006F6E5F706E675F616464723A25752C2091
:10C410000000000066616E5F6F6E5F706E675F7335
:10C42000697A653A25750A0066617669636F6E5FA1
:10C4300069636F5F616464723A25752C20000000A7
:10C4400066617669636F6E5F69636F5F73697A6552
:10C450003A25750A000000006C6566745F746974A3
:10C460006C655F706E675F616464723A25752C203D
:10C47000000000006C6566745F7469746C655F70C1
:10C480006E675F73697A653A25750A006E756C6C24
:10C490005F706E675F616464723A25752C200000DE
:10C4A000F7F7CCFDD4F8A4101BA0F7F7C7FDD4F81C
:10C4B000A8101EA0F7F7C2FDD4F8AC1021A0F7F722
:10C4C000BDFDD4F8B01025A0F7F7B8FDD4F8B4102E
:10C4D00028A0F7F7B3FDD4F8B8102CA0F7F7AEFDFD
:10C4E000D4F8BC102FA0F7F7A9FDD4F8C01033A0E2
:10C4F000F7F7A4FDD4F8C41036A0F7F79FFDD4F8E1
:10C50000C81039A0F7F79AFDD4F8CC10BDE8104058
:10C510003CA0F7F793BD00006E756C6C5F706E67A2
:10C520005F73697A653A25750A0000007367626A6D
:10C530005F6F66665F706E675F616464723A2575EF
:10C540002C2000007367626A5F6F66665F706E67BB
:10C550005F73697A653A25750A0000007367626A3D
:10C560005F6F6E5F6769665F616464723A25752C00
:10C57000200000007367626A5F6F6E5F6769665FC5
:10C5800073697A653A25750A0000000073706F744C
:10C590006C696768745F706E675F616464723A2586
:10C5A000752C200073706F746C696768745F706EAF
:10C5B000675F73697A653A25750A00007379735F5E
:10C5C00062675F6A70675F616464723A25752C20E8
:10C5D000000000007379735F62675F6A70675F7362
:10C5E000697A653A25750A007379735F62675F6FD0
:10C5F00066665F6A70675F616464723A25752C20B5
:10C60000000000007379735F62675F6F66665F6A40
:10C6100070675F73697A653A25750A0001B582B063
:10C620004FF47A700090012301AA02A90248F6F79C
:10C6300043FB9DF804000EBD90C001200B4910B5CE
:10C640000A68136823F0400313600A6813684FF602
:10C65000C774234013600A68136843EAC00010607F
:10C660000868016841F04001016010BD90C00120E0
:10C670002DE9F04350488DB00024016841F040019D
:10C680000160016801F040010C91016841F008016E
:10C690000160016801F008010C91016841F0080196
:10C6A0000160016801F008010C91434908310A68F2
:10C6B00042F001020A60096801F001010C91016871
:10C6C00041F008010160016801F008010C91016866
:10C6D00041F010010160016801F010010C91016846
:10C6E00041F020010160016801F020010C91016816
:10C6F00041F0400101600068022500F040000C900C
:10C700004FF4806001278DE8A1000C20CDE9035093
:10C71000DFF8A89069464846F4F786FF2020DFF846
:10C72000A080009069464046F4F77EFF10266946D7
:10C7300040460096F4F778FF4FF603708DE8A100AD
:10C74000694640460395F4F76FFF4FF683700090FB
:10C7500069461C48F4F768FF4FF23F0000906946B5
:10C760001948F4F761FF3F20009069464846F4F706
:10C770005BFF16484FF0204105AA01601449416053
:10C780000421C0E90214C0E9044684618902C4613D
:10C79000C0E90941C4620463446384630820CDE9AD
:10C7A000064005950894114608480B94F6F775FB6A
:10C7B0000DB0BDE8F08300003038024000180240A0
:10C7C000000C02400010024000140240ACBE0120E8
:10C7D000040100A070B50C460646154691B204F15E
:10C7E0001A0000F038F83078032806D1290C04F13B
:10C7F0001400BDE8704000F02EB870BD0170090A49
:10C800004170090A8170090AC170704710B5110A98
:10C81000027041EA036141701A0A090A41EA0261A1
:10C820008170120A090A41EA0261C170120A090AFA
:10C8300041EA02610171120A090A41EA0261417189
:10C84000120A090A41EA0261120A8171090A41EADF
:10C850000261C17110BD0170090A417070472DE974
:10C86000F041054600680669304600F017FB0146B6
:10C87000B01CFFF7F0FF777828467F1CE96CF8F7CB
:10C880006DFD04464FF0010815E0A96B2868FEF71E
:10C8900019FF040011D120223146E86BF3F7C1FCE7
:10C8A00029687F1E81F804800CD00021284620369C
:10C8B000F8F758FB0446002CE7D0012C02D00220E8
:10C8C000BDE8F0812046FBE7014600200B2243082B
:10C8D00003EBC01011F8013B521E1844C0B2F6D150
:10C8E0007047000070B5044600F03EF8050035D1F1
:10C8F000207803282BD16079012828D1410204F146
:10C900003C000646F3F7A6FC4AF6552104F23A200D
:10C91000FFF7A1FF12493046FFF770FF114904F5F8
:10C920000870FFF76BFF04F50970A169FFF766FF58
:10C9300004F50A706169FFF761FF626A0123521C06
:10C94000A26360783146F8F7BAFD002060710022DA
:10C9500060781146F8F75AFD00B10125284670BDF0
:10C96000525261417272416170B5044600790025EE
:10C9700048B104F13C01607801230E46A26BF8F740
:10C980009EFD10B10125284670BD00202071A16BCD
:10C99000A06A0A1A206A8242F5D2E278022AF2D10B
:10C9A0000A18607801233146F8F789FDEBE72DE995
:10C9B000F0410568064615F8014B2046F8F77FF967
:10C9C0004FF0FF3760B115F8010B402814D37E28D3
:10C9D00003D9A0F180017E290ED800EB042084B297
:10C9E00034B14FF46A712046F9F7C0FF040003D058
:10C9F00020463560BDE8F0813846FBE770B50E464D
:10CA000004004FF009050CD0206850B1017841B105
:10CA1000A188C288914204D14078F8F74EFDC00742
:10CA200003D000203060284670BD00252068F9E75B
:10CA300070B50E4D00244FF4E006641CE4B2D92218
:10CA400031462868FEF76EFF28680078AA280AD0C9
:10CA50001420F8F743F90A2CEFD328680078AA28A5
:10CA600001D0012070BD002070BD000060000020DA
:10CA70002DE9FF4F834885B0FF210068DDF848A00D
:10CA80000025017064212846FEF7E8FE03904FF46C
:10CA900080510020FEF7E2FE04904FF41671002052
:10CAA000FEF7DCFE07460498A8B1039898B197B149
:10CAB000DFF8D481754E00246420F8F70FF9089947
:10CAC0000398F3F7F5FBB4B1012C17D0032C18D859
:10CAD000D8F808101CE039460020FEF791FE00202F
:10CAE0000399FEF78DFE00200499FEF789FE0520CC
:10CAF00009B0BDE8F08FD8F8001009E0D8F80410AC
:10CB000006E01A2C02D2D8F80C1001E0D8F8101068
:10CB10000398F3F7AAFB56F824100398F3F7A5FB44
:10CB20005BA00399F7F78AFA012238460399F9F7CF
:10CB300089FB814601465BA0F7F780FAB9F1000F47
:10CB400002D045F0800506E03846F8F713FD641C76
:10CB5000A4B21B2CB0D339460020FEF751FE002DA5
:10CB600077D107980024C346102700EB8000059971
:10CB7000B04680004FF4784601EB50096420F8F786
:10CB8000ADF808990398F3F793FB34B1012C07D063
:10CB9000032C08D8DBF808100CE0DBF8001009E0E3
:10CBA000DBF8041006E01A2C02D2DBF80C1001E0CE
:10CBB000DBF810100398F3F758FB58F8241003988B
:10CBC000F3F753FB3CA00399F7F738FA4FF6FF70E1
:10CBD00000906A23DC2214200699FDF791FA3CA00C
:10CBE0000097CDE9010610234FF4E1721E2006994B
:10CBF000FDF723FE58F824000097CDE90106102325
:10CC0000C82264200699FDF718FE34A00097CDE9EC
:10CC100001061023142240F231100699FDF70DFE93
:10CC2000E1B2CDE9001ADDE906121FFA89F0039B93
:10CC300000F05EF870B100200499FEF7E1FD0020DD
:10CC40000399FEF7DDFD26A0F7F7F8F9641CE0B2C2
:10CC50004EE70CE0641CA4B21B2C8FD30948AA2118
:10CC6000D922006801704FF4E001FEF7EFFE0020CA
:10CC70000399FEF7C5FD00200499FEF7C1FD284683
:10CC800036E70000600000208C0200205CFF0008F6
:10CC90006F70656E20706E616D653A2025733B2064
:10CCA00000000000665F6F70656E207265747572BB
:10CCB0006E203A25640000007570646174696E67C7
:10CCC00020706E616D653A2025733B2000000000E6
:10CCD0005570646174696E673A2000003B20000063
:10CCE0007570646174696E67206572726F720A0094
:10CCF0002DE9F84F00241E46A04627464FF4167132
:10CD00002046DDF828B0FEF7A9FD050000D1012777
:10CD10004FF4805A51460020FEF7A0FD5FEA00095B
:10CD200000D10127012231462846F9F78BFA060087
:10CD300070D1002F6ED15749BBF11B0F15D2DFE820
:10CD40000BF00E15191D2125292D3135393D414591
:10CD5000494D5155595D61656A6E72767A00086871
:10CD60004D4C40F8014F296941606CE0086850F86B
:10CD7000011F63E0086850F8091F5FE0086850F879
:10CD8000111F5BE0086850F8191F57E0086850F859
:10CD9000211F53E0086850F8291F4FE0086850F839
:10CDA000311F4BE0086850F8391F47E0086850F819
:10CDB000411F43E0086850F8491F3FE0086850F8F9
:10CDC000511F3BE0086850F8591F37E0086850F8D9
:10CDD000611F33E0086850F8691F2FE0086850F8B9
:10CDE000711F2BE0086850F8791F27E0086850F899
:10CDF000811F23E0086850F8891F1FE0086850F879
:10CE0000911F1BE0086850F8991F17E0086850F858
:10CE1000A11F13E033E0086850F8A91F0EE008686E
:10CE200050F8B11F0AE0086850F8B91F06E008681A
:10CE300050F8C11F02E0086850F8C91F42688C18FA
:10CE400084602969C16057466B463A464946284680
:10CE5000F9F74AFB06000FD108EB0401BDF80020EA
:10CE60004846FEF7F3FDBDF800008044B84203D108
:10CE70001420F7F733FFE7E72846F8F77BFB29464E
:10CE80000020FEF7BDFC49460020FEF7B9FC304605
:10CE9000BDE8F88F60000020D900700030B503466F
:10CEA00040784FF4004442010020014620320AE05D
:10CEB00002290BD0C50700D0254605EB50005D5C6C
:10CEC000284480B2491C9142F2D330BD0321F9E7D6
:10CED00070B5054600244FF4004612E0F9F7BEFD98
:10CEE00080B2E10700D0314601EB5401C2B21144D7
:10CEF00089B2CA0700D0324602EB510101EB102083
:10CF000084B235F8020B0028E8D1204670BDCA076C
:10CF100001D04FF0004202EB51010844704700007D
:10CF200000000000000000000000000000003F4082
:10CF30000000000000000000300040003000400011
:10CF4000000009000BC03D000BC03D00090018C0E7
:10CF500024407FE0224031800000180024C01B00E4
:10CF60000D803240018003801C4027401C80074018
:10CF70000040100060000000000000000000000001
:10CF8000000000001F802040402000004020204082
:10CF90001F8000000000090006001F800600090035
:10CFA0000000040004003F800400040000000010A2
:10CFB0000060000000000000000004000400040005
:10CFC0000400040000000000004000000000000019
:10CFD0000000002001C006003800400000001F8053
:10CFE0002040204020401F800000000010403FC033
:10CFF00000400000000018C021402240244018409A
:10D00000000010802040244024401B8000000200CB
:10D010000D0011003FC0014000003C80244024402E
:10D020002440238000001F8024402440344003809B
:10D0300000003000200027C03800200000001B80C6
:10D040002440244024401B8000001C0022C02240B9
:10D0500022401F8000000000000008400000000087
:10D06000000000000000046000000000000000005C
:10D0700004000A0011002080404009000900090056
:10D0800009000900000000004040208011000A0053
:10D0900004001800200023402400180000001F8016
:10D0A0002040274029401F400000004007C03900B1
:10D0B0000F0001C0004020403FC0244024401B809E
:10D0C00000001F8020402040204030800000204091
:10D0D0003FC0204020401F80000020403FC024402F
:10D0E0002E4030C0000020403FC024402E003000C1
:10D0F00000000F00108020402240338002002040BA
:10D100003FC0040004003FC02040204020403FC0FA
:10D110002040204000000060202020203FC0200050
:10D12000200020403FC024400B0030C02040204061
:10D130003FC020400040004000C03FC03C0003C052
:10D140003C003FC0000020403FC00C4023003FC0D7
:10D1500020001F802040204020401F8000002040F1
:10D160003FC024402400180000001F8021402140BF
:10D1700020E01FA0000020403FC02440260019C02E
:10D18000004018C02440244022403180000030007C
:10D1900020403FC020403000000020003F80004081
:10D1A00000403F80200020003E0001C00700380002
:10D1B0002000380007C03C0007C0380000002040B5
:10D1C00039C0060039C0204000002000384007C0A8
:10D1D000384020000000304021C02640384020C0A8
:10D1E0000000000000007FE0402040200000000020
:10D1F00070000C0003800040000000004020402030
:10D200007FE000000000000020004000200000003F
:10D2100000000010001000100010001000100000AE
:10D2200000004000000000000000000002800540F7
:10D23000054003C0004020003FC00440044003807C
:10D24000000000000380044004400640000000008D
:10D250000380044024403FC000400000038005409C
:10D26000054003400000000004401FC0244024404B
:10D270002000000002E00550055006500420204028
:10D280003FC00440040003C000400000044027C029
:10D2900000400000000000100010041027E0000013
:10D2A000000020403FC00140070004C0044020406F
:10D2B00020403FC000400040000007C0040007C0FD
:10D2C000040003C00000044007C00440040003C081
:10D2D000004000000380044004400380000004106C
:10D2E00007F0045004400380000000000380044065
:10D2F000045007F00010044007C00240040004007E
:10D300000000000006400540054004C00000000089
:10D3100004001F800440004000000400078000401B
:10D32000044007C000400400070004C0018006005C
:10D330000400060001C0070001C006000000044010
:10D3400006C0010006C0044000000410071004E0FD
:10D350000180060004000000044005C006400440AF
:10D3600000000000000004007BE0402000000000FE
:10D3700000000000FFF000000000000040207BE003
:10D380000400000000004000800040002000200059
:10D39000400000000000000000000000000000004D
:10D3A00000000000000000001FCC000C0000000086
:10D3B000000000000800300060000800300060003D
:10D3C0000000022003FC1E20022003FC1E2002207D
:10D3D000000000000E1811043FFF10840C780000BC
:10D3E00000000F0010840F3800C007781884007800
:10D3F000000000780F8410C411240E9800E400840B
:10D400000008080068007000000000000000000034
:10D41000000000000000000007E01818200440028F
:10D420000000000040022004181807E0000000007F
:10D4300000000240024001800FF0018002400240E3
:10D4400000000080008000800FF8008000800080D5
:10D4500000000001000D000E0000000000000000B0
:10D4600000000000008000800080008000800080BC
:10D4700000800000000C000C000000000000000014
:10D48000000000000006001800600180060018007F
:10D490002000000007F0080810041004080807F036
:10D4A00000000000080408041FFC00040004000041
:10D4B000000000000E0C10141024104411840E0CF7
:10D4C000000000000C1810041104110412880C70E4
:10D4D0000000000000E00320042408241FFC0024B6
:10D4E000000000001F9810841104110410881070AF
:10D4F0000000000007F0088811041104188800706B
:10D50000000000001C00100010FC13001C001000A4
:10D51000000000000E3811441084108411440E38AD
:10D52000000000000700088C10441044088807F031
:10D530000000000000000000030C030C00000000CD
:10D5400000000000000000010106000000000000D3
:10D5500000000000008001400220041008081004B0
:10D5600000000220022002200220022002200220CD
:10D570000000000010040808041002200140008090
:10D58000000000000E001200100C106C10800F0044
:10D59000000003E00C1813E4142417C4082807D073
:10D5A00000000004003C03C41C40074000E4001CD1
:10D5B000000410041FFC1104110411040E880070F3
:10D5C000000003E00C1810041004100410081C10D4
:10D5D000000010041FFC100410041004080807F0D9
:10D5E000000010041FFC1104110417C410040818D3
:10D5F000000010041FFC1104110017C010000800E7
:10D60000000003E00C181004100410441C780040C3
:10D61000000010041FFC10840080008010841FFC98
:10D6200010040000100410041FFC1004100400007B
:10D63000000000030001100110011FFE1000100087
:10D64000000010041FFC110403801464181C100453
:10D65000000010041FFC1004000400040004000C6F
:10D66000000010041FFC1F0000FC1F001FFC100422
:10D67000000010041FFC0C04030000E010181FFC45
:10D68000100007F00808100410041004080807F040
:10D69000000010041FFC10841080108010800F0008
:10D6A000000007F0081810241024101C080A07F2C4
:10D6B000000010041FFC1104110011C011300E0CE9
:10D6C000000400000E1C11041084108410441C3847
:10D6D00000001800100010041FFC100410001800B7
:10D6E000000010001FF810040004000410041FF8CC
:10D6F000100010001E0011E0001C007013801C00C0
:10D7000010001FC0103C00E01F0000E0103C1FC0D4
:10D7100000001004180C163401C001C01634180C97
:10D72000100410001C00130400FC13041C00100063
:10D7300000000804101C1064108413041C0410184A
:10D7400000000000000000007FFE40024002400296
:10D750000000000030000C0003800060001C00038B
:10D76000000000004002400240027FFE0000000076
:10D7700000000000000020004000400040002000A9
:10D780000000000100010001000100010001000192
:10D7900000010000400040002000000000000000E8
:10D7A000000000000098012401440144014400FCF1
:10D7B000000410001FFC00880104010400880070B0
:10D7C00000000000007000880104010401040088CA
:10D7D00000000000007000880104010411081FFC13
:10D7E0000004000000F8014401440144014400C861
:10D7F00000000000010401040FFC110411041100D9
:10D800001800000000D601290129012901C90106DB
:10D81000000010041FFC008401000100010400FC52
:10D82000000400000104190419FC000400040000B5
:10D8300000000000000300010101190119FE0000B1
:10D84000000010041FFC0024004001B4010C01047E
:10D8500000000000100410041FFC0004000400007D
:10D860000000010401FC0104010001FC01040100AD
:10D8700000FC010401FC008401000100010400FC23
:10D880000004000000F8010401040104010400F890
:10D890000000010101FF00850104010400880070FF
:10D8A000000000000070008801040104010501FF70
:10D8B00000010104010401FC008401040100018055
:10D8C0000000000000CC012401240124012401985F
:10D8D000000000000100010007F80104010400003D
:10D8E0000000010001F8000400040004010801FC2C
:10D8F0000004010001800170000C00100160018033
:10D90000010001F0010C003001C00030010C01F0F9
:10D91000010000000104018C00740170018C0104FD
:10D920000000010101810171000E001801600180F9
:10D93000010000000184010C013401440184010C48
:10D940000000000000000000000001003EFC40025A
:10D9500040020000000000000000FFFF0000000087
:10D9600000000000400240023EFC010000000000F8
:10D9700000000000600080008000400040002000A7
:10D980002000000000000000000000000000000077
:10D990000000000000000000000000000000000087
:10D9A0000000000000000000000000000000000077
:10D9B00000000000000F80380FFE380F8038000094
:10D9C0000000000000000000000000000000000057
:10D9D0000100000600000C000038000031000006C5
:10D9E00000000C00003800003000000000000000C3
:10D9F000000061800067F807F980006180006180A5
:10DA00000061800061800067F807F9800061800094
:10DA1000000000000000000001C0E003E0F006305C
:10DA2000080418081FFFFE040E080787F00381E0B2
:10DA300000000000000001F000060C0004040806CD
:10DA40000C7001F9C0000E00003BE000EC18070864
:10DA500008040C180003E00000000001E00007F0DB
:10DA600003F818041C0804170807E1D003C0E000FD
:10DA700023B0003C08002008000010000000000057
:10DA8000000100003100003200001C000000000016
:10DA90000000000000000000000000000000000086
:10DAA0000000000000000000000000000000000076
:10DAB00000007F0001FFC00780F00C001810000478
:10DAC0002000020000000000002000021000040CF2
:10DAD00000180780F001FFC0007F00000000000078
:10DAE00000000000000000000000000000004200F4
:10DAF000006600006600003C0000180003FFC00044
:10DB00001800003C000066000066000042000000B3
:10DB100000000800000800000800000800000800DD
:10DB200001FFC00008000008000008000008000015
:10DB30000800000000000001000031000032000079
:10DB40001C000000000000000000000000000000B9
:10DB500000000000000000000000080000080000B5
:10DB60000800000800000800000800000800000885
:10DB70000000080000080000000000000000000095
:10DB800000003800003800003800000000000000ED
:10DB90000000000000000000000000000000000085
:10DBA0000000000600001C000070000180000E0054
:10DBB00000380000C0000700001C0000300000001A
:10DBC0000000000000007F8001FFE003807006007D
:10DBD0001804000804000806001803807001FFE024
:10DBE000007F80000000000000000000010008012C
:10DBF000000801000803FFF807FFF8000008000014
:10DC00000800000800000000000000000001C0380B
:10DC100002C05804009804011804021804041806ED
:10DC20001C1803F81801E0F80000000000000000D4
:10DC30000001C0E003C0F00400080408080408085C
:10DC400006180803F41801E7F00001E000000000E6
:10DC50000000000000000300000D00001100006142
:10DC60000000810803010807FFF80FFFF800010812
:10DC70000001080000000000000000E007FCD006E2
:10DC80000808061008061008061008061838060FBF
:10DC9000F00607C0000000000000000000003F8008
:10DCA00001FFE0038430020818041008041008047F
:10DCB0001008071810030FF00007C0000000000054
:10DCC0000000000003C0000700000600000600F886
:10DCD0000607F806180006E000070000060000002E
:10DCE000000000000001E1E003F7F0063410041822
:10DCF00008041808040C08040C0806161803F3F0AE
:10DD000001C1E000000000000000F80003FC300347
:10DD10000638040208040208040208040410030878
:10DD2000F001FFC0007F00000000000000000000C4
:10DD30000000000000000000000070380070380093
:10DD4000703800000000000000000000000000002B
:10DD50000000000000000000000000000000301A79
:10DD600000301C0000000000000000000000000067
:10DD70000000000000000000000800001400002265
:10DD800000004100008080010040020020040010DB
:10DD90000800080000000000000021000021000031
:10DDA00021000021000021000021000021000021AD
:10DDB0000000210000210000000000000000000021
:10DDC00008000804001002002001004000808000CC
:10DDD00041000022000014000008000000000000C4
:10DDE0000003C00004C000040000080038080F3819
:10DDF0000808380810000C300007E00003C00000DD
:10DE00000000000000003F8000FFE0038070020F70
:10DE10001006708804C088048308047F8802C090BC
:10DE200003012000FE400000080000180001F80077
:10DE30003E0801C20007020007E20000FE00001FCA
:10DE4000C80001F800003800000804000807FFF8C7
:10DE500007FFF8040808040808040808040808066E
:10DE6000180803F41801E7F00001E00000000000CA
:10DE700000003F8001FFE0038070020018040008EA
:10DE80000400080400080400100600200780C000F9
:10DE9000000004000807FFF807FFF804000804006A
:10DEA0000804000804001802001003807001FFE05D
:10DEB000007F8000000004000807FFF807FFF80457
:10DEC0000808040808040808040808043E080400B8
:10DED0000806001801006000000004000807FFF8B1
:10DEE00007FFF804080804080004080004080004F8
:10DEF0003E00060000060000018000000000000057
:10DF000000003F8001FFE003807006001804000855
:10DF10000402080402080203F00783F00002000074
:10DF2000020004000807FFF807FFF80408080008CB
:10DF30000000080000080000080004080807FFF8B7
:10DF400007FFF804000800000000000004000804B7
:10DF5000000804000807FFF807FFF80400080400A1
:10DF60000804000800000000000000000000000697
:10DF70000000070000010400010400010400030781
:10DF8000FFFE07FFFC040000040000040000040082
:10DF90000807FFF807FFF8040C08001800003E000F
:10DFA00004C7800503C80600F80400380400180000
:10DFB000000804000807FFF807FFF8040008000045
:10DFC0000800000800000800000800000800001811
:10DFD00000006000000004000807FFF80780080741
:10DFE000FC00007FC00003F80007C0007800078035
:10DFF0000807FFF807FFF804000804000807FFF807
:10E0000007000803C00000E000003800001E000008
:10E0100007000001C00400F007FFF8040000000042
:10E0200000007F8001FFE0038070060018040008F4
:10E0300004000806001803003001FFE0007F8000A4
:10E04000000004000807FFF807FFF80404080404B0
:10E0500000040400040400040400060C0003F8009B
:10E0600001F000000000000000007F8001FFE003DD
:10E0700080700600880400880400C806003C030085
:10E080003E01FFE6007F8400000004000807FFF85F
:10E0900007FFF8040808040800040C00040F00043B
:10E0A0000BC00610F003F03801E008000008000083
:10E0B0000001E0F803F030063010041808041808D6
:10E0C000040C08040C080206180207F00781E0009F
:10E0D00000000180000600000400000400000400AD
:10E0E0000807FFF807FFF804000804000004000018
:10E0F00006000001800004000007FFE007FFF004B5
:10E1000000180000080000080000080000080000D7
:10E110000804001007FFE0040000040000060000EF
:10E1200007E00007FE00041FE00001F800003800CF
:10E1300001E0043E0007C0000600000400000400E7
:10E140000007E00007FFC0041FF80007C007F80041
:10E1500007FF80043FF80007C004F8000700000430
:10E16000000000000004000806001807C07805F150
:10E17000C8003E00001F800463E80780F80600180E
:10E1800004000800000004000006000007800007EB
:10E19000E008047C08001FF80007F800180804E0F5
:10E1A000080700000600000400000000000100084D
:10E1B0000600380400F80403E8040F08047C08058E
:10E1C000F00807C008070018040060000000000005
:10E1D000000000000000000000000000003FFFFE03
:10E1E0002000022000022000022000022000020085
:10E1F000000000000000000008000007000000C050
:10E20000000038000006000001C000003000000ED1
:10E2100000000100000000000000000020000220BB
:10E2200000022000022000022000023FFFFE00004A
:10E2300000000000000000000000000000000000DE
:10E240000000000800001000003000002000003036
:10E2500000001000000800000000000000000000A6
:10E2600001000001000001000001000001000001A8
:10E270000000010000010000010000010000010099
:10E28000000100000000000000000020000020004D
:10E29000001000001000000000000000000000005E
:10E2A0000000000000000000000000F00019F8006D
:10E2B0001B18002208002608002408002410003F34
:10E2C000F8001FF80000080000180000000400001B
:10E2D00007FFF80FFFF000181800100800200800D2
:10E2E0002008003018001FF0000FC00000000000E0
:10E2F000000007C0001FF0001830002008002008B0
:10E30000002008003C08001C100000600000000015
:10E3100000000000000007C0001FF00038180020B7
:10E320000800200800200804101007FFF80FFFF075
:10E330000000100000000000000000000007C00006
:10E340001FF00012300022180022080022080032BC
:10E3500008001E10000E2000000000000000200039
:10E3600000200800200801FFF803FFF80620080439
:10E37000200804200807200003000000000000001F
:10E380000000000E000E6E001FF30031B10020B13E
:10E390000020B1003191001F13002E1E00200E003E
:10E3A000300000000004000807FFF80FFFF800101D
:10E3B00008002000002000002008003FF8001FF89F
:10E3C000000008000000000000000000002008001D
:10E3D0002008002008063FF8063FF800000800006B
:10E3E000080000080000000000000000000000001D
:10E3F00000000300000300200100200100200306AC
:10E400003FFE063FFC00000000000000000000008E
:10E410000004000807FFF80FFFF800018800030060
:10E42000002FC00038F80020380020080000080045
:10E4300000000000000000000400080400080400C0
:10E440000807FFF80FFFF8000008000008000008A8
:10E45000000000000000002008003FF8003FF80026
:10E460001008002000003FF8003FF80010080020CE
:10E4700000003FF8003FF8000008000000002008FE
:10E48000003FF8003FF800100800100000200000D6
:10E490002008003FF8001FF80000080000000000FE
:10E4A000000007C0000FF0001830003008002008FE
:10E4B000002008003008001830000FF00007C000EE
:10E4C0000000000000002001003FFF003FFF00109F
:10E4D00011002009002008002008003038001FF03B
:10E4E000000FC00000000000000007C0001FF00087
:10E4F0003818002008002008002009001011001F13
:10E50000FF003FFF0000010000000020080020087D
:10E51000002008003FF8003FF8000808001008003D
:10E520002008002000003000003000000000000043
:10E5300000000000000C78001E18003308002308BB
:10E540000021080021880021980030F00038600088
:10E55000000000000000200000200000200000FF5C
:10E56000F003FFF800200800200800200800003019
:10E57000000000000000000000002000003FF0004C
:10E580007FF8000018000008000008002010003F7D
:10E59000F8007FF0000010000000000000002000E4
:10E5A000003000003C00003F800023F000007800B5
:10E5B0000070002380003C0000300000200000209C
:10E5C00000003C00003FE00023F80000E0002700CE
:10E5D000003E00003FE00021F80001E0003E0000A6
:10E5E0002000000000002008002008003838003E0D
:10E5F000680027800003C8002CF800383800201875
:10E60000002008000000000000002000003003008F
:10E610003C01003F830023EC000070002380003C9D
:10E6200000002000002000000000000000000000AA
:10E630000038080020380020F80023E8002F880068
:10E640003E0800380800201800007000000000009C
:10E6500000000000000000000000000000000800B2
:10E660000014001FF7FC300006200002000000002C
:10E67000000000000000000000000000000000009A
:10E6800000000000FFFFFF0000000000000000008D
:10E690000000000000000000000000002000023028
:10E6A00000061FF7FC001400000800000000000036
:10E6B0000000000000000000000000000018000042
:10E6C0006000004000004000002000001000000832
:10E6D00000000400000400000C0000100000000016
:10E6E000000000000000000000000000000000002A
:10E6F000000000000000000000000000000000001A
:10E700000000000000000000000000000000000009
:10E7100000000000000000000000000000000000F9
:10E7200000000000000000000000000000000000E9
:10E7300000000000000007F000C007FFE1E007F064
:10E7400001E0000000C00000000000000000000028
:10E7500000000000000000000000000000000000B9
:10E760000000000000000020000001C00000078041
:10E7700000001F0000001E0000001C20000001C05F
:10E780000000078000001F0000001E0000001C00A9
:10E790000000000000000000000000000000000079
:10E7A000000000180C0000180C0000180FE0001FFB
:10E7B000FC0003F80C0000180C0000180C000018F6
:10E7C0000C0000180C0000180FE0001FFC0003F8FC
:10E7D0000C0000180C0000180C00000000000000E5
:10E7E00000000000000000000780007807C000FC67
:10E7F0000640010E002003070020020380200FFFC7
:10E80000FFFC0201C0200200E0600130704001F016
:10E810003F8000F01F00000000000000000000FE2C
:10E82000000001FF0000030180000200806003017E
:10E8300081C001FF070000FE18000000E000000397
:10E84000BF00000CFFC00071806001C10020030107
:10E8500080600000FFC000003F00000000000000DA
:10E860001F0000007FC000FCC0C001FF80600303E8
:10E87000E0200202782002061E2003FC074001F07F
:10E880000380000103C000011C600001E0200001C2
:10E890000020000100400000018000000000000096
:10E8A0000000002000001C6000001C4000001F80D1
:10E8B00000000F0000000000000000000000000049
:10E8C0000000000000000000000000000000000048
:10E8D0000000000000000000000000000000000038
:10E8E0000000000000000000000000000000000028
:10E8F000000000000000000000000007F800003FDA
:10E90000FF00007807C001C000E0030000300400F1
:10E9100000080800000410000002000000000000D1
:10E9200000001000000208000004040000080300BA
:10E93000003001C000E0007807C0003FFF00000782
:10E94000F8000000000000000000000000000000CF
:10E9500000000000000000000000000000000000B7
:10E96000000000000000000C1800000E3800000E2F
:10E97000380000063000000360000061438000FFA3
:10E98000FF80006143000003600000063000000EBD
:10E990003800000E3800000C1800000000000000D5
:10E9A0000000000000000000800000008000000067
:10E9B0008000000080000000800000008000007FD8
:10E9C000FF000000800000008000000080000000C8
:10E9D00080000000800000008000000000000000B7
:10E9E000000000000001000000E3000000E2000061
:10E9F00000FC0000007800000000000000000000A3
:10EA00000000000000000000000000000000000006
:10EA100000000000000000000000000000000000F6
:10EA20000000000080000000800000008000000066
:10EA300080000000800000008000000080000000D6
:10EA400080000000800000008000000080000000C6
:10EA50008000000080000000800000000000000036
:10EA6000000000000000000000C0000001E0000005
:10EA700001E0000000C000000000000000000000F5
:10EA80000000000000000000000000000000000086
:10EA90000000000000000000000000000000000076
:10EAA00000000000000C00000038000000E0000042
:10EAB000038000000E00000038000000E0000003AA
:10EAC0008000000E00000038000000E0000003801D
:10EAD00000000E0000001800000000000000000010
:10EAE000000000000000000FF800007FFF0000F0B1
:10EAF0000780018000C003000060020000200200C7
:10EB000000200200002003000060018000C000E03F
:10EB10000380007FFF00000FF800000000000000ED
:10EB200000000000000000000000008000200080C5
:10EB30000020008000200080006001FFFFE003FF54
:10EB4000FFE0000000600000002000000020000046
:10EB50000020000000000000000000000000000095
:10EB6000000000000000007800E000980160010053
:10EB700002600200046002000860020010600200EF
:10EB8000206002004060030080600183006001FE9D
:10EB900000E0007C07800000000000000000000092
:10EBA00000000000000000F0078001F007C0010035
:10EBB00000400200002002010020020100200201AA
:10EBC0000020030380200186804001FCC0C0007843
:10EBD0007F8000001E000000000000000000000018
:10EBE000000000000800000038000000480000019C
:10EBF000880000060800000C0810003008100040D3
:10EC0000081001FFFFF003FFFFF003FFFFF000001B
:10EC100008100000081000000810000000000000AC
:10EC200000000000000000000780001F864003E194
:10EC3000002003020020030400200304002003043A
:10EC400000200304002003060040030301C0030169
:10EC5000FF8003007E0000000000000000000000B4
:10EC60000000000000000007FC00003FFF000070F3
:10EC7000C380008180C00101006003020020020205
:10EC8000002002020020020200200203004001C115
:10EC900080C000C0FF8000007E0000000000000077
:10ECA00000000000000000F0000003C0000003802E
:10ECB000000003000000030007E003003FE0030141
:10ECC000C00003060000031800000360000003807A
:10ECD0000000030000000000000000000000000031
:10ECE000000000001F0000783F8000FC60C0018E23
:10ECF000C04003078020020300200201802002019F
:10ED000080200201C0200301E040018670C000FCA9
:10ED10003F8000781F00000000000000000000009D
:10ED20000000003F000000FF81C001C0C1C0010021
:10ED3000602002002020020020200200202002008B
:10ED40002060020040C00100C18000C18F00007F30
:10ED5000FE00001FF00000000000000000000000A6
:10ED600000000000000000000000000000000000A3
:10ED7000000000000000000300C0000781E0000761
:10ED800081E0000300C0000000000000000000005F
:10ED90000000000000000000000000000000000073
:10EDA0000000000000000000000000000000000063
:10EDB0000000000000000006006600060078000069
:10EDC0000000000000000000000000000000000043
:10EDD0000000000000000000000000000000000033
:10EDE000000000000000000080000001C0000003DF
:10EDF000600000063000000C180000180C00003005
:10EE000006000060030000C0018001000040020015
:10EE100000200400001000000000000000000000BE
:10EE200000000004100000041000000410000004A2
:10EE30001000000410000004100000041000000482
:10EE40001000000410000004100000041000000472
:10EE5000100000041000000410000000000000007A
:10EE6000000000000000040000100200002001006B
:10EE7000004000C001800060030000300600001860
:10EE80000C00000C180000063000000360000001B8
:10EE9000C000000080000000000000000000000032
:10EEA0000000000000000078000001F800000238B7
:10EEB000000002000000040000C0040079E004002B
:10EEC00081E0040100C00403000002020000030608
:10EED000000001FC000000F800000000000000003D
:10EEE0000000000FF800003FFE000070078000C027
:10EEF00000C00101F8400307FC20021E042002307C
:10EF0000082002203020023FFC20013F0440018005
:10EF10000CC000E03180001FC200000000000000B3
:10EF2000002000000060000003E000003E2000031D
:10EF3000E020003E200003E020000380200007FCCA
:10EF40002000003FE0000003FE2000003FE0000042
:10EF500001E0000000200000002000000000000090
:10EF60000000020000200200002003FFFFE003FF7A
:10EF7000FFE0020100200201002002010020020146
:10EF8000002002010020030300200186806001FCB4
:10EF9000C0C000F87F8000001F00000000000000DB
:10EFA00000000007F800003FFF000070078000C06D
:10EFB00000C0010000400300002002000020020009
:10EFC000002002000020020000200100004001801B
:10EFD00000C003C0018000300600000000000000F7
:10EFE0000000020000200200002003FFFFE003FFFA
:10EFF000FFE00200002002000020020000200200CA
:10F0000000200300006001000040018000C000F00B
:10F010000780007FFE00000FF800000000000000E5
:10F020000000020000200200002003FFFFE003FFB9
:10F03000FFE0020100200201002002010020020185
:10F0400000200201002002038020020FE0200300C4
:10F05000006003C000E0006003000000000000004A
:10F060000000020000200200002003FFFFE003FF79
:10F07000FFE0020100200201002002010000020165
:10F080000000020100000201000002038000030FE3
:10F09000E0000300000003C000000060000000006A
:10F0A00000000007F800003FFE000070078001C06C
:10F0B00001C0010000400300002002000020020007
:10F0C000002002000020010020200100204003C099
:10F0D0003F8000303F800000200000002000020040
:10F0E00000200200002003FFFFE003FFFFE002001A
:10F0F00080200200802000008000000080000000CE
:10F100008000020080200200802003FFFFE003FF58
:10F11000FFE00200002002000020000000000000CC
:10F1200000000000000000000000020000200200BB
:10F130000020020000200200002003FFFFE003FF88
:10F14000FFE0020000200200002002000020020078
:10F15000002000000000000000000000000000008F
:10F1600000000000000E0000000F0000000F000073
:10F170000001020000010200000102000003020081
:10F18000000603FFFFFC03FFFFF80200000002007F
:10F19000000002000000020000000000000000006B
:10F1A0000000020000200200002003FFFFE003FF38
:10F1B000FFE00200C0200201002000078000000FD5
:10F1C000E0000030F80002603E2003800F200300C2
:10F1D00003E0020000E00200002000000020000028
:10F1E0000000020000200200002003FFFFE003FFF8
:10F1F000FFE00200002002000020000000200000CC
:10F20000002000000020000000200000002000007E
:10F210000060000000E000000300000000000200A9
:10F2200000200200002003FFFFE003E0002003FFB6
:10F230000020001FF0000001FF8000000FE0000030
:10F240001E000003E000003E002003E0002003FF5A
:10F25000FFE003FFFFE002000020020000200200A8
:10F2600000200200002003FFFFE00380002003F0E5
:10F27000002000FC0000001F00000007C00000018B
:10F28000F00000007C0002001F80020007E003FF86
:10F29000FFE002000000020000000000000000008B
:10F2A0000000000FF800003FFE0000F00780018022
:10F2B00000C0010000400200002002000020020007
:10F2C00000200200002001000040018000C000F08A
:10F2D0000380003FFE00000FF80000000000000067
:10F2E0000000020000200200002003FFFFE003FFF7
:10F2F000FFE0020080200200802002008000020067
:10F300008000020080000200800003018000018371
:10F31000000000FE0000007C000000000000000073
:10F320000000000FF800007FFF0000F00380018064
:10F3300001C0010006400200042002000420020077
:10F340000620020003E0010000F80180005C00E0FC
:10F35000038C003FFF0C000FFC18000000000000B1
:10F360000000020000200200002003FFFFE003FF76
:10F37000FFE00201002002010020020180000201E2
:10F38000E0000201FC0003033F80018607E001FC6E
:10F3900000E000F800200000002000000000000055
:10F3A0000000000000000078060000FE01E0018679
:10F3B00000C003030040020300200201802002017C
:10F3C00080200201C0200200C0200100E060018016
:10F3D00070C003E03F8000001F000000000000003C
:10F3E0000000006000000380000003000000020035
:10F3F0000000020000200200002003FFFFE003FFE6
:10F40000FFE00200002002000020020000000200D5
:10F4100000000380000000E0000000000000020087
:10F4200000000200000003FFFF0003FFFFC0020016
:10F4300000400200006000000020000000200000EA
:10F44000002000000020020000400200008003FFB6
:10F45000FF000200000002000000000000000000A9
:10F460000000020000000200000003C0000003FCD6
:10F470000000023FC0000003F80000007F80000091
:10F4800007E000000780000078000203C000023C93
:10F49000000003C0000002000000020000000200A3
:10F4A000000003C0000003FF8000023FFE000200D6
:10F4B0007FE000000F000200F00003EF000003FFF8
:10F4C0008000020FFE0000003FE000001F00020766
:10F4D000E00003F80000030000000200000000004C
:10F4E00000000200002002000020038000E003F082
:10F4F000032002FC0C20021F30000007C0000007A0
:10F50000F00002187C0002601F20038003E002006C
:10F5100000E00200002000000020000000000000C9
:10F520000000020000000300000003C0000003F818
:10F530000000023E0020020FC0200001FFE000009A
:10F540007FE000038020021C002002700000038086
:10F5500000000200000002000000000000000000A7
:10F56000000000000020006000E0038003E00300D2
:10F570000FA002003E200200F8200203E020020F4C
:10F580008020023E00200278002003E0006003801B
:10F5900000E0020003000000000000000000000086
:10F5A000000000000000000000000000000000005B
:10F5B0000000000000001FFFFFFC1000000410000E
:10F5C00000041000000410000004100000041000EB
:10F5D0000004100000040000000000000000000013
:10F5E000000000000000000000000700000003C051
:10F5F000000000780000001E00000003C0000000B2
:10F60000F00000001E0000000780000000F0000075
:10F61000003C0000000600000000000000000000A8
:10F6200000000000000010000004100000041000A2
:10F63000000410000004100000041000000410007A
:10F6400000041FFFFFFC000000000000000000009D
:10F6500000000000000000000000000000000000AA
:10F660000000000000000000000000000000020098
:10F670000000040000000800000018000000100056
:10F680000000180000001800000004000000020044
:10F69000000000000000000000000000000000006A
:10F6A0000001000000010000000100000001000056
:10F6B0000001000000010000000100000001000046
:10F6C0000001000000010000000100000001000036
:10F6D0000001000000010000000100000001000026
:10F6E00000000000000000000000100000001000FA
:10F6F00000001000000018000000080000000400D6
:10F7000000000000000000000000000000000000F9
:10F7100000000000000000000000000000000000E9
:10F7200000000000038000018FC000038C60000611
:10F7300018200004102000041020000420200004E1
:10F740002040000620400003FFC00001FFE0000051
:10F75000002000000020000000C0000000000000A9
:10F760000000020000000200000003FFFFE007FFAE
:10F77000FFC0000180C00002006000020020000401
:10F7800000200004002000040020000600400003C8
:10F7900000C00001FF800000FE000000000000002B
:10F7A00000000000000000007E000001FF80000358
:10F7B00081C0000200400006002000040020000478
:10F7C000002000040020000600200003C0400001CB
:10F7D000C0800000030000000000000000000000E6
:10F7E00000000000000000007E000001FF80000318
:10F7F00080C0000600600004002000040020000417
:10F800000020020400400202008003FFFFE007FF27
:10F81000FFC00000004000000040000000000000A9
:10F8200000000000000000007E000001FF800003D7
:10F8300011C00002104000041060000410200004F9
:10F8400010200004102000061020000310400001CA
:10F85000F0C0000071000000000000000000000087
:10F86000000000000000000400000004002000046C
:10F87000002000040020007FFFE001FFFFE0010402
:10F8800000200304002002040020020400200204DF
:10F8900000000200000001C0000001C000000000E4
:10F8A0000000000000000000001C0000E33E000318
:10F8B000FFC200020CC3000404C1000404C1000420
:10F8C00004C1000404C100060CC10003F8C3000514
:10F8D000F0620006007E0006003C00000000000010
:10F8E0000000020000200200002003FFFFE007FFED
:10F8F000FFE00001002000020020000600000004DC
:10F9000000000004000000040020000600200003A6
:10F91000FFE00001FFE000000020000000200000E8
:10F9200000000000000000000000000400200004AF
:10F93000002000040020000400200387FFE0038F64
:10F94000FFE00380002000000020000000200000F5
:10F950000020000000000000000000000000000087
:10F960000000000000000000000000000006000091
:10F970000007000000010000000100040001000475
:10F98000000100040003000400060387FFFC038F4E
:10F99000FFF80380000000000000000000000000ED
:10F9A0000000020000200200002003FFFFE007FF2C
:10F9B000FFE00000082000001020000030000000E0
:10F9C000FC0000058E00000707A0000601E000040F
:10F9D00000E0000400200000002000000000000003
:10F9E00000000000000000000000020000200200F3
:10F9F0000020020000200200002003FFFFE007FFBC
:10FA0000FFE00000002000000020000000200000B7
:10FA100000200000000000000000000000000000C6
:10FA20000000000400200007FFE0000FFFE00002DC
:10FA3000002000040000000400200007FFE0000395
:10FA4000FFE0000200200004000000040020000786
:10FA5000FFE00003FFE000000020000000000000C5
:10FA6000000000040020000400200007FFE0000F59
:10FA7000FFE000010020000200200002000000045E
:10FA80000000000400000004002000060020000325
:10FA9000FFE00001FFE00000002000000020000067
:10FAA00000000000000000007E000000FF80000356
:10FAB00081C0000200400006002000040020000475
:10FAC0000020000400200006002000020040000387
:10FAD00081C00001FF8000007E00000000000000E7
:10FAE000000000040001000400010007FFFF000FF8
:10FAF000FFFF000100C100020041000400200004DB
:10FB00000020000400200004002000060040000344
:10FB100001C00001FF8000007E0000000000000026
:10FB200000000000000000007E000001FF800003D4
:10FB300080C00002006000040020000400200004D7
:10FB400000200004002000020041000300C1000367
:10FB5000FFFF0007FFFF00000001000000010000A0
:10FB60000000000400200004002000040020000425
:10FB70000020000FFFE0000FFFE00000C0200001A8
:10FB80000020000200200006002000040000000405
:10FB9000000000070000000300000000000000005B
:10FBA000000000000000000003E00001C0E00003CE
:10FBB000E04000063020000430200004182000043B
:10FBC00018200004182000040C2000020C60000320
:10FBD00007C0000783800000000000000000000054
:10FBE0000000000000000004000000040000000409
:10FBF0000000000C0000001FFF8000FFFFC0000499
:10FC00000060000400200004002000040020000424
:10FC10000040000001800000000000000000000023
:10FC2000000000040000000400000007FF80000F37
:10FC3000FFC0000000600000002000000020000065
:10FC400000200000002000040040000400800007A5
:10FC5000FFE0000FFFC00000004000000040000077
:10FC600000000004000000040000000780000007FE
:10FC7000F0000004FE0000041FC0000003E00000CC
:10FC8000038000001C0000046000000780000006E4
:10FC9000000000040000000000000000000000045C
:10FCA0000000000600000007C0000007FC00000480
:10FCB0003F80000003E000040F800006F000000712
:10FCC000F0000007FF8000040FE000000380000444
:10FCD0003C000007C0000006000000040000000017
:10FCE0000000000000200004002000040060000765
:10FCF00000E0000783200007E6000004F800000091
:10FD00003C0000045E20000587A0000601E000041E
:10FD1000006000040020000000200000000000003F
:10FD200000000004000000040003000700030007B7
:10FD3000E0010004F80100041F02000007FC0000BD
:10FD400000E000000700000438000007C0000006C3
:10FD5000000000040000000400000000000000009B
:10FD600000000000000000078060000600E00004C2
:10FD700003E0000407A000040E2000043C2000045F
:10FD800070200005E02000078020000700600004CC
:10FD900000E0000003800000000000000000000000
:10FDA0000000000000000000000000000000000053
:10FDB00000000000000000000000000080000000C3
:10FDC00080000001400007FE3FF80800000410001A
:10FDD000000210000002000000000000000000000F
:10FDE0000000000000000000000000000000000013
:10FDF0000000000000000000000000000000FFFF05
:10FE0000FFFF0000000000000000000000000000F4
:10FE100000000000000000000000000000000000E2
:10FE200000000000000010000002100000020800A6
:10FE3000000407FE3FF800014000000080000000C1
:10FE40008000000000000000000000000000000032
:10FE500000000000000000000000000000000000A2
:10FE600000001800000030000000400000004000CA
:10FE700000004000000020000000300000000800EA
:10FE80000000040000000200000002000000020068
:10FE900000000C000000180000000000000000003E
:10FEA000800C000080070000607800002000000047
:10FEB00020000000200000000090010000F0000081
:10FEC000000C0F0094030108A0030108B803010807
:10FED000AC030108C4030108E8030108DC030108BE
:10FEE000D003010880030108E40201080C030108A3
:10FEF000F8020108200301085C0301084803010817
:10FF00003403010853544D33322053504920544593
:10FF100053542100C80401081805010850040108C1
:10FF200008050108D404010828050108E0040108B7
:10FF3000BC040108F804010840040108B0040108E9
:10FF40006804010878040108840401085C040108BD
:10FF5000300401081C0401089C040108180701086A
:10FF6000C805010848070108300701086C060108A8
:10FF700008070108F4060108C8060108E0060108A0
:10FF8000BC060108AC0601089C0601081C06010815
:10FF90005006010800060108340601081006010891
:10FFA0004406010824070108E005010828060108A5
:10FFB000F0050108D40501085C0601089006010857
:10FFC000800601085C0701080006101600061016DE
:10FFD00000000000000000000102030406070809F9
:10FFE000000000000102030401030507090E1012BE
:10FFF0001416181C1E2B2E2C3B3D5B5D2F2A3A3C01
:020000040801F1
:100000003E7C5C223F7F00000100040010004000A5
:1000100000010002000001000200040008001000BE
:1000200020000000070000000000000000000000A9
:100030000000000061001A03E0001703F800070346
:10004000FF00010078010001300132010601390191
:1000500010014A012E017901060180014D00430281
:100060008101820182018401840186018701870167
:1000700089018A018B018B018D018E018F01900115
:100080009101910193019401F60196019701980164
:1000900098013D029B019C019D0120029F01A0014E
:1000A000A001A201A201A401A401A601A701A70128
:1000B000A901AA01AB01AC01AC01AE01AF01AF01D6
:1000C000B101B201B301B301B501B501B701B80186
:1000D000B801BA01BB01BC01BC01BE01F701C001FE
:1000E000C101C201C301C401C501C401C701C801E6
:1000F000C701CA01CB01CA01CD011001DD01010018
:100100008E01DE011201F3010300F101F401F4019B
:10011000F8012801220212013A020900652C3B0273
:100120003B023D02662C3F02400241024102460270
:100130000A015302400081018601550289018A01AA
:1001400058028F015A0290015C025D025E025F025A
:100150009301610262029401640265026602670211
:10016000970196016A02622C6C026D026E029C017C
:10017000700271029D01730274029F017602770280
:10018000780279027A027B027C02642C7E027F0272
:10019000A60181028202A9018402850286028702E9
:1001A000AE014402B101B20145028D028E028F02FE
:1001B00090029102B7017B030300FD03FE03FF03DE
:1001C000AC0304008603880389038A03B103110387
:1001D000C2030200A303A303C4030803CC03030068
:1001E0008C038E038F03D8031801F2030A00F9036E
:1001F000F303F403F503F603F703F703F903FA0334
:10020000FA033004200350041007600422018A041A
:100210003601C1040E01CF040100C004D004440122
:100220006105260400007D1D0100632C001E96015F
:10023000A01E5A01001F0806101F0606201F0806F0
:10024000301F0806401F0606511F0700591F521F86
:100250005B1F541F5D1F561F5F1F601F0806701F26
:100260000E00BA1FBB1FC81FC91FCA1FCB1FDA1F32
:10027000DB1FF81FF91FEA1FEB1FFA1FFB1F801F70
:100280000806901F0806A01F0806B01F0400B81F2C
:10029000B91FB21FBC1FCC1F0100C31FD01F020615
:1002A000E01F0206E51F0100EC1FF31F0100FC1F09
:1002B0004E2101003221702110028421010083218E
:1002C000D0241A05302C2F04602C0201672C060163
:1002D000752C0201802C6401002D260841FF1A03B1
:1002E000000000005570646174696E672047424BDE
:1002F00031322E464F4E20005570646174696E672E
:100300002047424B32342E464F4E200055706461D8
:1003100074696E672047424B31362E464F4E20009F
:100320005570646174696E672061736331322E6247
:10033000696E20005570646174696E672061736333
:1003400033322E62696E20005570646174696E6785
:100350002061736332342E62696E200055706461CF
:1003600074696E672061736331362E62696E200096
:100370002F53595354454D2F464F4E542F000000D4
:100380005570646174696E6720554E4947424B2E23
:1003900042494E00554E4947424B2E42494E0000BD
:1003A00047424B31322E464F4E00000047424B32FF
:1003B000342E464F4E00000047424B31362E464FFA
:1003C0004E00000061736331322E62696E000000DE
:1003D00061736333322E62696E00000061736332B1
:1003E000342E62696E00000061736331362E6269DB
:1003F0006E0000002F53595354454D2F69636F6EA3
:100400002F7375622F0000002F53595354454D2F01
:1004100069636F6E2F6D61696E2F00004D61696EAB
:1004200050616765507265737365642E62696E0012
:100430004D61696E506167652E62696E0000000053
:1004400054656D70657261747572652E62696E00B7
:10045000626C75652E62696E000000004C6F52611F
:100460004F66662E62696E00416C61726D4F666602
:100470002E62696E0000000046616E4F66662E6255
:10048000696E00004C69676874696E674D617374CA
:1004900065724F66662E62696E00000053706F745D
:1004A0006C696768744F66662E62696E00000000B2
:1004B000576966692E62696E000000004C6F5261D8
:1004C0004F6E2E62696E0000416C61726D4F6E2E30
:1004D00062696E0046616E4F6E2E62696E000000AA
:1004E0004C69676874696E674D61737465724F6EAD
:1004F0002E62696E0000000053706F746C6967684B
:10050000744F6E2E62696E004272696768746E6520
:100510007373732E62696E004261636B4C69676826
:10052000742E62696E00000048756D6964697479A3
:100530002E62696E000000002F53595354454D2F11
:10054000536D6172744F66666963655765622F000B
:100550002F53595354454D2F536D6172744F666636
:100560006963655765622F6D757369632F000000BD
:100570002F53595354454D2F536D6172744F666616
:100580006963655765622F696D616765732F000048
:100590002F53595354454D2F536D6172744F6666F6
:1005A0006963655765622F6A732F00002F53595393
:1005B00054454D2F536D6172744F6666696365577C
:1005C00065622F6373732F00616C61726D2E6D70A5
:1005D000330000007367626A2D6F6E2E67696600D4
:1005E0006C6566742D7469746C652E706E6700009E
:1005F0007367626A2D6F66662E706E67000000007A
:1006000062672D66616E2D6F66662E706E670000E4
:1006100066616E2D6F66662E706E6700616E2D6F5F
:1006200066662E706E6700006E756C6C2E706E675D
:100630000000000062672D66616E2D6F6E2E706E79
:100640006700000066616E2D6F6E2E706E67000091
:10065000616E2D6F6E2E706E6700000073706F7488
:100660006C696768742E706E6700000030315465E5
:100670006D70657261747572652E6A706700000036
:100680007379732D62672D6F66662E6A706700003E
:100690007379732D62672E6A7067000030384C6F73
:1006A00052614F6E2E6A7067000000003037416C57
:1006B00061726D4F6E2E6A706700000030364661C1
:1006C0006E4F6E2E6A70670030344C6967687469CB
:1006D0006E674D61737465724F6E2E6A70670000AD
:1006E000303553706F746C696768744F6E2E6A7022
:1006F0006700000030334272696768746E65737317
:10070000732E6A7067000000303248756D69646945
:1007100074792E6A70670000696E6465782E68745B
:100720006D6C000066617669636F6E2E69636F00A1
:100730006A71756572792D312E31312E302E6D69C9
:100740006E2E6A7300000000626F6F7473747261C2
:10075000702E6D696E2E6A7300000000626F6F74F8
:1007600073747261702E6373730000008C0701084C
:1007700000000020C8020000100500080C08010855
:10078000C8020020E8C30100B44000085122F82349
:10079000FFFF2317EF13F9B61408B5B712081213A9
:1007A00032203210126814A301201AF00C440C0FEE
:1007B0006835700301081A0101C1B90DC10011FFAC
:1007C00053544D3332205344494F20544553542100
:1007D00001F123FFFF221F8012F81FF8E007FF0737
:1007E000E0FF07FC308418C640BC180E080401085E
:1007F000F40301083805010850041A90041A700423
:0C0800001AAC0432018210031924F40029
:040000050800018965
:00000001FF
